[{"map_name":"new_map","map_id":"x4xkqdlYDjyv","map_description":"\nLast Modified Tue Oct 10 2017 11:36:25 GMT-0600 (Mountain Daylight Time)","homepage":"https://escher.github.io","schema":"https://escher.github.io/escher/jsonschema/1-0-0#"},{"reactions":{"0":{"name":"Phosphoglycerate dehydrogenase","bigg_id":"PGCD","reversibility":false,"label_x":214.23631286621094,"label_y":975.7090339660645,"gene_reaction_rule":"b2913","genes":[{"notes":{"original_bigg_ids":["b2913"]},"name":"serA","bigg_id":"b2913"}],"metabolites":[{"bigg_id":"3php_c","coefficient":1},{"bigg_id":"nadh_c","coefficient":1},{"bigg_id":"h_c","coefficient":1},{"bigg_id":"nad_c","coefficient":-1},{"bigg_id":"3pg_c","coefficient":-1}],"segments":{"0":{"from_node_id":"1","to_node_id":"2","b1":null,"b2":null},"1":{"from_node_id":"3","to_node_id":"2","b1":null,"b2":null},"2":{"from_node_id":"3","to_node_id":"4","b1":{"x":322.1636047363281,"y":917.963550567627},"b2":{"x":376.4136047363281,"y":917.963550567627}},"3":{"from_node_id":"3","to_node_id":"5","b1":{"x":326.1636047363281,"y":917.963550567627},"b2":{"x":331.4136047363281,"y":899.963550567627}},"4":{"from_node_id":"3","to_node_id":"6","b1":{"x":326.1636047363281,"y":917.963550567627},"b2":{"x":331.4136047363281,"y":935.963550567627}},"5":{"from_node_id":"1","to_node_id":"0","b1":{"x":194.16360473632812,"y":917.963550567627},"b2":{"x":188.91360473632812,"y":935.963550567627}},"6":{"from_node_id":"1","to_node_id":"7","b1":{"x":198.16360473632812,"y":917.963550567627},"b2":{"x":1.3681564331054688,"y":917.963550567627}}}},"1":{"name":"Phosphoserine transaminase","bigg_id":"PSERT","reversibility":false,"label_x":560.1636047363281,"label_y":877.963550567627,"gene_reaction_rule":"b0907","genes":[{"notes":{"original_bigg_ids":["b0907"]},"name":"serC","bigg_id":"b0907"}],"metabolites":[{"bigg_id":"akg_c","coefficient":1},{"bigg_id":"3php_c","coefficient":-1},{"bigg_id":"glu__L_c","coefficient":-1},{"bigg_id":"pser__L_c","coefficient":1}],"segments":{"7":{"from_node_id":"8","to_node_id":"9","b1":null,"b2":null},"8":{"from_node_id":"10","to_node_id":"9","b1":null,"b2":null},"9":{"from_node_id":"10","to_node_id":"11","b1":{"x":676.1636047363281,"y":917.963550567627},"b2":{"x":681.4136047363281,"y":935.963550567627}},"10":{"from_node_id":"8","to_node_id":"4","b1":{"x":548.1636047363281,"y":917.963550567627},"b2":{"x":493.9136047363281,"y":917.963550567627}},"11":{"from_node_id":"8","to_node_id":"12","b1":{"x":544.1636047363281,"y":917.963550567627},"b2":{"x":538.9136047363281,"y":935.963550567627}},"12":{"from_node_id":"10","to_node_id":"13","b1":{"x":672.1636047363281,"y":917.963550567627},"b2":{"x":726.4136047363281,"y":917.963550567627}}}},"2":{"name":"Phosphoserine phosphatase (L-serine)","bigg_id":"PSP_L","reversibility":false,"label_x":910.1636047363281,"label_y":877.963550567627,"gene_reaction_rule":"b4388","genes":[{"notes":{"original_bigg_ids":["b4388"]},"name":"serB","bigg_id":"b4388"}],"metabolites":[{"bigg_id":"ser__L_c","coefficient":1},{"bigg_id":"pser__L_c","coefficient":-1},{"bigg_id":"pi_c","coefficient":1},{"bigg_id":"h2o_c","coefficient":-1}],"segments":{"13":{"from_node_id":"14","to_node_id":"15","b1":null,"b2":null},"14":{"from_node_id":"16","to_node_id":"15","b1":null,"b2":null},"15":{"from_node_id":"16","to_node_id":"17","b1":{"x":1022.1636047363281,"y":917.963550567627},"b2":{"x":1076.4136047363281,"y":917.963550567627}},"16":{"from_node_id":"14","to_node_id":"13","b1":{"x":898.1636047363281,"y":917.963550567627},"b2":{"x":843.9136047363281,"y":917.963550567627}},"17":{"from_node_id":"16","to_node_id":"18","b1":{"x":1026.1636047363281,"y":917.963550567627},"b2":{"x":1031.4136047363281,"y":935.963550567627}},"18":{"from_node_id":"14","to_node_id":"19","b1":{"x":894.1636047363281,"y":917.963550567627},"b2":{"x":888.9136047363281,"y":935.963550567627}}}},"7":{"name":"Glycine hydroxymethyltransferase, reversible","bigg_id":"GHMT2r","reversibility":true,"label_x":1146.1636047363281,"label_y":676.963550567627,"gene_reaction_rule":"b2551","genes":[{"notes":{"original_bigg_ids":["b2551"]},"name":"glyA","bigg_id":"b2551"}],"metabolites":[{"bigg_id":"thf_c","coefficient":-1},{"bigg_id":"ser__L_c","coefficient":-1},{"bigg_id":"h2o_c","coefficient":1},{"bigg_id":"mlthf_c","coefficient":1},{"bigg_id":"gly_c","coefficient":1}],"segments":{"43":{"from_node_id":"44","to_node_id":"45","b1":null,"b2":null},"44":{"from_node_id":"46","to_node_id":"45","b1":null,"b2":null},"45":{"from_node_id":"44","to_node_id":"47","b1":{"x":1131.1636047363281,"y":732.963550567627},"b2":{"x":1149.1636047363281,"y":734.213550567627}},"46":{"from_node_id":"44","to_node_id":"17","b1":{"x":1131.1636047363281,"y":728.963550567627},"b2":{"x":1135.1636047363281,"y":859.213550567627}},"47":{"from_node_id":"46","to_node_id":"48","b1":{"x":1131.1636047363281,"y":600.963550567627},"b2":{"x":1149.1635437011719,"y":603.7135543823242}},"48":{"from_node_id":"46","to_node_id":"49","b1":{"x":1131.1636047363281,"y":600.963550567627},"b2":{"x":1117.1636047363281,"y":603.7135543823242}},"49":{"from_node_id":"46","to_node_id":"50","b1":{"x":1131.1636047363281,"y":604.963550567627},"b2":{"x":1127.1636047363281,"y":494.7135543823242}}}},"8":{"name":"Glycine C-acetyltransferase","bigg_id":"GLYAT","reversibility":true,"label_x":1142.1636047363281,"label_y":270.9635543823242,"gene_reaction_rule":"b3617","genes":[{"notes":{"original_bigg_ids":["b3617"]},"name":"kbl","bigg_id":"b3617"}],"metabolites":[{"bigg_id":"coa_c","coefficient":1},{"bigg_id":"gly_c","coefficient":-1},{"bigg_id":"accoa_c","coefficient":-1},{"bigg_id":"2aobut_c","coefficient":1}],"segments":{"50":{"from_node_id":"51","to_node_id":"52","b1":null,"b2":null},"51":{"from_node_id":"53","to_node_id":"52","b1":null,"b2":null},"52":{"from_node_id":"53","to_node_id":"54","b1":{"x":1127.1636047363281,"y":194.96355438232422},"b2":{"x":1145.1636047363281,"y":189.71355438232422}},"53":{"from_node_id":"51","to_node_id":"50","b1":{"x":1127.1636047363281,"y":322.9635543823242},"b2":{"x":1127.1636047363281,"y":377.2135543823242}},"54":{"from_node_id":"51","to_node_id":"55","b1":{"x":1127.1636047363281,"y":326.9635543823242},"b2":{"x":1141.1635437011719,"y":332.2135543823242}},"55":{"from_node_id":"53","to_node_id":"56","b1":{"x":1127.1636047363281,"y":198.96355438232422},"b2":{"x":1127.1636047363281,"y":144.71355438232422}}}},"10":{"name":"L-serine deaminase","bigg_id":"SERD_L","reversibility":false,"label_x":1154.1636047363281,"label_y":1174.963550567627,"gene_reaction_rule":"b4471 or b1814 or b2797 or b3708","genes":[{"notes":{"original_bigg_ids":["b4471"]},"name":"tdcG","bigg_id":"b4471"},{"notes":{"original_bigg_ids":["b1814"]},"name":"sdaA","bigg_id":"b1814"},{"notes":{"original_bigg_ids":["b2797"]},"name":"sdaB","bigg_id":"b2797"},{"notes":{"original_bigg_ids":["b3708"]},"name":"tnaA","bigg_id":"b3708"}],"metabolites":[{"bigg_id":"ser__L_c","coefficient":-1},{"bigg_id":"pyr_c","coefficient":1},{"bigg_id":"nh4_c","coefficient":1}],"segments":{"61":{"from_node_id":"62","to_node_id":"63","b1":null,"b2":null},"62":{"from_node_id":"64","to_node_id":"63","b1":null,"b2":null},"63":{"from_node_id":"62","to_node_id":"17","b1":{"x":1139.1636047363281,"y":1102.963550567627},"b2":{"x":1135.1636047363281,"y":976.713550567627}},"64":{"from_node_id":"64","to_node_id":"65","b1":{"x":1139.1636047363281,"y":1226.963550567627},"b2":{"x":1139.1636047363281,"y":1333.213550567627}},"65":{"from_node_id":"64","to_node_id":"66","b1":{"x":1139.1636047363281,"y":1230.963550567627},"b2":{"x":1121.1636047363281,"y":1236.213550567627}}}},"11":{"name":"D-serine deaminase","bigg_id":"SERD_D","reversibility":false,"label_x":1460.1636047363281,"label_y":1439.963550567627,"gene_reaction_rule":"b2366","genes":[{"notes":{"original_bigg_ids":["b2366"]},"name":"dsdA","bigg_id":"b2366"}],"metabolites":[{"bigg_id":"ser__D_c","coefficient":-1},{"bigg_id":"pyr_c","coefficient":1},{"bigg_id":"nh4_c","coefficient":1}],"segments":{"66":{"from_node_id":"67","to_node_id":"68","b1":null,"b2":null},"67":{"from_node_id":"69","to_node_id":"68","b1":null,"b2":null},"68":{"from_node_id":"67","to_node_id":"70","b1":{"x":1568.1636047363281,"y":1387.963550567627},"b2":{"x":1738.4135437011719,"y":1383.963550567627}},"69":{"from_node_id":"69","to_node_id":"65","b1":{"x":1444.1636047363281,"y":1387.963550567627},"b2":{"x":1197.9136047363281,"y":1391.963550567627}},"70":{"from_node_id":"69","to_node_id":"71","b1":{"x":1440.1636047363281,"y":1387.963550567627},"b2":{"x":1434.9136047363281,"y":1405.963550567627}}}},"13":{"name":"L-serine dehydrogenase","bigg_id":"LSERDHr","reversibility":true,"label_x":1408.1636047363281,"label_y":973.963544845581,"gene_reaction_rule":"b1539","genes":[{"notes":{"original_bigg_ids":["b1539"]},"name":"ydfG","bigg_id":"b1539"}],"metabolites":[{"bigg_id":"2amsa_c","coefficient":1},{"bigg_id":"ser__L_c","coefficient":-1},{"bigg_id":"nadp_c","coefficient":-1},{"bigg_id":"nadph_c","coefficient":1},{"bigg_id":"h_c","coefficient":1}],"segments":{"77":{"from_node_id":"78","to_node_id":"79","b1":null,"b2":null},"78":{"from_node_id":"80","to_node_id":"79","b1":null,"b2":null},"79":{"from_node_id":"80","to_node_id":"81","b1":{"x":1536.1636047363281,"y":917.963550567627},"b2":{"x":1734.4135437011719,"y":913.963550567627}},"80":{"from_node_id":"78","to_node_id":"17","b1":{"x":1412.1636047363281,"y":917.963550567627},"b2":{"x":1193.9136047363281,"y":917.963550567627}},"81":{"from_node_id":"78","to_node_id":"82","b1":{"x":1408.1636047363281,"y":917.963550567627},"b2":{"x":1402.9136047363281,"y":935.963550567627}},"82":{"from_node_id":"80","to_node_id":"83","b1":{"x":1540.1636047363281,"y":917.963550567627},"b2":{"x":1545.4136047363281,"y":899.963550567627}},"83":{"from_node_id":"80","to_node_id":"84","b1":{"x":1540.1636047363281,"y":917.963550567627},"b2":{"x":1545.4136047363281,"y":931.963550567627}}}},"14":{"name":"D-serine dehydrogenase","bigg_id":"DSERDHr","reversibility":true,"label_x":1808.1635437011719,"label_y":1138.963550567627,"gene_reaction_rule":"b1539","genes":[{"notes":{"original_bigg_ids":["b1539"]},"name":"ydfG","bigg_id":"b1539"}],"metabolites":[{"bigg_id":"2amsa_c","coefficient":1},{"bigg_id":"ser__D_c","coefficient":-1},{"bigg_id":"nadp_c","coefficient":-1},{"bigg_id":"nadph_c","coefficient":1},{"bigg_id":"h_c","coefficient":1}],"segments":{"84":{"from_node_id":"85","to_node_id":"86","b1":null,"b2":null},"85":{"from_node_id":"87","to_node_id":"86","b1":null,"b2":null},"86":{"from_node_id":"87","to_node_id":"81","b1":{"x":1793.1635437011719,"y":1066.963550567627},"b2":{"x":1793.1635437011719,"y":972.713550567627}},"87":{"from_node_id":"85","to_node_id":"70","b1":{"x":1793.1635437011719,"y":1190.963550567627},"b2":{"x":1793.1635437011719,"y":1325.213550567627}},"88":{"from_node_id":"85","to_node_id":"89","b1":{"x":1793.1635437011719,"y":1194.963550567627},"b2":{"x":1799.1636047363281,"y":1204.213550567627}},"89":{"from_node_id":"87","to_node_id":"90","b1":{"x":1793.1635437011719,"y":1062.963550567627},"b2":{"x":1811.1635437011719,"y":1057.713550567627}},"90":{"from_node_id":"87","to_node_id":"91","b1":{"x":1793.1635437011719,"y":1062.963550567627},"b2":{"x":1787.1636047363281,"y":1065.713550567627}}}},"15":{"name":"L-threonine dehydrogenase","bigg_id":"THRD","reversibility":false,"label_x":1142.1636047363281,"label_y":-79.03644561767578,"gene_reaction_rule":"b3616","genes":[{"notes":{"original_bigg_ids":["b3616"]},"name":"tdh","bigg_id":"b3616"}],"metabolites":[{"bigg_id":"thr__L_c","coefficient":-1},{"bigg_id":"nadh_c","coefficient":1},{"bigg_id":"2aobut_c","coefficient":1},{"bigg_id":"nad_c","coefficient":-1},{"bigg_id":"h_c","coefficient":1}],"segments":{"91":{"from_node_id":"92","to_node_id":"93","b1":null,"b2":null},"92":{"from_node_id":"94","to_node_id":"93","b1":null,"b2":null},"93":{"from_node_id":"92","to_node_id":"95","b1":{"x":1127.1636047363281,"y":-151.03644561767578},"b2":{"x":1127.1636047363281,"y":-205.28644561767578}},"94":{"from_node_id":"94","to_node_id":"96","b1":{"x":1127.1636047363281,"y":-23.03644561767578},"b2":{"x":1109.1636047363281,"y":-17.78644561767578}},"95":{"from_node_id":"94","to_node_id":"56","b1":{"x":1127.1636047363281,"y":-27.03644561767578},"b2":{"x":1127.1636047363281,"y":27.21355438232422}},"96":{"from_node_id":"92","to_node_id":"97","b1":{"x":1127.1636047363281,"y":-155.03644561767578},"b2":{"x":1145.1636047363281,"y":-160.28644561767578}},"97":{"from_node_id":"94","to_node_id":"98","b1":{"x":1127.1636047363281,"y":-23.03644561767578},"b2":{"x":1145.1636047363281,"y":-17.78644561767578}}}},"17":{"name":"Glycerate kinase","bigg_id":"GLYCK2","reversibility":false,"label_x":232.16360473632812,"label_y":-148.03640747070312,"gene_reaction_rule":"b3124","genes":[{"notes":{"original_bigg_ids":["b3124"]},"name":"garK","bigg_id":"b3124"}],"metabolites":[{"bigg_id":"2pg_c","coefficient":1},{"bigg_id":"glyc__R_c","coefficient":-1},{"bigg_id":"h_c","coefficient":1},{"bigg_id":"atp_c","coefficient":-1},{"bigg_id":"adp_c","coefficient":1}],"segments":{"105":{"from_node_id":"108","to_node_id":"109","b1":null,"b2":null},"106":{"from_node_id":"110","to_node_id":"109","b1":null,"b2":null},"107":{"from_node_id":"110","to_node_id":"111","b1":{"x":356.1636047363281,"y":-124.03640747070312},"b2":{"x":410.4136047363281,"y":-124.03640747070312}},"108":{"from_node_id":"108","to_node_id":"107","b1":{"x":232.16360473632812,"y":-124.03640747070312},"b2":{"x":177.91360473632812,"y":-124.03640747070312}},"109":{"from_node_id":"110","to_node_id":"112","b1":{"x":360.1636047363281,"y":-124.03640747070312},"b2":{"x":365.4136047363281,"y":-142.03640747070312}},"110":{"from_node_id":"108","to_node_id":"113","b1":{"x":228.16360473632812,"y":-124.03640747070312},"b2":{"x":222.91360473632812,"y":-106.03640747070312}},"111":{"from_node_id":"110","to_node_id":"114","b1":{"x":360.1636047363281,"y":-124.03640747070312},"b2":{"x":365.4136047363281,"y":-106.03640747070312}}}},"18":{"name":"N-methyltryptophan oxidase","bigg_id":"MTRPOX","reversibility":false,"label_x":228.16360473632812,"label_y":215.96356201171875,"gene_reaction_rule":"b1059","genes":[{"notes":{"original_bigg_ids":["b1059"]},"name":"solA","bigg_id":"b1059"}],"metabolites":[{"bigg_id":"o2_c","coefficient":-1},{"bigg_id":"h2o_c","coefficient":-1},{"bigg_id":"Nmtrp_c","coefficient":-1},{"bigg_id":"fald_c","coefficient":1},{"bigg_id":"h2o2_c","coefficient":1},{"bigg_id":"trp__L_c","coefficient":1}],"segments":{"112":{"from_node_id":"116","to_node_id":"117","b1":null,"b2":null},"113":{"from_node_id":"118","to_node_id":"117","b1":null,"b2":null},"114":{"from_node_id":"116","to_node_id":"115","b1":{"x":224.16360473632812,"y":247.96356201171875},"b2":{"x":218.91360473632812,"y":229.96356201171875}},"115":{"from_node_id":"116","to_node_id":"119","b1":{"x":224.16360473632812,"y":247.96356201171875},"b2":{"x":218.91360473632812,"y":265.96356201171875}},"116":{"from_node_id":"116","to_node_id":"120","b1":{"x":228.16360473632812,"y":247.96356201171875},"b2":{"x":173.91360473632812,"y":247.96356201171875}},"117":{"from_node_id":"118","to_node_id":"121","b1":{"x":356.1636047363281,"y":247.96356201171875},"b2":{"x":361.4136047363281,"y":229.96356201171875}},"118":{"from_node_id":"118","to_node_id":"122","b1":{"x":356.1636047363281,"y":247.96356201171875},"b2":{"x":361.4136047363281,"y":265.96356201171875}},"119":{"from_node_id":"118","to_node_id":"123","b1":{"x":352.1636047363281,"y":247.96356201171875},"b2":{"x":406.4136047363281,"y":247.96356201171875}}}},"19":{"name":"Sarcosine oxidase","bigg_id":"SARCOX","reversibility":false,"label_x":1399.8726501464844,"label_y":403.81810760498047,"gene_reaction_rule":"b1059","genes":[{"notes":{"original_bigg_ids":["b1059"]},"name":"solA","bigg_id":"b1059"}],"metabolites":[{"bigg_id":"o2_c","coefficient":-1},{"bigg_id":"h2o_c","coefficient":-1},{"bigg_id":"sarcs_c","coefficient":-1},{"bigg_id":"fald_c","coefficient":1},{"bigg_id":"h2o2_c","coefficient":1},{"bigg_id":"gly_c","coefficient":1}],"segments":{"120":{"from_node_id":"124","to_node_id":"125","b1":null,"b2":null},"121":{"from_node_id":"126","to_node_id":"125","b1":null,"b2":null},"122":{"from_node_id":"124","to_node_id":"127","b1":{"x":1540.1635437011719,"y":435.9635543823242},"b2":{"x":1545.4135437011719,"y":417.9635543823242}},"123":{"from_node_id":"124","to_node_id":"128","b1":{"x":1540.1635437011719,"y":435.9635543823242},"b2":{"x":1545.4135437011719,"y":453.9635543823242}},"124":{"from_node_id":"124","to_node_id":"129","b1":{"x":1536.1635437011719,"y":435.9635543823242},"b2":{"x":1726.4135437011719,"y":435.9635543823242}},"125":{"from_node_id":"126","to_node_id":"130","b1":{"x":1408.1635437011719,"y":435.9635543823242},"b2":{"x":1398.9136047363281,"y":421.9635543823242}},"126":{"from_node_id":"126","to_node_id":"131","b1":{"x":1408.1635437011719,"y":435.9635543823242},"b2":{"x":1398.9136047363281,"y":457.9635543823242}},"127":{"from_node_id":"126","to_node_id":"50","b1":{"x":1412.1635437011719,"y":435.9635543823242},"b2":{"x":1185.9136047363281,"y":435.9635543823242}}}},"20":{"name":"Phospho-L-serine phosphatase (periplasmic)","bigg_id":"PSP_Lpp","reversibility":false,"label_x":496.1636047363281,"label_y":1243.9635276794434,"gene_reaction_rule":"b4055","genes":[{"notes":{"original_bigg_ids":["b4055"]},"name":"aphA","bigg_id":"b4055"}],"metabolites":[{"bigg_id":"pi_p","coefficient":1},{"bigg_id":"h2o_p","coefficient":-1},{"bigg_id":"pser__L_p","coefficient":-1},{"bigg_id":"ser__L_p","coefficient":1}],"segments":{"128":{"from_node_id":"133","to_node_id":"134","b1":null,"b2":null},"129":{"from_node_id":"135","to_node_id":"134","b1":null,"b2":null},"130":{"from_node_id":"135","to_node_id":"136","b1":{"x":612.1636047363281,"y":1283.9635276794434},"b2":{"x":617.4136047363281,"y":1301.9635276794434}},"131":{"from_node_id":"133","to_node_id":"132","b1":{"x":480.1636047363281,"y":1283.9635276794434},"b2":{"x":474.9136047363281,"y":1301.9635276794434}},"132":{"from_node_id":"133","to_node_id":"137","b1":{"x":484.1636047363281,"y":1283.9635276794434},"b2":{"x":429.9136047363281,"y":1283.9635276794434}},"133":{"from_node_id":"135","to_node_id":"138","b1":{"x":608.1636047363281,"y":1283.9635276794434},"b2":{"x":662.4136047363281,"y":1283.9635276794434}}}}},"nodes":{"0":{"node_type":"metabolite","x":155.16360473632812,"y":997.963550567627,"bigg_id":"nad_c","name":"Nicotinamide adenine dinucleotide","label_x":128.16360473632812,"label_y":1037.963550567627,"node_is_primary":false},"1":{"node_type":"multimarker","x":240.16360473632812,"y":917.963550567627},"2":{"node_type":"midmarker","x":260.1636047363281,"y":917.963550567627},"3":{"node_type":"multimarker","x":280.1636047363281,"y":917.963550567627},"4":{"node_type":"metabolite","x":435.1636047363281,"y":917.963550567627,"bigg_id":"3php_c","name":"3-Phosphohydroxypyruvate","label_x":402.76360473632815,"label_y":957.963550567627,"node_is_primary":true},"5":{"node_type":"metabolite","x":365.1636047363281,"y":837.963550567627,"bigg_id":"nadh_c","name":"Nicotinamide adenine dinucleotide - reduced","label_x":332.76360473632815,"label_y":817.963550567627,"node_is_primary":false},"6":{"node_type":"metabolite","x":365.1636047363281,"y":997.963550567627,"bigg_id":"h_c","name":"H+","label_x":348.96360473632814,"label_y":1037.963550567627,"node_is_primary":false},"7":{"node_type":"metabolite","x":-57.38184356689453,"y":917.963550567627,"bigg_id":"3pg_c","name":"3-Phospho-D-glycerate","label_x":-152.38184356689453,"label_y":925.963550567627,"node_is_primary":true},"8":{"node_type":"multimarker","x":590.1636047363281,"y":917.963550567627},"9":{"node_type":"midmarker","x":610.1636047363281,"y":917.963550567627},"10":{"node_type":"multimarker","x":630.1636047363281,"y":917.963550567627},"11":{"node_type":"metabolite","x":715.1636047363281,"y":997.963550567627,"bigg_id":"akg_c","name":"2-Oxoglutarate","label_x":666.5636047363281,"label_y":1037.963550567627,"node_is_primary":false},"12":{"node_type":"metabolite","x":505.1636047363281,"y":997.963550567627,"bigg_id":"glu__L_c","name":"L-Glutamate","label_x":461.96360473632814,"label_y":1037.963550567627,"node_is_primary":false},"13":{"node_type":"metabolite","x":785.1636047363281,"y":917.963550567627,"bigg_id":"pser__L_c","name":"O-Phospho-L-serine","label_x":758.1636047363281,"label_y":957.963550567627,"node_is_primary":true},"14":{"node_type":"multimarker","x":940.1636047363281,"y":917.963550567627},"15":{"node_type":"midmarker","x":960.1636047363281,"y":917.963550567627},"16":{"node_type":"multimarker","x":980.1636047363281,"y":917.963550567627},"17":{"node_type":"metabolite","x":1135.1636047363281,"y":917.963550567627,"bigg_id":"ser__L_c","name":"L-Serine","label_x":1155.963604736328,"label_y":957.963550567627,"node_is_primary":true},"18":{"node_type":"metabolite","x":1065.1636047363281,"y":997.963550567627,"bigg_id":"pi_c","name":"Phosphate","label_x":1043.5636047363282,"label_y":1037.963550567627,"node_is_primary":false},"19":{"node_type":"metabolite","x":855.1636047363281,"y":997.963550567627,"bigg_id":"h2o_c","name":"H2O","label_x":828.1636047363281,"label_y":1037.963550567627,"node_is_primary":false},"44":{"node_type":"multimarker","x":1131.1636047363281,"y":686.963550567627},"45":{"node_type":"midmarker","x":1131.1636047363281,"y":666.963550567627},"46":{"node_type":"multimarker","x":1131.1636047363281,"y":646.963550567627},"47":{"node_type":"metabolite","x":1211.1636047363281,"y":767.963550567627,"bigg_id":"thf_c","name":"5,6,7,8-Tetrahydrofolate","label_x":1226.1636047363281,"label_y":767.963550567627,"node_is_primary":false},"48":{"node_type":"metabolite","x":1211.1635437011719,"y":569.9635543823242,"bigg_id":"h2o_c","name":"H2O","label_x":1226.1635437011719,"label_y":569.9635543823242,"node_is_primary":false},"49":{"node_type":"metabolite","x":1055.1636047363281,"y":569.9635543823242,"bigg_id":"mlthf_c","name":"5,10-Methylenetetrahydrofolate","label_x":966.1636047363281,"label_y":575.9635543823242,"node_is_primary":false},"50":{"node_type":"metabolite","x":1127.1636047363281,"y":435.9635543823242,"bigg_id":"gly_c","name":"Glycine","label_x":1160.1636047363281,"label_y":411.9635543823242,"node_is_primary":true},"51":{"node_type":"multimarker","x":1127.1636047363281,"y":280.9635543823242},"52":{"node_type":"midmarker","x":1127.1636047363281,"y":260.9635543823242},"53":{"node_type":"multimarker","x":1127.1636047363281,"y":240.96355438232422},"54":{"node_type":"metabolite","x":1207.1636047363281,"y":155.96355438232422,"bigg_id":"coa_c","name":"Coenzyme A","label_x":1222.1636047363281,"label_y":155.96355438232422,"node_is_primary":false},"55":{"node_type":"metabolite","x":1203.1635437011719,"y":365.9635543823242,"bigg_id":"accoa_c","name":"Acetyl-CoA","label_x":1218.1635437011719,"label_y":365.9635543823242,"node_is_primary":false},"56":{"node_type":"metabolite","x":1127.1636047363281,"y":85.96355438232422,"bigg_id":"2aobut_c","name":"L-2-Amino-3-oxobutanoate","label_x":1152.1636047363281,"label_y":85.96355438232422,"node_is_primary":true},"62":{"node_type":"multimarker","x":1139.1636047363281,"y":1144.963550567627},"63":{"node_type":"midmarker","x":1139.1636047363281,"y":1164.963550567627},"64":{"node_type":"multimarker","x":1139.1636047363281,"y":1184.963550567627},"65":{"node_type":"metabolite","x":1139.1636047363281,"y":1391.963550567627,"bigg_id":"pyr_c","name":"Pyruvate","label_x":1108.1636047363281,"label_y":1447.963550567627,"node_is_primary":true},"66":{"node_type":"metabolite","x":1059.1636047363281,"y":1269.963550567627,"bigg_id":"nh4_c","name":"Ammonium","label_x":1014.1636047363281,"label_y":1299.963550567627,"node_is_primary":false},"67":{"node_type":"multimarker","x":1526.1636047363281,"y":1387.963550567627},"68":{"node_type":"midmarker","x":1506.1636047363281,"y":1387.963550567627},"69":{"node_type":"multimarker","x":1486.1636047363281,"y":1387.963550567627},"70":{"node_type":"metabolite","x":1797.1635437011719,"y":1383.963550567627,"bigg_id":"ser__D_c","name":"D-Serine","label_x":1753.9635437011718,"label_y":1423.963550567627,"node_is_primary":true},"71":{"node_type":"metabolite","x":1401.1636047363281,"y":1467.963550567627,"bigg_id":"nh4_c","name":"Ammonium","label_x":1374.1636047363281,"label_y":1507.963550567627,"node_is_primary":false},"78":{"node_type":"multimarker","x":1454.1636047363281,"y":917.963550567627},"79":{"node_type":"midmarker","x":1474.1636047363281,"y":917.963550567627},"80":{"node_type":"multimarker","x":1494.1636047363281,"y":917.963550567627},"81":{"node_type":"metabolite","x":1793.1635437011719,"y":913.963550567627,"bigg_id":"2amsa_c","name":"2-Aminomalonate semialdehyde","label_x":1831.363543701172,"label_y":921.9635467529297,"node_is_primary":true},"82":{"node_type":"metabolite","x":1369.1636047363281,"y":997.963550567627,"bigg_id":"nadp_c","name":"Nicotinamide adenine dinucleotide phosphate","label_x":1336.763604736328,"label_y":1037.963550567627,"node_is_primary":false},"83":{"node_type":"metabolite","x":1579.1636047363281,"y":837.963550567627,"bigg_id":"nadph_c","name":"Nicotinamide adenine dinucleotide phosphate - reduced","label_x":1541.3636047363282,"label_y":817.963550567627,"node_is_primary":false},"84":{"node_type":"metabolite","x":1579.1636047363281,"y":993.963550567627,"bigg_id":"h_c","name":"H+","label_x":1562.963604736328,"label_y":1033.963550567627,"node_is_primary":false},"85":{"node_type":"multimarker","x":1793.1635437011719,"y":1148.963550567627},"86":{"node_type":"midmarker","x":1793.1635437011719,"y":1128.963550567627},"87":{"node_type":"multimarker","x":1793.1635437011719,"y":1108.963550567627},"89":{"node_type":"metabolite","x":1737.1636047363281,"y":1237.963550567627,"bigg_id":"nadp_c","name":"Nicotinamide adenine dinucleotide phosphate","label_x":1683.1636047363281,"label_y":1267.963550567627,"node_is_primary":false},"90":{"node_type":"metabolite","x":1873.1635437011719,"y":1023.963550567627,"bigg_id":"nadph_c","name":"Nicotinamide adenine dinucleotide phosphate - reduced","label_x":1888.1635437011719,"label_y":1023.963550567627,"node_is_primary":false},"91":{"node_type":"metabolite","x":1725.1636047363281,"y":1031.963550567627,"bigg_id":"h_c","name":"H+","label_x":1698.1636047363281,"label_y":1061.963550567627,"node_is_primary":false},"92":{"node_type":"multimarker","x":1127.1636047363281,"y":-109.03644561767578},"93":{"node_type":"midmarker","x":1127.1636047363281,"y":-89.03644561767578},"94":{"node_type":"multimarker","x":1127.1636047363281,"y":-69.03644561767578},"95":{"node_type":"metabolite","x":1127.1636047363281,"y":-264.0364456176758,"bigg_id":"thr__L_c","name":"L-Threonine","label_x":1156.1636047363281,"label_y":-260.0364456176758,"node_is_primary":true},"96":{"node_type":"metabolite","x":1047.1636047363281,"y":15.963554382324219,"bigg_id":"nadh_c","name":"Nicotinamide adenine dinucleotide - reduced","label_x":993.1636047363281,"label_y":45.96355438232422,"node_is_primary":false},"97":{"node_type":"metabolite","x":1207.1636047363281,"y":-194.03644561767578,"bigg_id":"nad_c","name":"Nicotinamide adenine dinucleotide","label_x":1222.1636047363281,"label_y":-194.03644561767578,"node_is_primary":false},"98":{"node_type":"metabolite","x":1207.1636047363281,"y":15.963554382324219,"bigg_id":"h_c","name":"H+","label_x":1222.1636047363281,"label_y":15.963554382324219,"node_is_primary":false},"107":{"node_type":"metabolite","x":119.16360473632812,"y":-124.03640747070312,"bigg_id":"glyc__R_c","name":"(R)-Glycerate","label_x":70.5636047363281,"label_y":-84.03640747070312,"node_is_primary":true},"108":{"node_type":"multimarker","x":274.1636047363281,"y":-124.03640747070312},"109":{"node_type":"midmarker","x":294.1636047363281,"y":-124.03640747070312},"110":{"node_type":"multimarker","x":314.1636047363281,"y":-124.03640747070312},"111":{"node_type":"metabolite","x":469.1636047363281,"y":-124.03640747070312,"bigg_id":"2pg_c","name":"D-Glycerate 2-phosphate","label_x":442.1636047363281,"label_y":-84.03640747070312,"node_is_primary":true},"112":{"node_type":"metabolite","x":399.1636047363281,"y":-204.03640747070312,"bigg_id":"h_c","name":"H+","label_x":382.96360473632814,"label_y":-224.03640747070312,"node_is_primary":false},"113":{"node_type":"metabolite","x":189.16360473632812,"y":-44.036407470703125,"bigg_id":"atp_c","name":"ATP","label_x":162.16360473632812,"label_y":-4.036407470703125,"node_is_primary":false},"114":{"node_type":"metabolite","x":399.1636047363281,"y":-44.036407470703125,"bigg_id":"adp_c","name":"ADP","label_x":372.1636047363281,"label_y":-4.036407470703125,"node_is_primary":false},"115":{"node_type":"metabolite","x":185.16360473632812,"y":167.96356201171875,"bigg_id":"o2_c","name":"O2","label_x":158.16360473632812,"label_y":147.96356201171875,"node_is_primary":false},"116":{"node_type":"multimarker","x":270.1636047363281,"y":247.96356201171875},"117":{"node_type":"midmarker","x":290.1636047363281,"y":247.96356201171875},"118":{"node_type":"multimarker","x":310.1636047363281,"y":247.96356201171875},"119":{"node_type":"metabolite","x":185.16360473632812,"y":327.96356201171875,"bigg_id":"h2o_c","name":"H2O","label_x":147.3636047363281,"label_y":367.96356201171875,"node_is_primary":false},"120":{"node_type":"metabolite","x":115.16360473632812,"y":247.96356201171875,"bigg_id":"Nmtrp_c","name":"N-Methyltryptophan","label_x":93.5636047363281,"label_y":287.96356201171875,"node_is_primary":true},"121":{"node_type":"metabolite","x":395.1636047363281,"y":167.96356201171875,"bigg_id":"fald_c","name":"Formaldehyde","label_x":362.76360473632815,"label_y":147.96356201171875,"node_is_primary":false},"122":{"node_type":"metabolite","x":395.1636047363281,"y":327.96356201171875,"bigg_id":"h2o2_c","name":"Hydrogen peroxide","label_x":362.76360473632815,"label_y":367.96356201171875,"node_is_primary":false},"123":{"node_type":"metabolite","x":465.1636047363281,"y":247.96356201171875,"bigg_id":"trp__L_c","name":"L-Tryptophan","label_x":421.96360473632814,"label_y":287.96356201171875,"node_is_primary":true},"124":{"node_type":"multimarker","x":1494.1635437011719,"y":435.9635543823242},"125":{"node_type":"midmarker","x":1474.1635437011719,"y":435.9635543823242},"126":{"node_type":"multimarker","x":1454.1635437011719,"y":435.9635543823242},"127":{"node_type":"metabolite","x":1579.1635437011719,"y":355.9635543823242,"bigg_id":"o2_c","name":"O2","label_x":1557.563543701172,"label_y":335.9635543823242,"node_is_primary":false},"128":{"node_type":"metabolite","x":1579.1635437011719,"y":515.9635543823242,"bigg_id":"h2o_c","name":"H2O","label_x":1552.1635437011719,"label_y":555.9635543823242,"node_is_primary":false},"129":{"node_type":"metabolite","x":1785.1635437011719,"y":435.9635543823242,"bigg_id":"sarcs_c","name":"Sarcosine","label_x":1747.363543701172,"label_y":475.9635543823242,"node_is_primary":true},"130":{"node_type":"metabolite","x":1365.1636047363281,"y":359.9635543823242,"bigg_id":"fald_c","name":"Formaldehyde","label_x":1332.763604736328,"label_y":339.9635543823242,"node_is_primary":false},"131":{"node_type":"metabolite","x":1365.1636047363281,"y":519.9635543823242,"bigg_id":"h2o2_c","name":"Hydrogen peroxide","label_x":1332.763604736328,"label_y":559.9635543823242,"node_is_primary":false},"132":{"node_type":"metabolite","x":441.1636047363281,"y":1363.9635276794434,"bigg_id":"h2o_p","name":"H2O","label_x":392.5636047363281,"label_y":1403.9635276794434,"node_is_primary":false},"133":{"node_type":"multimarker","x":526.1636047363281,"y":1283.9635276794434},"134":{"node_type":"midmarker","x":546.1636047363281,"y":1283.9635276794434},"135":{"node_type":"multimarker","x":566.1636047363281,"y":1283.9635276794434},"136":{"node_type":"metabolite","x":651.1636047363281,"y":1363.9635276794434,"bigg_id":"pi_p","name":"Phosphate","label_x":629.5636047363281,"label_y":1403.9635276794434,"node_is_primary":false},"137":{"node_type":"metabolite","x":371.1636047363281,"y":1283.9635276794434,"bigg_id":"pser__L_p","name":"O-Phospho-L-serine","label_x":344.1636047363281,"label_y":1323.9635276794434,"node_is_primary":true},"138":{"node_type":"metabolite","x":721.1636047363281,"y":1283.9635276794434,"bigg_id":"ser__L_p","name":"L-Serine","label_x":677.9636047363281,"label_y":1323.9635276794434,"node_is_primary":true}},"text_labels":{"0":{"x":903.16357421875,"y":451.96356201171875,"text":"Glycine"},"1":{"x":1159.16357421875,"y":887.9635467529297,"text":"L-Serine"},"3":{"x":971.16357421875,"y":-300.0364074707031,"text":"L-Threonine"},"4":{"x":363.4543762207031,"y":1098.6181640625,"text":"L-Glutamate"},"5":{"x":-182.2910270690918,"y":809.4545288085938,"text":"Precursor"},"6":{"x":-332.98193740844727,"y":874.6181640625,"text":"3-Phospho-D-glycerate"},"7":{"x":1031.381591796875,"y":1497.7454833984375,"text":"Pyruvate"}},"canvas":{"x":-417.3936767578125,"y":-583.96728515625,"width":2493.3282470703125,"height":2213.2132568359375}}]