[{"map_name":"new_map","map_id":"ofCUfMgWB4N1","map_description":"","homepage":"https://escher.github.io","schema":"https://escher.github.io/escher/jsonschema/1-0-0#"},{"reactions":{"4":{"name":"Nitric oxide dioxygenase","bigg_id":"NODOy","reversibility":false,"label_x":566.8552856445312,"label_y":-284.17390537261963,"gene_reaction_rule":"b2552","genes":[{"notes":{"original_bigg_ids":["b2552"]},"name":"hmp","bigg_id":"b2552"}],"metabolites":[{"bigg_id":"o2_c","coefficient":-2},{"bigg_id":"nadp_c","coefficient":1},{"bigg_id":"nadph_c","coefficient":-1},{"bigg_id":"no3_c","coefficient":2},{"bigg_id":"h_c","coefficient":1},{"bigg_id":"no_c","coefficient":-2}],"segments":{"24":{"from_node_id":"26","to_node_id":"27","b1":null,"b2":null},"25":{"from_node_id":"28","to_node_id":"27","b1":null,"b2":null},"26":{"from_node_id":"26","to_node_id":"25","b1":{"x":550.8552856445312,"y":-244.17390537261963},"b2":{"x":545.6052856445312,"y":-262.17390537261963}},"27":{"from_node_id":"28","to_node_id":"29","b1":{"x":682.8552856445312,"y":-244.17390537261963},"b2":{"x":688.1052856445312,"y":-226.17390537261963}},"28":{"from_node_id":"26","to_node_id":"30","b1":{"x":550.8552856445312,"y":-244.17390537261963},"b2":{"x":545.6052856445312,"y":-226.17390537261963}},"29":{"from_node_id":"28","to_node_id":"31","b1":{"x":762.8132934570312,"y":-250.17091464996338},"b2":{"x":851.0463256835938,"y":-150.22092819213867}},"30":{"from_node_id":"28","to_node_id":"32","b1":{"x":682.8552856445312,"y":-244.17390537261963},"b2":{"x":688.1052856445312,"y":-262.17390537261963}},"31":{"from_node_id":"26","to_node_id":"33","b1":{"x":456.90423583984375,"y":-260.1658945083618},"b2":{"x":342.6842956542969,"y":-168.2119255065918}}}},"5":{"name":"Nitric oxide dioxygenase","bigg_id":"NODOx","reversibility":false,"label_x":558.8593139648438,"label_y":-0.3158578872680664,"gene_reaction_rule":"b2552","genes":[{"notes":{"original_bigg_ids":["b2552"]},"name":"hmp","bigg_id":"b2552"}],"metabolites":[{"bigg_id":"o2_c","coefficient":-2},{"bigg_id":"no3_c","coefficient":2},{"bigg_id":"h_c","coefficient":1},{"bigg_id":"nad_c","coefficient":1},{"bigg_id":"no_c","coefficient":-2},{"bigg_id":"nadh_c","coefficient":-1}],"segments":{"32":{"from_node_id":"34","to_node_id":"35","b1":null,"b2":null},"33":{"from_node_id":"36","to_node_id":"35","b1":null,"b2":null},"34":{"from_node_id":"34","to_node_id":"37","b1":{"x":542.8593139648438,"y":39.684142112731934},"b2":{"x":537.6093139648438,"y":21.684142112731934}},"35":{"from_node_id":"36","to_node_id":"31","b1":{"x":786.8013305664062,"y":43.68213939666748},"b2":{"x":865.0394287109375,"y":-36.2778844833374}},"36":{"from_node_id":"36","to_node_id":"39","b1":{"x":674.8593139648438,"y":39.684142112731934},"b2":{"x":680.1093139648438,"y":21.684142112731934}},"37":{"from_node_id":"36","to_node_id":"40","b1":{"x":674.8593139648438,"y":39.684142112731934},"b2":{"x":680.1093139648438,"y":57.684142112731934}},"38":{"from_node_id":"34","to_node_id":"33","b1":{"x":418.9232482910156,"y":41.683138847351074},"b2":{"x":344.6833801269531,"y":-44.27388095855713}},"39":{"from_node_id":"34","to_node_id":"41","b1":{"x":538.8612670898438,"y":49.679144859313965},"b2":{"x":537.6093139648438,"y":57.684142112731934}}}},"6":{"name":"Nitrate reductase (Ubiquinol-8) (periplasm)","bigg_id":"NO3R1pp","reversibility":false,"label_x":1194.7164916992188,"label_y":-390.1209526062012,"gene_reaction_rule":"(b1465 and b1466 and b1467 and b1468) or (b1224 and b1225 and b1226 and b1227)","genes":[{"notes":{"original_bigg_ids":["b1465"]},"name":"narV","bigg_id":"b1465"},{"notes":{"original_bigg_ids":["b1466"]},"name":"narW","bigg_id":"b1466"},{"notes":{"original_bigg_ids":["b1467"]},"name":"narY","bigg_id":"b1467"},{"notes":{"original_bigg_ids":["b1468"]},"name":"narZ","bigg_id":"b1468"},{"notes":{"original_bigg_ids":["b1224"]},"name":"narG","bigg_id":"b1224"},{"notes":{"original_bigg_ids":["b1225"]},"name":"narH","bigg_id":"b1225"},{"notes":{"original_bigg_ids":["b1226"]},"name":"narJ","bigg_id":"b1226"},{"notes":{"original_bigg_ids":["b1227"]},"name":"narI","bigg_id":"b1227"}],"metabolites":[{"bigg_id":"h2o_c","coefficient":1},{"bigg_id":"h_p","coefficient":2},{"bigg_id":"no3_c","coefficient":-1},{"bigg_id":"q8h2_c","coefficient":-1},{"bigg_id":"h_c","coefficient":-2},{"bigg_id":"q8_c","coefficient":1},{"bigg_id":"no2_c","coefficient":1}],"segments":{"40":{"from_node_id":"42","to_node_id":"43","b1":null,"b2":null},"41":{"from_node_id":"44","to_node_id":"43","b1":null,"b2":null},"42":{"from_node_id":"44","to_node_id":"45","b1":{"x":1322.7105102539062,"y":-250.1709098815918},"b2":{"x":1308.9624633789062,"y":-236.15990829467773}},"43":{"from_node_id":"44","to_node_id":"46","b1":{"x":1322.7105102539062,"y":-250.1709098815918},"b2":{"x":1327.9605102539062,"y":-268.1709098815918}},"44":{"from_node_id":"42","to_node_id":"31","b1":{"x":1074.7705688476562,"y":-254.16892623901367},"b2":{"x":988.5363159179688,"y":-150.2209129333496}},"45":{"from_node_id":"42","to_node_id":"47","b1":{"x":1190.7105102539062,"y":-250.1709098815918},"b2":{"x":1185.4605102539062,"y":-268.1709098815918}},"46":{"from_node_id":"42","to_node_id":"48","b1":{"x":1190.7105102539062,"y":-250.1709098815918},"b2":{"x":1185.4605102539062,"y":-232.1709098815918}},"47":{"from_node_id":"44","to_node_id":"49","b1":{"x":1322.7105102539062,"y":-240.1759147644043},"b2":{"x":1327.9605102539062,"y":-232.1709098815918}},"48":{"from_node_id":"44","to_node_id":"57","b1":{"x":1468.6355590820312,"y":-240.1759147644043},"b2":{"x":1532.8804321289062,"y":-150.22089004516602}}}},"7":{"name":"Nitrate reductase (Menaquinol-8) (periplasm)","bigg_id":"NO3R2pp","reversibility":false,"label_x":1166.7304077148438,"label_y":-42.29487895965576,"gene_reaction_rule":"(b1465 and b1466 and b1467 and b1468) or (b1224 and b1225 and b1226 and b1227)","genes":[{"notes":{"original_bigg_ids":["b1465"]},"name":"narV","bigg_id":"b1465"},{"notes":{"original_bigg_ids":["b1466"]},"name":"narW","bigg_id":"b1466"},{"notes":{"original_bigg_ids":["b1467"]},"name":"narY","bigg_id":"b1467"},{"notes":{"original_bigg_ids":["b1468"]},"name":"narZ","bigg_id":"b1468"},{"notes":{"original_bigg_ids":["b1224"]},"name":"narG","bigg_id":"b1224"},{"notes":{"original_bigg_ids":["b1225"]},"name":"narH","bigg_id":"b1225"},{"notes":{"original_bigg_ids":["b1226"]},"name":"narJ","bigg_id":"b1226"},{"notes":{"original_bigg_ids":["b1227"]},"name":"narI","bigg_id":"b1227"}],"metabolites":[{"bigg_id":"h2o_c","coefficient":1},{"bigg_id":"mqn8_c","coefficient":1},{"bigg_id":"h_p","coefficient":2},{"bigg_id":"no3_c","coefficient":-1},{"bigg_id":"no2_c","coefficient":1},{"bigg_id":"h_c","coefficient":-2},{"bigg_id":"mql8_c","coefficient":-1}],"segments":{"49":{"from_node_id":"51","to_node_id":"52","b1":null,"b2":null},"50":{"from_node_id":"53","to_node_id":"52","b1":null,"b2":null},"51":{"from_node_id":"53","to_node_id":"54","b1":{"x":1302.7202758789062,"y":73.66714477539062},"b2":{"x":1307.9702758789062,"y":91.66714477539062}},"52":{"from_node_id":"53","to_node_id":"55","b1":{"x":1312.7152709960938,"y":85.66114807128906},"b2":{"x":1292.9702758789062,"y":109.66714477539062}},"53":{"from_node_id":"53","to_node_id":"56","b1":{"x":1310.7163696289062,"y":63.67213439941406},"b2":{"x":1307.9702758789062,"y":55.667144775390625}},"54":{"from_node_id":"51","to_node_id":"31","b1":{"x":1098.7582397460938,"y":83.66215515136719},"b2":{"x":982.539306640625,"y":-36.27788543701172}},"55":{"from_node_id":"53","to_node_id":"57","b1":{"x":1402.6682739257812,"y":87.66014862060547},"b2":{"x":1518.8871459960938,"y":-2.2948769330978394}},"56":{"from_node_id":"51","to_node_id":"58","b1":{"x":1166.7222290039062,"y":77.66514587402344},"b2":{"x":1165.4702758789062,"y":55.667144775390625}},"57":{"from_node_id":"51","to_node_id":"59","b1":{"x":1162.7243041992188,"y":73.66714477539062},"b2":{"x":1165.4702758789062,"y":91.66714477539062}}}},"8":{"name":"Nitrite Reductase (NADH)","bigg_id":"NTRIR2x","reversibility":false,"label_x":1826.5753784179688,"label_y":-212.2099266052246,"gene_reaction_rule":"b3365 and b3366","genes":[{"notes":{"original_bigg_ids":["b3365"]},"name":"nirB","bigg_id":"b3365"},{"notes":{"original_bigg_ids":["b3366"]},"name":"nirD","bigg_id":"b3366"}],"metabolites":[{"bigg_id":"h2o_c","coefficient":2},{"bigg_id":"h_c","coefficient":-5},{"bigg_id":"nad_c","coefficient":3},{"bigg_id":"nadh_c","coefficient":-3},{"bigg_id":"nh4_c","coefficient":1},{"bigg_id":"no2_c","coefficient":-1}],"segments":{"58":{"from_node_id":"60","to_node_id":"61","b1":null,"b2":null},"59":{"from_node_id":"62","to_node_id":"61","b1":null,"b2":null},"60":{"from_node_id":"62","to_node_id":"63","b1":{"x":1960.5663452148438,"y":-88.25190353393555},"b2":{"x":1965.8163452148438,"y":-106.25190353393555}},"61":{"from_node_id":"60","to_node_id":"64","b1":{"x":1828.5663452148438,"y":-88.25190353393555},"b2":{"x":1823.3163452148438,"y":-106.25190353393555}},"62":{"from_node_id":"62","to_node_id":"65","b1":{"x":1960.5663452148438,"y":-88.25190353393555},"b2":{"x":1965.8163452148438,"y":-70.25190353393555}},"63":{"from_node_id":"60","to_node_id":"66","b1":{"x":1828.5663452148438,"y":-88.25190353393555},"b2":{"x":1823.3163452148438,"y":-70.25190353393555}},"64":{"from_node_id":"62","to_node_id":"67","b1":{"x":1956.5663452148438,"y":-88.25190353393555},"b2":{"x":2188.7273559570312,"y":-88.25190353393555}},"65":{"from_node_id":"60","to_node_id":"57","b1":{"x":1832.5663452148438,"y":-88.25190353393555},"b2":{"x":1634.3882446289062,"y":-88.25190353393555}}}},"9":{"name":"Nitrate transport in via nitrite antiport (periplasm)","bigg_id":"NO3t7pp","reversibility":false,"label_x":958.7792358398438,"label_y":-471.1429557800293,"gene_reaction_rule":"b1223 or b1469","genes":[{"notes":{"original_bigg_ids":["b1223"]},"name":"narK","bigg_id":"b1223"},{"notes":{"original_bigg_ids":["b1469"]},"name":"narU","bigg_id":"b1469"}],"metabolites":[{"bigg_id":"no3_p","coefficient":-1},{"bigg_id":"no2_p","coefficient":1},{"bigg_id":"no2_c","coefficient":-1},{"bigg_id":"no3_c","coefficient":1}],"segments":{"66":{"from_node_id":"68","to_node_id":"69","b1":null,"b2":null},"67":{"from_node_id":"70","to_node_id":"69","b1":null,"b2":null},"68":{"from_node_id":"68","to_node_id":"71","b1":{"x":943.7792358398438,"y":-543.1429557800293},"b2":{"x":945.7782592773438,"y":-819.2819938659668}},"69":{"from_node_id":"70","to_node_id":"72","b1":{"x":943.7792358398438,"y":-415.1429557800293},"b2":{"x":961.7792358398438,"y":-409.8929557800293}},"70":{"from_node_id":"68","to_node_id":"73","b1":{"x":943.7792358398438,"y":-547.1429557800293},"b2":{"x":961.7792358398438,"y":-552.3929557800293}},"71":{"from_node_id":"70","to_node_id":"31","b1":{"x":943.7792358398438,"y":-419.1429557800293},"b2":{"x":939.7813110351562,"y":-154.99790573120117}}}},"10":{"name":"Nitrite transport in via proton symport, reversible (periplasm)","bigg_id":"NO2t2rpp","reversibility":true,"label_x":1590.6383666992188,"label_y":-459.1489677429199,"gene_reaction_rule":"b3367 or b1223","genes":[{"notes":{"original_bigg_ids":["b3367"]},"name":"nirC","bigg_id":"b3367"},{"notes":{"original_bigg_ids":["b1223"]},"name":"narK","bigg_id":"b1223"}],"metabolites":[{"bigg_id":"no2_c","coefficient":1},{"bigg_id":"no2_p","coefficient":-1},{"bigg_id":"h_p","coefficient":-1},{"bigg_id":"h_c","coefficient":1}],"segments":{"72":{"from_node_id":"74","to_node_id":"75","b1":null,"b2":null},"73":{"from_node_id":"76","to_node_id":"75","b1":null,"b2":null},"74":{"from_node_id":"76","to_node_id":"57","b1":{"x":1575.6383666992188,"y":-407.1489677429199},"b2":{"x":1575.6382446289062,"y":-147.00190353393555}},"75":{"from_node_id":"74","to_node_id":"77","b1":{"x":1575.6383666992188,"y":-531.1489677429199},"b2":{"x":1577.6372680664062,"y":-821.2810173034668}},"76":{"from_node_id":"74","to_node_id":"78","b1":{"x":1575.6383666992188,"y":-535.1489677429199},"b2":{"x":1593.6383666992188,"y":-540.3989677429199}},"77":{"from_node_id":"76","to_node_id":"79","b1":{"x":1575.6383666992188,"y":-403.1489677429199},"b2":{"x":1593.6383666992188,"y":-397.8989677429199}}}},"13":{"name":"Nitrite Reductase (Ubiquinole-8, periplasm)","bigg_id":"NTRIR3pp","reversibility":false,"label_x":1836.5701293945312,"label_y":-1139.9211540222168,"gene_reaction_rule":"b4070 and b4071 and b4072 and b4073","genes":[{"notes":{"original_bigg_ids":["b4070"]},"name":"nrfA","bigg_id":"b4070"},{"notes":{"original_bigg_ids":["b4071"]},"name":"nrfB","bigg_id":"b4071"},{"notes":{"original_bigg_ids":["b4072"]},"name":"nrfC","bigg_id":"b4072"},{"notes":{"original_bigg_ids":["b4073"]},"name":"nrfD","bigg_id":"b4073"}],"metabolites":[{"bigg_id":"h_p","coefficient":-2},{"bigg_id":"q8h2_c","coefficient":-3},{"bigg_id":"no2_p","coefficient":-1},{"bigg_id":"nh4_p","coefficient":1},{"bigg_id":"h2o_p","coefficient":2},{"bigg_id":"q8_c","coefficient":3}],"segments":{"94":{"from_node_id":"96","to_node_id":"97","b1":null,"b2":null},"95":{"from_node_id":"98","to_node_id":"97","b1":null,"b2":null},"96":{"from_node_id":"96","to_node_id":"99","b1":{"x":1838.5612182617188,"y":-1027.9571647644043},"b2":{"x":1835.3102416992188,"y":-1033.9631462097168}},"97":{"from_node_id":"96","to_node_id":"100","b1":{"x":1836.5623168945312,"y":-999.9711418151855},"b2":{"x":1835.3102416992188,"y":-997.9631462097168}},"98":{"from_node_id":"96","to_node_id":"77","b1":{"x":1728.6182250976562,"y":-1015.9631462097168},"b2":{"x":1680.3652954101562,"y":-961.9900016784668}},"99":{"from_node_id":"98","to_node_id":"109","b1":{"x":2070.5092163085938,"y":-1019.9611320495605},"b2":{"x":2196.7236938476562,"y":-928.007152557373}},"100":{"from_node_id":"98","to_node_id":"102","b1":{"x":1968.5621948242188,"y":-1023.9591178894043},"b2":{"x":1977.8102416992188,"y":-1033.9631462097168}},"101":{"from_node_id":"98","to_node_id":"103","b1":{"x":1978.5571899414062,"y":-1001.9701042175293},"b2":{"x":1977.8102416992188,"y":-997.9631462097168}}}},"14":{"name":"Nitrite Reductase (Menaquinole-8, periplasm)","bigg_id":"NTRIR4pp","reversibility":false,"label_x":1834.5715942382812,"label_y":-856.063060760498,"gene_reaction_rule":"b4070 and b4071 and b4072 and b4073","genes":[{"notes":{"original_bigg_ids":["b4070"]},"name":"nrfA","bigg_id":"b4070"},{"notes":{"original_bigg_ids":["b4071"]},"name":"nrfB","bigg_id":"b4071"},{"notes":{"original_bigg_ids":["b4072"]},"name":"nrfC","bigg_id":"b4072"},{"notes":{"original_bigg_ids":["b4073"]},"name":"nrfD","bigg_id":"b4073"}],"metabolites":[{"bigg_id":"mqn8_c","coefficient":3},{"bigg_id":"h_p","coefficient":-2},{"bigg_id":"no2_p","coefficient":-1},{"bigg_id":"nh4_p","coefficient":1},{"bigg_id":"h2o_p","coefficient":2},{"bigg_id":"mql8_c","coefficient":-3}],"segments":{"102":{"from_node_id":"104","to_node_id":"105","b1":null,"b2":null},"103":{"from_node_id":"106","to_node_id":"105","b1":null,"b2":null},"104":{"from_node_id":"106","to_node_id":"107","b1":{"x":1964.5645141601562,"y":-736.1030387878418},"b2":{"x":1969.8145141601562,"y":-718.1030387878418}},"105":{"from_node_id":"104","to_node_id":"108","b1":{"x":1828.5664672851562,"y":-744.0990104675293},"b2":{"x":1827.3142700195312,"y":-754.1030387878418}},"106":{"from_node_id":"104","to_node_id":"77","b1":{"x":1742.6115112304688,"y":-726.1080436706543},"b2":{"x":1618.3963012695312,"y":-846.0480461120605}},"107":{"from_node_id":"106","to_node_id":"109","b1":{"x":2056.5164184570312,"y":-726.107982635498},"b2":{"x":2180.7313842773438,"y":-818.0620231628418}},"108":{"from_node_id":"106","to_node_id":"110","b1":{"x":1964.5645141601562,"y":-736.1030387878418},"b2":{"x":1981.8082885742188,"y":-750.1049919128418}},"109":{"from_node_id":"104","to_node_id":"111","b1":{"x":1832.5645141601562,"y":-726.1080436706543},"b2":{"x":1827.3145141601562,"y":-718.1030387878418}}}},"15":{"name":"Nitrate reductase (Ubiquinol-8)","bigg_id":"NO3R1bpp","reversibility":false,"label_x":1142.742431640625,"label_y":-1063.9592399597168,"gene_reaction_rule":"(b2203 and b2206) and b2202 and b2205 and b2204","genes":[{"notes":{"original_bigg_ids":["b2203"]},"name":"napB","bigg_id":"b2203"},{"notes":{"original_bigg_ids":["b2206"]},"name":"napA","bigg_id":"b2206"},{"notes":{"original_bigg_ids":["b2202"]},"name":"napC","bigg_id":"b2202"},{"notes":{"original_bigg_ids":["b2205"]},"name":"napG","bigg_id":"b2205"},{"notes":{"original_bigg_ids":["b2204"]},"name":"napH","bigg_id":"b2204"}],"metabolites":[{"bigg_id":"h2o_p","coefficient":1},{"bigg_id":"q8h2_c","coefficient":-1},{"bigg_id":"no3_p","coefficient":-1},{"bigg_id":"no2_p","coefficient":1},{"bigg_id":"q8_c","coefficient":1}],"segments":{"110":{"from_node_id":"112","to_node_id":"113","b1":null,"b2":null},"111":{"from_node_id":"114","to_node_id":"113","b1":null,"b2":null},"112":{"from_node_id":"114","to_node_id":"115","b1":{"x":1326.7083740234375,"y":-1023.9591178894043},"b2":{"x":1331.9583740234375,"y":-1005.9591178894043}},"113":{"from_node_id":"112","to_node_id":"116","b1":{"x":1188.71142578125,"y":-1013.9641227722168},"b2":{"x":1189.4583740234375,"y":-1005.9591178894043}},"114":{"from_node_id":"112","to_node_id":"71","b1":{"x":1114.750244140625,"y":-1021.960277557373},"b2":{"x":1010.5252685546875,"y":-985.9779777526855}},"115":{"from_node_id":"114","to_node_id":"77","b1":{"x":1404.66748046875,"y":-1015.9630851745605},"b2":{"x":1476.908447265625,"y":-1001.970043182373}},"116":{"from_node_id":"114","to_node_id":"118","b1":{"x":1326.7083740234375,"y":-1023.9591178894043},"b2":{"x":1331.9583740234375,"y":-1041.9591178894043}}}},"16":{"name":"Nitrate reductase (Menaquinol-8) (periplasm)","bigg_id":"NO3R2bpp","reversibility":false,"label_x":1134.74658203125,"label_y":-780.1009635925293,"gene_reaction_rule":"(b2203 and b2206) and b2202","genes":[{"notes":{"original_bigg_ids":["b2203"]},"name":"napB","bigg_id":"b2203"},{"notes":{"original_bigg_ids":["b2206"]},"name":"napA","bigg_id":"b2206"},{"notes":{"original_bigg_ids":["b2202"]},"name":"napC","bigg_id":"b2202"}],"metabolites":[{"bigg_id":"h2o_p","coefficient":1},{"bigg_id":"no3_p","coefficient":-1},{"bigg_id":"mql8_c","coefficient":-1},{"bigg_id":"mqn8_c","coefficient":1},{"bigg_id":"no2_p","coefficient":1}],"segments":{"117":{"from_node_id":"119","to_node_id":"120","b1":null,"b2":null},"118":{"from_node_id":"121","to_node_id":"120","b1":null,"b2":null},"119":{"from_node_id":"121","to_node_id":"122","b1":{"x":1314.7144775390625,"y":-750.096019744873},"b2":{"x":1319.9644775390625,"y":-732.096019744873}},"120":{"from_node_id":"119","to_node_id":"71","b1":{"x":1112.75146484375,"y":-742.0999870300293},"b2":{"x":1002.5292358398438,"y":-804.068920135498}},"121":{"from_node_id":"119","to_node_id":"123","b1":{"x":1176.717529296875,"y":-748.0970573425293},"b2":{"x":1177.4644775390625,"y":-732.096019744873}},"122":{"from_node_id":"121","to_node_id":"124","b1":{"x":1324.70947265625,"y":-758.0919914245605},"b2":{"x":1319.9644775390625,"y":-768.096019744873}},"123":{"from_node_id":"121","to_node_id":"77","b1":{"x":1442.6484375,"y":-720.1109733581543},"b2":{"x":1524.8843994140625,"y":-818.0620231628418}}}},"17":{"name":"Ammonia reversible transport (periplasm)","bigg_id":"NH4tpp","reversibility":true,"label_x":2262.4774780273438,"label_y":-455.16694259643555,"gene_reaction_rule":"b0451 or s0001","genes":[{"notes":{"original_bigg_ids":["b0451"]},"name":"amtB","bigg_id":"b0451"},{"notes":{"original_bigg_ids":["s0001"]},"name":"None","bigg_id":"s0001"}],"metabolites":[{"bigg_id":"nh4_c","coefficient":1},{"bigg_id":"nh4_p","coefficient":-1}],"segments":{"124":{"from_node_id":"126","to_node_id":"127","b1":null,"b2":null},"125":{"from_node_id":"128","to_node_id":"127","b1":null,"b2":null},"126":{"from_node_id":"128","to_node_id":"67","b1":{"x":2247.4774780273438,"y":-403.16694259643555},"b2":{"x":2245.4789428710938,"y":-147.00188827514648}},"127":{"from_node_id":"126","to_node_id":"109","b1":{"x":2247.4774780273438,"y":-527.1669425964355},"b2":{"x":2243.4796752929688,"y":-771.305980682373}}}},"18":{"name":"Tyramine:oxygen oxidoreductase(deaminating)(flavin-containing) (periplasm)","bigg_id":"TYROXDApp","reversibility":false,"label_x":2554.3869018554688,"label_y":-1367.8070182800293,"gene_reaction_rule":"b1386","genes":[{"notes":{"original_bigg_ids":["b1386"]},"name":"tynA","bigg_id":"b1386"}],"metabolites":[{"bigg_id":"h2o2_p","coefficient":1},{"bigg_id":"4hoxpacd_p","coefficient":1},{"bigg_id":"nh4_p","coefficient":1},{"bigg_id":"h2o_p","coefficient":-1},{"bigg_id":"o2_p","coefficient":-1},{"bigg_id":"tym_p","coefficient":-1}],"segments":{"128":{"from_node_id":"130","to_node_id":"131","b1":null,"b2":null},"129":{"from_node_id":"132","to_node_id":"131","b1":null,"b2":null},"130":{"from_node_id":"132","to_node_id":"133","b1":{"x":2580.3656616210938,"y":-1251.8449821472168},"b2":{"x":2575.1156616210938,"y":-1269.8449821472168}},"131":{"from_node_id":"132","to_node_id":"134","b1":{"x":2580.3656616210938,"y":-1251.8449821472168},"b2":{"x":2575.1156616210938,"y":-1233.8449821472168}},"132":{"from_node_id":"132","to_node_id":"109","b1":{"x":2476.4196166992188,"y":-1261.8399772644043},"b2":{"x":2292.2348022460938,"y":-955.9930534362793}},"133":{"from_node_id":"130","to_node_id":"135","b1":{"x":2712.3656616210938,"y":-1251.8449821472168},"b2":{"x":2717.6156616210938,"y":-1269.8449821472168}},"134":{"from_node_id":"130","to_node_id":"136","b1":{"x":2712.3656616210938,"y":-1251.8449821472168},"b2":{"x":2717.6156616210938,"y":-1233.8449821472168}},"135":{"from_node_id":"130","to_node_id":"137","b1":{"x":2708.3656616210938,"y":-1251.8449821472168},"b2":{"x":2898.5475463867188,"y":-1251.8449821472168}}}},"19":{"name":"Phenethylamine oxidase","bigg_id":"PEAMNOpp","reversibility":false,"label_x":2554.3866577148438,"label_y":-1039.971019744873,"gene_reaction_rule":"b1386","genes":[{"notes":{"original_bigg_ids":["b1386"]},"name":"tynA","bigg_id":"b1386"}],"metabolites":[{"bigg_id":"h2o2_p","coefficient":1},{"bigg_id":"pacald_p","coefficient":1},{"bigg_id":"peamn_p","coefficient":-1},{"bigg_id":"nh4_p","coefficient":1},{"bigg_id":"h2o_p","coefficient":-1},{"bigg_id":"o2_p","coefficient":-1}],"segments":{"136":{"from_node_id":"138","to_node_id":"139","b1":null,"b2":null},"137":{"from_node_id":"140","to_node_id":"139","b1":null,"b2":null},"138":{"from_node_id":"140","to_node_id":"141","b1":{"x":2580.3656616210938,"y":-922.010082244873},"b2":{"x":2575.1156616210938,"y":-940.010082244873}},"139":{"from_node_id":"140","to_node_id":"142","b1":{"x":2580.3656616210938,"y":-922.010082244873},"b2":{"x":2575.1156616210938,"y":-904.010082244873}},"140":{"from_node_id":"138","to_node_id":"143","b1":{"x":2708.3656616210938,"y":-922.010082244873},"b2":{"x":2892.5507202148438,"y":-926.0080680847168}},"141":{"from_node_id":"140","to_node_id":"109","b1":{"x":2514.4008178710938,"y":-926.0080680847168},"b2":{"x":2306.2274780273438,"y":-892.0250358581543}},"142":{"from_node_id":"138","to_node_id":"144","b1":{"x":2712.3656616210938,"y":-922.010082244873},"b2":{"x":2717.6156616210938,"y":-940.010082244873}},"143":{"from_node_id":"138","to_node_id":"145","b1":{"x":2712.3656616210938,"y":-922.010082244873},"b2":{"x":2717.6156616210938,"y":-904.010082244873}}}},"20":{"name":"4-(2-Aminoethyl)-1,2-benzenediol:oxygen oxidoreductase(deaminating)(flavin-containing)","bigg_id":"42A12BOOXpp","reversibility":false,"label_x":2536.3959350585938,"label_y":-732.1249504089355,"gene_reaction_rule":"b1386","genes":[{"notes":{"original_bigg_ids":["b1386"]},"name":"tynA","bigg_id":"b1386"}],"metabolites":[{"bigg_id":"h2o2_p","coefficient":1},{"bigg_id":"34dhpac_p","coefficient":1},{"bigg_id":"nh4_p","coefficient":1},{"bigg_id":"h2o_p","coefficient":-1},{"bigg_id":"o2_p","coefficient":-1},{"bigg_id":"dopa_p","coefficient":-1}],"segments":{"144":{"from_node_id":"146","to_node_id":"147","b1":null,"b2":null},"145":{"from_node_id":"148","to_node_id":"147","b1":null,"b2":null},"146":{"from_node_id":"148","to_node_id":"149","b1":{"x":2578.3668823242188,"y":-608.1669425964355},"b2":{"x":2573.1168823242188,"y":-626.1669425964355}},"147":{"from_node_id":"148","to_node_id":"150","b1":{"x":2578.3668823242188,"y":-608.1669425964355},"b2":{"x":2573.1168823242188,"y":-590.1669425964355}},"148":{"from_node_id":"148","to_node_id":"109","b1":{"x":2474.4208374023438,"y":-590.1759757995605},"b2":{"x":2294.2335815429688,"y":-826.0580558776855}},"149":{"from_node_id":"146","to_node_id":"151","b1":{"x":2710.3668823242188,"y":-608.1669425964355},"b2":{"x":2715.6168823242188,"y":-626.1669425964355}},"150":{"from_node_id":"146","to_node_id":"152","b1":{"x":2710.3668823242188,"y":-608.1669425964355},"b2":{"x":2715.6168823242188,"y":-590.1669425964355}},"151":{"from_node_id":"146","to_node_id":"153","b1":{"x":2706.3668823242188,"y":-608.1669425964355},"b2":{"x":2892.5507202148438,"y":-604.1689567565918}}}},"21":{"name":"Ammonia transport via diffusion (extracellular to periplasm)","bigg_id":"NH4tex","reversibility":true,"label_x":2118.5494995117188,"label_y":-1053.0269889831543,"gene_reaction_rule":"b0241 or b0929 or b1377 or b2215","genes":[{"notes":{"original_bigg_ids":["b0241"]},"name":"phoE","bigg_id":"b0241"},{"notes":{"original_bigg_ids":["b0929"]},"name":"ompF","bigg_id":"b0929"},{"notes":{"original_bigg_ids":["b1377"]},"name":"ompN","bigg_id":"b1377"},{"notes":{"original_bigg_ids":["b2215"]},"name":"ompC","bigg_id":"b2215"}],"metabolites":[{"bigg_id":"nh4_e","coefficient":-1},{"bigg_id":"nh4_p","coefficient":1}],"segments":{"152":{"from_node_id":"154","to_node_id":"155","b1":null,"b2":null},"153":{"from_node_id":"156","to_node_id":"155","b1":null,"b2":null},"154":{"from_node_id":"154","to_node_id":"157","b1":{"x":2243.4796752929688,"y":-1117.0310173034668},"b2":{"x":2243.4796752929688,"y":-1171.2810173034668}},"155":{"from_node_id":"156","to_node_id":"109","b1":{"x":2243.4796752929688,"y":-993.0310173034668},"b2":{"x":2243.4796752929688,"y":-938.7810173034668}}}},"22":{"name":"Ammonia exchange","bigg_id":"EX_nh4_e","reversibility":true,"label_x":2070.0119018554688,"label_y":-1346.7649040222168,"gene_reaction_rule":"","genes":[],"metabolites":[{"bigg_id":"nh4_e","coefficient":-1}],"segments":{"156":{"from_node_id":"158","to_node_id":"159","b1":null,"b2":null},"157":{"from_node_id":"160","to_node_id":"159","b1":null,"b2":null},"158":{"from_node_id":"158","to_node_id":"157","b1":{"x":2243.4796752929688,"y":-1343.0310173034668},"b2":{"x":2243.4796752929688,"y":-1288.7810173034668}}}},"23":{"name":"Cyanate aminohydrolase","bigg_id":"CYNTAH","reversibility":false,"label_x":2876.0664672851562,"label_y":-110.34783554077148,"gene_reaction_rule":"b0340","genes":[{"notes":{"original_bigg_ids":["b0340"]},"name":"cynS","bigg_id":"b0340"}],"metabolites":[{"bigg_id":"hco3_c","coefficient":-1},{"bigg_id":"cynt_c","coefficient":-1},{"bigg_id":"co2_c","coefficient":2},{"bigg_id":"nh4_c","coefficient":1},{"bigg_id":"h_c","coefficient":-3}],"segments":{"159":{"from_node_id":"161","to_node_id":"162","b1":null,"b2":null},"160":{"from_node_id":"163","to_node_id":"162","b1":null,"b2":null},"161":{"from_node_id":"161","to_node_id":"164","b1":{"x":3010.0493774414062,"y":-82.3408317565918},"b2":{"x":3200.2315063476562,"y":-82.3408317565918}},"162":{"from_node_id":"161","to_node_id":"165","b1":{"x":3014.0493774414062,"y":-82.3408317565918},"b2":{"x":3019.2993774414062,"y":-100.3408317565918}},"163":{"from_node_id":"163","to_node_id":"166","b1":{"x":2882.0493774414062,"y":-82.3408317565918},"b2":{"x":2876.7993774414062,"y":-64.3408317565918}},"164":{"from_node_id":"163","to_node_id":"67","b1":{"x":2762.1111450195312,"y":-90.33683395385742},"b2":{"x":2350.2044067382812,"y":-86.28987503051758}},"165":{"from_node_id":"161","to_node_id":"167","b1":{"x":3014.0493774414062,"y":-82.3408317565918},"b2":{"x":3019.2993774414062,"y":-64.3408317565918}}}},"26":{"name":"NADH:flavorubredoxin oxidoreductase","bigg_id":"NHFRBO","reversibility":false,"label_x":-34.217241287231445,"label_y":56.89509582519534,"gene_reaction_rule":"b2710 and b2711","genes":[{"notes":{"original_bigg_ids":["b2710"]},"name":"norV","bigg_id":"b2710"},{"notes":{"original_bigg_ids":["b2711"]},"name":"norW","bigg_id":"b2711"}],"metabolites":[{"bigg_id":"h2o_c","coefficient":1},{"bigg_id":"h_c","coefficient":-1},{"bigg_id":"nad_c","coefficient":1},{"bigg_id":"no_c","coefficient":-2},{"bigg_id":"n2o_c","coefficient":1},{"bigg_id":"nadh_c","coefficient":-1}],"segments":{"182":{"from_node_id":"185","to_node_id":"186","b1":null,"b2":null},"183":{"from_node_id":"187","to_node_id":"186","b1":null,"b2":null},"184":{"from_node_id":"187","to_node_id":"188","b1":{"x":-33.027679443359375,"y":-114.23890686035153},"b2":{"x":-38.277679443359375,"y":-96.23890686035153}},"185":{"from_node_id":"185","to_node_id":"189","b1":{"x":98.97232055664062,"y":-114.23890686035155},"b2":{"x":104.22232055664062,"y":-96.23890686035155}},"186":{"from_node_id":"187","to_node_id":"190","b1":{"x":-33.027679443359375,"y":-114.23890686035153},"b2":{"x":-38.277679443359375,"y":-132.23890686035153}},"187":{"from_node_id":"185","to_node_id":"33","b1":{"x":94.97232055664062,"y":-114.23890686035155},"b2":{"x":229.18234252929688,"y":-114.23890686035155}},"188":{"from_node_id":"187","to_node_id":"191","b1":{"x":-29.027679443359375,"y":-114.23890686035153},"b2":{"x":-169.23471069335938,"y":-112.23990631103511}},"189":{"from_node_id":"185","to_node_id":"192","b1":{"x":98.97232055664062,"y":-114.23890686035155},"b2":{"x":104.22232055664062,"y":-132.23890686035156}}}},"28":{"name":"Nitrite transport via diffusion (extracellular to periplasm)","bigg_id":"NO2tex","reversibility":true,"label_x":1592.6372680664062,"label_y":-1045.0310173034668,"gene_reaction_rule":"b0241 or b0929 or b1377 or b2215","genes":[{"notes":{"original_bigg_ids":["b0241"]},"name":"phoE","bigg_id":"b0241"},{"notes":{"original_bigg_ids":["b0929"]},"name":"ompF","bigg_id":"b0929"},{"notes":{"original_bigg_ids":["b1377"]},"name":"ompN","bigg_id":"b1377"},{"notes":{"original_bigg_ids":["b2215"]},"name":"ompC","bigg_id":"b2215"}],"metabolites":[{"bigg_id":"no2_e","coefficient":-1},{"bigg_id":"no2_p","coefficient":1}],"segments":{"196":{"from_node_id":"200","to_node_id":"201","b1":null,"b2":null},"197":{"from_node_id":"202","to_node_id":"201","b1":null,"b2":null},"198":{"from_node_id":"200","to_node_id":"203","b1":{"x":1577.6372680664062,"y":-1117.0310173034668},"b2":{"x":1577.6372680664062,"y":-1171.2810173034668}},"199":{"from_node_id":"202","to_node_id":"77","b1":{"x":1577.6372680664062,"y":-993.0310173034668},"b2":{"x":1577.6372680664062,"y":-938.7810173034668}}}},"29":{"name":"Nitrite exchange","bigg_id":"EX_no2_e","reversibility":false,"label_x":1599.5324096679688,"label_y":-1344.4664421081543,"gene_reaction_rule":"","genes":[],"metabolites":[{"bigg_id":"no2_e","coefficient":-1}],"segments":{"200":{"from_node_id":"204","to_node_id":"205","b1":null,"b2":null},"201":{"from_node_id":"206","to_node_id":"205","b1":null,"b2":null},"202":{"from_node_id":"204","to_node_id":"203","b1":{"x":1577.6372680664062,"y":-1343.0310173034668},"b2":{"x":1577.6372680664062,"y":-1288.7810173034668}}}},"30":{"name":"Nitrate transport via diffusion (extracellular to periplasm)","bigg_id":"NO3tex","reversibility":true,"label_x":960.7782592773438,"label_y":-1043.0319938659668,"gene_reaction_rule":"b1377 or b0241 or b0929 or b2215","genes":[{"notes":{"original_bigg_ids":["b1377"]},"name":"ompN","bigg_id":"b1377"},{"notes":{"original_bigg_ids":["b0241"]},"name":"phoE","bigg_id":"b0241"},{"notes":{"original_bigg_ids":["b0929"]},"name":"ompF","bigg_id":"b0929"},{"notes":{"original_bigg_ids":["b2215"]},"name":"ompC","bigg_id":"b2215"}],"metabolites":[{"bigg_id":"no3_e","coefficient":-1},{"bigg_id":"no3_p","coefficient":1}],"segments":{"203":{"from_node_id":"207","to_node_id":"208","b1":null,"b2":null},"204":{"from_node_id":"209","to_node_id":"208","b1":null,"b2":null},"205":{"from_node_id":"207","to_node_id":"210","b1":{"x":945.7782592773438,"y":-1115.0319938659668},"b2":{"x":945.7782592773438,"y":-1169.2819938659668}},"206":{"from_node_id":"209","to_node_id":"71","b1":{"x":945.7782592773438,"y":-991.0319938659668},"b2":{"x":945.7782592773438,"y":-936.7819938659668}}}},"31":{"name":"Nitrate exchange","bigg_id":"EX_no3_e","reversibility":false,"label_x":967.6734008789062,"label_y":-1342.4674186706543,"gene_reaction_rule":"","genes":[],"metabolites":[{"bigg_id":"no3_e","coefficient":-1}],"segments":{"207":{"from_node_id":"211","to_node_id":"212","b1":null,"b2":null},"208":{"from_node_id":"213","to_node_id":"212","b1":null,"b2":null},"209":{"from_node_id":"211","to_node_id":"210","b1":{"x":945.7782592773438,"y":-1341.0319938659668},"b2":{"x":945.7782592773438,"y":-1286.7819938659668}}}},"32":{"name":"NO transport (diffusion)","bigg_id":"NOtpp","reversibility":true,"label_x":302.9323425292969,"label_y":-279.23890686035156,"gene_reaction_rule":"s0001","genes":[{"notes":{"original_bigg_ids":["s0001"]},"name":"None","bigg_id":"s0001"}],"metabolites":[{"bigg_id":"no_p","coefficient":-1},{"bigg_id":"no_c","coefficient":1}],"segments":{"210":{"from_node_id":"214","to_node_id":"215","b1":null,"b2":null},"211":{"from_node_id":"216","to_node_id":"215","b1":null,"b2":null},"212":{"from_node_id":"214","to_node_id":"217","b1":{"x":287.9323425292969,"y":-351.23890686035156},"b2":{"x":287.9323425292969,"y":-405.48890686035156}},"213":{"from_node_id":"216","to_node_id":"33","b1":{"x":287.9323425292969,"y":-227.23890686035156},"b2":{"x":287.9323425292969,"y":-172.98890686035156}}}},"33":{"name":"Nitric oxide transport via diffusion (extracellular to periplasm)","bigg_id":"NOtex","reversibility":true,"label_x":302.9323425292969,"label_y":-629.2389068603516,"gene_reaction_rule":"b0241 or b0929 or b1377 or b2215","genes":[{"notes":{"original_bigg_ids":["b0241"]},"name":"phoE","bigg_id":"b0241"},{"notes":{"original_bigg_ids":["b0929"]},"name":"ompF","bigg_id":"b0929"},{"notes":{"original_bigg_ids":["b1377"]},"name":"ompN","bigg_id":"b1377"},{"notes":{"original_bigg_ids":["b2215"]},"name":"ompC","bigg_id":"b2215"}],"metabolites":[{"bigg_id":"no_e","coefficient":-1},{"bigg_id":"no_p","coefficient":1}],"segments":{"214":{"from_node_id":"218","to_node_id":"219","b1":null,"b2":null},"215":{"from_node_id":"220","to_node_id":"219","b1":null,"b2":null},"216":{"from_node_id":"218","to_node_id":"221","b1":{"x":287.9323425292969,"y":-701.2389068603516},"b2":{"x":287.9323425292969,"y":-755.4889068603516}},"217":{"from_node_id":"220","to_node_id":"217","b1":{"x":287.9323425292969,"y":-577.2389068603516},"b2":{"x":287.9323425292969,"y":-522.9889068603516}}}},"34":{"name":"Nitric oxide exchange","bigg_id":"EX_no_e","reversibility":false,"label_x":307.52911376953125,"label_y":-930.9727325439453,"gene_reaction_rule":"","genes":[],"metabolites":[{"bigg_id":"no_e","coefficient":-1}],"segments":{"218":{"from_node_id":"222","to_node_id":"223","b1":null,"b2":null},"219":{"from_node_id":"224","to_node_id":"223","b1":null,"b2":null},"220":{"from_node_id":"222","to_node_id":"221","b1":{"x":287.9323425292969,"y":-927.2389068603516},"b2":{"x":287.9323425292969,"y":-872.9889068603516}}}},"35":{"name":"Nitrious oxide transport (diffusion)","bigg_id":"N2Otpp","reversibility":true,"label_x":-212.98471069335938,"label_y":-277.2399063110351,"gene_reaction_rule":"s0001","genes":[{"notes":{"original_bigg_ids":["s0001"]},"name":"None","bigg_id":"s0001"}],"metabolites":[{"bigg_id":"n2o_c","coefficient":1},{"bigg_id":"n2o_p","coefficient":-1}],"segments":{"221":{"from_node_id":"225","to_node_id":"226","b1":null,"b2":null},"222":{"from_node_id":"227","to_node_id":"226","b1":null,"b2":null},"223":{"from_node_id":"227","to_node_id":"191","b1":{"x":-227.98471069335938,"y":-225.2399063110351},"b2":{"x":-227.98471069335938,"y":-170.9899063110351}},"224":{"from_node_id":"225","to_node_id":"228","b1":{"x":-227.98471069335935,"y":-349.2399063110351},"b2":{"x":-227.98471069335938,"y":-403.4899063110351}}}},"36":{"name":"Nitrious oxide transport via diffusion (extracellular to periplasm)","bigg_id":"N2Otex","reversibility":true,"label_x":-212.98471069335938,"label_y":-627.2399063110352,"gene_reaction_rule":"b0241 or b0929 or b1377 or b2215","genes":[{"notes":{"original_bigg_ids":["b0241"]},"name":"phoE","bigg_id":"b0241"},{"notes":{"original_bigg_ids":["b0929"]},"name":"ompF","bigg_id":"b0929"},{"notes":{"original_bigg_ids":["b1377"]},"name":"ompN","bigg_id":"b1377"},{"notes":{"original_bigg_ids":["b2215"]},"name":"ompC","bigg_id":"b2215"}],"metabolites":[{"bigg_id":"n2o_p","coefficient":1},{"bigg_id":"n2o_e","coefficient":-1}],"segments":{"225":{"from_node_id":"229","to_node_id":"230","b1":null,"b2":null},"226":{"from_node_id":"231","to_node_id":"230","b1":null,"b2":null},"227":{"from_node_id":"231","to_node_id":"228","b1":{"x":-227.98471069335938,"y":-575.2399063110352},"b2":{"x":-227.98471069335938,"y":-520.9899063110352}},"228":{"from_node_id":"229","to_node_id":"232","b1":{"x":-227.98471069335935,"y":-699.2399063110352},"b2":{"x":-227.98471069335938,"y":-753.4899063110352}}}},"37":{"name":"Nitrous oxide exchange","bigg_id":"EX_n2o_e","reversibility":false,"label_x":-206.08953857421875,"label_y":-928.9737319946289,"gene_reaction_rule":"","genes":[],"metabolites":[{"bigg_id":"n2o_e","coefficient":-1}],"segments":{"229":{"from_node_id":"233","to_node_id":"234","b1":null,"b2":null},"230":{"from_node_id":"235","to_node_id":"234","b1":null,"b2":null},"231":{"from_node_id":"233","to_node_id":"232","b1":{"x":-227.98471069335938,"y":-925.2399063110352},"b2":{"x":-227.98471069335938,"y":-870.9899063110352}}}},"38":{"name":"Ureidoglycolate hydrolase","bigg_id":"UGLYCH","reversibility":false,"label_x":2446.3853149414062,"label_y":196.69814682006836,"gene_reaction_rule":"b0505","genes":[{"notes":{"original_bigg_ids":["b0505"]},"name":"allA","bigg_id":"b0505"}],"metabolites":[{"bigg_id":"urdglyc_c","coefficient":-1},{"bigg_id":"h2o_c","coefficient":-1},{"bigg_id":"glx_c","coefficient":1},{"bigg_id":"h_c","coefficient":-2},{"bigg_id":"co2_c","coefficient":1},{"bigg_id":"nh4_c","coefficient":2}],"segments":{"232":{"from_node_id":"236","to_node_id":"237","b1":null,"b2":null},"233":{"from_node_id":"238","to_node_id":"237","b1":null,"b2":null},"234":{"from_node_id":"236","to_node_id":"239","b1":{"x":2437.3823852539062,"y":394.6251792907715},"b2":{"x":2293.4544067382812,"y":434.88212966918945}},"235":{"from_node_id":"236","to_node_id":"240","b1":{"x":2439.3811645507812,"y":252.69814682006836},"b2":{"x":2449.3853149414062,"y":257.94814682006836}},"236":{"from_node_id":"238","to_node_id":"241","b1":{"x":2431.3853149414062,"y":120.69814682006836},"b2":{"x":2449.3853149414062,"y":115.44814682006836}},"237":{"from_node_id":"236","to_node_id":"242","b1":{"x":2437.3823852539062,"y":258.6951560974121},"b2":{"x":2413.3853149414062,"y":257.94814682006836}},"238":{"from_node_id":"238","to_node_id":"243","b1":{"x":2431.3853149414062,"y":120.69814682006836},"b2":{"x":2413.3853149414062,"y":115.44814682006836}},"239":{"from_node_id":"238","to_node_id":"67","b1":{"x":2435.3833618164062,"y":4.758109092712402},"b2":{"x":2301.4502563476562,"y":-31.500904083251953}}}},"39":{"name":"Allantoate amidohydrolase","bigg_id":"ALLTAMH","reversibility":false,"label_x":2000.4883422851562,"label_y":641.5381965637207,"gene_reaction_rule":"b0516","genes":[{"notes":{"original_bigg_ids":["b0516"]},"name":"allC","bigg_id":"b0516"}],"metabolites":[{"bigg_id":"alltt_c","coefficient":-1},{"bigg_id":"urdglyc_c","coefficient":1},{"bigg_id":"h2o_c","coefficient":-2},{"bigg_id":"h_c","coefficient":-2},{"bigg_id":"co2_c","coefficient":1},{"bigg_id":"nh4_c","coefficient":2}],"segments":{"240":{"from_node_id":"244","to_node_id":"245","b1":null,"b2":null},"241":{"from_node_id":"246","to_node_id":"245","b1":null,"b2":null},"242":{"from_node_id":"244","to_node_id":"247","b1":{"x":2010.4773559570312,"y":471.64311599731445},"b2":{"x":1956.2273559570312,"y":471.64311599731445}},"243":{"from_node_id":"246","to_node_id":"239","b1":{"x":2134.4773559570312,"y":471.64311599731445},"b2":{"x":2188.7273559570312,"y":471.64311599731445}},"244":{"from_node_id":"244","to_node_id":"248","b1":{"x":2006.4773559570312,"y":471.64311599731445},"b2":{"x":2001.2273559570312,"y":489.64311599731445}},"245":{"from_node_id":"244","to_node_id":"249","b1":{"x":2006.4773559570312,"y":471.64311599731445},"b2":{"x":2001.2273559570312,"y":453.64311599731445}},"246":{"from_node_id":"246","to_node_id":"250","b1":{"x":2138.4773559570312,"y":471.64311599731445},"b2":{"x":2143.7273559570312,"y":489.64311599731445}},"247":{"from_node_id":"246","to_node_id":"67","b1":{"x":2262.4153442382812,"y":419.6690864562988},"b2":{"x":2225.6860961914062,"y":15.86198902130127}}}},"40":{"name":"Allantoinase","bigg_id":"ALLTN","reversibility":false,"label_x":1668.4794311523438,"label_y":521.5981636047363,"gene_reaction_rule":"b0512","genes":[{"notes":{"original_bigg_ids":["b0512"]},"name":"allB","bigg_id":"b0512"}],"metabolites":[{"bigg_id":"alltt_c","coefficient":1},{"bigg_id":"h2o_c","coefficient":-1},{"bigg_id":"h_c","coefficient":1},{"bigg_id":"alltn_c","coefficient":-1}],"segments":{"248":{"from_node_id":"252","to_node_id":"253","b1":null,"b2":null},"249":{"from_node_id":"254","to_node_id":"253","b1":null,"b2":null},"250":{"from_node_id":"254","to_node_id":"247","b1":{"x":1784.4773559570312,"y":471.64311599731445},"b2":{"x":1838.7273559570312,"y":471.64311599731445}},"251":{"from_node_id":"252","to_node_id":"255","b1":{"x":1656.4773559570312,"y":471.64311599731445},"b2":{"x":1651.2273559570312,"y":453.64311599731445}},"252":{"from_node_id":"254","to_node_id":"256","b1":{"x":1788.4773559570312,"y":471.64311599731445},"b2":{"x":1793.7273559570312,"y":453.64311599731445}},"253":{"from_node_id":"252","to_node_id":"257","b1":{"x":1660.4773559570312,"y":471.64311599731445},"b2":{"x":1606.2273559570312,"y":471.64311599731445}}}},"41":{"name":"Allantoin transport in via proton symport (periplasm)","bigg_id":"ALLTNt2rpp","reversibility":true,"label_x":1290.4933471679688,"label_y":539.5891304016113,"gene_reaction_rule":"b0511","genes":[{"notes":{"original_bigg_ids":["b0511"]},"name":"ybbW","bigg_id":"b0511"}],"metabolites":[{"bigg_id":"h_p","coefficient":-1},{"bigg_id":"alltn_p","coefficient":-1},{"bigg_id":"alltn_c","coefficient":1},{"bigg_id":"h_c","coefficient":1}],"segments":{"254":{"from_node_id":"258","to_node_id":"259","b1":null,"b2":null},"255":{"from_node_id":"260","to_node_id":"259","b1":null,"b2":null},"256":{"from_node_id":"258","to_node_id":"261","b1":{"x":1306.4773559570312,"y":471.64311599731445},"b2":{"x":1301.2273559570312,"y":453.64311599731445}},"257":{"from_node_id":"258","to_node_id":"262","b1":{"x":1310.4773559570312,"y":471.64311599731445},"b2":{"x":1256.2273559570312,"y":471.64311599731445}},"258":{"from_node_id":"260","to_node_id":"257","b1":{"x":1434.4773559570312,"y":471.64311599731445},"b2":{"x":1488.7273559570312,"y":471.64311599731445}},"259":{"from_node_id":"260","to_node_id":"263","b1":{"x":1438.4773559570312,"y":471.64311599731445},"b2":{"x":1443.7273559570312,"y":453.64311599731445}}}},"42":{"name":"Allantoin transport via diffusion (extracellular to periplasm)","bigg_id":"ALLTNtex","reversibility":true,"label_x":972.4773559570312,"label_y":431.64311599731445,"gene_reaction_rule":"b0241 or b0929 or b1377 or b2215","genes":[{"notes":{"original_bigg_ids":["b0241"]},"name":"phoE","bigg_id":"b0241"},{"notes":{"original_bigg_ids":["b0929"]},"name":"ompF","bigg_id":"b0929"},{"notes":{"original_bigg_ids":["b1377"]},"name":"ompN","bigg_id":"b1377"},{"notes":{"original_bigg_ids":["b2215"]},"name":"ompC","bigg_id":"b2215"}],"metabolites":[{"bigg_id":"alltn_e","coefficient":-1},{"bigg_id":"alltn_p","coefficient":1}],"segments":{"260":{"from_node_id":"264","to_node_id":"265","b1":null,"b2":null},"261":{"from_node_id":"266","to_node_id":"265","b1":null,"b2":null},"262":{"from_node_id":"264","to_node_id":"267","b1":{"x":960.4773559570312,"y":471.64311599731445},"b2":{"x":906.2273559570312,"y":471.64311599731445}},"263":{"from_node_id":"266","to_node_id":"262","b1":{"x":1084.4773559570312,"y":471.64311599731445},"b2":{"x":1138.7273559570312,"y":471.64311599731445}}}},"43":{"name":"Allantoin exchange","bigg_id":"EX_alltn_e","reversibility":false,"label_x":618.4794311523438,"label_y":447.6351203918457,"gene_reaction_rule":"","genes":[],"metabolites":[{"bigg_id":"alltn_e","coefficient":-1}],"segments":{"264":{"from_node_id":"268","to_node_id":"269","b1":null,"b2":null},"265":{"from_node_id":"270","to_node_id":"269","b1":null,"b2":null},"266":{"from_node_id":"268","to_node_id":"267","b1":{"x":682.5033569335938,"y":469.64409255981445},"b2":{"x":788.7273559570312,"y":471.64311599731445}}}},"44":{"name":"Tyramine transport via diffusion (extracellular to periplasm)","bigg_id":"TYMtex","reversibility":true,"label_x":3070.8056030273438,"label_y":-1278.0546989440918,"gene_reaction_rule":"b0241 or b0929 or b1377 or b2215","genes":[{"notes":{"original_bigg_ids":["b0241"]},"name":"phoE","bigg_id":"b0241"},{"notes":{"original_bigg_ids":["b0929"]},"name":"ompF","bigg_id":"b0929"},{"notes":{"original_bigg_ids":["b1377"]},"name":"ompN","bigg_id":"b1377"},{"notes":{"original_bigg_ids":["b2215"]},"name":"ompC","bigg_id":"b2215"}],"metabolites":[{"bigg_id":"tym_e","coefficient":-1},{"bigg_id":"tym_p","coefficient":1}],"segments":{"267":{"from_node_id":"271","to_node_id":"272","b1":null,"b2":null},"268":{"from_node_id":"273","to_node_id":"272","b1":null,"b2":null},"269":{"from_node_id":"271","to_node_id":"274","b1":{"x":3194.2975463867188,"y":-1251.8449821472168},"b2":{"x":3248.5475463867188,"y":-1251.8449821472168}},"270":{"from_node_id":"273","to_node_id":"137","b1":{"x":3070.2975463867188,"y":-1251.8449821472168},"b2":{"x":3016.0475463867188,"y":-1251.8449821472168}}}},"46":{"name":"Phenethylamine transport via diffusion (extracellular to periplasm)","bigg_id":"PEAMNtex","reversibility":true,"label_x":3055.6151733398438,"label_y":-952.2177238464355,"gene_reaction_rule":"b0241 or b0929 or b1377 or b2215","genes":[{"notes":{"original_bigg_ids":["b0241"]},"name":"phoE","bigg_id":"b0241"},{"notes":{"original_bigg_ids":["b0929"]},"name":"ompF","bigg_id":"b0929"},{"notes":{"original_bigg_ids":["b1377"]},"name":"ompN","bigg_id":"b1377"},{"notes":{"original_bigg_ids":["b2215"]},"name":"ompC","bigg_id":"b2215"}],"metabolites":[{"bigg_id":"peamn_e","coefficient":-1},{"bigg_id":"peamn_p","coefficient":1}],"segments":{"274":{"from_node_id":"278","to_node_id":"279","b1":null,"b2":null},"275":{"from_node_id":"280","to_node_id":"279","b1":null,"b2":null},"276":{"from_node_id":"278","to_node_id":"281","b1":{"x":3188.3007202148438,"y":-926.0080680847168},"b2":{"x":3242.5507202148438,"y":-926.0080680847168}},"277":{"from_node_id":"280","to_node_id":"143","b1":{"x":3064.3007202148438,"y":-926.0080680847168},"b2":{"x":3010.0507202148438,"y":-926.0080680847168}}}},"48":{"name":"Phenethylamine exchange","bigg_id":"EX_peamn_e","reversibility":false,"label_x":3342.3427124023438,"label_y":-952.0150871276855,"gene_reaction_rule":"","genes":[],"metabolites":[{"bigg_id":"peamn_e","coefficient":-1}],"segments":{"281":{"from_node_id":"285","to_node_id":"286","b1":null,"b2":null},"282":{"from_node_id":"287","to_node_id":"286","b1":null,"b2":null},"283":{"from_node_id":"285","to_node_id":"281","b1":{"x":3464.2758178710938,"y":-928.0070915222168},"b2":{"x":3360.0507202148438,"y":-926.0080680847168}}}},"49":{"name":"Dopamine transport via diffusion (extracellular to periplasm)","bigg_id":"DOPAtex","reversibility":true,"label_x":3067.1071166992188,"label_y":-639.5721549987793,"gene_reaction_rule":"b0241 or b0929 or b1377 or b2215","genes":[{"notes":{"original_bigg_ids":["b0241"]},"name":"phoE","bigg_id":"b0241"},{"notes":{"original_bigg_ids":["b0929"]},"name":"ompF","bigg_id":"b0929"},{"notes":{"original_bigg_ids":["b1377"]},"name":"ompN","bigg_id":"b1377"},{"notes":{"original_bigg_ids":["b2215"]},"name":"ompC","bigg_id":"b2215"}],"metabolites":[{"bigg_id":"dopa_e","coefficient":-1},{"bigg_id":"dopa_p","coefficient":1}],"segments":{"284":{"from_node_id":"288","to_node_id":"289","b1":null,"b2":null},"285":{"from_node_id":"290","to_node_id":"289","b1":null,"b2":null},"286":{"from_node_id":"288","to_node_id":"291","b1":{"x":3188.3007202148438,"y":-604.1689567565918},"b2":{"x":3242.5507202148438,"y":-604.1689567565918}},"287":{"from_node_id":"290","to_node_id":"153","b1":{"x":3064.3007202148438,"y":-604.1689567565918},"b2":{"x":3010.0507202148438,"y":-604.1689567565918}}}},"50":{"name":"Dopamine exchange","bigg_id":"EX_dopa_e","reversibility":false,"label_x":3349.2379760742188,"label_y":-630.774730682373,"gene_reaction_rule":"","genes":[],"metabolites":[{"bigg_id":"dopa_e","coefficient":-1}],"segments":{"288":{"from_node_id":"292","to_node_id":"293","b1":null,"b2":null},"289":{"from_node_id":"294","to_node_id":"293","b1":null,"b2":null},"290":{"from_node_id":"292","to_node_id":"291","b1":{"x":3462.2767944335938,"y":-606.1679191589355},"b2":{"x":3360.0507202148438,"y":-604.1689567565918}}}},"51":{"name":"Tyramine exchange","bigg_id":"EX_tym_e","reversibility":false,"label_x":3354.3366088867188,"label_y":-1273.8538932800293,"gene_reaction_rule":"","genes":[],"metabolites":[{"bigg_id":"tym_e","coefficient":-1}],"segments":{"291":{"from_node_id":"295","to_node_id":"296","b1":null,"b2":null},"292":{"from_node_id":"297","to_node_id":"296","b1":null,"b2":null},"293":{"from_node_id":"295","to_node_id":"274","b1":{"x":3458.2785034179688,"y":-1251.8449821472168},"b2":{"x":3366.0475463867188,"y":-1251.8449821472168}}}}},"nodes":{"25":{"node_type":"metabolite","x":511.85528564453125,"y":-324.17390537261963,"bigg_id":"o2_c","name":"O2","label_x":474.0552856445313,"label_y":-344.17390537261963,"node_is_primary":false},"26":{"node_type":"multimarker","x":596.8552856445312,"y":-244.17390537261963},"27":{"node_type":"midmarker","x":616.8552856445312,"y":-244.17390537261963},"28":{"node_type":"multimarker","x":636.8552856445312,"y":-244.17390537261963},"29":{"node_type":"metabolite","x":721.8552856445312,"y":-164.17390537261963,"bigg_id":"nadp_c","name":"Nicotinamide adenine dinucleotide phosphate","label_x":705.6552856445312,"label_y":-124.17390537261963,"node_is_primary":false},"30":{"node_type":"metabolite","x":511.85528564453125,"y":-164.17390537261963,"bigg_id":"nadph_c","name":"Nicotinamide adenine dinucleotide phosphate - reduced","label_x":490.2552856445312,"label_y":-124.17390537261963,"node_is_primary":false},"31":{"node_type":"metabolite","x":939.7813110351562,"y":-96.24790573120117,"bigg_id":"no3_c","name":"Nitrate","label_x":903.3432861328125,"label_y":-34.28387451171875,"node_is_primary":true},"32":{"node_type":"metabolite","x":721.8552856445312,"y":-324.17390537261963,"bigg_id":"h_c","name":"H+","label_x":694.8552856445312,"label_y":-344.17390537261963,"node_is_primary":false},"33":{"node_type":"metabolite","x":287.9323425292969,"y":-114.23890686035156,"bigg_id":"no_c","name":"Nitric oxide","label_x":212.38631286621091,"label_y":-78.27587890625,"node_is_primary":true},"34":{"node_type":"multimarker","x":588.8593139648438,"y":39.684142112731934},"35":{"node_type":"midmarker","x":608.8593139648438,"y":39.684142112731934},"36":{"node_type":"multimarker","x":628.8593139648438,"y":39.684142112731934},"37":{"node_type":"metabolite","x":503.85931396484375,"y":-40.315857887268066,"bigg_id":"o2_c","name":"O2","label_x":482.2593139648437,"label_y":-60.315857887268066,"node_is_primary":false},"39":{"node_type":"metabolite","x":713.8593139648438,"y":-40.315857887268066,"bigg_id":"h_c","name":"H+","label_x":697.6593139648437,"label_y":-60.315857887268066,"node_is_primary":false},"40":{"node_type":"metabolite","x":713.8593139648438,"y":119.68414211273193,"bigg_id":"nad_c","name":"Nicotinamide adenine dinucleotide","label_x":686.8593139648438,"label_y":159.68414211273193,"node_is_primary":false},"41":{"node_type":"metabolite","x":503.85931396484375,"y":119.68414211273193,"bigg_id":"nadh_c","name":"Nicotinamide adenine dinucleotide - reduced","label_x":471.4593139648438,"label_y":159.68414211273193,"node_is_primary":false},"42":{"node_type":"multimarker","x":1236.7105102539062,"y":-250.1709098815918},"43":{"node_type":"midmarker","x":1256.7105102539062,"y":-250.1709098815918},"44":{"node_type":"multimarker","x":1276.7105102539062,"y":-250.1709098815918},"45":{"node_type":"metabolite","x":1337.7124633789062,"y":-112.15990829467773,"bigg_id":"h2o_c","name":"H2O","label_x":1310.7124633789062,"label_y":-72.15990829467773,"node_is_primary":false},"46":{"node_type":"metabolite","x":1361.7105102539062,"y":-330.1709098815918,"bigg_id":"h_p","name":"H+","label_x":1334.7105102539062,"label_y":-350.1709098815918,"node_is_primary":false},"47":{"node_type":"metabolite","x":1151.7105102539062,"y":-330.1709098815918,"bigg_id":"q8h2_c","name":"Ubiquinol-8","label_x":1119.3105102539062,"label_y":-350.1709098815918,"node_is_primary":false},"48":{"node_type":"metabolite","x":1151.7105102539062,"y":-170.1709098815918,"bigg_id":"h_c","name":"H+","label_x":1135.5105102539062,"label_y":-130.1709098815918,"node_is_primary":false},"49":{"node_type":"metabolite","x":1361.7105102539062,"y":-170.1709098815918,"bigg_id":"q8_c","name":"Ubiquinone-8","label_x":1361.5025756835937,"label_y":-148.16190719604492,"node_is_primary":false},"51":{"node_type":"multimarker","x":1216.7202758789062,"y":73.66714477539062},"52":{"node_type":"midmarker","x":1236.7202758789062,"y":73.66714477539062},"53":{"node_type":"multimarker","x":1256.7202758789062,"y":73.66714477539062},"54":{"node_type":"metabolite","x":1341.7202758789062,"y":153.66714477539062,"bigg_id":"h2o_c","name":"H2O","label_x":1349.5083129882812,"label_y":189.6691436767578,"node_is_primary":false},"55":{"node_type":"metabolite","x":1321.7202758789062,"y":233.66714477539062,"bigg_id":"mqn8_c","name":"Menaquinone 8","label_x":1294.7202758789062,"label_y":273.6671447753906,"node_is_primary":false},"56":{"node_type":"metabolite","x":1341.7202758789062,"y":-6.332855224609375,"bigg_id":"h_p","name":"H+","label_x":1358.6983032226562,"label_y":-6.342851638793945,"node_is_primary":false},"57":{"node_type":"metabolite","x":1575.6382446289062,"y":-88.25190353393555,"bigg_id":"no2_c","name":"Nitrite","label_x":1481.2691284179687,"label_y":-84.23391723632812,"node_is_primary":true},"58":{"node_type":"metabolite","x":1131.7202758789062,"y":-6.332855224609375,"bigg_id":"h_c","name":"H+","label_x":1115.5202758789062,"label_y":-26.332855224609375,"node_is_primary":false},"59":{"node_type":"metabolite","x":1131.7202758789062,"y":153.66714477539062,"bigg_id":"mql8_c","name":"Menaquinol 8","label_x":1099.3202758789062,"label_y":193.66714477539062,"node_is_primary":false},"60":{"node_type":"multimarker","x":1874.5663452148438,"y":-88.25190353393555},"61":{"node_type":"midmarker","x":1894.5663452148438,"y":-88.25190353393555},"62":{"node_type":"multimarker","x":1914.5663452148438,"y":-88.25190353393555},"63":{"node_type":"metabolite","x":1999.5663452148438,"y":-168.25190353393555,"bigg_id":"h2o_c","name":"H2O","label_x":1972.5663452148438,"label_y":-188.25190353393555,"node_is_primary":false},"64":{"node_type":"metabolite","x":1789.5663452148438,"y":-168.25190353393555,"bigg_id":"h_c","name":"H+","label_x":1773.3663452148437,"label_y":-188.25190353393555,"node_is_primary":false},"65":{"node_type":"metabolite","x":1999.5663452148438,"y":-8.251903533935547,"bigg_id":"nad_c","name":"Nicotinamide adenine dinucleotide","label_x":1972.5663452148438,"label_y":31.748096466064453,"node_is_primary":false},"66":{"node_type":"metabolite","x":1789.5663452148438,"y":-8.251903533935547,"bigg_id":"nadh_c","name":"Nicotinamide adenine dinucleotide - reduced","label_x":1757.1663452148437,"label_y":31.748096466064453,"node_is_primary":false},"67":{"node_type":"metabolite","x":2247.4773559570312,"y":-88.25190353393555,"bigg_id":"nh4_c","name":"Ammonium","label_x":2156.5093383789062,"label_y":-114.21892547607422,"node_is_primary":true},"68":{"node_type":"multimarker","x":943.7792358398438,"y":-501.1429557800293},"69":{"node_type":"midmarker","x":943.7792358398438,"y":-481.1429557800293},"70":{"node_type":"multimarker","x":943.7792358398438,"y":-461.1429557800293},"71":{"node_type":"metabolite","x":945.7782592773438,"y":-878.0319938659668,"bigg_id":"no3_p","name":"Nitrate","label_x":846.8282470703125,"label_y":-872.0389518737793,"node_is_primary":true},"72":{"node_type":"metabolite","x":1023.7792358398438,"y":-376.1429557800293,"bigg_id":"no2_p","name":"Nitrite","label_x":1038.7792358398438,"label_y":-376.1429557800293,"node_is_primary":false},"73":{"node_type":"metabolite","x":1023.7792358398438,"y":-586.1429557800293,"bigg_id":"no2_c","name":"Nitrite","label_x":1038.7792358398438,"label_y":-586.1429557800293,"node_is_primary":false},"74":{"node_type":"multimarker","x":1575.6383666992188,"y":-489.1489677429199},"75":{"node_type":"midmarker","x":1575.6383666992188,"y":-469.1489677429199},"76":{"node_type":"multimarker","x":1575.6383666992188,"y":-449.1489677429199},"77":{"node_type":"metabolite","x":1577.6372680664062,"y":-880.0310173034668,"bigg_id":"no2_p","name":"Nitrite","label_x":1604.6353149414062,"label_y":-876.0350456237793,"node_is_primary":true},"78":{"node_type":"metabolite","x":1655.6383666992188,"y":-574.1489677429199,"bigg_id":"h_p","name":"H+","label_x":1670.6383666992188,"label_y":-574.1489677429199,"node_is_primary":false},"79":{"node_type":"metabolite","x":1655.6383666992188,"y":-364.1489677429199,"bigg_id":"h_c","name":"H+","label_x":1670.6383666992188,"label_y":-364.1489677429199,"node_is_primary":false},"96":{"node_type":"multimarker","x":1886.5602416992188,"y":-1015.9631462097168},"97":{"node_type":"midmarker","x":1906.5602416992188,"y":-1015.9631462097168},"98":{"node_type":"multimarker","x":1926.5602416992188,"y":-1015.9631462097168},"99":{"node_type":"metabolite","x":1801.5602416992188,"y":-1095.9631462097168,"bigg_id":"h_p","name":"H+","label_x":1785.3602416992187,"label_y":-1115.9631462097168,"node_is_primary":false},"100":{"node_type":"metabolite","x":1801.5602416992188,"y":-935.9631462097168,"bigg_id":"q8h2_c","name":"Ubiquinol-8","label_x":1769.1602416992187,"label_y":-895.9631462097168,"node_is_primary":false},"102":{"node_type":"metabolite","x":2011.5602416992188,"y":-1095.9631462097168,"bigg_id":"h2o_p","name":"H2O","label_x":1984.5602416992188,"label_y":-1115.9631462097168,"node_is_primary":false},"103":{"node_type":"metabolite","x":2011.5602416992188,"y":-935.9631462097168,"bigg_id":"q8_c","name":"Ubiquinone-8","label_x":1984.5602416992188,"label_y":-895.9631462097168,"node_is_primary":false},"104":{"node_type":"multimarker","x":1878.5645141601562,"y":-736.1030387878418},"105":{"node_type":"midmarker","x":1898.5645141601562,"y":-736.1030387878418},"106":{"node_type":"multimarker","x":1918.5645141601562,"y":-736.1030387878418},"107":{"node_type":"metabolite","x":2003.5645141601562,"y":-656.1030387878418,"bigg_id":"mqn8_c","name":"Menaquinone 8","label_x":1976.5645141601562,"label_y":-616.1030387878418,"node_is_primary":false},"108":{"node_type":"metabolite","x":1793.5642700195312,"y":-816.1030387878418,"bigg_id":"h_p","name":"H+","label_x":1777.3642700195312,"label_y":-836.1030387878418,"node_is_primary":false},"109":{"node_type":"metabolite","x":2243.4796752929688,"y":-880.0310173034668,"bigg_id":"nh4_p","name":"Ammonium","label_x":2289.0403686523437,"label_y":-858.0219841003418,"node_is_primary":true},"110":{"node_type":"metabolite","x":2015.5582885742188,"y":-812.1049919128418,"bigg_id":"h2o_p","name":"H2O","label_x":1988.5582885742188,"label_y":-832.1049919128418,"node_is_primary":false},"111":{"node_type":"metabolite","x":1793.5645141601562,"y":-656.1030387878418,"bigg_id":"mql8_c","name":"Menaquinol 8","label_x":1761.1645141601562,"label_y":-616.1030387878418,"node_is_primary":false},"112":{"node_type":"multimarker","x":1240.7083740234375,"y":-1023.9591178894043},"113":{"node_type":"midmarker","x":1260.7083740234375,"y":-1023.9591178894043},"114":{"node_type":"multimarker","x":1280.7083740234375,"y":-1023.9591178894043},"115":{"node_type":"metabolite","x":1365.7083740234375,"y":-943.9591178894043,"bigg_id":"h2o_p","name":"H2O","label_x":1338.7083740234375,"label_y":-903.9591178894043,"node_is_primary":false},"116":{"node_type":"metabolite","x":1155.7083740234375,"y":-943.9591178894043,"bigg_id":"q8h2_c","name":"Ubiquinol-8","label_x":1123.3083740234374,"label_y":-903.9591178894043,"node_is_primary":false},"118":{"node_type":"metabolite","x":1365.7083740234375,"y":-1103.9591178894043,"bigg_id":"q8_c","name":"Ubiquinone-8","label_x":1338.7083740234375,"label_y":-1123.9591178894043,"node_is_primary":false},"119":{"node_type":"multimarker","x":1228.7144775390625,"y":-750.096019744873},"120":{"node_type":"midmarker","x":1248.7144775390625,"y":-750.096019744873},"121":{"node_type":"multimarker","x":1268.7144775390625,"y":-750.096019744873},"122":{"node_type":"metabolite","x":1353.7144775390625,"y":-670.096019744873,"bigg_id":"h2o_p","name":"H2O","label_x":1326.7144775390625,"label_y":-630.096019744873,"node_is_primary":false},"123":{"node_type":"metabolite","x":1143.7144775390625,"y":-670.096019744873,"bigg_id":"mql8_c","name":"Menaquinol 8","label_x":1111.3144775390624,"label_y":-630.096019744873,"node_is_primary":false},"124":{"node_type":"metabolite","x":1353.7144775390625,"y":-830.096019744873,"bigg_id":"mqn8_c","name":"Menaquinone 8","label_x":1326.7144775390625,"label_y":-850.096019744873,"node_is_primary":false},"126":{"node_type":"multimarker","x":2247.4774780273438,"y":-485.16694259643555},"127":{"node_type":"midmarker","x":2247.4774780273438,"y":-465.16694259643555},"128":{"node_type":"multimarker","x":2247.4774780273438,"y":-445.16694259643555},"130":{"node_type":"multimarker","x":2666.3656616210938,"y":-1251.8449821472168},"131":{"node_type":"midmarker","x":2646.3656616210938,"y":-1251.8449821472168},"132":{"node_type":"multimarker","x":2626.3656616210938,"y":-1251.8449821472168},"133":{"node_type":"metabolite","x":2541.3656616210938,"y":-1331.8449821472168,"bigg_id":"h2o2_p","name":"Hydrogen peroxide","label_x":2450.9947143554687,"label_y":-1329.8559684753418,"node_is_primary":false},"134":{"node_type":"metabolite","x":2541.3656616210938,"y":-1171.8449821472168,"bigg_id":"4hoxpacd_p","name":"4-Hydroxyphenylacetaldehyde","label_x":2487.3656616210938,"label_y":-1131.8449821472168,"node_is_primary":false},"135":{"node_type":"metabolite","x":2751.3656616210938,"y":-1331.8449821472168,"bigg_id":"h2o_p","name":"H2O","label_x":2768.3436889648438,"label_y":-1325.8579216003418,"node_is_primary":false},"136":{"node_type":"metabolite","x":2751.3656616210938,"y":-1171.8449821472168,"bigg_id":"o2_p","name":"O2","label_x":2729.765661621094,"label_y":-1131.8449821472168,"node_is_primary":false},"137":{"node_type":"metabolite","x":2957.2975463867188,"y":-1251.8449821472168,"bigg_id":"tym_p","name":"Tyramine","label_x":2930.2975463867188,"label_y":-1211.8449821472168,"node_is_primary":true},"138":{"node_type":"multimarker","x":2666.3656616210938,"y":-922.010082244873},"139":{"node_type":"midmarker","x":2646.3656616210938,"y":-922.010082244873},"140":{"node_type":"multimarker","x":2626.3656616210938,"y":-922.010082244873},"141":{"node_type":"metabolite","x":2541.3656616210938,"y":-1002.010082244873,"bigg_id":"h2o2_p","name":"Hydrogen peroxide","label_x":2450.9947143554687,"label_y":-1002.020092010498,"node_is_primary":false},"142":{"node_type":"metabolite","x":2541.3656616210938,"y":-842.010082244873,"bigg_id":"pacald_p","name":"Phenylacetaldehyde","label_x":2498.165661621094,"label_y":-802.010082244873,"node_is_primary":false},"143":{"node_type":"metabolite","x":2951.3007202148438,"y":-926.0080680847168,"bigg_id":"peamn_p","name":"Phenethylamine","label_x":2913.5007202148436,"label_y":-886.0080680847168,"node_is_primary":true},"144":{"node_type":"metabolite","x":2751.3656616210938,"y":-1002.010082244873,"bigg_id":"h2o_p","name":"H2O","label_x":2770.3427124023438,"label_y":-996.023021697998,"node_is_primary":false},"145":{"node_type":"metabolite","x":2751.3656616210938,"y":-842.010082244873,"bigg_id":"o2_p","name":"O2","label_x":2729.765661621094,"label_y":-802.010082244873,"node_is_primary":false},"146":{"node_type":"multimarker","x":2664.3668823242188,"y":-608.1669425964355},"147":{"node_type":"midmarker","x":2644.3668823242188,"y":-608.1669425964355},"148":{"node_type":"multimarker","x":2624.3668823242188,"y":-608.1669425964355},"149":{"node_type":"metabolite","x":2539.3668823242188,"y":-688.1669425964355,"bigg_id":"h2o2_p","name":"Hydrogen peroxide","label_x":2458.9910522460937,"label_y":-702.1699333190918,"node_is_primary":false},"150":{"node_type":"metabolite","x":2539.3668823242188,"y":-528.1669425964355,"bigg_id":"34dhpac_p","name":"3,4-Dihydroxyphenylacetaldehyde","label_x":2490.766882324219,"label_y":-488.16694259643555,"node_is_primary":false},"151":{"node_type":"metabolite","x":2749.3668823242188,"y":-688.1669425964355,"bigg_id":"h2o_p","name":"H2O","label_x":2778.3388061523438,"label_y":-690.1759757995605,"node_is_primary":false},"152":{"node_type":"metabolite","x":2749.3668823242188,"y":-528.1669425964355,"bigg_id":"o2_p","name":"O2","label_x":2727.766882324219,"label_y":-488.16694259643555,"node_is_primary":false},"153":{"node_type":"metabolite","x":2951.3007202148438,"y":-604.1689567565918,"bigg_id":"dopa_p","name":"Dopamine","label_x":2918.9007202148437,"label_y":-564.1689567565918,"node_is_primary":true},"154":{"node_type":"multimarker","x":2243.4796752929688,"y":-1075.0310173034668},"155":{"node_type":"midmarker","x":2243.4796752929688,"y":-1055.0310173034668},"156":{"node_type":"multimarker","x":2243.4796752929688,"y":-1035.0310173034668},"157":{"node_type":"metabolite","x":2243.4796752929688,"y":-1230.0310173034668,"bigg_id":"nh4_e","name":"Ammonium","label_x":2268.4796752929688,"label_y":-1230.0310173034668,"node_is_primary":true},"158":{"node_type":"multimarker","x":2243.4796752929688,"y":-1385.0310173034668},"159":{"node_type":"midmarker","x":2243.4796752929688,"y":-1405.0310173034668},"160":{"node_type":"multimarker","x":2243.4796752929688,"y":-1425.0310173034668},"161":{"node_type":"multimarker","x":2968.0493774414062,"y":-82.3408317565918},"162":{"node_type":"midmarker","x":2948.0493774414062,"y":-82.3408317565918},"163":{"node_type":"multimarker","x":2928.0493774414062,"y":-82.3408317565918},"164":{"node_type":"metabolite","x":3258.9815063476562,"y":-82.3408317565918,"bigg_id":"hco3_c","name":"Bicarbonate","label_x":3164.641320800781,"label_y":-40.33683395385742,"node_is_primary":true},"165":{"node_type":"metabolite","x":3053.0493774414062,"y":-162.3408317565918,"bigg_id":"cynt_c","name":"Cyanate","label_x":3020.649377441406,"label_y":-182.3408317565918,"node_is_primary":false},"166":{"node_type":"metabolite","x":2843.0493774414062,"y":-2.340831756591797,"bigg_id":"co2_c","name":"CO2","label_x":2816.0493774414062,"label_y":37.6591682434082,"node_is_primary":false},"167":{"node_type":"metabolite","x":3053.0493774414062,"y":-2.340831756591797,"bigg_id":"h_c","name":"H+","label_x":3036.8493774414064,"label_y":37.6591682434082,"node_is_primary":false},"185":{"node_type":"multimarker","x":52.972320556640625,"y":-114.23890686035155},"186":{"node_type":"midmarker","x":32.972320556640625,"y":-114.23890686035153},"187":{"node_type":"multimarker","x":12.972320556640625,"y":-114.23890686035153},"188":{"node_type":"metabolite","x":-72.02767944335938,"y":-34.238906860351534,"bigg_id":"h2o_c","name":"H2O","label_x":-99.02767944335938,"label_y":5.761093139648466,"node_is_primary":false},"189":{"node_type":"metabolite","x":137.97232055664062,"y":-34.23890686035156,"bigg_id":"h_c","name":"H+","label_x":121.77232055664064,"label_y":5.7610931396484375,"node_is_primary":false},"190":{"node_type":"metabolite","x":-72.02767944335938,"y":-194.23890686035153,"bigg_id":"nad_c","name":"Nicotinamide adenine dinucleotide","label_x":-99.02767944335938,"label_y":-214.23890686035153,"node_is_primary":false},"191":{"node_type":"metabolite","x":-227.98471069335938,"y":-112.23990631103511,"bigg_id":"n2o_c","name":"Nitrous oxide","label_x":-318.9527130126953,"label_y":-112.21991729736322,"node_is_primary":true},"192":{"node_type":"metabolite","x":137.97232055664062,"y":-194.23890686035156,"bigg_id":"nadh_c","name":"Nicotinamide adenine dinucleotide - reduced","label_x":105.57232055664065,"label_y":-214.23890686035156,"node_is_primary":false},"200":{"node_type":"multimarker","x":1577.6372680664062,"y":-1075.0310173034668},"201":{"node_type":"midmarker","x":1577.6372680664062,"y":-1055.0310173034668},"202":{"node_type":"multimarker","x":1577.6372680664062,"y":-1035.0310173034668},"203":{"node_type":"metabolite","x":1577.6372680664062,"y":-1230.0310173034668,"bigg_id":"no2_e","name":"Nitrite","label_x":1602.6372680664062,"label_y":-1230.0310173034668,"node_is_primary":true},"204":{"node_type":"multimarker","x":1577.6372680664062,"y":-1385.0310173034668},"205":{"node_type":"midmarker","x":1577.6372680664062,"y":-1405.0310173034668},"206":{"node_type":"multimarker","x":1577.6372680664062,"y":-1425.0310173034668},"207":{"node_type":"multimarker","x":945.7782592773438,"y":-1073.0319938659668},"208":{"node_type":"midmarker","x":945.7782592773438,"y":-1053.0319938659668},"209":{"node_type":"multimarker","x":945.7782592773438,"y":-1033.0319938659668},"210":{"node_type":"metabolite","x":945.7782592773438,"y":-1228.0319938659668,"bigg_id":"no3_e","name":"Nitrate","label_x":970.7782592773438,"label_y":-1228.0319938659668,"node_is_primary":true},"211":{"node_type":"multimarker","x":945.7782592773438,"y":-1383.0319938659668},"212":{"node_type":"midmarker","x":945.7782592773438,"y":-1403.0319938659668},"213":{"node_type":"multimarker","x":945.7782592773438,"y":-1423.0319938659668},"214":{"node_type":"multimarker","x":287.9323425292969,"y":-309.23890686035156},"215":{"node_type":"midmarker","x":287.9323425292969,"y":-289.23890686035156},"216":{"node_type":"multimarker","x":287.9323425292969,"y":-269.23890686035156},"217":{"node_type":"metabolite","x":287.9323425292969,"y":-464.23890686035156,"bigg_id":"no_p","name":"Nitric oxide","label_x":312.9323425292969,"label_y":-464.23890686035156,"node_is_primary":true},"218":{"node_type":"multimarker","x":287.9323425292969,"y":-659.2389068603516},"219":{"node_type":"midmarker","x":287.9323425292969,"y":-639.2389068603516},"220":{"node_type":"multimarker","x":287.9323425292969,"y":-619.2389068603516},"221":{"node_type":"metabolite","x":287.9323425292969,"y":-814.2389068603516,"bigg_id":"no_e","name":"Nitric oxide","label_x":312.9323425292969,"label_y":-814.2389068603516,"node_is_primary":true},"222":{"node_type":"multimarker","x":287.9323425292969,"y":-969.2389068603516},"223":{"node_type":"midmarker","x":287.9323425292969,"y":-989.2389068603516},"224":{"node_type":"multimarker","x":287.9323425292969,"y":-1009.2389068603516},"225":{"node_type":"multimarker","x":-227.98471069335938,"y":-307.2399063110351},"226":{"node_type":"midmarker","x":-227.98471069335938,"y":-287.2399063110351},"227":{"node_type":"multimarker","x":-227.98471069335938,"y":-267.2399063110351},"228":{"node_type":"metabolite","x":-227.98471069335938,"y":-462.2399063110351,"bigg_id":"n2o_p","name":"Nitrous oxide","label_x":-202.98471069335938,"label_y":-462.2399063110351,"node_is_primary":true},"229":{"node_type":"multimarker","x":-227.98471069335938,"y":-657.2399063110352},"230":{"node_type":"midmarker","x":-227.98471069335938,"y":-637.2399063110352},"231":{"node_type":"multimarker","x":-227.98471069335938,"y":-617.2399063110352},"232":{"node_type":"metabolite","x":-227.98471069335938,"y":-812.2399063110352,"bigg_id":"n2o_e","name":"Nitrous oxide","label_x":-202.98471069335938,"label_y":-812.2399063110352,"node_is_primary":true},"233":{"node_type":"multimarker","x":-227.98471069335938,"y":-967.2399063110352},"234":{"node_type":"midmarker","x":-227.98471069335938,"y":-987.2399063110352},"235":{"node_type":"multimarker","x":-227.98471069335938,"y":-1007.2399063110352},"236":{"node_type":"multimarker","x":2431.3853149414062,"y":206.69814682006836},"237":{"node_type":"midmarker","x":2431.3853149414062,"y":186.69814682006836},"238":{"node_type":"multimarker","x":2431.3853149414062,"y":166.69814682006836},"239":{"node_type":"metabolite","x":2247.4773559570312,"y":471.64311599731445,"bigg_id":"urdglyc_c","name":"(-)-Ureidoglycolate","label_x":2272.4773559570312,"label_y":471.64311599731445,"node_is_primary":true},"240":{"node_type":"metabolite","x":2511.3853149414062,"y":291.69814682006836,"bigg_id":"h2o_c","name":"H2O","label_x":2526.3853149414062,"label_y":291.69814682006836,"node_is_primary":false},"241":{"node_type":"metabolite","x":2511.3853149414062,"y":81.69814682006836,"bigg_id":"glx_c","name":"Glyoxylate","label_x":2526.3853149414062,"label_y":81.69814682006836,"node_is_primary":false},"242":{"node_type":"metabolite","x":2351.3853149414062,"y":291.69814682006836,"bigg_id":"h_c","name":"H+","label_x":2324.3853149414062,"label_y":321.69814682006836,"node_is_primary":false},"243":{"node_type":"metabolite","x":2351.3853149414062,"y":81.69814682006836,"bigg_id":"co2_c","name":"CO2","label_x":2306.3853149414062,"label_y":111.69814682006836,"node_is_primary":false},"244":{"node_type":"multimarker","x":2052.4773559570312,"y":471.64311599731445},"245":{"node_type":"midmarker","x":2072.4773559570312,"y":471.64311599731445},"246":{"node_type":"multimarker","x":2092.4773559570312,"y":471.64311599731445},"247":{"node_type":"metabolite","x":1897.4773559570312,"y":471.64311599731445,"bigg_id":"alltt_c","name":"Allantoate","label_x":1859.677355957031,"label_y":511.64311599731445,"node_is_primary":true},"248":{"node_type":"metabolite","x":1967.4773559570312,"y":551.6431159973145,"bigg_id":"h2o_c","name":"H2O","label_x":1940.4773559570312,"label_y":591.6431159973145,"node_is_primary":false},"249":{"node_type":"metabolite","x":1967.4773559570312,"y":391.64311599731445,"bigg_id":"h_c","name":"H+","label_x":1951.2773559570314,"label_y":371.64311599731445,"node_is_primary":false},"250":{"node_type":"metabolite","x":2177.4773559570312,"y":551.6431159973145,"bigg_id":"co2_c","name":"CO2","label_x":2150.4773559570312,"label_y":591.6431159973145,"node_is_primary":false},"252":{"node_type":"multimarker","x":1702.4773559570312,"y":471.64311599731445},"253":{"node_type":"midmarker","x":1722.4773559570312,"y":471.64311599731445},"254":{"node_type":"multimarker","x":1742.4773559570312,"y":471.64311599731445},"255":{"node_type":"metabolite","x":1617.4773559570312,"y":391.64311599731445,"bigg_id":"h2o_c","name":"H2O","label_x":1590.4773559570312,"label_y":371.64311599731445,"node_is_primary":false},"256":{"node_type":"metabolite","x":1827.4773559570312,"y":391.64311599731445,"bigg_id":"h_c","name":"H+","label_x":1811.2773559570312,"label_y":371.64311599731445,"node_is_primary":false},"257":{"node_type":"metabolite","x":1547.4773559570312,"y":471.64311599731445,"bigg_id":"alltn_c","name":"Allantoin","label_x":1509.677355957031,"label_y":511.64311599731445,"node_is_primary":true},"258":{"node_type":"multimarker","x":1352.4773559570312,"y":471.64311599731445},"259":{"node_type":"midmarker","x":1372.4773559570312,"y":471.64311599731445},"260":{"node_type":"multimarker","x":1392.4773559570312,"y":471.64311599731445},"261":{"node_type":"metabolite","x":1267.4773559570312,"y":391.64311599731445,"bigg_id":"h_p","name":"H+","label_x":1251.2773559570312,"label_y":371.64311599731445,"node_is_primary":false},"262":{"node_type":"metabolite","x":1197.4773559570312,"y":471.64311599731445,"bigg_id":"alltn_p","name":"Allantoin","label_x":1159.6773559570313,"label_y":511.64311599731445,"node_is_primary":true},"263":{"node_type":"metabolite","x":1477.4773559570312,"y":391.64311599731445,"bigg_id":"h_c","name":"H+","label_x":1461.2773559570312,"label_y":371.64311599731445,"node_is_primary":false},"264":{"node_type":"multimarker","x":1002.4773559570312,"y":471.64311599731445},"265":{"node_type":"midmarker","x":1022.4773559570312,"y":471.64311599731445},"266":{"node_type":"multimarker","x":1042.4773559570312,"y":471.64311599731445},"267":{"node_type":"metabolite","x":847.4773559570312,"y":471.64311599731445,"bigg_id":"alltn_e","name":"Allantoin","label_x":809.6773559570313,"label_y":511.64311599731445,"node_is_primary":true},"268":{"node_type":"multimarker","x":640.5033569335938,"y":469.64409255981445},"269":{"node_type":"midmarker","x":620.5033569335938,"y":469.64409255981445},"270":{"node_type":"multimarker","x":600.5033569335938,"y":469.64409255981445},"271":{"node_type":"multimarker","x":3152.2975463867188,"y":-1251.8449821472168},"272":{"node_type":"midmarker","x":3132.2975463867188,"y":-1251.8449821472168},"273":{"node_type":"multimarker","x":3112.2975463867188,"y":-1251.8449821472168},"274":{"node_type":"metabolite","x":3307.2975463867188,"y":-1251.8449821472168,"bigg_id":"tym_e","name":"Tyramine","label_x":3280.2975463867188,"label_y":-1211.8449821472168,"node_is_primary":true},"278":{"node_type":"multimarker","x":3146.3007202148438,"y":-926.0080680847168},"279":{"node_type":"midmarker","x":3126.3007202148438,"y":-926.0080680847168},"280":{"node_type":"multimarker","x":3106.3007202148438,"y":-926.0080680847168},"281":{"node_type":"metabolite","x":3301.3007202148438,"y":-926.0080680847168,"bigg_id":"peamn_e","name":"Phenethylamine","label_x":3263.5007202148436,"label_y":-886.0080680847168,"node_is_primary":true},"285":{"node_type":"multimarker","x":3506.2758178710938,"y":-928.0070915222168},"286":{"node_type":"midmarker","x":3526.2758178710938,"y":-928.0070915222168},"287":{"node_type":"multimarker","x":3546.2758178710938,"y":-928.0070915222168},"288":{"node_type":"multimarker","x":3146.3007202148438,"y":-604.1689567565918},"289":{"node_type":"midmarker","x":3126.3007202148438,"y":-604.1689567565918},"290":{"node_type":"multimarker","x":3106.3007202148438,"y":-604.1689567565918},"291":{"node_type":"metabolite","x":3301.3007202148438,"y":-604.1689567565918,"bigg_id":"dopa_e","name":"Dopamine","label_x":3268.9007202148437,"label_y":-564.1689567565918,"node_is_primary":true},"292":{"node_type":"multimarker","x":3504.2767944335938,"y":-606.1679191589355},"293":{"node_type":"midmarker","x":3524.2767944335938,"y":-606.1679191589355},"294":{"node_type":"multimarker","x":3544.2767944335938,"y":-606.1679191589355},"295":{"node_type":"multimarker","x":3500.2785034179688,"y":-1251.8449821472168},"296":{"node_type":"midmarker","x":3520.2785034179688,"y":-1251.8449821472168},"297":{"node_type":"multimarker","x":3540.2785034179688,"y":-1251.8449821472168}},"text_labels":{"0":{"x":1179.3057250976562,"y":-1648.019287109375,"text":"NITROGEN METABOLISM SUBSYSTEM (PLUS)"},"2":{"x":-359.743896484375,"y":-1087.752197265625,"text":"Extracellular"},"3":{"x":136.00830078125,"y":-1087.752197265625,"text":"Extracellular"},"4":{"x":793.6795043945312,"y":-1507.542236328125,"text":"Extracellular"},"5":{"x":1431.3606567382812,"y":-1507.542296409607,"text":"Extracellular"},"6":{"x":2083.0347900390625,"y":-1509.5413284301758,"text":"Extracellular"},"7":{"x":3569.010498046875,"y":-1263.933925628662,"text":"Extracellular"},"8":{"x":3579.0067138671875,"y":-924.229679107666,"text":"Extracellular"},"9":{"x":3571.0214233398438,"y":-610.4814987182617,"text":"Extracellular"},"10":{"x":257.9473114013672,"y":455.4762725830078,"text":"Extracellular"},"11":{"x":-369.73885345458984,"y":-1039.776123046875,"text":"Nitrous oxide"},"12":{"x":148.0023193359375,"y":-1041.7752685546875,"text":"Nitric oxide"},"13":{"x":861.6455078125,"y":-1455.5682373046875,"text":"Nitrate"},"14":{"x":1501.32568359375,"y":-1457.5672607421875,"text":"Nitrite"},"15":{"x":2095.028564453125,"y":-1459.566162109375,"text":"Ammonium"},"16":{"x":283.93433380126953,"y":509.4492492675781,"text":"Allantoin"},"17":{"x":3606.259521484375,"y":-1213.6572265625,"text":"Tyramine"},"18":{"x":3542.309326171875,"y":-873.8321533203125,"text":"Phenethylamine"},"19":{"x":3604.25927734375,"y":-565.9950561523438,"text":"Dopamine"},"20":{"x":3296.261474609375,"y":-40.37483215332031,"text":"Bicarbonate"},"21":{"x":3289.63134765625,"y":-94.4647216796875,"text":"Cytoplasmic"},"22":{"x":2378.542724609375,"y":-244.3148193359375,"text":"Cytoplasmic"},"23":{"x":2402.518798828125,"y":-182.3767852783203,"text":"Ammonium"},"24":{"x":2276.644287109375,"y":-126.4327392578125,"text":"Biomass (Core & Wild)"}},"canvas":{"x":-405.3023986816406,"y":-1761.734130859375,"width":4382.069732666016,"height":2447.7848510742188}}]