[{"map_name":"new_map","map_id":"h9XYQe9api1N","map_description":"\nLast Modified Tue Mar 06 2018 07:51:26 GMT-0700 (Mountain Standard Time)","homepage":"https://escher.github.io","schema":"https://escher.github.io/escher/jsonschema/1-0-0#"},{"reactions":{"1":{"name":"O-succinylhomoserine lyase (L-cysteine)","bigg_id":"SHSL1","reversibility":false,"label_x":98.41889953613281,"label_y":683.4523620605469,"gene_reaction_rule":"b3939","genes":[{"notes":{"original_bigg_ids":["b3939"]},"name":"metB","bigg_id":"b3939"}],"metabolites":[{"bigg_id":"cys__L_c","coefficient":-1},{"bigg_id":"succ_c","coefficient":1},{"bigg_id":"suchms_c","coefficient":-1},{"bigg_id":"h_c","coefficient":1},{"bigg_id":"cyst__L_c","coefficient":1}],"segments":{"7":{"from_node_id":"9","to_node_id":"10","b1":null,"b2":null},"8":{"from_node_id":"11","to_node_id":"10","b1":null,"b2":null},"9":{"from_node_id":"9","to_node_id":"8","b1":{"x":94.9998779296875,"y":701.9999084472656},"b2":{"x":-47.2501220703125,"y":705.9999084472656}},"10":{"from_node_id":"11","to_node_id":"12","b1":{"x":222.9998779296875,"y":701.9999084472656},"b2":{"x":228.2498779296875,"y":683.9999084472656}},"11":{"from_node_id":"9","to_node_id":"13","b1":{"x":90.9998779296875,"y":701.9999084472656},"b2":{"x":85.7498779296875,"y":719.9999084472656}},"12":{"from_node_id":"11","to_node_id":"14","b1":{"x":222.9998779296875,"y":701.9999084472656},"b2":{"x":228.2498779296875,"y":719.9999084472656}},"13":{"from_node_id":"11","to_node_id":"15","b1":{"x":218.9998779296875,"y":701.9999084472656},"b2":{"x":273.2498779296875,"y":701.9999084472656}}}},"2":{"name":"Cystathionine b-lyase","bigg_id":"CYSTL","reversibility":false,"label_x":454.8546447753906,"label_y":683.4523620605469,"gene_reaction_rule":"b1622 or b3008","genes":[{"notes":{"original_bigg_ids":["b1622"]},"name":"malY","bigg_id":"b1622"},{"notes":{"original_bigg_ids":["b3008"]},"name":"metC","bigg_id":"b3008"}],"metabolites":[{"bigg_id":"hcys__L_c","coefficient":1},{"bigg_id":"h2o_c","coefficient":-1},{"bigg_id":"pyr_c","coefficient":1},{"bigg_id":"cyst__L_c","coefficient":-1},{"bigg_id":"nh4_c","coefficient":1}],"segments":{"14":{"from_node_id":"16","to_node_id":"17","b1":null,"b2":null},"15":{"from_node_id":"18","to_node_id":"17","b1":null,"b2":null},"16":{"from_node_id":"18","to_node_id":"19","b1":{"x":568.9998779296875,"y":701.9999084472656},"b2":{"x":707.2499084472656,"y":701.9999084472656}},"17":{"from_node_id":"16","to_node_id":"20","b1":{"x":440.9998779296875,"y":701.9999084472656},"b2":{"x":435.7498779296875,"y":719.9999084472656}},"18":{"from_node_id":"18","to_node_id":"21","b1":{"x":572.9998779296875,"y":701.9999084472656},"b2":{"x":578.2498779296875,"y":683.9999084472656}},"19":{"from_node_id":"16","to_node_id":"15","b1":{"x":444.9998779296875,"y":701.9999084472656},"b2":{"x":390.7498779296875,"y":701.9999084472656}},"20":{"from_node_id":"18","to_node_id":"22","b1":{"x":572.9998779296875,"y":701.9999084472656},"b2":{"x":578.2498779296875,"y":719.9999084472656}}}},"3":{"name":"Methionine synthase","bigg_id":"METS","reversibility":false,"label_x":1294.9999079704285,"label_y":661.9999084472656,"gene_reaction_rule":"b4019 or b3829","genes":[{"notes":{"original_bigg_ids":["b4019"]},"name":"metH","bigg_id":"b4019"},{"notes":{"original_bigg_ids":["b3829"]},"name":"metE","bigg_id":"b3829"}],"metabolites":[{"bigg_id":"hcys__L_c","coefficient":-1},{"bigg_id":"5mthf_c","coefficient":-1},{"bigg_id":"thf_c","coefficient":1},{"bigg_id":"met__L_c","coefficient":1},{"bigg_id":"h_c","coefficient":1}],"segments":{"21":{"from_node_id":"23","to_node_id":"24","b1":null,"b2":null},"22":{"from_node_id":"25","to_node_id":"24","b1":null,"b2":null},"23":{"from_node_id":"23","to_node_id":"19","b1":{"x":1270.9999079704285,"y":689.9999084472656},"b2":{"x":824.7499084472656,"y":701.9999084472656}},"24":{"from_node_id":"23","to_node_id":"26","b1":{"x":1266.9999079704285,"y":689.9999084472656},"b2":{"x":1261.7499079704285,"y":707.9999084472656}},"25":{"from_node_id":"25","to_node_id":"27","b1":{"x":1398.9999079704285,"y":689.9999084472656},"b2":{"x":1408.2499079704285,"y":707.9999084472656}},"26":{"from_node_id":"25","to_node_id":"28","b1":{"x":1394.9999079704285,"y":689.9999084472656},"b2":{"x":1900.1204303393133,"y":682.3990356792795}},"27":{"from_node_id":"25","to_node_id":"29","b1":{"x":1398.9999079704285,"y":689.9999084472656},"b2":{"x":1404.2499079704285,"y":671.9999084472656}}}},"10":{"name":"Homoserine O-succinyltransferase","bigg_id":"HSST","reversibility":false,"label_x":66.9998779296875,"label_y":966.9999084472656,"gene_reaction_rule":"b4013","genes":[{"notes":{"original_bigg_ids":["b4013"]},"name":"metA","bigg_id":"b4013"}],"metabolites":[{"bigg_id":"hom__L_c","coefficient":-1},{"bigg_id":"coa_c","coefficient":1},{"bigg_id":"suchms_c","coefficient":1},{"bigg_id":"succoa_c","coefficient":-1}],"segments":{"64":{"from_node_id":"66","to_node_id":"67","b1":null,"b2":null},"65":{"from_node_id":"68","to_node_id":"67","b1":null,"b2":null},"66":{"from_node_id":"66","to_node_id":"69","b1":{"x":51.9998779296875,"y":1022.9999084472656},"b2":{"x":33.9998779296875,"y":1028.2499084472656}},"67":{"from_node_id":"68","to_node_id":"70","b1":{"x":51.9998779296875,"y":890.9999084472656},"b2":{"x":33.9998779296875,"y":885.7499084472656}},"68":{"from_node_id":"68","to_node_id":"13","b1":{"x":51.9998779296875,"y":894.9999084472656},"b2":{"x":51.9998779296875,"y":840.7499084472656}},"69":{"from_node_id":"66","to_node_id":"71","b1":{"x":51.9998779296875,"y":1018.9999084472656},"b2":{"x":51.9998779296875,"y":1073.2499084472656}}}},"13":{"name":"L-methionine-S-oxide reductase","bigg_id":"METSOXR1","reversibility":false,"label_x":1801.515008076758,"label_y":1047.5559797519759,"gene_reaction_rule":"(b4219 and b2582) or (b4219 and b3781) or (b3551 and b2582) or (b3551 and b3781)","genes":[{"notes":{"original_bigg_ids":["b4219"]},"name":"msrA","bigg_id":"b4219"},{"notes":{"original_bigg_ids":["b2582"]},"name":"trxC","bigg_id":"b2582"},{"notes":{"original_bigg_ids":["b3781"]},"name":"trxA","bigg_id":"b3781"},{"notes":{"original_bigg_ids":["b3551"]},"name":"bisC","bigg_id":"b3551"}],"metabolites":[{"bigg_id":"h2o_c","coefficient":1},{"bigg_id":"trdox_c","coefficient":1},{"bigg_id":"trdrd_c","coefficient":-1},{"bigg_id":"met__L_c","coefficient":1},{"bigg_id":"metsox_S__L_c","coefficient":-1}],"segments":{"82":{"from_node_id":"84","to_node_id":"85","b1":null,"b2":null},"83":{"from_node_id":"86","to_node_id":"85","b1":null,"b2":null},"84":{"from_node_id":"86","to_node_id":"87","b1":{"x":1798.9611750689455,"y":966.2253523105696},"b2":{"x":1806.291863545508,"y":962.7522077793196}},"85":{"from_node_id":"86","to_node_id":"88","b1":{"x":1770.515008076758,"y":975.5559797519759},"b2":{"x":1768.515008076758,"y":966.3059797519759}},"86":{"from_node_id":"84","to_node_id":"89","b1":{"x":1786.515008076758,"y":1103.5559797519759},"b2":{"x":1768.515008076758,"y":1108.8059797519759}},"87":{"from_node_id":"86","to_node_id":"28","b1":{"x":1750.9692317095705,"y":850.6157942051009},"b2":{"x":1941.0270930376955,"y":735.9741926426008}},"88":{"from_node_id":"84","to_node_id":"90","b1":{"x":1824.275994404883,"y":1299.0779524082259},"b2":{"x":1632.008904561133,"y":1204.9681501621321}}}},"14":{"name":"L-methionine-R-sulfoxide reductase","bigg_id":"METSOXR2","reversibility":false,"label_x":2240.582375630469,"label_y":1053.2159528965071,"gene_reaction_rule":"(b1778 and b2582) or (b1778 and b3781)","genes":[{"notes":{"original_bigg_ids":["b1778"]},"name":"msrB","bigg_id":"b1778"},{"notes":{"original_bigg_ids":["b2582"]},"name":"trxC","bigg_id":"b2582"},{"notes":{"original_bigg_ids":["b3781"]},"name":"trxA","bigg_id":"b3781"}],"metabolites":[{"bigg_id":"metsox_R__L_c","coefficient":-1},{"bigg_id":"trdox_c","coefficient":1},{"bigg_id":"h2o_c","coefficient":1},{"bigg_id":"met__L_c","coefficient":1},{"bigg_id":"trdrd_c","coefficient":-1}],"segments":{"89":{"from_node_id":"91","to_node_id":"92","b1":null,"b2":null},"90":{"from_node_id":"93","to_node_id":"92","b1":null,"b2":null},"91":{"from_node_id":"91","to_node_id":"81","b1":{"x":2237.582375630469,"y":1249.2159528965071},"b2":{"x":2005.1159449664065,"y":1462.0692243808821}},"92":{"from_node_id":"93","to_node_id":"95","b1":{"x":2225.582375630469,"y":977.2159528965071},"b2":{"x":2243.582375630469,"y":971.9659528965071}},"93":{"from_node_id":"93","to_node_id":"96","b1":{"x":2225.582375630469,"y":977.2159528965071},"b2":{"x":2207.582375630469,"y":971.9659528965071}},"94":{"from_node_id":"93","to_node_id":"28","b1":{"x":2237.582375630469,"y":832.3402815097884},"b2":{"x":2094.4177027789065,"y":755.4884748691633}},"95":{"from_node_id":"91","to_node_id":"97","b1":{"x":2209.582375630469,"y":1101.2159528965071},"b2":{"x":2207.582375630469,"y":1114.4659528965071}}}},"16":{"name":"Homocysteine Methyltransferase","bigg_id":"HCYSMT2","reversibility":false,"label_x":1282.0166311264038,"label_y":864.2568969726562,"gene_reaction_rule":"b0261","genes":[{"notes":{"original_bigg_ids":["b0261"]},"name":"mmuM","bigg_id":"b0261"}],"metabolites":[{"bigg_id":"hcys__L_c","coefficient":-1},{"bigg_id":"h_c","coefficient":1},{"bigg_id":"met__L_c","coefficient":2},{"bigg_id":"mmet_c","coefficient":-1}],"segments":{"101":{"from_node_id":"103","to_node_id":"104","b1":null,"b2":null},"102":{"from_node_id":"105","to_node_id":"104","b1":null,"b2":null},"103":{"from_node_id":"103","to_node_id":"19","b1":{"x":1142.8880910873413,"y":907.6759033203125},"b2":{"x":808.7499084472656,"y":753.9999084472656}},"104":{"from_node_id":"105","to_node_id":"106","b1":{"x":1410.8880910873413,"y":895.6759033203125},"b2":{"x":1416.1380910873413,"y":913.6759033203125}},"105":{"from_node_id":"105","to_node_id":"28","b1":{"x":1646.8880758285522,"y":931.6759033203125},"b2":{"x":1930.1422882080078,"y":705.9999084472656}},"106":{"from_node_id":"103","to_node_id":"108","b1":{"x":1278.8880910873413,"y":907.6759033203125},"b2":{"x":1273.6380910873413,"y":913.6759033203125}}}},"17":{"name":"Homocysteine S-methyltransferase","bigg_id":"HCYSMT","reversibility":false,"label_x":1256.1966705322266,"label_y":556.7702102661133,"gene_reaction_rule":"b0261","genes":[{"notes":{"original_bigg_ids":["b0261"]},"name":"mmuM","bigg_id":"b0261"}],"metabolites":[{"bigg_id":"hcys__L_c","coefficient":-1},{"bigg_id":"amet_c","coefficient":-1},{"bigg_id":"ahcys_c","coefficient":1},{"bigg_id":"h_c","coefficient":1},{"bigg_id":"met__L_c","coefficient":1}],"segments":{"107":{"from_node_id":"109","to_node_id":"110","b1":null,"b2":null},"108":{"from_node_id":"111","to_node_id":"110","b1":null,"b2":null},"109":{"from_node_id":"109","to_node_id":"19","b1":{"x":1038.863172531128,"y":532.7700271606445},"b2":{"x":824.7499084472656,"y":661.9999084472656}},"110":{"from_node_id":"109","to_node_id":"112","b1":{"x":944.6403350830078,"y":486.99216079711914},"b2":{"x":433.3631820678711,"y":-5.542973518371582}},"111":{"from_node_id":"111","to_node_id":"113","b1":{"x":1417.011474609375,"y":508.77002716064453},"b2":{"x":1422.5467681884766,"y":489.93200302124023}},"112":{"from_node_id":"111","to_node_id":"114","b1":{"x":1390.418960571289,"y":484.77002716064453},"b2":{"x":1391.668960571289,"y":490.77002716064453}},"113":{"from_node_id":"111","to_node_id":"28","b1":{"x":1461.77099609375,"y":510.33426666259766},"b2":{"x":1673.2560577392578,"y":537.2068290710449}}}},"23":{"name":"Biotin synthase","bigg_id":"BTS5","reversibility":false,"label_x":1268.8497641748368,"label_y":220.60845770121298,"gene_reaction_rule":"b0775","genes":[{"notes":{"original_bigg_ids":["b0775"]},"name":"bioB","bigg_id":"b0775"}],"metabolites":[{"bigg_id":"btn_c","coefficient":1},{"bigg_id":"dtbt_c","coefficient":-1},{"bigg_id":"dad_5_c","coefficient":1},{"bigg_id":"2fe2s_c","coefficient":-1},{"bigg_id":"h_c","coefficient":1},{"bigg_id":"met__L_c","coefficient":1},{"bigg_id":"2fe1s_c","coefficient":1},{"bigg_id":"amet_c","coefficient":-1}],"segments":{"142":{"from_node_id":"144","to_node_id":"145","b1":null,"b2":null},"143":{"from_node_id":"146","to_node_id":"145","b1":null,"b2":null},"144":{"from_node_id":"146","to_node_id":"147","b1":{"x":1374.5260334766701,"y":246.53397534531456},"b2":{"x":1388.411443686311,"y":286.4048290922682}},"145":{"from_node_id":"144","to_node_id":"148","b1":{"x":1260.9049401855027,"y":252.45784240086277},"b2":{"x":1253.1613861086098,"y":259.50762499240363}},"146":{"from_node_id":"146","to_node_id":"149","b1":{"x":1393.8331623829201,"y":250.51653454941612},"b2":{"x":1416.871027503372,"y":271.35131077050505}},"147":{"from_node_id":"144","to_node_id":"150","b1":{"x":1251.2214685058152,"y":234.8688836606284},"b2":{"x":1251.662241080676,"y":223.53885292293722}},"148":{"from_node_id":"146","to_node_id":"151","b1":{"x":1395.9784260547951,"y":220.79102490586143},"b2":{"x":1406.9102125535635,"y":224.04046716783552}},"149":{"from_node_id":"146","to_node_id":"28","b1":{"x":1597.92549934048,"y":231.68383101166648},"b2":{"x":1936.640725239844,"y":622.310435318382}},"150":{"from_node_id":"146","to_node_id":"152","b1":{"x":1385.2522297657326,"y":222.93627331894737},"b2":{"x":1393.318915349195,"y":202.39024523470727}},"151":{"from_node_id":"144","to_node_id":"112","b1":{"x":1124.3580133841929,"y":247.5737872105845},"b2":{"x":461.1993226289037,"y":-37.61709672518566}}}},"24":{"name":"Oxygen Independent coproporphyrinogen-III oxidase","bigg_id":"CPPPGO2","reversibility":false,"label_x":1218.7579612388731,"label_y":59.7252415307166,"gene_reaction_rule":"b3867","genes":[{"notes":{"original_bigg_ids":["b3867"]},"name":"hemN","bigg_id":"b3867"}],"metabolites":[{"bigg_id":"pppg9_c","coefficient":1},{"bigg_id":"dad_5_c","coefficient":2},{"bigg_id":"cpppg3_c","coefficient":-1},{"bigg_id":"met__L_c","coefficient":2},{"bigg_id":"amet_c","coefficient":-2},{"bigg_id":"co2_c","coefficient":2}],"segments":{"152":{"from_node_id":"154","to_node_id":"155","b1":null,"b2":null},"153":{"from_node_id":"156","to_node_id":"155","b1":null,"b2":null},"154":{"from_node_id":"156","to_node_id":"157","b1":{"x":1368.904826626834,"y":13.811166873026025},"b2":{"x":1388.7069453365143,"y":34.10874344291861}},"155":{"from_node_id":"156","to_node_id":"158","b1":{"x":1366.0827508100028,"y":-9.71526763143089},"b2":{"x":1382.0318142521696,"y":-15.055818034687235}},"156":{"from_node_id":"154","to_node_id":"159","b1":{"x":1247.2084620612468,"y":4.618374260186357},"b2":{"x":1227.3048139771133,"y":-8.84031831258028}},"157":{"from_node_id":"156","to_node_id":"28","b1":{"x":1585.7960208335924,"y":-3.874231317388819},"b2":{"x":1930.067727192969,"y":570.7538557285383}},"158":{"from_node_id":"154","to_node_id":"112","b1":{"x":1114.4955123915213,"y":36.91193198375095},"b2":{"x":488.9398365162315,"y":-74.51328662660222}},"159":{"from_node_id":"156","to_node_id":"161","b1":{"x":1359.8961175772781,"y":-0.9529226727387936},"b2":{"x":1375.10198627665,"y":-36.90809261438474}}}},"25":{"name":"Lipoate synthase","bigg_id":"LIPOS","reversibility":false,"label_x":1251.3911294868735,"label_y":-208.39180915830417,"gene_reaction_rule":"b0628","genes":[{"notes":{"original_bigg_ids":["b0628"]},"name":"lipA","bigg_id":"b0628"}],"metabolites":[{"bigg_id":"met__L_c","coefficient":2},{"bigg_id":"fe2_c","coefficient":2},{"bigg_id":"dad_5_c","coefficient":2},{"bigg_id":"2fe2s_c","coefficient":1},{"bigg_id":"h_c","coefficient":-1},{"bigg_id":"4fe4s_c","coefficient":-1},{"bigg_id":"nad_c","coefficient":-1},{"bigg_id":"amet_c","coefficient":-2},{"bigg_id":"nadh_c","coefficient":1},{"bigg_id":"lipopb_c","coefficient":1},{"bigg_id":"octapb_c","coefficient":-1}],"segments":{"160":{"from_node_id":"162","to_node_id":"163","b1":null,"b2":null},"161":{"from_node_id":"164","to_node_id":"163","b1":null,"b2":null},"162":{"from_node_id":"164","to_node_id":"28","b1":{"x":1597.1974342455073,"y":-301.4508941389712},"b2":{"x":1909.8517848101565,"y":404.582896255882}},"163":{"from_node_id":"164","to_node_id":"165","b1":{"x":1361.0759132382495,"y":-249.94908099445234},"b2":{"x":1362.7169855592733,"y":-203.0900172057178}},"164":{"from_node_id":"164","to_node_id":"166","b1":{"x":1346.846543121062,"y":-260.6211390999211},"b2":{"x":1372.019440932398,"y":-255.1799585862011}},"165":{"from_node_id":"164","to_node_id":"167","b1":{"x":1373.5265968319995,"y":-274.85047869953047},"b2":{"x":1390.8677294479094,"y":-292.95147337832253}},"166":{"from_node_id":"162","to_node_id":"168","b1":{"x":1232.659470735497,"y":-266.885410124892},"b2":{"x":1232.4525586881396,"y":-207.9640328303584}},"167":{"from_node_id":"162","to_node_id":"169","b1":{"x":1232.659470735497,"y":-266.885410124892},"b2":{"x":1211.7609650727136,"y":-250.56310196953615}},"168":{"from_node_id":"162","to_node_id":"170","b1":{"x":1232.659470735497,"y":-266.885410124892},"b2":{"x":1198.5932623772865,"y":-293.6706458143921}},"169":{"from_node_id":"162","to_node_id":"112","b1":{"x":1049.8981792204272,"y":-281.1944490311537},"b2":{"x":488.19482930466984,"y":-135.4549826442626}},"170":{"from_node_id":"164","to_node_id":"172","b1":{"x":1357.5185401913745,"y":-280.18650775226484},"b2":{"x":1387.9628789965454,"y":-331.99319998820306}},"171":{"from_node_id":"164","to_node_id":"173","b1":{"x":1348.6252296444995,"y":-283.7438502815617},"b2":{"x":1365.4928429983024,"y":-353.2482444691766}},"172":{"from_node_id":"162","to_node_id":"174","b1":{"x":1232.659470735497,"y":-266.885410124892},"b2":{"x":1216.7891503675987,"y":-331.5311713013215}}}},"26":{"name":"L-methionine transport via ABC system (periplasm)","bigg_id":"METabcpp","reversibility":false,"label_x":2154.5476838412615,"label_y":-85.57632255835838,"gene_reaction_rule":"b0198 and b0199 and b0197","genes":[{"notes":{"original_bigg_ids":["b0198"]},"name":"metI","bigg_id":"b0198"},{"notes":{"original_bigg_ids":["b0199"]},"name":"metN","bigg_id":"b0199"},{"notes":{"original_bigg_ids":["b0197"]},"name":"metQ","bigg_id":"b0197"}],"metabolites":[{"bigg_id":"h2o_c","coefficient":-1},{"bigg_id":"met__L_c","coefficient":1},{"bigg_id":"atp_c","coefficient":-1},{"bigg_id":"h_c","coefficient":1},{"bigg_id":"adp_c","coefficient":1},{"bigg_id":"pi_c","coefficient":1},{"bigg_id":"met__L_p","coefficient":-1}],"segments":{"173":{"from_node_id":"175","to_node_id":"176","b1":null,"b2":null},"174":{"from_node_id":"177","to_node_id":"176","b1":null,"b2":null},"175":{"from_node_id":"175","to_node_id":"178","b1":{"x":2137.744289921805,"y":-161.5516798546344},"b2":{"x":2119.607558870138,"y":-166.3078849342592}},"176":{"from_node_id":"177","to_node_id":"28","b1":{"x":2158.5517763575835,"y":39.924964987050544},"b2":{"x":2121.0195094195315,"y":553.506236099632}},"177":{"from_node_id":"175","to_node_id":"179","b1":{"x":2137.744289921805,"y":-161.5516798546344},"b2":{"x":2155.5941173953784,"y":-167.29155434487149}},"178":{"from_node_id":"177","to_node_id":"180","b1":{"x":2141.3510777607175,"y":-29.600965262082497},"b2":{"x":2123.5012502871436,"y":-23.861090771845426}},"179":{"from_node_id":"177","to_node_id":"181","b1":{"x":2141.3510777607175,"y":-29.600965262082497},"b2":{"x":2159.487808812385,"y":-24.84476018245752}},"180":{"from_node_id":"177","to_node_id":"182","b1":{"x":2141.3510777607175,"y":-29.600965262082497},"b2":{"x":2177.071225820586,"y":-40.33099427328099}},"181":{"from_node_id":"175","to_node_id":"183","b1":{"x":2137.8535865229846,"y":-157.55317335182977},"b2":{"x":2136.371251369493,"y":-211.78291779611718}}}},"27":{"name":"Tyrosine lyase","bigg_id":"TYRL","reversibility":false,"label_x":1243.6876894657116,"label_y":-591.9558589614285,"gene_reaction_rule":"b3991","genes":[{"notes":{"original_bigg_ids":["b3991"]},"name":"thiG","bigg_id":"b3991"}],"metabolites":[{"bigg_id":"nadp_c","coefficient":1},{"bigg_id":"nadph_c","coefficient":-1},{"bigg_id":"dad_5_c","coefficient":1},{"bigg_id":"dhgly_c","coefficient":1},{"bigg_id":"h_c","coefficient":1},{"bigg_id":"met__L_c","coefficient":1},{"bigg_id":"tyr__L_c","coefficient":-1},{"bigg_id":"4crsol_c","coefficient":1},{"bigg_id":"amet_c","coefficient":-1}],"segments":{"182":{"from_node_id":"184","to_node_id":"185","b1":null,"b2":null},"183":{"from_node_id":"186","to_node_id":"185","b1":null,"b2":null},"184":{"from_node_id":"186","to_node_id":"187","b1":{"x":1358.6862058879046,"y":-568.6383995767925},"b2":{"x":1356.2987614933086,"y":-520.1268382991011}},"185":{"from_node_id":"184","to_node_id":"188","b1":{"x":1226.689417184145,"y":-567.7176542835649},"b2":{"x":1209.1206430746913,"y":-539.0147846244436}},"186":{"from_node_id":"186","to_node_id":"189","b1":{"x":1358.6862058879046,"y":-568.6383995767925},"b2":{"x":1394.2839243813073,"y":-545.3421450439782}},"187":{"from_node_id":"186","to_node_id":"190","b1":{"x":1358.6862058879046,"y":-568.6383995767925},"b2":{"x":1402.921850114546,"y":-593.7857272437261}},"188":{"from_node_id":"186","to_node_id":"191","b1":{"x":1362.1690218841954,"y":-579.3348286361731},"b2":{"x":1387.796536787912,"y":-608.1251172005486}},"189":{"from_node_id":"186","to_node_id":"28","b1":{"x":1722.6539616344794,"y":-646.5781252401089},"b2":{"x":2002.3693629351565,"y":573.5558576816633}},"190":{"from_node_id":"184","to_node_id":"192","b1":{"x":1226.689417184145,"y":-567.7176542835649},"b2":{"x":1221.313988729806,"y":-585.6805958280977}},"191":{"from_node_id":"186","to_node_id":"193","b1":{"x":1347.9524040364904,"y":-577.4570527128681},"b2":{"x":1378.0045974847148,"y":-654.4645681925269}},"192":{"from_node_id":"184","to_node_id":"112","b1":{"x":971.1330454580748,"y":-601.5233876873375},"b2":{"x":464.5520288263924,"y":-223.82331241967472}}}},"28":{"name":"L-methionine transport via diffusion (extracellular to periplasm)","bigg_id":"METtex","reversibility":true,"label_x":2144.984231238088,"label_y":-435.44564155376133,"gene_reaction_rule":"b0241 or b0929 or b1377 or b2215","genes":[{"notes":{"original_bigg_ids":["b0241"]},"name":"phoE","bigg_id":"b0241"},{"notes":{"original_bigg_ids":["b0929"]},"name":"ompF","bigg_id":"b0929"},{"notes":{"original_bigg_ids":["b1377"]},"name":"ompN","bigg_id":"b1377"},{"notes":{"original_bigg_ids":["b2215"]},"name":"ompC","bigg_id":"b2215"}],"metabolites":[{"bigg_id":"met__L_e","coefficient":-1},{"bigg_id":"met__L_p","coefficient":1}],"segments":{"193":{"from_node_id":"195","to_node_id":"196","b1":null,"b2":null},"194":{"from_node_id":"197","to_node_id":"196","b1":null,"b2":null},"195":{"from_node_id":"195","to_node_id":"198","b1":{"x":2128.29013391981,"y":-507.4224923472324},"b2":{"x":2126.8077987663173,"y":-561.6522367915202}},"196":{"from_node_id":"197","to_node_id":"183","b1":{"x":2131.678328556363,"y":-383.4687907602897},"b2":{"x":2133.160663709855,"y":-329.2390463160023}}}},"29":{"name":"L-Methionine exchange","bigg_id":"EX_met__L_e","reversibility":false,"label_x":2138.9764426974125,"label_y":-719.5370369651787,"gene_reaction_rule":"","genes":[],"metabolites":[{"bigg_id":"met__L_e","coefficient":-1}],"segments":{"197":{"from_node_id":"199","to_node_id":"200","b1":null,"b2":null},"198":{"from_node_id":"201","to_node_id":"200","b1":null,"b2":null},"199":{"from_node_id":"199","to_node_id":"198","b1":{"x":2122.1148759531893,"y":-733.3381097556925},"b2":{"x":2123.5972111066817,"y":-679.1083653114051}}}},"30":{"name":"L-methionine S-oxide transport via ABC system (periplasm)","bigg_id":"METSOX1abcpp","reversibility":false,"label_x":1213.184197529883,"label_y":1405.1236677402571,"gene_reaction_rule":"","genes":[],"metabolites":[{"bigg_id":"h2o_c","coefficient":-1},{"bigg_id":"atp_c","coefficient":-1},{"bigg_id":"metsox_S__L_c","coefficient":1},{"bigg_id":"metsox_S__L_p","coefficient":-1},{"bigg_id":"h_c","coefficient":1},{"bigg_id":"adp_c","coefficient":1},{"bigg_id":"pi_c","coefficient":1}],"segments":{"200":{"from_node_id":"202","to_node_id":"203","b1":null,"b2":null},"201":{"from_node_id":"204","to_node_id":"203","b1":null,"b2":null},"202":{"from_node_id":"202","to_node_id":"205","b1":{"x":1248.714226826758,"y":1242.5577497715071},"b2":{"x":1243.464226826758,"y":1260.5577497715071}},"203":{"from_node_id":"202","to_node_id":"206","b1":{"x":1248.714226826758,"y":1242.5577497715071},"b2":{"x":1243.464226826758,"y":1224.5577497715071}},"204":{"from_node_id":"204","to_node_id":"90","b1":{"x":1376.714226826758,"y":1242.5577497715071},"b2":{"x":1430.964226826758,"y":1242.5577497715071}},"205":{"from_node_id":"202","to_node_id":"207","b1":{"x":1252.714226826758,"y":1242.5577497715071},"b2":{"x":1198.464226826758,"y":1242.5577497715071}},"206":{"from_node_id":"204","to_node_id":"208","b1":{"x":1380.714226826758,"y":1242.5577497715071},"b2":{"x":1385.964226826758,"y":1260.5577497715071}},"207":{"from_node_id":"204","to_node_id":"209","b1":{"x":1380.714226826758,"y":1242.5577497715071},"b2":{"x":1385.964226826758,"y":1224.5577497715071}},"208":{"from_node_id":"204","to_node_id":"210","b1":{"x":1380.714226826758,"y":1242.5577497715071},"b2":{"x":1370.964226826758,"y":1206.5577497715071}}}},"31":{"name":"L-methionine S-oxide diffusion (extracellular)","bigg_id":"METSOX1tex","reversibility":true,"label_x":864.9611140337893,"label_y":1218.5498152011946,"gene_reaction_rule":"b0241 or b0929 or b1377 or b2215","genes":[{"notes":{"original_bigg_ids":["b0241"]},"name":"phoE","bigg_id":"b0241"},{"notes":{"original_bigg_ids":["b0929"]},"name":"ompF","bigg_id":"b0929"},{"notes":{"original_bigg_ids":["b1377"]},"name":"ompN","bigg_id":"b1377"},{"notes":{"original_bigg_ids":["b2215"]},"name":"ompC","bigg_id":"b2215"}],"metabolites":[{"bigg_id":"metsox_S__L_e","coefficient":-1},{"bigg_id":"metsox_S__L_p","coefficient":1}],"segments":{"209":{"from_node_id":"211","to_node_id":"212","b1":null,"b2":null},"210":{"from_node_id":"213","to_node_id":"212","b1":null,"b2":null},"211":{"from_node_id":"211","to_node_id":"214","b1":{"x":902.714226826758,"y":1242.5577497715071},"b2":{"x":848.464226826758,"y":1242.5577497715071}},"212":{"from_node_id":"213","to_node_id":"207","b1":{"x":1026.714226826758,"y":1242.5577497715071},"b2":{"x":1080.964226826758,"y":1242.5577497715071}}}},"32":{"name":"L-Methionine S-oxide exchange","bigg_id":"EX_metsox_S__L_e","reversibility":false,"label_x":481.2001887408205,"label_y":1216.7729597324446,"gene_reaction_rule":"","genes":[],"metabolites":[{"bigg_id":"metsox_S__L_e","coefficient":-1}],"segments":{"213":{"from_node_id":"215","to_node_id":"216","b1":null,"b2":null},"214":{"from_node_id":"217","to_node_id":"216","b1":null,"b2":null},"215":{"from_node_id":"215","to_node_id":"214","b1":{"x":571.8774348345705,"y":1242.5577497715071},"b2":{"x":730.964226826758,"y":1242.5577497715071}}}},"33":{"name":"L-methionine R-oxide transport via ABC system (periplasm)","bigg_id":"METSOX2abcpp","reversibility":false,"label_x":1627.365449055762,"label_y":1693.3278913730696,"gene_reaction_rule":"","genes":[],"metabolites":[{"bigg_id":"h2o_c","coefficient":-1},{"bigg_id":"metsox_R__L_p","coefficient":-1},{"bigg_id":"atp_c","coefficient":-1},{"bigg_id":"metsox_R__L_c","coefficient":1},{"bigg_id":"h_c","coefficient":1},{"bigg_id":"adp_c","coefficient":1},{"bigg_id":"pi_c","coefficient":1}],"segments":{"216":{"from_node_id":"218","to_node_id":"219","b1":null,"b2":null},"217":{"from_node_id":"220","to_node_id":"219","b1":null,"b2":null},"218":{"from_node_id":"218","to_node_id":"221","b1":{"x":1668.226044758887,"y":1525.4312849277571},"b2":{"x":1662.976044758887,"y":1543.4312849277571}},"219":{"from_node_id":"218","to_node_id":"222","b1":{"x":1672.226044758887,"y":1525.4312849277571},"b2":{"x":1617.976044758887,"y":1525.4312849277571}},"220":{"from_node_id":"218","to_node_id":"223","b1":{"x":1668.226044758887,"y":1525.4312849277571},"b2":{"x":1662.976044758887,"y":1507.4312849277571}},"221":{"from_node_id":"220","to_node_id":"81","b1":{"x":1796.226044758887,"y":1525.4312849277571},"b2":{"x":1850.476044758887,"y":1525.4312849277571}},"222":{"from_node_id":"220","to_node_id":"224","b1":{"x":1800.226044758887,"y":1525.4312849277571},"b2":{"x":1805.476044758887,"y":1543.4312849277571}},"223":{"from_node_id":"220","to_node_id":"225","b1":{"x":1800.226044758887,"y":1525.4312849277571},"b2":{"x":1805.476044758887,"y":1507.4312849277571}},"224":{"from_node_id":"220","to_node_id":"226","b1":{"x":1800.226044758887,"y":1525.4312849277571},"b2":{"x":1792.252900227637,"y":1503.6464948886946}}}},"34":{"name":"L-methionine R-oxide diffusion (extracellular)","bigg_id":"METSOX2tex","reversibility":true,"label_x":1300.465058430762,"label_y":1504.9770612949446,"gene_reaction_rule":"b0241 or b0929 or b1377 or b2215","genes":[{"notes":{"original_bigg_ids":["b0241"]},"name":"phoE","bigg_id":"b0241"},{"notes":{"original_bigg_ids":["b0929"]},"name":"ompF","bigg_id":"b0929"},{"notes":{"original_bigg_ids":["b1377"]},"name":"ompN","bigg_id":"b1377"},{"notes":{"original_bigg_ids":["b2215"]},"name":"ompC","bigg_id":"b2215"}],"metabolites":[{"bigg_id":"metsox_R__L_p","coefficient":1},{"bigg_id":"metsox_R__L_e","coefficient":-1}],"segments":{"225":{"from_node_id":"227","to_node_id":"228","b1":null,"b2":null},"226":{"from_node_id":"229","to_node_id":"228","b1":null,"b2":null},"227":{"from_node_id":"229","to_node_id":"222","b1":{"x":1446.226044758887,"y":1525.4312849277571},"b2":{"x":1500.476044758887,"y":1525.4312849277571}},"228":{"from_node_id":"227","to_node_id":"230","b1":{"x":1322.226044758887,"y":1525.4312849277571},"b2":{"x":1267.976044758887,"y":1525.4312849277571}}}},"35":{"name":"L-methionine-R-sulfoxide exchange","bigg_id":"EX_metsox_R__L_e","reversibility":false,"label_x":891.8274851885744,"label_y":1504.9771833652571,"gene_reaction_rule":"","genes":[],"metabolites":[{"bigg_id":"metsox_R__L_e","coefficient":-1}],"segments":{"229":{"from_node_id":"231","to_node_id":"232","b1":null,"b2":null},"230":{"from_node_id":"233","to_node_id":"232","b1":null,"b2":null},"231":{"from_node_id":"231","to_node_id":"230","b1":{"x":1096.226044758887,"y":1525.4312849277571},"b2":{"x":1150.476044758887,"y":1525.4312849277571}}}},"37":{"name":"Methionine adenosyltransferase","bigg_id":"METAT","reversibility":false,"label_x":1238.6092147827148,"label_y":-920.8612403869629,"gene_reaction_rule":"b2942","genes":[{"notes":{"original_bigg_ids":["b2942"]},"name":"metK","bigg_id":"b2942"}],"metabolites":[{"bigg_id":"h2o_c","coefficient":-1},{"bigg_id":"atp_c","coefficient":-1},{"bigg_id":"ppi_c","coefficient":1},{"bigg_id":"met__L_c","coefficient":-1},{"bigg_id":"amet_c","coefficient":1},{"bigg_id":"pi_c","coefficient":1}],"segments":{"240":{"from_node_id":"242","to_node_id":"243","b1":null,"b2":null},"241":{"from_node_id":"244","to_node_id":"243","b1":null,"b2":null},"242":{"from_node_id":"242","to_node_id":"245","b1":{"x":1354.6092147827148,"y":-880.8612403869629},"b2":{"x":1359.8592147827148,"y":-898.8612403869629}},"243":{"from_node_id":"242","to_node_id":"246","b1":{"x":1354.6092147827148,"y":-880.8612403869629},"b2":{"x":1359.8592147827148,"y":-862.8612403869629}},"244":{"from_node_id":"244","to_node_id":"247","b1":{"x":1222.6092147827148,"y":-880.8612403869629},"b2":{"x":1217.3592147827148,"y":-898.8612403869629}},"245":{"from_node_id":"242","to_node_id":"28","b1":{"x":1780.1099472045898,"y":-926.9820899963379},"b2":{"x":2134.1457138061523,"y":410.5236167907715}},"246":{"from_node_id":"244","to_node_id":"112","b1":{"x":655.8633041381836,"y":-880.8612403869629},"b2":{"x":411.3645248413086,"y":-281.2896919250488}},"247":{"from_node_id":"244","to_node_id":"249","b1":{"x":1213.9615097045898,"y":-872.2135353088379},"b2":{"x":1217.3592147827148,"y":-862.8612403869629}}}},"39":{"name":"Methionine oxidation (spontaneous)","bigg_id":"METOX1s","reversibility":false,"label_x":2026.1872340289065,"label_y":1049.1359358066634,"gene_reaction_rule":"s0001","genes":[{"notes":{"original_bigg_ids":["s0001"]},"name":"None","bigg_id":"s0001"}],"metabolites":[{"bigg_id":"h2o2_c","coefficient":-1},{"bigg_id":"h2o_c","coefficient":1},{"bigg_id":"met__L_c","coefficient":-1},{"bigg_id":"metsox_S__L_c","coefficient":1}],"segments":{"254":{"from_node_id":"256","to_node_id":"257","b1":null,"b2":null},"255":{"from_node_id":"258","to_node_id":"257","b1":null,"b2":null},"256":{"from_node_id":"256","to_node_id":"259","b1":{"x":2011.1872340289065,"y":973.1359358066634},"b2":{"x":1993.1872340289065,"y":967.8859358066634}},"257":{"from_node_id":"258","to_node_id":"260","b1":{"x":2011.1872340289065,"y":1105.1359358066634},"b2":{"x":1993.1872340289065,"y":1110.3859358066634}},"258":{"from_node_id":"256","to_node_id":"28","b1":{"x":2011.1872340289065,"y":890.6592512363508},"b2":{"x":1988.1266871539065,"y":735.5199690097883}},"259":{"from_node_id":"258","to_node_id":"90","b1":{"x":2025.599953755469,"y":1187.6126203769759},"b2":{"x":1936.2407008257815,"y":1351.3999128574446}}}},"40":{"name":"Methionine oxidation 2 (spontaneous)","bigg_id":"METOX2s","reversibility":false,"label_x":2504.6911402789065,"label_y":1052.0185041660384,"gene_reaction_rule":"s0001","genes":[{"notes":{"original_bigg_ids":["s0001"]},"name":"None","bigg_id":"s0001"}],"metabolites":[{"bigg_id":"metsox_R__L_c","coefficient":1},{"bigg_id":"h2o2_c","coefficient":-1},{"bigg_id":"h2o_c","coefficient":1},{"bigg_id":"met__L_c","coefficient":-1}],"segments":{"260":{"from_node_id":"262","to_node_id":"263","b1":null,"b2":null},"261":{"from_node_id":"264","to_node_id":"263","b1":null,"b2":null},"262":{"from_node_id":"264","to_node_id":"81","b1":{"x":2521.3991480914065,"y":1337.5055647129134},"b2":{"x":2054.4255152789065,"y":1518.5878401035384}},"263":{"from_node_id":"262","to_node_id":"266","b1":{"x":2489.6911402789065,"y":976.0185041660383},"b2":{"x":2471.6911402789065,"y":970.7685041660383}},"264":{"from_node_id":"264","to_node_id":"267","b1":{"x":2481.0434352007815,"y":1105.1360578769759},"b2":{"x":2483.221291646094,"y":1124.7987776035384}},"265":{"from_node_id":"262","to_node_id":"28","b1":{"x":2509.8691187945315,"y":844.5384016269758},"b2":{"x":2310.9728785601565,"y":729.7548322910383}}}},"41":{"name":"S-adenosylhomocysteine nucleosidase","bigg_id":"AHCYSNS","reversibility":false,"label_x":2349.9249420166016,"label_y":404.94250106811523,"gene_reaction_rule":"b0159","genes":[{"notes":{"original_bigg_ids":["b0159"]},"name":"mtn","bigg_id":"b0159"}],"metabolites":[{"bigg_id":"ahcys_c","coefficient":-1},{"bigg_id":"h2o_c","coefficient":-1},{"bigg_id":"ade_c","coefficient":1},{"bigg_id":"rhcys_c","coefficient":1}],"segments":{"266":{"from_node_id":"268","to_node_id":"269","b1":null,"b2":null},"267":{"from_node_id":"270","to_node_id":"269","b1":null,"b2":null},"268":{"from_node_id":"268","to_node_id":"113","b1":{"x":2361.9129791259766,"y":435.9469871520996},"b2":{"x":1624.0047760009766,"y":423.95299911499023}},"269":{"from_node_id":"268","to_node_id":"271","b1":{"x":2357.9129791259766,"y":435.9469871520996},"b2":{"x":2352.6629791259766,"y":453.9469871520996}},"270":{"from_node_id":"270","to_node_id":"272","b1":{"x":2489.9129791259766,"y":435.9469871520996},"b2":{"x":2495.1629791259766,"y":453.9469871520996}},"271":{"from_node_id":"270","to_node_id":"273","b1":{"x":2485.9129791259766,"y":435.9469871520996},"b2":{"x":2603.1314849853516,"y":438.94546127319336}}}},"42":{"name":"S-ribosylhomocysteine cleavage enzyme","bigg_id":"RHCCE","reversibility":false,"label_x":2676.8814849853516,"label_y":273.94546127319336,"gene_reaction_rule":"b2687","genes":[{"notes":{"original_bigg_ids":["b2687"]},"name":"luxS","bigg_id":"b2687"}],"metabolites":[{"bigg_id":"hcys__L_c","coefficient":1},{"bigg_id":"rhcys_c","coefficient":-1},{"bigg_id":"dhptd_c","coefficient":1}],"segments":{"272":{"from_node_id":"274","to_node_id":"275","b1":null,"b2":null},"273":{"from_node_id":"276","to_node_id":"275","b1":null,"b2":null},"274":{"from_node_id":"276","to_node_id":"277","b1":{"x":2661.8814849853516,"y":197.94546127319336},"b2":{"x":2679.8814849853516,"y":192.69546127319336}},"275":{"from_node_id":"274","to_node_id":"273","b1":{"x":2661.8814849853516,"y":325.94546127319336},"b2":{"x":2661.8814849853516,"y":380.19546127319336}},"276":{"from_node_id":"276","to_node_id":"278","b1":{"x":2661.8814849853516,"y":201.94546127319336},"b2":{"x":2661.8814849853516,"y":147.69546127319336}}}},"43":{"name":"4,5-dihydroxy-2,3-pentanedione cyclization (spontaneous)","bigg_id":"DHPTDCs2","reversibility":false,"label_x":2676.8814849853516,"label_y":-76.05453872680664,"gene_reaction_rule":"s0001","genes":[{"notes":{"original_bigg_ids":["s0001"]},"name":"None","bigg_id":"s0001"}],"metabolites":[{"bigg_id":"dhptd_c","coefficient":-1},{"bigg_id":"mdhdhf_c","coefficient":1}],"segments":{"277":{"from_node_id":"279","to_node_id":"280","b1":null,"b2":null},"278":{"from_node_id":"281","to_node_id":"280","b1":null,"b2":null},"279":{"from_node_id":"279","to_node_id":"278","b1":{"x":2661.8814849853516,"y":-24.05453872680664},"b2":{"x":2661.8814849853516,"y":30.19546127319336}},"280":{"from_node_id":"281","to_node_id":"282","b1":{"x":2661.8814849853516,"y":-148.05453872680664},"b2":{"x":2661.8814849853516,"y":-202.30453872680664}}}},"44":{"name":"(2R,4S)-2-methyl-2,3,3,4-tetrahydroxytetrahydrofuran synthesis (spontaneous)","bigg_id":"MTHTHFSs","reversibility":false,"label_x":2676.8814849853516,"label_y":-426.05453872680664,"gene_reaction_rule":"s0001","genes":[{"notes":{"original_bigg_ids":["s0001"]},"name":"None","bigg_id":"s0001"}],"metabolites":[{"bigg_id":"h2o_c","coefficient":-1},{"bigg_id":"mdhdhf_c","coefficient":-1},{"bigg_id":"mththf_c","coefficient":1}],"segments":{"281":{"from_node_id":"283","to_node_id":"284","b1":null,"b2":null},"282":{"from_node_id":"285","to_node_id":"284","b1":null,"b2":null},"283":{"from_node_id":"283","to_node_id":"286","b1":{"x":2661.8814849853516,"y":-370.05453872680664},"b2":{"x":2679.8814849853516,"y":-364.80453872680664}},"284":{"from_node_id":"283","to_node_id":"282","b1":{"x":2661.8814849853516,"y":-374.05453872680664},"b2":{"x":2661.8814849853516,"y":-319.80453872680664}},"285":{"from_node_id":"285","to_node_id":"287","b1":{"x":2661.8814849853516,"y":-498.05453872680664},"b2":{"x":2661.8814849853516,"y":-552.3045387268066}}}},"45":{"name":"Sink needed to allow (2R,4S)-2-methyl-2,3,3,4-tetrahydroxytetrahydrofuran to leave system","bigg_id":"DM_mththf_c","reversibility":false,"label_x":2676.8814849853516,"label_y":-776.0545387268066,"gene_reaction_rule":"","genes":[],"metabolites":[{"bigg_id":"mththf_c","coefficient":-1}],"segments":{"286":{"from_node_id":"288","to_node_id":"289","b1":null,"b2":null},"287":{"from_node_id":"290","to_node_id":"289","b1":null,"b2":null},"288":{"from_node_id":"288","to_node_id":"287","b1":{"x":2661.8814849853516,"y":-724.0545387268066},"b2":{"x":2661.8814849853516,"y":-669.8045387268066}}}}},"nodes":{"8":{"node_type":"metabolite","x":-106.0001220703125,"y":705.9999084472656,"bigg_id":"cys__L_c","name":"L-Cysteine","label_x":-157.20012207031255,"label_y":753.9999084472656,"node_is_primary":true},"9":{"node_type":"multimarker","x":136.9998779296875,"y":701.9999084472656},"10":{"node_type":"midmarker","x":156.9998779296875,"y":701.9999084472656},"11":{"node_type":"multimarker","x":176.9998779296875,"y":701.9999084472656},"12":{"node_type":"metabolite","x":261.9998779296875,"y":621.9999084472656,"bigg_id":"succ_c","name":"Succinate","label_x":229.59987792968752,"label_y":601.9999084472656,"node_is_primary":false},"13":{"node_type":"metabolite","x":51.9998779296875,"y":781.9999084472656,"bigg_id":"suchms_c","name":"O-Succinyl-L-homoserine","label_x":68.79987792968745,"label_y":789.9999084472656,"node_is_primary":false},"14":{"node_type":"metabolite","x":261.9998779296875,"y":781.9999084472656,"bigg_id":"h_c","name":"H+","label_x":245.79987792968745,"label_y":821.9999084472656,"node_is_primary":false},"15":{"node_type":"metabolite","x":331.9998779296875,"y":701.9999084472656,"bigg_id":"cyst__L_c","name":"L-Cystathionine","label_x":279.3998779296875,"label_y":749.9999084472656,"node_is_primary":true},"16":{"node_type":"multimarker","x":486.9998779296875,"y":701.9999084472656},"17":{"node_type":"midmarker","x":506.9998779296875,"y":701.9999084472656},"18":{"node_type":"multimarker","x":526.9998779296875,"y":701.9999084472656},"19":{"node_type":"metabolite","x":765.9999084472656,"y":701.9999084472656,"bigg_id":"hcys__L_c","name":"L-Homocysteine","label_x":665.3999084472656,"label_y":745.9999084472656,"node_is_primary":true},"20":{"node_type":"metabolite","x":401.9998779296875,"y":781.9999084472656,"bigg_id":"h2o_c","name":"H2O","label_x":374.9998779296875,"label_y":821.9999084472656,"node_is_primary":false},"21":{"node_type":"metabolite","x":611.9998779296875,"y":621.9999084472656,"bigg_id":"pyr_c","name":"Pyruvate","label_x":584.9998779296875,"label_y":601.9999084472656,"node_is_primary":false},"22":{"node_type":"metabolite","x":611.9998779296875,"y":781.9999084472656,"bigg_id":"nh4_c","name":"Ammonium","label_x":584.9998779296875,"label_y":821.9999084472656,"node_is_primary":false},"23":{"node_type":"multimarker","x":1312.9999079704285,"y":689.9999084472656},"24":{"node_type":"midmarker","x":1332.9999079704285,"y":689.9999084472656},"25":{"node_type":"multimarker","x":1352.9999079704285,"y":689.9999084472656},"26":{"node_type":"metabolite","x":1227.9999079704285,"y":769.9999084472656,"bigg_id":"5mthf_c","name":"5-Methyltetrahydrofolate","label_x":1190.1999079704285,"label_y":809.9999084472656,"node_is_primary":false},"27":{"node_type":"metabolite","x":1441.9999079704285,"y":769.9999084472656,"bigg_id":"thf_c","name":"5,6,7,8-Tetrahydrofolate","label_x":1425.7999079704284,"label_y":809.9999084472656,"node_is_primary":false},"28":{"node_type":"metabolite","x":1988.1266871539065,"y":676.7699690097883,"bigg_id":"met__L_c","name":"L-Methionine","label_x":1797.237893208594,"label_y":663.4472151035383,"node_is_primary":true},"29":{"node_type":"metabolite","x":1437.9999079704285,"y":609.9999084472656,"bigg_id":"h_c","name":"H+","label_x":1457.0120661735534,"label_y":617.8881530761719,"node_is_primary":false},"66":{"node_type":"multimarker","x":51.9998779296875,"y":976.9999084472656},"67":{"node_type":"midmarker","x":51.9998779296875,"y":956.9999084472656},"68":{"node_type":"multimarker","x":51.9998779296875,"y":936.9999084472656},"69":{"node_type":"metabolite","x":-28.0001220703125,"y":1061.9999084472656,"bigg_id":"hom__L_c","name":"L-Homoserine","label_x":-148.0001220703125,"label_y":1063.9999084472656,"node_is_primary":false},"70":{"node_type":"metabolite","x":-28.0001220703125,"y":851.9999084472656,"bigg_id":"coa_c","name":"Coenzyme A","label_x":-109.0001220703125,"label_y":857.9999084472656,"node_is_primary":false},"71":{"node_type":"metabolite","x":51.9998779296875,"y":1131.9999084472656,"bigg_id":"succoa_c","name":"Succinyl-CoA","label_x":81.29037475585938,"label_y":1138.4355773925781,"node_is_primary":true},"81":{"node_type":"metabolite","x":1909.226044758887,"y":1525.4312849277571,"bigg_id":"metsox_R__L_c","name":"L-methionine-R-sulfoxide","label_x":1867.4407664385744,"label_y":1572.3673200840071,"node_is_primary":true},"84":{"node_type":"multimarker","x":1786.515008076758,"y":1057.5559797519759},"85":{"node_type":"midmarker","x":1786.515008076758,"y":1037.5559797519759},"86":{"node_type":"multimarker","x":1786.515008076758,"y":1017.5559797519759},"87":{"node_type":"metabolite","x":1852.299920186133,"y":934.3328962558821,"bigg_id":"h2o_c","name":"H2O","label_x":1818.9995051470705,"label_y":911.7754011386946,"node_is_primary":false},"88":{"node_type":"metabolite","x":1706.515008076758,"y":932.5559797519759,"bigg_id":"trdox_c","name":"Oxidized thioredoxin","label_x":1664.9675227251955,"label_y":911.0701399082259,"node_is_primary":false},"89":{"node_type":"metabolite","x":1706.515008076758,"y":1142.5559797519759,"bigg_id":"trdrd_c","name":"Reduced thioredoxin","label_x":1643.515008076758,"label_y":1172.5559797519759,"node_is_primary":false},"90":{"node_type":"metabolite","x":1489.714226826758,"y":1242.5577497715071,"bigg_id":"metsox_S__L_c","name":"L-Methionine Sulfoxide","label_x":1450.784539326758,"label_y":1295.9299421543196,"node_is_primary":true},"91":{"node_type":"multimarker","x":2225.582375630469,"y":1063.2159528965071},"92":{"node_type":"midmarker","x":2225.582375630469,"y":1043.2159528965071},"93":{"node_type":"multimarker","x":2225.582375630469,"y":1023.2159528965071},"95":{"node_type":"metabolite","x":2305.582375630469,"y":938.2159528965071,"bigg_id":"trdox_c","name":"Oxidized thioredoxin","label_x":2277.344094380469,"label_y":915.1554670566634,"node_is_primary":false},"96":{"node_type":"metabolite","x":2145.582375630469,"y":938.2159528965071,"bigg_id":"h2o_c","name":"H2O","label_x":2107.018166646094,"label_y":910.2943220371321,"node_is_primary":false},"97":{"node_type":"metabolite","x":2145.582375630469,"y":1148.2159528965071,"bigg_id":"trdrd_c","name":"Reduced thioredoxin","label_x":2082.582375630469,"label_y":1178.2159528965071,"node_is_primary":false},"103":{"node_type":"multimarker","x":1324.8880910873413,"y":895.6759033203125},"104":{"node_type":"midmarker","x":1344.8880910873413,"y":895.6759033203125},"105":{"node_type":"multimarker","x":1364.8880910873413,"y":895.6759033203125},"106":{"node_type":"metabolite","x":1449.8880910873413,"y":975.6759033203125,"bigg_id":"h_c","name":"H+","label_x":1433.6880910873413,"label_y":1015.6759033203125,"node_is_primary":false},"108":{"node_type":"metabolite","x":1239.8880910873413,"y":975.6759033203125,"bigg_id":"mmet_c","name":"S-Methyl-L-methionine","label_x":1207.4880910873412,"label_y":1015.6759033203125,"node_is_primary":false},"109":{"node_type":"multimarker","x":1300.418960571289,"y":508.77002716064453},"110":{"node_type":"midmarker","x":1320.418960571289,"y":508.77002716064453},"111":{"node_type":"multimarker","x":1340.418960571289,"y":508.77002716064453},"112":{"node_type":"metabolite","x":418.91329193115234,"y":-85.27592086791992,"bigg_id":"amet_c","name":"S-Adenosyl-L-methionine","label_x":317.93230590820303,"label_y":-79.71167945861816,"node_is_primary":true},"113":{"node_type":"metabolite","x":1481.2967681884766,"y":465.93200302124023,"bigg_id":"ahcys_c","name":"S-Adenosyl-L-homocysteine","label_x":1490.4259674072266,"label_y":497.28437423706055,"node_is_primary":false},"114":{"node_type":"metabolite","x":1425.418960571289,"y":428.77002716064453,"bigg_id":"h_c","name":"H+","label_x":1413.218960571289,"label_y":408.77002716064453,"node_is_primary":false},"144":{"node_type":"multimarker","x":1303.617357165758,"y":239.38903943873765},"145":{"node_type":"midmarker","x":1323.6000083154618,"y":238.55618108988486},"146":{"node_type":"multimarker","x":1343.5826594651649,"y":237.72332274103317},"147":{"node_type":"metabolite","x":1413.411310461268,"y":355.7665362502049,"bigg_id":"btn_c","name":"Biotin","label_x":1337.583429601893,"label_y":363.9466242934178,"node_is_primary":false},"148":{"node_type":"metabolite","x":1222.0225231749264,"y":322.859292020172,"bigg_id":"dtbt_c","name":"Dethiobiotin","label_x":1168.0225231749264,"label_y":352.85929202017206,"node_is_primary":false},"149":{"node_type":"metabolite","x":1442.5069862233752,"y":308.78090533378906,"bigg_id":"dad_5_c","name":"5'-Deoxyadenosine","label_x":1439.5738807546252,"label_y":336.6356721794922,"node_is_primary":false},"150":{"node_type":"metabolite","x":1215.3596563841102,"y":162.9980828225444,"bigg_id":"2fe2s_c","name":"[2Fe-2S] iron-sulfur cluster","label_x":1168.1474981809852,"label_y":137.25513619778854,"node_is_primary":false},"151":{"node_type":"metabolite","x":1444.4847444325594,"y":195.0127289730745,"bigg_id":"h_c","name":"H+","label_x":1459.4847444325594,"label_y":195.0127289730745,"node_is_primary":false},"152":{"node_type":"metabolite","x":1410.4444635983853,"y":145.94841663729784,"bigg_id":"2fe1s_c","name":"[2Fe-1S] desulfurated iron-sulfur cluster","label_x":1425.4444635983853,"label_y":145.94841663729784,"node_is_primary":false},"154":{"node_type":"multimarker","x":1282.755468749619,"y":9.847892552407899},"155":{"node_type":"midmarker","x":1302.7472190513731,"y":9.273506034195606},"156":{"node_type":"multimarker","x":1322.7389693531277,"y":8.699119515983057},"157":{"node_type":"metabolite","x":1417.1125381928093,"y":82.66941314022586,"bigg_id":"pppg9_c","name":"Protoporphyrinogen IX","label_x":1319.7886856537468,"label_y":101.94318633358523,"node_is_primary":false},"158":{"node_type":"metabolite","x":1422.568227297108,"y":-39.38510318982472,"bigg_id":"dad_5_c","name":"5'-Deoxyadenosine","label_x":1437.568227297108,"label_y":-39.38510318982472,"node_is_primary":false},"159":{"node_type":"metabolite","x":1200.757758403211,"y":-50.05798040068265,"bigg_id":"cpppg3_c","name":"Coproporphyrinogen III","label_x":1084.171576762586,"label_y":-43.62224279081937,"node_is_primary":false},"161":{"node_type":"metabolite","x":1400.279052992816,"y":-84.45378141622757,"bigg_id":"co2_c","name":"CO2","label_x":1415.279052992816,"label_y":-84.45378141622757,"node_is_primary":false},"162":{"node_type":"multimarker","x":1278.650345851278,"y":-267.8016011992566},"163":{"node_type":"midmarker","x":1298.646378510311,"y":-268.1999451446323},"164":{"node_type":"multimarker","x":1318.6424111693468,"y":-268.59828909000936},"165":{"node_type":"metabolite","x":1381.4803313742195,"y":-141.94074366266545,"bigg_id":"fe2_c","name":"Fe2+","label_x":1313.357650710157,"label_y":-133.2847988384467,"node_is_primary":false},"166":{"node_type":"metabolite","x":1406.9976122751846,"y":-193.8644627510156,"bigg_id":"dad_5_c","name":"5'-Deoxyadenosine","label_x":1408.0298388376846,"label_y":-165.64311875687503,"node_is_primary":false},"167":{"node_type":"metabolite","x":1423.3761683293628,"y":-312.9232696775895,"bigg_id":"2fe2s_c","name":"[2Fe-2S] iron-sulfur cluster","label_x":1438.3761683293628,"label_y":-309.3659271482926,"node_is_primary":false},"168":{"node_type":"metabolite","x":1222.1860508427358,"y":-147.44817645020862,"bigg_id":"h_c","name":"H+","label_x":1236.0954746708608,"label_y":-138.79223162598984,"node_is_primary":false},"169":{"node_type":"metabolite","x":1179.2525261912588,"y":-187.9031953187066,"bigg_id":"4fe4s_c","name":"[4Fe-4S] iron-sulfur cluster","label_x":1125.1458367381338,"label_y":-156.1245087952691,"node_is_primary":false},"170":{"node_type":"metabolite","x":1172.5084015813745,"y":-319.41268583903076,"bigg_id":"nad_c","name":"Nicotinamide adenine dinucleotide","label_x":1095.017556854812,"label_y":-310.51934477457763,"node_is_primary":false},"172":{"node_type":"metabolite","x":1417.7948165294492,"y":-371.1649706749938,"bigg_id":"nadh_c","name":"Nicotinamide adenine dinucleotide - reduced","label_x":1436.3521895763242,"label_y":-367.60762814569694,"node_is_primary":false},"173":{"node_type":"metabolite","x":1374.861413948283,"y":-411.61998954349133,"bigg_id":"lipopb_c","name":"Lipoate (protein bound)","label_x":1395.197351448283,"label_y":-411.61998954349133,"node_is_primary":false},"174":{"node_type":"metabolite","x":1201.583177599528,"y":-382.0084172564831,"bigg_id":"octapb_c","name":"Octanoate (protein bound)","label_x":1095.633470568278,"label_y":-376.67241872132684,"node_is_primary":false},"175":{"node_type":"multimarker","x":2139.001200835366,"y":-115.56885507238133},"176":{"node_type":"midmarker","x":2139.5476838412615,"y":-95.57632255835838},"177":{"node_type":"multimarker","x":2140.0941668471582,"y":-75.58379004433542},"178":{"node_type":"metabolite","x":2056.708518004217,"y":-198.35118623339642,"bigg_id":"h2o_c","name":"H2O","label_x":2011.708518004217,"label_y":-168.35118623339642,"node_is_primary":false},"179":{"node_type":"metabolite","x":2216.6487781164014,"y":-202.723050280562,"bigg_id":"atp_c","name":"ATP","label_x":2231.6487781164014,"label_y":-202.723050280562,"node_is_primary":false},"180":{"node_type":"metabolite","x":2062.4465895661215,"y":11.57040516384518,"bigg_id":"h_c","name":"H+","label_x":2035.4465895661215,"label_y":41.57040516384518,"node_is_primary":false},"181":{"node_type":"metabolite","x":2222.3868496783057,"y":7.198541116679564,"bigg_id":"adp_c","name":"ADP","label_x":2203.592049873618,"label_y":44.55065102573718,"node_is_primary":false},"182":{"node_type":"metabolite","x":2301.810496728503,"y":-14.979923420926298,"bigg_id":"pi_c","name":"Phosphate","label_x":2277.6797594238155,"label_y":24.15085203073386,"node_is_primary":false},"183":{"node_type":"metabolite","x":2134.7659575396747,"y":-270.51098205605973,"bigg_id":"met__L_p","name":"L-Methionine","label_x":2159.7659575396747,"label_y":-270.51098205605973,"node_is_primary":true},"184":{"node_type":"multimarker","x":1272.6882980960631,"y":-568.0385200675692},"185":{"node_type":"midmarker","x":1292.6878115360241,"y":-568.1780269301785},"186":{"node_type":"multimarker","x":1312.687324975987,"y":-568.3175337927887},"187":{"node_type":"metabolite","x":1371.690714572378,"y":-478.1083501878916,"bigg_id":"nadp_c","name":"Nicotinamide adenine dinucleotide phosphate","label_x":1280.365275119253,"label_y":-471.25065365468845,"node_is_primary":false},"188":{"node_type":"metabolite","x":1184.6928514344688,"y":-496.33647815724566,"bigg_id":"nadph_c","name":"Nicotinamide adenine dinucleotide phosphate - reduced","label_x":1084.3593553407188,"label_y":-489.44768421193316,"node_is_primary":false},"189":{"node_type":"metabolite","x":1416.0211165775245,"y":-506.6902162302781,"bigg_id":"dad_5_c","name":"5'-Deoxyadenosine","label_x":1409.910154663462,"label_y":-471.3568422068406,"node_is_primary":false},"190":{"node_type":"metabolite","x":1439.7940997625801,"y":-624.019514667955,"bigg_id":"dhgly_c","name":"Dehydroglycine","label_x":1454.7940997625801,"label_y":-624.019514667955,"node_is_primary":false},"191":{"node_type":"metabolite","x":1408.5696887549893,"y":-659.4335425222316,"bigg_id":"h_c","name":"H+","label_x":1427.1253528174893,"label_y":-659.4335425222316,"node_is_primary":false},"192":{"node_type":"metabolite","x":1187.1323385257747,"y":-647.4436696613301,"bigg_id":"tyr__L_c","name":"L-Tyrosine","label_x":1209.2434225101501,"label_y":-643.8881276691426,"node_is_primary":false},"193":{"node_type":"metabolite","x":1386.2344379036467,"y":-705.5141963530693,"bigg_id":"4crsol_c","name":"P-Cresol","label_x":1401.2344379036467,"label_y":-705.5141963530693,"node_is_primary":false},"195":{"node_type":"multimarker","x":2129.4377482321916,"y":-465.4381740677841},"196":{"node_type":"midmarker","x":2129.984231238088,"y":-445.44564155376133},"197":{"node_type":"multimarker","x":2130.5307142439824,"y":-425.45310903973825},"198":{"node_type":"metabolite","x":2125.2025049364993,"y":-620.3803010514625,"bigg_id":"met__L_e","name":"L-Methionine","label_x":2150.2025049364993,"label_y":-620.3803010514625,"node_is_primary":true},"199":{"node_type":"multimarker","x":2120.9672616408066,"y":-775.3224280351407},"200":{"node_type":"midmarker","x":2120.4207786349125,"y":-795.3149605491631},"201":{"node_type":"multimarker","x":2119.874295629016,"y":-815.3074930631859},"202":{"node_type":"multimarker","x":1294.714226826758,"y":1242.5577497715071},"203":{"node_type":"midmarker","x":1314.714226826758,"y":1242.5577497715071},"204":{"node_type":"multimarker","x":1334.714226826758,"y":1242.5577497715071},"205":{"node_type":"metabolite","x":1209.714226826758,"y":1322.5577497715071,"bigg_id":"h2o_c","name":"H2O","label_x":1182.714226826758,"label_y":1362.5577497715071,"node_is_primary":false},"206":{"node_type":"metabolite","x":1209.714226826758,"y":1162.5577497715071,"bigg_id":"atp_c","name":"ATP","label_x":1182.714226826758,"label_y":1142.5577497715071,"node_is_primary":false},"207":{"node_type":"metabolite","x":1139.714226826758,"y":1242.5577497715071,"bigg_id":"metsox_S__L_p","name":"L-Methionine Sulfoxide","label_x":1069.514226826758,"label_y":1282.5577497715071,"node_is_primary":true},"208":{"node_type":"metabolite","x":1419.714226826758,"y":1322.5577497715071,"bigg_id":"h_c","name":"H+","label_x":1403.514226826758,"label_y":1362.5577497715071,"node_is_primary":false},"209":{"node_type":"metabolite","x":1419.714226826758,"y":1162.5577497715071,"bigg_id":"adp_c","name":"ADP","label_x":1410.4831477251955,"label_y":1139.0040388340071,"node_is_primary":false},"210":{"node_type":"metabolite","x":1399.714226826758,"y":1082.5577497715071,"bigg_id":"pi_c","name":"Phosphate","label_x":1378.114226826758,"label_y":1062.5577497715071,"node_is_primary":false},"211":{"node_type":"multimarker","x":944.714226826758,"y":1242.5577497715071},"212":{"node_type":"midmarker","x":964.714226826758,"y":1242.5577497715071},"213":{"node_type":"multimarker","x":984.714226826758,"y":1242.5577497715071},"214":{"node_type":"metabolite","x":789.714226826758,"y":1242.5577497715071,"bigg_id":"metsox_S__L_e","name":"L-Methionine Sulfoxide","label_x":719.514226826758,"label_y":1282.5577497715071,"node_is_primary":true},"215":{"node_type":"multimarker","x":529.8774348345705,"y":1242.5577497715071},"216":{"node_type":"midmarker","x":509.8774348345705,"y":1242.5577497715071},"217":{"node_type":"multimarker","x":489.8774348345705,"y":1242.5577497715071},"218":{"node_type":"multimarker","x":1714.226044758887,"y":1525.4312849277571},"219":{"node_type":"midmarker","x":1734.226044758887,"y":1525.4312849277571},"220":{"node_type":"multimarker","x":1754.226044758887,"y":1525.4312849277571},"221":{"node_type":"metabolite","x":1629.226044758887,"y":1605.4312849277571,"bigg_id":"h2o_c","name":"H2O","label_x":1602.226044758887,"label_y":1645.4312849277571,"node_is_primary":false},"222":{"node_type":"metabolite","x":1559.226044758887,"y":1525.4312849277571,"bigg_id":"metsox_R__L_p","name":"L-methionine-R-sulfoxide","label_x":1483.260908040137,"label_y":1574.0789900058821,"node_is_primary":true},"223":{"node_type":"metabolite","x":1629.226044758887,"y":1445.4312849277571,"bigg_id":"atp_c","name":"ATP","label_x":1602.226044758887,"label_y":1425.4312849277571,"node_is_primary":false},"224":{"node_type":"metabolite","x":1839.226044758887,"y":1605.4312849277571,"bigg_id":"h_c","name":"H+","label_x":1823.026044758887,"label_y":1645.4312849277571,"node_is_primary":false},"225":{"node_type":"metabolite","x":1839.226044758887,"y":1445.4312849277571,"bigg_id":"adp_c","name":"ADP","label_x":1840.656464680762,"label_y":1430.7619734043196,"node_is_primary":false},"226":{"node_type":"metabolite","x":1821.002900227637,"y":1379.6464948886946,"bigg_id":"pi_c","name":"Phosphate","label_x":1799.402900227637,"label_y":1359.6464948886946,"node_is_primary":false},"227":{"node_type":"multimarker","x":1364.226044758887,"y":1525.4312849277571},"228":{"node_type":"midmarker","x":1384.226044758887,"y":1525.4312849277571},"229":{"node_type":"multimarker","x":1404.226044758887,"y":1525.4312849277571},"230":{"node_type":"metabolite","x":1209.226044758887,"y":1525.4312849277571,"bigg_id":"metsox_R__L_e","name":"L-methionine-R-sulfoxide","label_x":1139.0260447588869,"label_y":1565.4312849277571,"node_is_primary":true},"231":{"node_type":"multimarker","x":1054.226044758887,"y":1525.4312849277571},"232":{"node_type":"midmarker","x":1034.226044758887,"y":1525.4312849277571},"233":{"node_type":"multimarker","x":880.9589549151369,"y":1527.2081403965071},"242":{"node_type":"multimarker","x":1308.6092147827148,"y":-880.8612403869629},"243":{"node_type":"midmarker","x":1288.6092147827148,"y":-880.8612403869629},"244":{"node_type":"multimarker","x":1268.6092147827148,"y":-880.8612403869629},"245":{"node_type":"metabolite","x":1393.6092147827148,"y":-960.8612403869629,"bigg_id":"h2o_c","name":"H2O","label_x":1366.6092147827148,"label_y":-980.8612403869629,"node_is_primary":false},"246":{"node_type":"metabolite","x":1393.6092147827148,"y":-800.8612403869629,"bigg_id":"atp_c","name":"ATP","label_x":1366.6092147827148,"label_y":-760.8612403869629,"node_is_primary":false},"247":{"node_type":"metabolite","x":1183.6092147827148,"y":-960.8612403869629,"bigg_id":"ppi_c","name":"Diphosphate","label_x":1156.6092147827148,"label_y":-980.8612403869629,"node_is_primary":false},"249":{"node_type":"metabolite","x":1183.6092147827148,"y":-800.8612403869629,"bigg_id":"pi_c","name":"Phosphate","label_x":1162.009214782715,"label_y":-760.8612403869629,"node_is_primary":false},"256":{"node_type":"multimarker","x":2011.1872340289065,"y":1019.1359358066634},"257":{"node_type":"midmarker","x":2011.1872340289065,"y":1039.1359358066634},"258":{"node_type":"multimarker","x":2011.1872340289065,"y":1059.1359358066634},"259":{"node_type":"metabolite","x":1931.1872340289065,"y":934.1359358066634,"bigg_id":"h2o2_c","name":"Hydrogen peroxide","label_x":1877.1872340289065,"label_y":964.1359358066634,"node_is_primary":false},"260":{"node_type":"metabolite","x":1931.1872340289065,"y":1144.1359358066634,"bigg_id":"h2o_c","name":"H2O","label_x":1886.1872340289065,"label_y":1174.1359358066634,"node_is_primary":false},"262":{"node_type":"multimarker","x":2489.6911402789065,"y":1022.0185041660384},"263":{"node_type":"midmarker","x":2489.6911402789065,"y":1042.0185041660384},"264":{"node_type":"multimarker","x":2489.6911402789065,"y":1062.0185041660384},"266":{"node_type":"metabolite","x":2409.6911402789065,"y":937.0185041660383,"bigg_id":"h2o2_c","name":"Hydrogen peroxide","label_x":2355.6911402789065,"label_y":967.0185041660383,"node_is_primary":false},"267":{"node_type":"metabolite","x":2421.221291646094,"y":1158.5487776035384,"bigg_id":"h2o_c","name":"H2O","label_x":2376.221291646094,"label_y":1188.5487776035384,"node_is_primary":false},"268":{"node_type":"multimarker","x":2403.9129791259766,"y":435.9469871520996},"269":{"node_type":"midmarker","x":2423.9129791259766,"y":435.9469871520996},"270":{"node_type":"multimarker","x":2443.9129791259766,"y":435.9469871520996},"271":{"node_type":"metabolite","x":2318.9129791259766,"y":515.9469871520996,"bigg_id":"h2o_c","name":"H2O","label_x":2291.9129791259766,"label_y":555.9469871520996,"node_is_primary":false},"272":{"node_type":"metabolite","x":2528.9129791259766,"y":515.9469871520996,"bigg_id":"ade_c","name":"Adenine","label_x":2501.9129791259766,"label_y":555.9469871520996,"node_is_primary":false},"273":{"node_type":"metabolite","x":2661.8814849853516,"y":438.94546127319336,"bigg_id":"rhcys_c","name":"S-Ribosyl-L-homocysteine","label_x":2624.0814849853514,"label_y":478.94546127319336,"node_is_primary":true},"274":{"node_type":"multimarker","x":2661.8814849853516,"y":283.94546127319336},"275":{"node_type":"midmarker","x":2661.8814849853516,"y":263.94546127319336},"276":{"node_type":"multimarker","x":2661.8814849853516,"y":243.94546127319336},"277":{"node_type":"metabolite","x":2741.8814849853516,"y":158.94546127319336,"bigg_id":"hcys__L_c","name":"L-Homocysteine","label_x":2756.8814849853516,"label_y":158.94546127319336,"node_is_primary":false},"278":{"node_type":"metabolite","x":2661.8814849853516,"y":88.94546127319336,"bigg_id":"dhptd_c","name":"4,5-dihydroxy-2,3-pentanedione","label_x":2686.8814849853516,"label_y":88.94546127319336,"node_is_primary":true},"279":{"node_type":"multimarker","x":2661.8814849853516,"y":-66.05453872680664},"280":{"node_type":"midmarker","x":2661.8814849853516,"y":-86.05453872680664},"281":{"node_type":"multimarker","x":2661.8814849853516,"y":-106.05453872680664},"282":{"node_type":"metabolite","x":2661.8814849853516,"y":-261.05453872680664,"bigg_id":"mdhdhf_c","name":"(2R,4S)-2-methyl-2,4-dihydroxydihydrofuran-3-one","label_x":2686.8814849853516,"label_y":-261.05453872680664,"node_is_primary":true},"283":{"node_type":"multimarker","x":2661.8814849853516,"y":-416.05453872680664},"284":{"node_type":"midmarker","x":2661.8814849853516,"y":-436.05453872680664},"285":{"node_type":"multimarker","x":2661.8814849853516,"y":-456.05453872680664},"286":{"node_type":"metabolite","x":2741.8814849853516,"y":-331.05453872680664,"bigg_id":"h2o_c","name":"H2O","label_x":2756.8814849853516,"label_y":-331.05453872680664,"node_is_primary":false},"287":{"node_type":"metabolite","x":2661.8814849853516,"y":-611.0545387268066,"bigg_id":"mththf_c","name":"(2R,4S)-2-methyl-2,3,3,4-tetrahydroxytetrahydrofuran","label_x":2686.8814849853516,"label_y":-611.0545387268066,"node_is_primary":true},"288":{"node_type":"multimarker","x":2661.8814849853516,"y":-766.0545387268066},"289":{"node_type":"midmarker","x":2661.8814849853516,"y":-786.0545387268066},"290":{"node_type":"multimarker","x":2661.8814849853516,"y":-806.0545387268066}},"text_labels":{"0":{"x":-238.0001220703125,"y":655.9999389648438,"text":"L-Cysteine"},"1":{"x":2056.62841796875,"y":673.092041015625,"text":"L-Methionine"},"2":{"x":910.9585113525391,"y":-628.1168823242188,"text":"L-Tyrosine"},"3":{"x":134.15392684936523,"y":1242.9053955078125,"text":"Extracellular"},"4":{"x":530.4013667106628,"y":1539.6466064453125,"text":"Extracellular"},"6":{"x":13.325088500976562,"y":1301.54296875,"text":" L-Methionine Sulfoxide"},"7":{"x":377.58850860595703,"y":1596.50732421875,"text":"L-methionine-R-sulfoxide"},"8":{"x":1957.2424226999283,"y":-906.1285095214844,"text":"Extracellular"},"9":{"x":1957.2423782348633,"y":-850.1144714355469,"text":"L-Methionine"},"10":{"x":2602.709716796875,"y":-848.3929138183594,"text":"Sink"},"11":{"x":827.7100219726562,"y":-1086.7669677734375,"text":"METHIONINE METABOLISM SUBSYSTEM"}},"canvas":{"x":-269.06243896484375,"y":-1171.7000427246094,"width":3172.2880249023438,"height":2926.2898864746094}}]