[{"map_name":"new_map","map_id":"iMEnPq8BPyjf","map_description":"\nLast Modified Tue Oct 10 2017 19:15:01 GMT-0600 (Mountain Daylight Time)","homepage":"https://escher.github.io","schema":"https://escher.github.io/escher/jsonschema/1-0-0#"},{"reactions":{"3":{"name":"3-dehydroquinate dehydratase, irreversible","bigg_id":"DHQTi","reversibility":false,"label_x":-814.998046875,"label_y":435.991943359375,"gene_reaction_rule":"b1693","genes":[{"notes":{"original_bigg_ids":["b1693"]},"name":"aroD","bigg_id":"b1693"}],"metabolites":[{"bigg_id":"3dhsk_c","coefficient":1},{"bigg_id":"h2o_c","coefficient":1},{"bigg_id":"3dhq_c","coefficient":-1}],"segments":{"19":{"from_node_id":"21","to_node_id":"22","b1":null,"b2":null},"20":{"from_node_id":"23","to_node_id":"22","b1":null,"b2":null},"21":{"from_node_id":"23","to_node_id":"24","b1":{"x":-699,"y":459.99993896484375},"b2":{"x":-644.75,"y":459.99993896484375}},"22":{"from_node_id":"23","to_node_id":"25","b1":{"x":-695,"y":459.99993896484375},"b2":{"x":-689.75,"y":477.99993896484375}},"23":{"from_node_id":"21","to_node_id":"19","b1":{"x":-823,"y":459.99993896484375},"b2":{"x":-877.25,"y":459.99993896484375}}}},"4":{"name":"Shikimate dehydrogenase","bigg_id":"SHK3Dr","reversibility":true,"label_x":-458.7898254394531,"label_y":434.0633239746094,"gene_reaction_rule":"b1692 or b3281","genes":[{"notes":{"original_bigg_ids":["b1692"]},"name":"ydiB","bigg_id":"b1692"},{"notes":{"original_bigg_ids":["b3281"]},"name":"aroE","bigg_id":"b3281"}],"metabolites":[{"bigg_id":"3dhsk_c","coefficient":-1},{"bigg_id":"nadph_c","coefficient":-1},{"bigg_id":"nadp_c","coefficient":1},{"bigg_id":"skm_c","coefficient":1},{"bigg_id":"h_c","coefficient":-1}],"segments":{"24":{"from_node_id":"26","to_node_id":"27","b1":null,"b2":null},"25":{"from_node_id":"28","to_node_id":"27","b1":null,"b2":null},"26":{"from_node_id":"26","to_node_id":"24","b1":{"x":-473,"y":459.99993896484375},"b2":{"x":-527.25,"y":459.99993896484375}},"27":{"from_node_id":"26","to_node_id":"29","b1":{"x":-477,"y":459.99993896484375},"b2":{"x":-482.25,"y":441.99993896484375}},"28":{"from_node_id":"28","to_node_id":"30","b1":{"x":-345,"y":459.99993896484375},"b2":{"x":-339.75,"y":477.99993896484375}},"29":{"from_node_id":"28","to_node_id":"31","b1":{"x":-349,"y":459.99993896484375},"b2":{"x":-294.75,"y":459.99993896484375}},"30":{"from_node_id":"26","to_node_id":"32","b1":{"x":-477,"y":459.99993896484375},"b2":{"x":-482.25,"y":477.99993896484375}}}},"5":{"name":"Shikimate kinase","bigg_id":"SHKK","reversibility":false,"label_x":-103.59728240966797,"label_y":434.2080993652344,"gene_reaction_rule":"b3390 or b0388","genes":[{"notes":{"original_bigg_ids":["b3390"]},"name":"aroK","bigg_id":"b3390"},{"notes":{"original_bigg_ids":["b0388"]},"name":"aroL","bigg_id":"b0388"}],"metabolites":[{"bigg_id":"adp_c","coefficient":1},{"bigg_id":"skm_c","coefficient":-1},{"bigg_id":"h_c","coefficient":1},{"bigg_id":"atp_c","coefficient":-1},{"bigg_id":"skm5p_c","coefficient":1}],"segments":{"31":{"from_node_id":"33","to_node_id":"34","b1":null,"b2":null},"32":{"from_node_id":"35","to_node_id":"34","b1":null,"b2":null},"33":{"from_node_id":"35","to_node_id":"36","b1":{"x":5,"y":459.99993896484375},"b2":{"x":10.25,"y":441.99993896484375}},"34":{"from_node_id":"33","to_node_id":"31","b1":{"x":-123,"y":459.99993896484375},"b2":{"x":-177.25,"y":459.99993896484375}},"35":{"from_node_id":"35","to_node_id":"37","b1":{"x":5,"y":459.99993896484375},"b2":{"x":10.25,"y":477.99993896484375}},"36":{"from_node_id":"33","to_node_id":"38","b1":{"x":-127,"y":459.99993896484375},"b2":{"x":-132.25,"y":477.99993896484375}},"37":{"from_node_id":"35","to_node_id":"39","b1":{"x":1,"y":459.99993896484375},"b2":{"x":55.25,"y":459.99993896484375}}}},"6":{"name":"3-phosphoshikimate 1-carboxyvinyltransferase","bigg_id":"PSCVT","reversibility":true,"label_x":233.66665649414062,"label_y":434.8053894042969,"gene_reaction_rule":"b0908","genes":[{"notes":{"original_bigg_ids":["b0908"]},"name":"aroA","bigg_id":"b0908"}],"metabolites":[{"bigg_id":"pep_c","coefficient":-1},{"bigg_id":"pi_c","coefficient":1},{"bigg_id":"skm5p_c","coefficient":-1},{"bigg_id":"3psme_c","coefficient":1}],"segments":{"38":{"from_node_id":"40","to_node_id":"41","b1":null,"b2":null},"39":{"from_node_id":"42","to_node_id":"41","b1":null,"b2":null},"40":{"from_node_id":"40","to_node_id":"43","b1":{"x":223,"y":459.99993896484375},"b2":{"x":217.75,"y":477.99993896484375}},"41":{"from_node_id":"42","to_node_id":"44","b1":{"x":355,"y":459.99993896484375},"b2":{"x":360.25,"y":477.99993896484375}},"42":{"from_node_id":"40","to_node_id":"39","b1":{"x":227,"y":459.99993896484375},"b2":{"x":172.75,"y":459.99993896484375}},"43":{"from_node_id":"42","to_node_id":"45","b1":{"x":351,"y":459.99993896484375},"b2":{"x":405.25,"y":459.99993896484375}}}},"7":{"name":"Chorismate synthase","bigg_id":"CHORS","reversibility":false,"label_x":573.5972900390625,"label_y":438.94415283203125,"gene_reaction_rule":"b2329","genes":[{"notes":{"original_bigg_ids":["b2329"]},"name":"aroC","bigg_id":"b2329"}],"metabolites":[{"bigg_id":"chor_c","coefficient":1},{"bigg_id":"pi_c","coefficient":1},{"bigg_id":"3psme_c","coefficient":-1}],"segments":{"44":{"from_node_id":"46","to_node_id":"47","b1":null,"b2":null},"45":{"from_node_id":"48","to_node_id":"47","b1":null,"b2":null},"46":{"from_node_id":"48","to_node_id":"49","b1":{"x":701,"y":459.99993896484375},"b2":{"x":755.25,"y":459.99993896484375}},"47":{"from_node_id":"48","to_node_id":"50","b1":{"x":705,"y":459.99993896484375},"b2":{"x":710.25,"y":477.99993896484375}},"48":{"from_node_id":"46","to_node_id":"45","b1":{"x":577,"y":459.99993896484375},"b2":{"x":522.75,"y":459.99993896484375}}}},"8":{"name":"Anthranilate synthase","bigg_id":"ANS","reversibility":false,"label_x":829,"label_y":302.99993896484375,"gene_reaction_rule":"b1263 and b1264","genes":[{"notes":{"original_bigg_ids":["b1263"]},"name":"trpD","bigg_id":"b1263"},{"notes":{"original_bigg_ids":["b1264"]},"name":"trpE","bigg_id":"b1264"}],"metabolites":[{"bigg_id":"anth_c","coefficient":1},{"bigg_id":"pyr_c","coefficient":1},{"bigg_id":"chor_c","coefficient":-1},{"bigg_id":"h_c","coefficient":1},{"bigg_id":"glu__L_c","coefficient":1},{"bigg_id":"gln__L_c","coefficient":-1}],"segments":{"49":{"from_node_id":"51","to_node_id":"52","b1":null,"b2":null},"50":{"from_node_id":"53","to_node_id":"52","b1":null,"b2":null},"51":{"from_node_id":"53","to_node_id":"54","b1":{"x":814,"y":222.99993896484375},"b2":{"x":814,"y":108.7799072265625}},"52":{"from_node_id":"53","to_node_id":"55","b1":{"x":814,"y":218.99993896484375},"b2":{"x":796,"y":213.74993896484375}},"53":{"from_node_id":"51","to_node_id":"49","b1":{"x":814,"y":346.99993896484375},"b2":{"x":814,"y":401.24993896484375}},"54":{"from_node_id":"53","to_node_id":"56","b1":{"x":814,"y":218.99993896484375},"b2":{"x":832,"y":213.74993896484375}},"55":{"from_node_id":"53","to_node_id":"57","b1":{"x":814,"y":218.99993896484375},"b2":{"x":850,"y":228.74993896484375}},"56":{"from_node_id":"51","to_node_id":"58","b1":{"x":814,"y":350.99993896484375},"b2":{"x":832,"y":356.24993896484375}}}},"9":{"name":"Anthranilate phosphoribosyltransferase","bigg_id":"ANPRT","reversibility":false,"label_x":829,"label_y":-138.95809936523438,"gene_reaction_rule":"b1263","genes":[{"notes":{"original_bigg_ids":["b1263"]},"name":"trpD","bigg_id":"b1263"}],"metabolites":[{"bigg_id":"anth_c","coefficient":-1},{"bigg_id":"ppi_c","coefficient":1},{"bigg_id":"prpp_c","coefficient":-1},{"bigg_id":"pran_c","coefficient":1}],"segments":{"57":{"from_node_id":"59","to_node_id":"60","b1":null,"b2":null},"58":{"from_node_id":"61","to_node_id":"60","b1":null,"b2":null},"59":{"from_node_id":"59","to_node_id":"54","b1":{"x":814,"y":-86.95809936523438},"b2":{"x":814,"y":-8.7200927734375}},"60":{"from_node_id":"61","to_node_id":"62","b1":{"x":814,"y":-214.95809936523438},"b2":{"x":832,"y":-220.20809936523438}},"61":{"from_node_id":"59","to_node_id":"63","b1":{"x":814,"y":-82.95809936523438},"b2":{"x":832,"y":-77.70809936523438}},"62":{"from_node_id":"61","to_node_id":"64","b1":{"x":814,"y":-210.95809936523438},"b2":{"x":814,"y":-265.2080993652344}}}},"10":{"name":"Phosphoribosylanthranilate isomerase (irreversible)","bigg_id":"PRAIi","reversibility":false,"label_x":939,"label_y":-345.3335876464844,"gene_reaction_rule":"b1262","genes":[{"notes":{"original_bigg_ids":["b1262"]},"name":"trpC","bigg_id":"b1262"}],"metabolites":[{"bigg_id":"2cpr5p_c","coefficient":1},{"bigg_id":"pran_c","coefficient":-1}],"segments":{"63":{"from_node_id":"65","to_node_id":"66","b1":null,"b2":null},"64":{"from_node_id":"67","to_node_id":"66","b1":null,"b2":null},"65":{"from_node_id":"67","to_node_id":"68","b1":{"x":1051,"y":-323.9580993652344},"b2":{"x":1105.25,"y":-323.9580993652344}},"66":{"from_node_id":"65","to_node_id":"64","b1":{"x":927,"y":-323.9580993652344},"b2":{"x":872.75,"y":-323.9580993652344}}}},"11":{"name":"Indole-3-glycerol-phosphate synthase","bigg_id":"IGPS","reversibility":false,"label_x":1297.2774658203125,"label_y":-349.4723815917969,"gene_reaction_rule":"b1262","genes":[{"notes":{"original_bigg_ids":["b1262"]},"name":"trpC","bigg_id":"b1262"}],"metabolites":[{"bigg_id":"h2o_c","coefficient":1},{"bigg_id":"co2_c","coefficient":1},{"bigg_id":"h_c","coefficient":-1},{"bigg_id":"2cpr5p_c","coefficient":-1},{"bigg_id":"3ig3p_c","coefficient":1}],"segments":{"67":{"from_node_id":"69","to_node_id":"70","b1":null,"b2":null},"68":{"from_node_id":"71","to_node_id":"70","b1":null,"b2":null},"69":{"from_node_id":"71","to_node_id":"72","b1":{"x":1405,"y":-323.9580993652344},"b2":{"x":1410.25,"y":-341.9580993652344}},"70":{"from_node_id":"71","to_node_id":"73","b1":{"x":1405,"y":-323.9580993652344},"b2":{"x":1410.25,"y":-305.9580993652344}},"71":{"from_node_id":"69","to_node_id":"74","b1":{"x":1273,"y":-323.9580993652344},"b2":{"x":1267.75,"y":-305.9580993652344}},"72":{"from_node_id":"69","to_node_id":"68","b1":{"x":1277,"y":-323.9580993652344},"b2":{"x":1222.75,"y":-323.9580993652344}},"73":{"from_node_id":"71","to_node_id":"75","b1":{"x":1401,"y":-323.9580993652344},"b2":{"x":1455.25,"y":-323.9580993652344}}}},"12":{"name":"Tryptophan synthase (indoleglycerol phosphate)","bigg_id":"TRPS1","reversibility":false,"label_x":1984.7918701171875,"label_y":-690.8723907470703,"gene_reaction_rule":"b1260 and b1261","genes":[{"notes":{"original_bigg_ids":["b1260"]},"name":"trpA","bigg_id":"b1260"},{"notes":{"original_bigg_ids":["b1261"]},"name":"trpB","bigg_id":"b1261"}],"metabolites":[{"bigg_id":"h2o_c","coefficient":1},{"bigg_id":"ser__L_c","coefficient":-1},{"bigg_id":"g3p_c","coefficient":1},{"bigg_id":"trp__L_c","coefficient":1},{"bigg_id":"3ig3p_c","coefficient":-1}],"segments":{"74":{"from_node_id":"76","to_node_id":"77","b1":null,"b2":null},"75":{"from_node_id":"78","to_node_id":"77","b1":null,"b2":null},"76":{"from_node_id":"78","to_node_id":"79","b1":{"x":2100.7918701171875,"y":-650.8723907470703},"b2":{"x":2106.0418701171875,"y":-668.8723907470703}},"77":{"from_node_id":"76","to_node_id":"80","b1":{"x":1966.125244140625,"y":-648.2057342529297},"b2":{"x":1952.8751220703125,"y":-675.5390167236328}},"78":{"from_node_id":"78","to_node_id":"81","b1":{"x":2100.7918701171875,"y":-650.8723907470703},"b2":{"x":2106.0418701171875,"y":-632.8723907470703}},"79":{"from_node_id":"78","to_node_id":"82","b1":{"x":2240.7918701171875,"y":-658.8723907470703},"b2":{"x":2521.9842529296875,"y":-524.0490264892578}},"80":{"from_node_id":"76","to_node_id":"75","b1":{"x":1756.7919921875,"y":-664.2057037353516},"b2":{"x":1552.930908203125,"y":-418.95677185058594}}}},"13":{"name":"Tryptophan synthase (indoleglycerol phosphate)","bigg_id":"TRPS3","reversibility":false,"label_x":1659.1387939453125,"label_y":-59.262210845947266,"gene_reaction_rule":"b1260 and b1261","genes":[{"notes":{"original_bigg_ids":["b1260"]},"name":"trpA","bigg_id":"b1260"},{"notes":{"original_bigg_ids":["b1261"]},"name":"trpB","bigg_id":"b1261"}],"metabolites":[{"bigg_id":"3ig3p_c","coefficient":-1},{"bigg_id":"g3p_c","coefficient":1},{"bigg_id":"indole_c","coefficient":1}],"segments":{"81":{"from_node_id":"83","to_node_id":"84","b1":null,"b2":null},"82":{"from_node_id":"85","to_node_id":"84","b1":null,"b2":null},"83":{"from_node_id":"83","to_node_id":"75","b1":{"x":1542.2640380859375,"y":-38.266772508621216},"b2":{"x":1522.0833740234375,"y":-267.9580993652344}},"84":{"from_node_id":"85","to_node_id":"86","b1":{"x":1771,"y":-39.95610427856445},"b2":{"x":1776.25,"y":-21.956104278564453}},"85":{"from_node_id":"85","to_node_id":"87","b1":{"x":1767,"y":-39.95610427856445},"b2":{"x":1893.25,"y":-43.95810317993164}}}},"14":{"name":"Tryptophan synthase (indole)","bigg_id":"TRPS2","reversibility":false,"label_x":2221.597412109375,"label_y":-72.73632431030273,"gene_reaction_rule":"b1260 and b1261","genes":[{"notes":{"original_bigg_ids":["b1260"]},"name":"trpA","bigg_id":"b1260"},{"notes":{"original_bigg_ids":["b1261"]},"name":"trpB","bigg_id":"b1261"}],"metabolites":[{"bigg_id":"ser__L_c","coefficient":-1},{"bigg_id":"h2o_c","coefficient":1},{"bigg_id":"trp__L_c","coefficient":1},{"bigg_id":"indole_c","coefficient":-1}],"segments":{"86":{"from_node_id":"88","to_node_id":"89","b1":null,"b2":null},"87":{"from_node_id":"90","to_node_id":"89","b1":null,"b2":null},"88":{"from_node_id":"88","to_node_id":"91","b1":{"x":2207.666748046875,"y":-49.291439056396484},"b2":{"x":2202.416748046875,"y":-31.291439056396484}},"89":{"from_node_id":"90","to_node_id":"92","b1":{"x":2339.666748046875,"y":-49.291439056396484},"b2":{"x":2344.916748046875,"y":-31.291439056396484}},"90":{"from_node_id":"90","to_node_id":"82","b1":{"x":2514.33349609375,"y":-49.291439056396484},"b2":{"x":2563.25,"y":-281.2914276123047}},"91":{"from_node_id":"88","to_node_id":"87","b1":{"x":2211.666748046875,"y":-49.291439056396484},"b2":{"x":2010.75,"y":-43.95810317993164}}}},"15":{"name":"Tryptophanase (L-tryptophan)","bigg_id":"TRPAS2","reversibility":true,"label_x":2130.182373046875,"label_y":-284.9049987792969,"gene_reaction_rule":"b3708","genes":[{"notes":{"original_bigg_ids":["b3708"]},"name":"tnaA","bigg_id":"b3708"}],"metabolites":[{"bigg_id":"h2o_c","coefficient":-1},{"bigg_id":"pyr_c","coefficient":1},{"bigg_id":"indole_c","coefficient":1},{"bigg_id":"trp__L_c","coefficient":-1},{"bigg_id":"nh4_c","coefficient":1}],"segments":{"92":{"from_node_id":"94","to_node_id":"95","b1":null,"b2":null},"93":{"from_node_id":"96","to_node_id":"95","b1":null,"b2":null},"94":{"from_node_id":"94","to_node_id":"97","b1":{"x":2248.251708984375,"y":-342.1662902832031},"b2":{"x":2253.501708984375,"y":-324.1662902832031}},"95":{"from_node_id":"96","to_node_id":"98","b1":{"x":2116.251708984375,"y":-342.1662902832031},"b2":{"x":2111.001708984375,"y":-360.1662902832031}},"96":{"from_node_id":"96","to_node_id":"87","b1":{"x":1909.5850830078125,"y":-344.8329620361328},"b2":{"x":1973.4166259765625,"y":-102.62476921081543}},"97":{"from_node_id":"94","to_node_id":"82","b1":{"x":2244.251708984375,"y":-342.1662902832031},"b2":{"x":2484.583251953125,"y":-335.95811462402344}},"98":{"from_node_id":"96","to_node_id":"100","b1":{"x":2118.91845703125,"y":-328.83294677734375},"b2":{"x":2111.001708984375,"y":-324.1662902832031}}}},"16":{"name":"Chorismate mutase","bigg_id":"CHORM","reversibility":false,"label_x":829,"label_y":644.9999389648438,"gene_reaction_rule":"b2599 or b2600","genes":[{"notes":{"original_bigg_ids":["b2599"]},"name":"pheA","bigg_id":"b2599"},{"notes":{"original_bigg_ids":["b2600"]},"name":"tyrA","bigg_id":"b2600"}],"metabolites":[{"bigg_id":"pphn_c","coefficient":1},{"bigg_id":"chor_c","coefficient":-1}],"segments":{"99":{"from_node_id":"101","to_node_id":"102","b1":null,"b2":null},"100":{"from_node_id":"103","to_node_id":"102","b1":null,"b2":null},"101":{"from_node_id":"103","to_node_id":"104","b1":{"x":814,"y":696.9999389648438},"b2":{"x":814,"y":747.251953125}},"102":{"from_node_id":"101","to_node_id":"49","b1":{"x":814,"y":572.9999389648438},"b2":{"x":814,"y":518.7499389648438}}}},"17":{"name":"Prephenate dehydrogenase","bigg_id":"PPND","reversibility":false,"label_x":1082.927978515625,"label_y":780.4876708984375,"gene_reaction_rule":"b2600","genes":[{"notes":{"original_bigg_ids":["b2600"]},"name":"tyrA","bigg_id":"b2600"}],"metabolites":[{"bigg_id":"34hpp_c","coefficient":1},{"bigg_id":"nadh_c","coefficient":1},{"bigg_id":"co2_c","coefficient":1},{"bigg_id":"pphn_c","coefficient":-1},{"bigg_id":"nad_c","coefficient":-1}],"segments":{"103":{"from_node_id":"105","to_node_id":"106","b1":null,"b2":null},"104":{"from_node_id":"107","to_node_id":"106","b1":null,"b2":null},"105":{"from_node_id":"107","to_node_id":"108","b1":{"x":1194.927978515625,"y":806.001953125},"b2":{"x":1249.177978515625,"y":806.001953125}},"106":{"from_node_id":"107","to_node_id":"109","b1":{"x":1198.927978515625,"y":806.001953125},"b2":{"x":1204.177978515625,"y":788.001953125}},"107":{"from_node_id":"107","to_node_id":"110","b1":{"x":1198.927978515625,"y":806.001953125},"b2":{"x":1204.177978515625,"y":824.001953125}},"108":{"from_node_id":"105","to_node_id":"104","b1":{"x":1070.927978515625,"y":806.001953125},"b2":{"x":872.75,"y":806.001953125}},"109":{"from_node_id":"105","to_node_id":"111","b1":{"x":1066.927978515625,"y":806.001953125},"b2":{"x":1061.677978515625,"y":824.001953125}}}},"18":{"name":"Tyrosine transaminase","bigg_id":"TYRTA","reversibility":true,"label_x":1470.838623046875,"label_y":780.4876708984375,"gene_reaction_rule":"b4054 or b0928","genes":[{"notes":{"original_bigg_ids":["b4054"]},"name":"tyrB","bigg_id":"b4054"},{"notes":{"original_bigg_ids":["b0928"]},"name":"aspC","bigg_id":"b0928"}],"metabolites":[{"bigg_id":"akg_c","coefficient":-1},{"bigg_id":"34hpp_c","coefficient":1},{"bigg_id":"glu__L_c","coefficient":1},{"bigg_id":"tyr__L_c","coefficient":-1}],"segments":{"110":{"from_node_id":"112","to_node_id":"113","b1":null,"b2":null},"111":{"from_node_id":"114","to_node_id":"113","b1":null,"b2":null},"112":{"from_node_id":"112","to_node_id":"115","b1":{"x":1588.907958984375,"y":806.001953125},"b2":{"x":1594.157958984375,"y":824.001953125}},"113":{"from_node_id":"114","to_node_id":"108","b1":{"x":1460.907958984375,"y":806.001953125},"b2":{"x":1366.677978515625,"y":806.001953125}},"114":{"from_node_id":"114","to_node_id":"116","b1":{"x":1456.907958984375,"y":806.001953125},"b2":{"x":1451.657958984375,"y":824.001953125}},"115":{"from_node_id":"112","to_node_id":"117","b1":{"x":1584.907958984375,"y":806.001953125},"b2":{"x":1739.10791015625,"y":802.00390625}}}},"19":{"name":"Prephenate dehydratase","bigg_id":"PPNDH","reversibility":false,"label_x":832.9979858398438,"label_y":1030.98193359375,"gene_reaction_rule":"b2599","genes":[{"notes":{"original_bigg_ids":["b2599"]},"name":"pheA","bigg_id":"b2599"}],"metabolites":[{"bigg_id":"phpyr_c","coefficient":1},{"bigg_id":"pphn_c","coefficient":-1},{"bigg_id":"co2_c","coefficient":1},{"bigg_id":"h2o_c","coefficient":1},{"bigg_id":"h_c","coefficient":-1}],"segments":{"116":{"from_node_id":"118","to_node_id":"119","b1":null,"b2":null},"117":{"from_node_id":"120","to_node_id":"119","b1":null,"b2":null},"118":{"from_node_id":"120","to_node_id":"121","b1":{"x":817.9979858398438,"y":1082.98193359375},"b2":{"x":817.9979858398438,"y":1181.2099609375}},"119":{"from_node_id":"118","to_node_id":"104","b1":{"x":817.9979858398438,"y":958.98193359375},"b2":{"x":814,"y":864.751953125}},"120":{"from_node_id":"120","to_node_id":"122","b1":{"x":817.9979858398438,"y":1086.98193359375},"b2":{"x":835.9979858398438,"y":1092.23193359375}},"121":{"from_node_id":"120","to_node_id":"123","b1":{"x":817.9979858398438,"y":1086.98193359375},"b2":{"x":799.9979858398438,"y":1092.23193359375}},"122":{"from_node_id":"118","to_node_id":"124","b1":{"x":817.9979858398438,"y":954.98193359375},"b2":{"x":799.9979858398438,"y":949.73193359375}}}},"20":{"name":"Phenylalanine transaminase","bigg_id":"PHETA1","reversibility":true,"label_x":1088.5731201171875,"label_y":1210.4476318359375,"gene_reaction_rule":"b4054 or b0928 or b3770","genes":[{"notes":{"original_bigg_ids":["b4054"]},"name":"tyrB","bigg_id":"b4054"},{"notes":{"original_bigg_ids":["b0928"]},"name":"aspC","bigg_id":"b0928"},{"notes":{"original_bigg_ids":["b3770"]},"name":"ilvE","bigg_id":"b3770"}],"metabolites":[{"bigg_id":"phpyr_c","coefficient":1},{"bigg_id":"akg_c","coefficient":-1},{"bigg_id":"glu__L_c","coefficient":1},{"bigg_id":"phe__L_c","coefficient":-1}],"segments":{"123":{"from_node_id":"125","to_node_id":"126","b1":null,"b2":null},"124":{"from_node_id":"127","to_node_id":"126","b1":null,"b2":null},"125":{"from_node_id":"127","to_node_id":"121","b1":{"x":1086.9200439453125,"y":1235.9619140625},"b2":{"x":876.7479858398438,"y":1239.9599609375}},"126":{"from_node_id":"125","to_node_id":"128","b1":{"x":1214.9200439453125,"y":1235.9619140625},"b2":{"x":1220.1700439453125,"y":1253.9619140625}},"127":{"from_node_id":"127","to_node_id":"129","b1":{"x":1082.9200439453125,"y":1235.9619140625},"b2":{"x":1077.6700439453125,"y":1253.9619140625}},"128":{"from_node_id":"125","to_node_id":"130","b1":{"x":1210.9200439453125,"y":1235.9619140625},"b2":{"x":1533.0361328125,"y":1231.9639892578125}}}},"25":{"name":"Acetyl-CoA:anthranilate acetyltransferase","bigg_id":"ACANTHAT","reversibility":false,"label_x":441.073974609375,"label_y":101.98392772674563,"gene_reaction_rule":"b1463","genes":[{"notes":{"original_bigg_ids":["b1463"]},"name":"nhoA","bigg_id":"b1463"}],"metabolites":[{"bigg_id":"anth_c","coefficient":-1},{"bigg_id":"coa_c","coefficient":1},{"bigg_id":"accoa_c","coefficient":-1},{"bigg_id":"acanth_c","coefficient":1}],"segments":{"156":{"from_node_id":"161","to_node_id":"162","b1":null,"b2":null},"157":{"from_node_id":"163","to_node_id":"162","b1":null,"b2":null},"158":{"from_node_id":"161","to_node_id":"54","b1":{"x":589.0559692382812,"y":50.029907226562514},"b2":{"x":755.25,"y":50.02990722656251}},"159":{"from_node_id":"163","to_node_id":"164","b1":{"x":461.05596923828125,"y":50.02990722656253},"b2":{"x":455.80596923828125,"y":32.02990722656253}},"160":{"from_node_id":"161","to_node_id":"165","b1":{"x":593.0559692382812,"y":50.029907226562514},"b2":{"x":598.3059692382812,"y":32.029907226562514}},"161":{"from_node_id":"163","to_node_id":"166","b1":{"x":465.05596923828125,"y":50.02990722656253},"b2":{"x":306.8579559326172,"y":50.029907226562536}}}},"26":{"name":"Quinate dehydrogenase","bigg_id":"QUINDH","reversibility":true,"label_x":-921,"label_y":227.0339241027832,"gene_reaction_rule":"b1692","genes":[{"notes":{"original_bigg_ids":["b1692"]},"name":"ydiB","bigg_id":"b1692"}],"metabolites":[{"bigg_id":"quin_c","coefficient":-1},{"bigg_id":"3dhq_c","coefficient":1},{"bigg_id":"h_c","coefficient":2},{"bigg_id":"nad_c","coefficient":-1},{"bigg_id":"nadh_c","coefficient":1}],"segments":{"162":{"from_node_id":"167","to_node_id":"168","b1":null,"b2":null},"163":{"from_node_id":"169","to_node_id":"168","b1":null,"b2":null},"164":{"from_node_id":"167","to_node_id":"170","b1":{"x":-936,"y":155.0339241027832},"b2":{"x":-936,"y":72.79791736602783}},"165":{"from_node_id":"169","to_node_id":"19","b1":{"x":-936,"y":279.0339241027832},"b2":{"x":-936,"y":401.24993896484375}},"166":{"from_node_id":"169","to_node_id":"171","b1":{"x":-936,"y":283.0339241027832},"b2":{"x":-954,"y":288.2839241027832}},"167":{"from_node_id":"167","to_node_id":"172","b1":{"x":-936,"y":151.0339241027832},"b2":{"x":-918,"y":145.7839241027832}},"168":{"from_node_id":"169","to_node_id":"173","b1":{"x":-936,"y":283.0339241027832},"b2":{"x":-918,"y":288.2839241027832}}}},"28":{"name":"Phospho-L-tyrosine phosphatase (periplasmic)","bigg_id":"TYRPpp","reversibility":false,"label_x":2258.6806560858113,"label_y":837.8774941151261,"gene_reaction_rule":"b4055","genes":[{"notes":{"original_bigg_ids":["b4055"]},"name":"aphA","bigg_id":"b4055"}],"metabolites":[{"bigg_id":"pi_p","coefficient":1},{"bigg_id":"tyrp_p","coefficient":-1},{"bigg_id":"tyr__L_p","coefficient":1},{"bigg_id":"h2o_p","coefficient":-1}],"segments":{"175":{"from_node_id":"182","to_node_id":"183","b1":null,"b2":null},"176":{"from_node_id":"184","to_node_id":"183","b1":null,"b2":null},"177":{"from_node_id":"184","to_node_id":"185","b1":{"x":2250.678243299333,"y":790.3789057900804},"b2":{"x":2245.3036224727257,"y":772.415722581912}},"178":{"from_node_id":"182","to_node_id":"181","b1":{"x":2378.675169328413,"y":789.4918166704717},"b2":{"x":2432.9238664930817,"y":789.1158433522011}},"179":{"from_node_id":"184","to_node_id":"186","b1":{"x":2254.6781472377415,"y":790.3511842550924},"b2":{"x":2200.4294500730725,"y":790.7271575733637}},"180":{"from_node_id":"182","to_node_id":"187","b1":{"x":2382.6750732668215,"y":789.4640951354842},"b2":{"x":2387.800200278539,"y":771.4281428979733}}}},"29":{"name":"3-dehydroquinate synthase","bigg_id":"DHQS","reversibility":false,"label_x":-921,"label_y":644.9999389648438,"gene_reaction_rule":"b3389","genes":[{"notes":{"original_bigg_ids":["b3389"]},"name":"aroB","bigg_id":"b3389"}],"metabolites":[{"bigg_id":"3dhq_c","coefficient":1},{"bigg_id":"pi_c","coefficient":1},{"bigg_id":"2dda7p_c","coefficient":-1}],"segments":{"181":{"from_node_id":"188","to_node_id":"189","b1":null,"b2":null},"182":{"from_node_id":"190","to_node_id":"189","b1":null,"b2":null},"183":{"from_node_id":"190","to_node_id":"19","b1":{"x":-936,"y":572.9999389648438},"b2":{"x":-936,"y":518.7499389648438}},"184":{"from_node_id":"190","to_node_id":"191","b1":{"x":-936,"y":568.9999389648438},"b2":{"x":-954,"y":563.7499389648438}},"185":{"from_node_id":"188","to_node_id":"192","b1":{"x":-936,"y":696.9999389648438},"b2":{"x":-936,"y":699.5151977539062}}}},"30":{"name":"3-deoxy-D-arabino-heptulosonate 7-phosphate synthetase","bigg_id":"DDPA","reversibility":false,"label_x":-921,"label_y":943.2651977539062,"gene_reaction_rule":"b2601 or b0754 or b1704","genes":[{"notes":{"original_bigg_ids":["b2601"]},"name":"aroF","bigg_id":"b2601"},{"notes":{"original_bigg_ids":["b0754"]},"name":"aroG","bigg_id":"b0754"},{"notes":{"original_bigg_ids":["b1704"]},"name":"aroH","bigg_id":"b1704"}],"metabolites":[{"bigg_id":"pep_c","coefficient":-1},{"bigg_id":"e4p_c","coefficient":-1},{"bigg_id":"pi_c","coefficient":1},{"bigg_id":"2dda7p_c","coefficient":1},{"bigg_id":"h2o_c","coefficient":-1}],"segments":{"186":{"from_node_id":"193","to_node_id":"194","b1":null,"b2":null},"187":{"from_node_id":"195","to_node_id":"194","b1":null,"b2":null},"188":{"from_node_id":"193","to_node_id":"196","b1":{"x":-936,"y":999.2651977539062},"b2":{"x":-918,"y":1004.5151977539062}},"189":{"from_node_id":"193","to_node_id":"197","b1":{"x":-936,"y":995.2651977539062},"b2":{"x":-933.9306030273438,"y":1111.5968627929688}},"190":{"from_node_id":"195","to_node_id":"198","b1":{"x":-936,"y":867.2651977539062},"b2":{"x":-954,"y":862.0151977539062}},"191":{"from_node_id":"195","to_node_id":"192","b1":{"x":-936,"y":871.2651977539062},"b2":{"x":-936,"y":817.0151977539062}},"192":{"from_node_id":"193","to_node_id":"199","b1":{"x":-936,"y":999.2651977539062},"b2":{"x":-954,"y":1004.5151977539062}}}}},"nodes":{"19":{"node_type":"metabolite","x":-936,"y":459.99993896484375,"bigg_id":"3dhq_c","name":"3-Dehydroquinate","label_x":-1042.898046875,"label_y":464.53875732421875,"node_is_primary":true},"21":{"node_type":"multimarker","x":-781,"y":459.99993896484375},"22":{"node_type":"midmarker","x":-761,"y":459.99993896484375},"23":{"node_type":"multimarker","x":-741,"y":459.99993896484375},"24":{"node_type":"metabolite","x":-586,"y":459.99993896484375,"bigg_id":"3dhsk_c","name":"3-Dehydroshikimate","label_x":-627.7979858398437,"label_y":507.9959411621094,"node_is_primary":true},"25":{"node_type":"metabolite","x":-656,"y":539.9999389648438,"bigg_id":"h2o_c","name":"H2O","label_x":-683,"label_y":579.9999389648438,"node_is_primary":false},"26":{"node_type":"multimarker","x":-431,"y":459.99993896484375},"27":{"node_type":"midmarker","x":-411,"y":459.99993896484375},"28":{"node_type":"multimarker","x":-391,"y":459.99993896484375},"29":{"node_type":"metabolite","x":-516,"y":379.99993896484375,"bigg_id":"nadph_c","name":"Nicotinamide adenine dinucleotide phosphate - reduced","label_x":-553.8,"label_y":359.99993896484375,"node_is_primary":false},"30":{"node_type":"metabolite","x":-306,"y":539.9999389648438,"bigg_id":"nadp_c","name":"Nicotinamide adenine dinucleotide phosphate","label_x":-338.4,"label_y":579.9999389648438,"node_is_primary":false},"31":{"node_type":"metabolite","x":-236,"y":459.99993896484375,"bigg_id":"skm_c","name":"Shikimate","label_x":-266.9980010986328,"label_y":507.9959411621094,"node_is_primary":true},"32":{"node_type":"metabolite","x":-516,"y":539.9999389648438,"bigg_id":"h_c","name":"H+","label_x":-532.2,"label_y":579.9999389648438,"node_is_primary":false},"33":{"node_type":"multimarker","x":-81,"y":459.99993896484375},"34":{"node_type":"midmarker","x":-61,"y":459.99993896484375},"35":{"node_type":"multimarker","x":-41,"y":459.99993896484375},"36":{"node_type":"metabolite","x":44,"y":379.99993896484375,"bigg_id":"adp_c","name":"ADP","label_x":17,"label_y":359.99993896484375,"node_is_primary":false},"37":{"node_type":"metabolite","x":44,"y":539.9999389648438,"bigg_id":"h_c","name":"H+","label_x":27.8,"label_y":579.9999389648438,"node_is_primary":false},"38":{"node_type":"metabolite","x":-166,"y":539.9999389648438,"bigg_id":"atp_c","name":"ATP","label_x":-193,"label_y":579.9999389648438,"node_is_primary":false},"39":{"node_type":"metabolite","x":114,"y":459.99993896484375,"bigg_id":"skm5p_c","name":"Shikimate 5-phosphate","label_x":76.2,"label_y":507.9959411621094,"node_is_primary":true},"40":{"node_type":"multimarker","x":269,"y":459.99993896484375},"41":{"node_type":"midmarker","x":289,"y":459.99993896484375},"42":{"node_type":"multimarker","x":309,"y":459.99993896484375},"43":{"node_type":"metabolite","x":184,"y":539.9999389648438,"bigg_id":"pep_c","name":"Phosphoenolpyruvate","label_x":157,"label_y":579.9999389648438,"node_is_primary":false},"44":{"node_type":"metabolite","x":394,"y":539.9999389648438,"bigg_id":"pi_c","name":"Phosphate","label_x":372.4,"label_y":579.9999389648438,"node_is_primary":false},"45":{"node_type":"metabolite","x":464,"y":459.99993896484375,"bigg_id":"3psme_c","name":"5-O-(1-Carboxyvinyl)-3-phosphoshikimate","label_x":426.2,"label_y":507.9959411621094,"node_is_primary":true},"46":{"node_type":"multimarker","x":619,"y":459.99993896484375},"47":{"node_type":"midmarker","x":639,"y":459.99993896484375},"48":{"node_type":"multimarker","x":659,"y":459.99993896484375},"49":{"node_type":"metabolite","x":814,"y":459.99993896484375,"bigg_id":"chor_c","name":"Chorismate","label_x":853.5639892578125,"label_y":472.013916015625,"node_is_primary":true},"50":{"node_type":"metabolite","x":744,"y":539.9999389648438,"bigg_id":"pi_c","name":"Phosphate","label_x":722.4,"label_y":579.9999389648438,"node_is_primary":false},"51":{"node_type":"multimarker","x":814,"y":304.99993896484375},"52":{"node_type":"midmarker","x":814,"y":284.99993896484375},"53":{"node_type":"multimarker","x":814,"y":264.99993896484375},"54":{"node_type":"metabolite","x":814,"y":50.0299072265625,"bigg_id":"anth_c","name":"Anthranilate","label_x":839,"label_y":50.0299072265625,"node_is_primary":true},"55":{"node_type":"metabolite","x":734,"y":179.99993896484375,"bigg_id":"pyr_c","name":"Pyruvate","label_x":689,"label_y":209.99993896484375,"node_is_primary":false},"56":{"node_type":"metabolite","x":894,"y":179.99993896484375,"bigg_id":"h_c","name":"H+","label_x":909,"label_y":179.99993896484375,"node_is_primary":false},"57":{"node_type":"metabolite","x":974,"y":199.99993896484375,"bigg_id":"glu__L_c","name":"L-Glutamate","label_x":937.2652587890625,"label_y":243.45712280273438,"node_is_primary":false},"58":{"node_type":"metabolite","x":894,"y":389.99993896484375,"bigg_id":"gln__L_c","name":"L-Glutamine","label_x":857.2652587890625,"label_y":423.11016845703125,"node_is_primary":false},"59":{"node_type":"multimarker","x":814,"y":-128.95809936523438},"60":{"node_type":"midmarker","x":814,"y":-148.95809936523438},"61":{"node_type":"multimarker","x":814,"y":-168.95809936523438},"62":{"node_type":"metabolite","x":894,"y":-253.95809936523438,"bigg_id":"ppi_c","name":"Diphosphate","label_x":909,"label_y":-253.95809936523438,"node_is_primary":false},"63":{"node_type":"metabolite","x":894,"y":-43.958099365234375,"bigg_id":"prpp_c","name":"5-Phospho-alpha-D-ribose 1-diphosphate","label_x":909,"label_y":-43.958099365234375,"node_is_primary":false},"64":{"node_type":"metabolite","x":814,"y":-323.9580993652344,"bigg_id":"pran_c","name":"N-(5-Phospho-D-ribosyl)anthranilate","label_x":785.6666870117188,"label_y":-363.9580993652344,"node_is_primary":true},"65":{"node_type":"multimarker","x":969,"y":-323.9580993652344},"66":{"node_type":"midmarker","x":989,"y":-323.9580993652344},"67":{"node_type":"multimarker","x":1009,"y":-323.9580993652344},"68":{"node_type":"metabolite","x":1164,"y":-323.9580993652344,"bigg_id":"2cpr5p_c","name":"1-(2-Carboxyphenylamino)-1-deoxy-D-ribulose 5-phosphate","label_x":1120.8,"label_y":-271.964111328125,"node_is_primary":true},"69":{"node_type":"multimarker","x":1319,"y":-323.9580993652344},"70":{"node_type":"midmarker","x":1339,"y":-323.9580993652344},"71":{"node_type":"multimarker","x":1359,"y":-323.9580993652344},"72":{"node_type":"metabolite","x":1444,"y":-403.9580993652344,"bigg_id":"h2o_c","name":"H2O","label_x":1417,"label_y":-423.9580993652344,"node_is_primary":false},"73":{"node_type":"metabolite","x":1444,"y":-243.95809936523438,"bigg_id":"co2_c","name":"CO2","label_x":1417,"label_y":-203.95809936523438,"node_is_primary":false},"74":{"node_type":"metabolite","x":1234,"y":-243.95809936523438,"bigg_id":"h_c","name":"H+","label_x":1217.8,"label_y":-203.95809936523438,"node_is_primary":false},"75":{"node_type":"metabolite","x":1514,"y":-323.9580993652344,"bigg_id":"3ig3p_c","name":"C'-(3-Indolyl)-glycerol 3-phosphate","label_x":1540.2,"label_y":-299.9580993652344,"node_is_primary":true},"76":{"node_type":"multimarker","x":2014.7918701171875,"y":-650.8723907470703},"77":{"node_type":"midmarker","x":2034.7918701171875,"y":-650.8723907470703},"78":{"node_type":"multimarker","x":2054.7918701171875,"y":-650.8723907470703},"79":{"node_type":"metabolite","x":2139.7918701171875,"y":-730.8723907470703,"bigg_id":"h2o_c","name":"H2O","label_x":2112.7918701171875,"label_y":-750.8723907470703,"node_is_primary":false},"80":{"node_type":"metabolite","x":1929.791748046875,"y":-730.8723297119141,"bigg_id":"ser__L_c","name":"L-Serine","label_x":1886.591748046875,"label_y":-754.8723907470703,"node_is_primary":false},"81":{"node_type":"metabolite","x":2139.7918701171875,"y":-570.8723907470703,"bigg_id":"g3p_c","name":"Glyceraldehyde 3-phosphate","label_x":2152.7918701171875,"label_y":-562.8723907470703,"node_is_primary":false},"82":{"node_type":"metabolite","x":2580.0001220703125,"y":-343.9580841064453,"bigg_id":"trp__L_c","name":"L-Tryptophan","label_x":2461.2586181640627,"label_y":-300.69415283203125,"node_is_primary":true},"83":{"node_type":"multimarker","x":1685,"y":-39.95610427856445},"84":{"node_type":"midmarker","x":1705,"y":-39.95610427856445},"85":{"node_type":"multimarker","x":1725,"y":-39.95610427856445},"86":{"node_type":"metabolite","x":1810,"y":40.04389572143555,"bigg_id":"g3p_c","name":"Glyceraldehyde 3-phosphate","label_x":1783,"label_y":80.04389572143555,"node_is_primary":false},"87":{"node_type":"metabolite","x":1952,"y":-43.95810317993164,"bigg_id":"indole_c","name":"Indole","label_x":1908.8,"label_y":-3.9581031799316406,"node_is_primary":true},"88":{"node_type":"multimarker","x":2253.666748046875,"y":-49.291439056396484},"89":{"node_type":"midmarker","x":2273.666748046875,"y":-49.291439056396484},"90":{"node_type":"multimarker","x":2293.666748046875,"y":-49.291439056396484},"91":{"node_type":"metabolite","x":2168.666748046875,"y":30.708560943603516,"bigg_id":"ser__L_c","name":"L-Serine","label_x":2125.466748046875,"label_y":70.70856094360352,"node_is_primary":false},"92":{"node_type":"metabolite","x":2378.666748046875,"y":30.708560943603516,"bigg_id":"h2o_c","name":"H2O","label_x":2351.666748046875,"label_y":70.70856094360352,"node_is_primary":false},"94":{"node_type":"multimarker","x":2202.251708984375,"y":-342.1662902832031},"95":{"node_type":"midmarker","x":2182.251708984375,"y":-342.1662902832031},"96":{"node_type":"multimarker","x":2162.251708984375,"y":-342.1662902832031},"97":{"node_type":"metabolite","x":2287.251708984375,"y":-262.1662902832031,"bigg_id":"h2o_c","name":"H2O","label_x":2260.251708984375,"label_y":-222.16629028320312,"node_is_primary":false},"98":{"node_type":"metabolite","x":2077.251708984375,"y":-422.1662902832031,"bigg_id":"pyr_c","name":"Pyruvate","label_x":2004.91845703125,"label_y":-415.4996337890625,"node_is_primary":false},"100":{"node_type":"metabolite","x":2077.251708984375,"y":-262.1662902832031,"bigg_id":"nh4_c","name":"Ammonium","label_x":2050.251708984375,"label_y":-222.16629028320312,"node_is_primary":false},"101":{"node_type":"multimarker","x":814,"y":614.9999389648438},"102":{"node_type":"midmarker","x":814,"y":634.9999389648438},"103":{"node_type":"multimarker","x":814,"y":654.9999389648438},"104":{"node_type":"metabolite","x":814,"y":806.001953125,"bigg_id":"pphn_c","name":"Prephenate","label_x":835.0020141601562,"label_y":845.9819946289062,"node_is_primary":true},"105":{"node_type":"multimarker","x":1112.927978515625,"y":806.001953125},"106":{"node_type":"midmarker","x":1132.927978515625,"y":806.001953125},"107":{"node_type":"multimarker","x":1152.927978515625,"y":806.001953125},"108":{"node_type":"metabolite","x":1307.927978515625,"y":806.001953125,"bigg_id":"34hpp_c","name":"3-(4-Hydroxyphenyl)pyruvate","label_x":1270.127978515625,"label_y":846.001953125,"node_is_primary":true},"109":{"node_type":"metabolite","x":1237.927978515625,"y":726.001953125,"bigg_id":"nadh_c","name":"Nicotinamide adenine dinucleotide - reduced","label_x":1205.527978515625,"label_y":706.001953125,"node_is_primary":false},"110":{"node_type":"metabolite","x":1237.927978515625,"y":886.001953125,"bigg_id":"co2_c","name":"CO2","label_x":1210.927978515625,"label_y":926.001953125,"node_is_primary":false},"111":{"node_type":"metabolite","x":1027.927978515625,"y":886.001953125,"bigg_id":"nad_c","name":"Nicotinamide adenine dinucleotide","label_x":1000.927978515625,"label_y":926.001953125,"node_is_primary":false},"112":{"node_type":"multimarker","x":1542.907958984375,"y":806.001953125},"113":{"node_type":"midmarker","x":1522.907958984375,"y":806.001953125},"114":{"node_type":"multimarker","x":1502.907958984375,"y":806.001953125},"115":{"node_type":"metabolite","x":1627.907958984375,"y":886.001953125,"bigg_id":"akg_c","name":"2-Oxoglutarate","label_x":1600.907958984375,"label_y":926.001953125,"node_is_primary":false},"116":{"node_type":"metabolite","x":1417.907958984375,"y":886.001953125,"bigg_id":"glu__L_c","name":"L-Glutamate","label_x":1374.707958984375,"label_y":926.001953125,"node_is_primary":false},"117":{"node_type":"metabolite","x":1797.85791015625,"y":802.00390625,"bigg_id":"tyr__L_c","name":"L-Tyrosine","label_x":1754.65791015625,"label_y":842.00390625,"node_is_primary":true},"118":{"node_type":"multimarker","x":817.9979858398438,"y":1000.98193359375},"119":{"node_type":"midmarker","x":817.9979858398438,"y":1020.98193359375},"120":{"node_type":"multimarker","x":817.9979858398438,"y":1040.98193359375},"121":{"node_type":"metabolite","x":817.9979858398438,"y":1239.9599609375,"bigg_id":"phpyr_c","name":"Phenylpyruvate","label_x":787.0260009765625,"label_y":1287.9359130859375,"node_is_primary":true},"122":{"node_type":"metabolite","x":897.9979858398438,"y":1125.98193359375,"bigg_id":"co2_c","name":"CO2","label_x":912.9979858398438,"label_y":1125.98193359375,"node_is_primary":false},"123":{"node_type":"metabolite","x":737.9979858398438,"y":1125.98193359375,"bigg_id":"h2o_c","name":"H2O","label_x":692.9979858398438,"label_y":1155.98193359375,"node_is_primary":false},"124":{"node_type":"metabolite","x":737.9979858398438,"y":915.98193359375,"bigg_id":"h_c","name":"H+","label_x":710.9979858398438,"label_y":945.98193359375,"node_is_primary":false},"125":{"node_type":"multimarker","x":1168.9200439453125,"y":1235.9619140625},"126":{"node_type":"midmarker","x":1148.9200439453125,"y":1235.9619140625},"127":{"node_type":"multimarker","x":1128.9200439453125,"y":1235.9619140625},"128":{"node_type":"metabolite","x":1253.9200439453125,"y":1315.9619140625,"bigg_id":"akg_c","name":"2-Oxoglutarate","label_x":1226.9200439453125,"label_y":1355.9619140625,"node_is_primary":false},"129":{"node_type":"metabolite","x":1043.9200439453125,"y":1315.9619140625,"bigg_id":"glu__L_c","name":"L-Glutamate","label_x":1000.7200439453125,"label_y":1355.9619140625,"node_is_primary":false},"130":{"node_type":"metabolite","x":1591.7861328125,"y":1231.9639892578125,"bigg_id":"phe__L_c","name":"L-Phenylalanine","label_x":1548.5861328125,"label_y":1271.9639892578125,"node_is_primary":true},"161":{"node_type":"multimarker","x":547.0559692382812,"y":50.02990722656252},"162":{"node_type":"midmarker","x":527.0559692382812,"y":50.02990722656252},"163":{"node_type":"multimarker","x":507.05596923828125,"y":50.02990722656252},"164":{"node_type":"metabolite","x":422.05596923828125,"y":-29.97009277343747,"bigg_id":"coa_c","name":"Coenzyme A","label_x":395.05596923828125,"label_y":-49.97009277343747,"node_is_primary":false},"165":{"node_type":"metabolite","x":632.0559692382812,"y":-29.9700927734375,"bigg_id":"accoa_c","name":"Acetyl-CoA","label_x":594.2559692382813,"label_y":-49.9700927734375,"node_is_primary":false},"166":{"node_type":"metabolite","x":248.1079559326172,"y":50.02990722656254,"bigg_id":"acanth_c","name":"N-Acetylanthranilate","label_x":213.18551330566402,"label_y":102.44624328613286,"node_is_primary":true},"167":{"node_type":"multimarker","x":-936,"y":197.0339241027832},"168":{"node_type":"midmarker","x":-936,"y":217.0339241027832},"169":{"node_type":"multimarker","x":-936,"y":237.0339241027832},"170":{"node_type":"metabolite","x":-936,"y":14.047917366027832,"bigg_id":"quin_c","name":"Quinate","label_x":-908.9306030273438,"label_y":18.186696529388428,"node_is_primary":true},"171":{"node_type":"metabolite","x":-1016,"y":322.0339241027832,"bigg_id":"h_c","name":"H+","label_x":-1074.0408935546875,"label_y":325.1318550109863,"node_is_primary":false},"172":{"node_type":"metabolite","x":-856,"y":112.0339241027832,"bigg_id":"nad_c","name":"Nicotinamide adenine dinucleotide","label_x":-841,"label_y":112.0339241027832,"node_is_primary":false},"173":{"node_type":"metabolite","x":-856,"y":322.0339241027832,"bigg_id":"nadh_c","name":"Nicotinamide adenine dinucleotide - reduced","label_x":-841,"label_y":322.0339241027832,"node_is_primary":false},"181":{"node_type":"metabolite","x":2491.6724555884607,"y":788.7086833070678,"bigg_id":"tyrp_p","name":"Phosphotyrosine","label_x":2459.2724555884606,"label_y":828.7086833070678,"node_is_primary":true},"182":{"node_type":"multimarker","x":2336.6761779751214,"y":789.7828927878434},"183":{"node_type":"midmarker","x":2316.676658283077,"y":789.9215004627823},"184":{"node_type":"multimarker","x":2296.6771385910333,"y":790.0601081377208},"185":{"node_type":"metabolite","x":2211.124749200093,"y":710.6511119880358,"bigg_id":"pi_p","name":"Phosphate","label_x":2185.5267328426708,"label_y":674.6890758552233,"node_is_primary":false},"186":{"node_type":"metabolite","x":2141.680860977694,"y":791.1343176184964,"bigg_id":"tyr__L_p","name":"L-Tyrosine","label_x":2098.480860977694,"label_y":831.1343176184964,"node_is_primary":true},"187":{"node_type":"metabolite","x":2421.1197059665524,"y":709.1957314011789,"bigg_id":"h2o_p","name":"H2O","label_x":2402.115723422607,"label_y":681.2297279832102,"node_is_primary":false},"188":{"node_type":"multimarker","x":-936,"y":654.9999389648438},"189":{"node_type":"midmarker","x":-936,"y":634.9999389648438},"190":{"node_type":"multimarker","x":-936,"y":614.9999389648438},"191":{"node_type":"metabolite","x":-1016,"y":529.9999389648438,"bigg_id":"pi_c","name":"Phosphate","label_x":-1052,"label_y":559.9999389648438,"node_is_primary":false},"192":{"node_type":"metabolite","x":-936,"y":758.2651977539062,"bigg_id":"2dda7p_c","name":"2-Dehydro-3-deoxy-D-arabino-heptonate 7-phosphate","label_x":-911,"label_y":758.2651977539062,"node_is_primary":true},"193":{"node_type":"multimarker","x":-936,"y":953.2651977539062},"194":{"node_type":"midmarker","x":-936,"y":933.2651977539062},"195":{"node_type":"multimarker","x":-936,"y":913.2651977539062},"196":{"node_type":"metabolite","x":-856,"y":1038.2651977539062,"bigg_id":"pep_c","name":"Phosphoenolpyruvate","label_x":-841,"label_y":1038.2651977539062,"node_is_primary":false},"197":{"node_type":"metabolite","x":-933.9306030273438,"y":1170.3468627929688,"bigg_id":"e4p_c","name":"D-Erythrose 4-phosphate","label_x":-902.7224731445312,"label_y":1178.6243286132812,"node_is_primary":true},"198":{"node_type":"metabolite","x":-1016,"y":828.2651977539062,"bigg_id":"pi_c","name":"Phosphate","label_x":-1052,"label_y":858.2651977539062,"node_is_primary":false},"199":{"node_type":"metabolite","x":-1016,"y":1038.2651977539062,"bigg_id":"h2o_c","name":"H2O","label_x":-1061,"label_y":1068.2651977539062,"node_is_primary":false}},"text_labels":{"0":{"x":2220.0982971191406,"y":-366.57489013671875,"text":"L-Tryptophan"},"1":{"x":1657.7601165771484,"y":752.2037658691406,"text":"L-Tyrosine"},"2":{"x":1413.8820114135742,"y":1183.9878540039062,"text":"L-Phenylalanine"},"3":{"x":-1039.350830078125,"y":1246.129150390625,"text":"Precursor"},"4":{"x":-1215.2489624023438,"y":1302.0025634765625,"text":"D-Erythrose 4-phosphate"},"5":{"x":-1020.726318359375,"y":-26.545433044433594,"text":"Quinate"},"6":{"x":-279.8849563598633,"y":66.57706069946289,"text":"N-Acetylanthranilate"},"7":{"x":889.320068359375,"y":1415.8190307617188,"text":"L-Glutamate"},"8":{"x":1284.573486328125,"y":981.2472534179688,"text":"L-Glutamate"},"11":{"x":918.29150390625,"y":397.67938232421875,"text":"L-Glutamine"},"13":{"x":2077.1496658325195,"y":126.58935546875,"text":"L-Serine"},"15":{"x":1824.6842041015625,"y":-790.150146484375,"text":"L-Serine"}},"canvas":{"x":-1268.0733642578125,"y":-986.4757080078125,"width":3935.4488525390625,"height":2468.37841796875}}]