[{"map_name":"iJO1366.Central metabolism","map_id":"c50080dc494c0686982966090cefc2de","map_description":"Central metabolism (iJO1366)\nLast Modified Sun Mar 11 2018 07:30:10 GMT-0600 (Mountain Daylight Time)","homepage":"https://escher.github.io","schema":"https://escher.github.io/escher/jsonschema/1-0-0#"},{"reactions":{"2075855":{"name":"Sedoheptulose 1,7-bisphosphate D-glyceraldehyde-3-phosphate-lyase","bigg_id":"FBA3","reversibility":true,"label_x":2450.6428450828917,"label_y":3093.550613678522,"gene_reaction_rule":"b2925","genes":[{"bigg_id":"b2925","name":"fbaA"}],"metabolites":[{"coefficient":-1,"bigg_id":"s17bp_c"},{"coefficient":1,"bigg_id":"e4p_c"},{"coefficient":1,"bigg_id":"dhap_c"}],"segments":{"772":{"from_node_id":"2075353","to_node_id":"2076089","b1":{"y":3032.8786593022237,"x":2581.629592630417},"b2":{"y":3032.9804644521737,"x":2580.791716548558}},"773":{"from_node_id":"2076089","to_node_id":"2076090","b1":null,"b2":null},"774":{"from_node_id":"2076090","to_node_id":"2075354","b1":{"y":3033.213571385795,"x":2192.3974868146915},"b2":{"y":3036.6347513077717,"x":1856.3825237328647}},"775":{"from_node_id":"2076090","to_node_id":"2075355","b1":{"y":3033.2081745920796,"x":2144.493769037808},"b2":{"y":3071.7800046875,"x":1386.0047960071638}}}},"2075881":{"name":"Glucose 6-phosphate dehydrogenase","bigg_id":"G6PDH2r","reversibility":true,"label_x":1775.6087544921875,"label_y":1666.897436328125,"gene_reaction_rule":"b1852","genes":[{"bigg_id":"b1852","name":"zwf"}],"metabolites":[{"coefficient":-1,"bigg_id":"g6p_c"},{"coefficient":1,"bigg_id":"h_c"},{"coefficient":1,"bigg_id":"nadph_c"},{"coefficient":1,"bigg_id":"6pgl_c"},{"coefficient":-1,"bigg_id":"nadp_c"}],"segments":{"896":{"from_node_id":"2076147","to_node_id":"2076146","b1":null,"b2":null},"897":{"from_node_id":"2076146","to_node_id":"2076145","b1":null,"b2":null},"898":{"from_node_id":"2075395","to_node_id":"2076147","b1":{"y":1692.7302,"x":1702.8579},"b2":{"y":1692.7303220703125,"x":1816.4356832031249}},"899":{"from_node_id":"2075424","to_node_id":"2076147","b1":{"y":1692.7302,"x":1734.8556679016274},"b2":{"y":1692.7303220703125,"x":1826.0350135736132}},"900":{"from_node_id":"2076145","to_node_id":"2075425","b1":{"y":1692.7303220703125,"x":1897.7943763278602},"b2":{"y":1692.7303220703125,"x":1932.6979936189089}},"901":{"from_node_id":"2076145","to_node_id":"2075426","b1":{"y":1692.7303220703125,"x":1901.885683203125},"b2":{"y":1692.7303220703125,"x":1946.335683203125}},"902":{"from_node_id":"2076145","to_node_id":"2075427","b1":{"y":1692.7303220703125,"x":1899.7936459345383},"b2":{"y":1692.7303220703125,"x":1939.362225641169}}}},"2075886":{"name":"6-phosphogluconolactonase","bigg_id":"PGL","reversibility":false,"label_x":2213.027189453125,"label_y":1666.4383298828125,"gene_reaction_rule":"b0767","genes":[{"bigg_id":"b0767","name":"pgl"}],"metabolites":[{"coefficient":1,"bigg_id":"6pgc_c"},{"coefficient":1,"bigg_id":"h_c"},{"coefficient":-1,"bigg_id":"h2o_c"},{"coefficient":-1,"bigg_id":"6pgl_c"}],"segments":{"930":{"from_node_id":"2076161","to_node_id":"2076162","b1":null,"b2":null},"931":{"from_node_id":"2076162","to_node_id":"2076160","b1":null,"b2":null},"932":{"from_node_id":"2075443","to_node_id":"2076161","b1":{"y":1689.48166484375,"x":2154.4229718881506},"b2":{"y":1689.48166484375,"x":2176.39228648832}},"933":{"from_node_id":"2075426","to_node_id":"2076161","b1":{"y":1692.7303220703125,"x":2065.335733203125},"b2":{"y":1689.48166484375,"x":2169.15769203125}},"934":{"from_node_id":"2076160","to_node_id":"2075444","b1":{"y":1689.48166484375,"x":2296.55770703125},"b2":{"y":1689.48166484375,"x":2385.788419921875}},"935":{"from_node_id":"2076160","to_node_id":"2075445","b1":{"y":1689.48166484375,"x":2290.5019970862318},"b2":{"y":1689.48166484375,"x":2320.1220072145215}}}},"2075893":{"name":"Ribose-5-phosphate isomerase","bigg_id":"RPI","reversibility":true,"label_x":2996.15829296875,"label_y":1842.2422849609375,"gene_reaction_rule":"b2914 or b4090","genes":[{"bigg_id":"b2914","name":"rpiA"},{"bigg_id":"b4090","name":"rpiB"}],"metabolites":[{"coefficient":-1,"bigg_id":"r5p_c"},{"coefficient":1,"bigg_id":"ru5p__D_c"}],"segments":{"964":{"from_node_id":"2075464","to_node_id":"2076175","b1":{"y":1974.5816648437499,"x":3055.1884199218753},"b2":{"y":1930.48166484375,"x":3029.288419921875}},"965":{"from_node_id":"2076175","to_node_id":"2075465","b1":{"y":1840.78166484375,"x":2977.738419921875},"b2":{"y":1778.48166484375,"x":2943.788419921875}}}},"2075931":{"name":"2-dehydro-3-deoxy-phosphogluconate aldolase","bigg_id":"EDA","reversibility":false,"label_x":2087.9142744140627,"label_y":2263.7448484375,"gene_reaction_rule":"b1850","genes":[{"bigg_id":"b1850","name":"eda"}],"metabolites":[{"coefficient":1,"bigg_id":"g3p_c"},{"coefficient":1,"bigg_id":"pyr_c"},{"coefficient":-1,"bigg_id":"2ddg6p_c"}],"segments":{"43":{"from_node_id":"2075575","to_node_id":"2076272","b1":{"y":2283.9655515625,"x":2180.692716796875},"b2":{"y":2283.9694578125,"x":2180.2897626953127}},"44":{"from_node_id":"2076272","to_node_id":"2076271","b1":null,"b2":null},"45":{"from_node_id":"2076271","to_node_id":"2075576","b1":{"y":2284.52561015625,"x":2024.461973728935},"b2":{"y":2285.647436328125,"x":1986.0909723256161}},"46":{"from_node_id":"2076271","to_node_id":"2076584","b1":{"y":2282.64475078125,"x":1897.732595596021},"b2":{"x":1954.1527131846533,"y":2943.177709765625}}}},"2075941":{"name":"Ribulose 5-phosphate 3-epimerase","bigg_id":"RPE","reversibility":true,"label_x":2713.086515625,"label_y":1842.7710935546875,"gene_reaction_rule":"b4301 or b3386","genes":[{"bigg_id":"b4301","name":"sgcE"},{"bigg_id":"b3386","name":"rpe"}],"metabolites":[{"coefficient":1,"bigg_id":"xu5p__D_c"},{"coefficient":-1,"bigg_id":"ru5p__D_c"}],"segments":{"103":{"from_node_id":"2075465","to_node_id":"2076297","b1":{"y":1711.38166484375,"x":2882.988419921875},"b2":{"y":1762.48166484375,"x":2854.288419921875}},"104":{"from_node_id":"2076297","to_node_id":"2075603","b1":{"y":1858.5816648437499,"x":2799.788419921875},"b2":{"y":1912.48166484375,"x":2768.288419921875}}}},"2075980":{"name":"Phosphofructokinase (s7p)","bigg_id":"PFK_3","reversibility":false,"label_x":2718.763505489932,"label_y":2833.560945326842,"gene_reaction_rule":"b3916","genes":[{"bigg_id":"b3916","name":"pfkA"}],"metabolites":[{"coefficient":1,"bigg_id":"h_c"},{"coefficient":-1,"bigg_id":"atp_c"},{"coefficient":-1,"bigg_id":"s7p_c"},{"coefficient":1,"bigg_id":"adp_c"},{"coefficient":1,"bigg_id":"s17bp_c"}],"segments":{"315":{"from_node_id":"2076395","to_node_id":"2076393","b1":null,"b2":null},"316":{"from_node_id":"2076393","to_node_id":"2076394","b1":null,"b2":null},"317":{"from_node_id":"2075695","to_node_id":"2076395","b1":{"y":2737.85022320615,"x":2666.9690280989234},"b2":{"y":2777.6139315034643,"x":2667.9973774782497}},"318":{"from_node_id":"2075696","to_node_id":"2076395","b1":{"y":2681.3380244505647,"x":2668.2197665924778},"b2":{"y":2682.6239019466316,"x":2669.800725177023}},"319":{"from_node_id":"2076394","to_node_id":"2075697","b1":{"y":2850.2973765240868,"x":2669.87708082521},"b2":{"y":2918.76251507397,"x":2664.8337350273023}},"320":{"from_node_id":"2076394","to_node_id":"2075698","b1":{"y":2853.8451032804705,"x":2669.968830381882},"b2":{"y":2930.5882709285784,"x":2665.1395668828777}},"321":{"from_node_id":"2076394","to_node_id":"2075353","b1":{"y":2854.1356334285865,"x":2669.9763439290414},"b2":{"y":2967.065005536888,"x":2669.7407839150746}}}},"2075993":{"name":"Transketolase","bigg_id":"TKT1","reversibility":true,"label_x":2915.19442578125,"label_y":2195.1667234375,"gene_reaction_rule":"b2935 or b2465","genes":[{"bigg_id":"b2935","name":"tktA"},{"bigg_id":"b2465","name":"tktB"}],"metabolites":[{"coefficient":-1,"bigg_id":"r5p_c"},{"coefficient":1,"bigg_id":"g3p_c"},{"coefficient":1,"bigg_id":"s7p_c"},{"coefficient":-1,"bigg_id":"xu5p__D_c"}],"segments":{"387":{"from_node_id":"2076428","to_node_id":"2076429","b1":null,"b2":null},"388":{"from_node_id":"2076429","to_node_id":"2076427","b1":null,"b2":null},"389":{"from_node_id":"2075603","to_node_id":"2076428","b1":{"y":2043.346331230443,"x":2888.6124263650145},"b2":{"y":2088.598157044914,"x":2892.0880388470046}},"390":{"from_node_id":"2075464","to_node_id":"2076428","b1":{"y":2050.66969324974,"x":2890.7568759860824},"b2":{"y":2088.9987178967967,"x":2892.132545608325}},"391":{"from_node_id":"2076427","to_node_id":"2075576","b1":{"y":2715.5546748115066,"x":2896.1632075386083},"b2":{"y":2697.960545725856,"x":2959.6753259099432}},"392":{"from_node_id":"2076427","to_node_id":"2075696","b1":{"y":2517.1477660368037,"x":2892.0815294517133},"b2":{"y":2550.213783934218,"x":2914.8291367237507}}}},"2076010":{"name":"Transaldolase","bigg_id":"TALA","reversibility":true,"label_x":2713.1527908429434,"label_y":2336.693470664108,"gene_reaction_rule":"b2464 or b0008","genes":[{"bigg_id":"b2464","name":"talA"},{"bigg_id":"b0008","name":"talB"}],"metabolites":[{"coefficient":-1,"bigg_id":"g3p_c"},{"coefficient":1,"bigg_id":"f6p_c"},{"coefficient":-1,"bigg_id":"s7p_c"},{"coefficient":1,"bigg_id":"e4p_c"}],"segments":{"476":{"from_node_id":"2076468","to_node_id":"2076469","b1":null,"b2":null},"477":{"from_node_id":"2076469","to_node_id":"2076467","b1":null,"b2":null},"478":{"from_node_id":"2075576","to_node_id":"2076468","b1":{"y":2437.6079780121117,"x":2487.349455078125},"b2":{"y":2520.427616602643,"x":2660.98799984928}},"479":{"from_node_id":"2075696","to_node_id":"2076468","b1":{"y":2454.970813571239,"x":2668.0641796244854},"b2":{"y":2381.5568088005566,"x":2667.090147457323}},"480":{"from_node_id":"2076467","to_node_id":"2075396","b1":{"y":2132.981630256176,"x":2662.802534374014},"b2":{"y":2218.6959494151606,"x":2239.8168623046877}},"481":{"from_node_id":"2076467","to_node_id":"2075354","b1":{"y":2193.5411049152613,"x":2665.1924743143836},"b2":{"y":2160.945162621386,"x":2664.6553468739216}}}},"2076011":{"name":"Transketolase","bigg_id":"TKT2","reversibility":true,"label_x":2200.228849609375,"label_y":1986.204809375,"gene_reaction_rule":"b2935 or b2465","genes":[{"bigg_id":"b2935","name":"tktA"},{"bigg_id":"b2465","name":"tktB"}],"metabolites":[{"coefficient":1,"bigg_id":"g3p_c"},{"coefficient":1,"bigg_id":"f6p_c"},{"coefficient":-1,"bigg_id":"e4p_c"},{"coefficient":-1,"bigg_id":"xu5p__D_c"}],"segments":{"482":{"from_node_id":"2076470","to_node_id":"2076471","b1":null,"b2":null},"483":{"from_node_id":"2076471","to_node_id":"2076472","b1":null,"b2":null},"484":{"from_node_id":"2075603","to_node_id":"2076470","b1":{"y":1951.7852537109375,"x":2592.1910836183065},"b2":{"y":1944.7164060546875,"x":2556.6443752808045}},"485":{"from_node_id":"2075354","to_node_id":"2076470","b1":{"y":1947.5439217710036,"x":2490.8241202639665},"b2":{"y":1944.716528125,"x":2482.565134691554}},"486":{"from_node_id":"2076472","to_node_id":"2075396","b1":{"y":1940.38498515625,"x":1763.9251155204452},"b2":{"y":1938.4683591796875,"x":1765.4729429457548}},"487":{"from_node_id":"2076472","to_node_id":"2075576","b1":{"y":1944.716528125,"x":2063.8047937392857},"b2":{"y":1942.15744609375,"x":2086.412324443452}}}},"2076019":{"name":"6-phosphogluconate dehydratase","bigg_id":"EDD","reversibility":false,"label_x":2359.61532421875,"label_y":2065.849584765625,"gene_reaction_rule":"b1851","genes":[{"bigg_id":"b1851","name":"edd"}],"metabolites":[{"coefficient":-1,"bigg_id":"6pgc_c"},{"coefficient":1,"bigg_id":"h2o_c"},{"coefficient":1,"bigg_id":"2ddg6p_c"}],"segments":{"523":{"from_node_id":"2075444","to_node_id":"2076487","b1":{"y":1796.88166484375,"x":2449.1884199218753},"b2":{"y":1731.614721484375,"x":2447.65731640625}},"524":{"from_node_id":"2076487","to_node_id":"2076488","b1":null,"b2":null},"525":{"from_node_id":"2076488","to_node_id":"2075575","b1":{"y":2288.195584043048,"x":2447.76962109375},"b2":{"y":2287.937404622659,"x":2380.94442578125}},"526":{"from_node_id":"2076488","to_node_id":"2075776","b1":{"y":2162.0086563213135,"x":2450.65731640625},"b2":{"y":2205.8512588314616,"x":2448.66122265625}}}},"2076030":{"name":"Phosphogluconate dehydrogenase","bigg_id":"GND","reversibility":false,"label_x":2602.474455078125,"label_y":1667.650121875,"gene_reaction_rule":"b2029","genes":[{"bigg_id":"b2029","name":"gnd"}],"metabolites":[{"coefficient":-1,"bigg_id":"6pgc_c"},{"coefficient":1,"bigg_id":"ru5p__D_c"},{"coefficient":-1,"bigg_id":"nadp_c"},{"coefficient":1,"bigg_id":"nadph_c"},{"coefficient":1,"bigg_id":"co2_c"}],"segments":{"582":{"from_node_id":"2076514","to_node_id":"2076516","b1":null,"b2":null},"583":{"from_node_id":"2076516","to_node_id":"2076515","b1":null,"b2":null},"584":{"from_node_id":"2075798","to_node_id":"2076514","b1":{"y":1689.48166484375,"x":2588.450571290498},"b2":{"y":1689.48166484375,"x":2612.137065332462}},"585":{"from_node_id":"2075444","to_node_id":"2076514","b1":{"y":1689.48166484375,"x":2535.288419921875},"b2":{"y":1689.48166484375,"x":2596.1884199218753}},"586":{"from_node_id":"2076515","to_node_id":"2075465","b1":{"y":1689.48166484375,"x":2732.0884199218754},"b2":{"y":1689.48166484375,"x":2799.288419921875}},"587":{"from_node_id":"2076515","to_node_id":"2075799","b1":{"y":1689.48166484375,"x":2719.8347186016404},"b2":{"y":1689.48166484375,"x":2758.442748854426}},"588":{"from_node_id":"2076515","to_node_id":"2075800","b1":{"y":1689.48166484375,"x":2719.9984468518355},"b2":{"y":1689.48166484375,"x":2758.9885096884095}}}}},"nodes":{"2075353":{"node_type":"metabolite","x":2671.42121994423,"y":3032.0432798657157,"bigg_id":"s17bp_c","name":"Sedoheptulose 1,7-bisphosphate","label_x":2627.308182834855,"label_y":3084.4854185375907,"node_is_primary":true},"2075354":{"node_type":"metabolite","x":2662.431386236149,"y":2085.7472361046266,"bigg_id":"e4p_c","name":"D-Erythrose 4-phosphate","label_x":2691.856435064274,"label_y":2091.7523630577516,"node_is_primary":true},"2075355":{"node_type":"metabolite","x":1387.8579,"y":2708.7302,"bigg_id":"dhap_c","name":"Dihydroxyacetone phosphate","label_x":1354.45018515625,"label_y":2670.74533671875,"node_is_primary":true},"2075395":{"node_type":"metabolite","x":1614.8579,"y":1692.7302,"bigg_id":"g6p_c","name":"D-Glucose 6-phosphate","label_x":1529.4266255859375,"label_y":1699.569799609375,"node_is_primary":true},"2075396":{"node_type":"metabolite","x":1614.8579,"y":1980.7302,"bigg_id":"f6p_c","name":"D-Fructose 6-phosphate","label_x":1526.054433203125,"label_y":1990.4539548828125,"node_is_primary":true},"2075424":{"node_type":"metabolite","x":1722.8579,"y":1781.7302,"bigg_id":"nadp_c","name":"Nicotinamide adenine dinucleotide phosphate","label_x":1692.690175390625,"label_y":1815.1795408203125,"node_is_primary":false},"2075425":{"node_type":"metabolite","x":1954.835683203125,"y":1761.7303220703125,"bigg_id":"nadph_c","name":"Nicotinamide adenine dinucleotide phosphate - reduced","label_x":1938.183827734375,"label_y":1795.7193357421875,"node_is_primary":false},"2075426":{"node_type":"metabolite","x":2009.835683203125,"y":1692.7303220703125,"bigg_id":"6pgl_c","name":"6-phospho-D-glucono-1,5-lactone","label_x":2009.835683203125,"label_y":1663.7303220703125,"node_is_primary":true},"2075427":{"node_type":"metabolite","x":1912.835683203125,"y":1801.7303220703125,"bigg_id":"h_c","name":"H+","label_x":1897.8438619140625,"label_y":1835.056371875,"node_is_primary":false},"2075443":{"node_type":"metabolite","x":2153.80760703125,"y":1743.48166484375,"bigg_id":"h2o_c","name":"H2O","label_x":2140.481679296875,"label_y":1773.476049609375,"node_is_primary":false},"2075444":{"node_type":"metabolite","x":2448.288419921875,"y":1689.48166484375,"bigg_id":"6pgc_c","name":"6-Phospho-D-gluconate","label_x":2447.288419921875,"label_y":1653.48166484375,"node_is_primary":true},"2075445":{"node_type":"metabolite","x":2326.80770703125,"y":1758.48166484375,"bigg_id":"h_c","name":"H+","label_x":2309.8160078125,"label_y":1788.4761716796875,"node_is_primary":false},"2075464":{"node_type":"metabolite","x":3066.288419921875,"y":1993.48166484375,"bigg_id":"r5p_c","name":"Alpha-D-Ribose 5-phosphate","label_x":3095.499357421875,"label_y":1999.528783984375,"node_is_primary":true},"2075465":{"node_type":"metabolite","x":2895.288419921875,"y":1689.48166484375,"bigg_id":"ru5p__D_c","name":"D-Ribulose 5-phosphate","label_x":2929.288419921875,"label_y":1691.48166484375,"node_is_primary":true},"2075575":{"node_type":"metabolite","x":2254.952482421875,"y":2284.51779765625,"bigg_id":"2ddg6p_c","name":"2-Dehydro-3-deoxy-D-gluconate 6-phosphate","label_x":2219.89657421875,"label_y":2330.9177,"node_is_primary":true},"2075576":{"node_type":"metabolite","x":1617.8579,"y":2709.7302,"bigg_id":"g3p_c","name":"Glyceraldehyde 3-phosphate","label_x":1530.187733984375,"label_y":2713.2077390625,"node_is_primary":true},"2075603":{"node_type":"metabolite","x":2723.288419921875,"y":1989.48166484375,"bigg_id":"xu5p__D_c","name":"D-Xylulose 5-phosphate","label_x":2754.213224609375,"label_y":1982.04807109375,"node_is_primary":true},"2075695":{"node_type":"metabolite","x":2767.0086199840175,"y":2738.088283594176,"bigg_id":"atp_c","name":"ATP","label_x":2784.9727313121425,"label_y":2758.088283594176,"node_is_primary":false},"2075696":{"node_type":"metabolite","x":2667.8371820441785,"y":2546.577310335444,"bigg_id":"s7p_c","name":"Sedoheptulose 7-phosphate","label_x":2578.5715570441785,"label_y":2553.749673616694,"node_is_primary":true},"2075697":{"node_type":"metabolite","x":2764.226337761028,"y":2893.983116995269,"bigg_id":"adp_c","name":"ADP","label_x":2788.178486198528,"label_y":2905.999230276519,"node_is_primary":false},"2075698":{"node_type":"metabolite","x":2765.5189808603754,"y":2943.966404940516,"bigg_id":"h_c","name":"H+","label_x":2787.4391468760004,"label_y":2965.986424471766,"node_is_primary":false},"2075776":{"node_type":"metabolite","x":2368.66122265625,"y":2209.654760546875,"bigg_id":"h2o_c","name":"H2O","label_x":2296.45126171875,"label_y":2199.978979296875,"node_is_primary":false},"2075798":{"node_type":"metabolite","x":2584.288419921875,"y":1745.48166484375,"bigg_id":"nadp_c","name":"Nicotinamide adenine dinucleotide phosphate","label_x":2551.284513671875,"label_y":1778.471655078125,"node_is_primary":false},"2075799":{"node_type":"metabolite","x":2805.288419921875,"y":1647.48166484375,"bigg_id":"nadph_c","name":"Nicotinamide adenine dinucleotide phosphate - reduced","label_x":2817.55380078125,"label_y":1634.3252927734375,"node_is_primary":false},"2075800":{"node_type":"metabolite","x":2770.288419921875,"y":1600.48166484375,"bigg_id":"co2_c","name":"CO2","label_x":2769.288419921875,"label_y":1578.48166484375,"node_is_primary":false},"2076089":{"node_type":"midmarker","x":2523.6228255516417,"y":3032.726639069147},"2076090":{"node_type":"multimarker","x":2454.6391146633014,"y":3032.5631731483986},"2076145":{"node_type":"multimarker","x":1882.835683203125,"y":1692.7303220703125},"2076146":{"node_type":"midmarker","x":1862.835683203125,"y":1692.7303220703125},"2076147":{"node_type":"multimarker","x":1842.835683203125,"y":1692.7303220703125},"2076160":{"node_type":"multimarker","x":2277.80770703125,"y":1689.48166484375},"2076161":{"node_type":"multimarker","x":2185.80770703125,"y":1689.48166484375},"2076162":{"node_type":"midmarker","x":2234.80770703125,"y":1689.48166484375},"2076175":{"node_type":"midmarker","x":2992.288419921875,"y":1867.48166484375},"2076271":{"node_type":"multimarker","x":2093.2897626953127,"y":2284.52561015625},"2076272":{"node_type":"midmarker","x":2155.2897626953127,"y":2283.9694578125},"2076297":{"node_type":"midmarker","x":2813.288419921875,"y":1835.48166484375},"2076393":{"node_type":"midmarker","x":2668.955155880557,"y":2814.648835951842},"2076394":{"node_type":"multimarker","x":2669.4722131202943,"y":2834.642151129944},"2076395":{"node_type":"multimarker","x":2668.4380986408128,"y":2794.6555207737415},"2076427":{"node_type":"multimarker","x":2895.292326171875,"y":2183.40158671875},"2076428":{"node_type":"multimarker","x":2895.288419921875,"y":2117.40158671875},"2076429":{"node_type":"midmarker","x":2894.629728515625,"y":2149.407690234375},"2076467":{"node_type":"multimarker","x":2667.501403262441,"y":2275.048941276132},"2076468":{"node_type":"multimarker","x":2667.2195325361645,"y":2348.0483970884425},"2076469":{"node_type":"midmarker","x":2667.3739822491934,"y":2308.048695273483},"2076470":{"node_type":"multimarker","x":2285.36141796875,"y":1943.27268046875},"2076471":{"node_type":"midmarker","x":2250.938078125,"y":1943.27268046875},"2076472":{"node_type":"multimarker","x":2212.69432578125,"y":1943.27268046875},"2076487":{"node_type":"midmarker","x":2450.65731640625,"y":2089.614721484375},"2076488":{"node_type":"multimarker","x":2450.65731640625,"y":2139.614721484375},"2076514":{"node_type":"multimarker","x":2622.288419921875,"y":1689.48166484375},"2076515":{"node_type":"multimarker","x":2703.288419921875,"y":1689.48166484375},"2076516":{"node_type":"midmarker","x":2664.288419921875,"y":1689.48166484375},"2076584":{"node_type":"metabolite","x":1637.1148580078125,"y":3162.9670605468746,"bigg_id":"pyr_c","name":"Pyruvate","label_x":1544.8060201171875,"label_y":3167.5395703124996,"node_is_primary":true}},"text_labels":{"2076603":{"x":1741.1484375,"y":1472.28662109375,"text":"PENTOSE PHOSPHATE PATHWAY SUBSYSTEM"}},"canvas":{"x":1264.8032985175782,"y":1348.8401675234375,"width":1956.3644469980459,"height":1884.7963644453118}}]