[{"map_name":"new_map","map_id":"wbrWdwJAayZq","map_description":"\nLast Modified Tue Mar 06 2018 06:57:15 GMT-0700 (Mountain Standard Time)","homepage":"https://escher.github.io","schema":"https://escher.github.io/escher/jsonschema/1-0-0#"},{"reactions":{"0":{"name":"Cysteine synthase","bigg_id":"CYSS","reversibility":false,"label_x":1046.4732407784759,"label_y":368.68835264675914,"gene_reaction_rule":"b2414 or b2421","genes":[{"notes":{"original_bigg_ids":["b2414"]},"name":"cysK","bigg_id":"b2414"},{"notes":{"original_bigg_ids":["b2421"]},"name":"cysM","bigg_id":"b2421"}],"metabolites":[{"bigg_id":"cys__L_c","coefficient":1},{"bigg_id":"ac_c","coefficient":1},{"bigg_id":"acser_c","coefficient":-1},{"bigg_id":"h_c","coefficient":1},{"bigg_id":"h2s_c","coefficient":-1}],"segments":{"0":{"from_node_id":"1","to_node_id":"2","b1":null,"b2":null},"1":{"from_node_id":"3","to_node_id":"2","b1":null,"b2":null},"2":{"from_node_id":"3","to_node_id":"4","b1":{"x":1168.747614766308,"y":384.5214308086566},"b2":{"x":1346.9934674573224,"y":382.51729238268956}},"3":{"from_node_id":"3","to_node_id":"5","b1":{"x":1172.747308973941,"y":384.4719712753767},"b2":{"x":1177.7743397216984,"y":366.40843170360125}},"4":{"from_node_id":"1","to_node_id":"0","b1":{"x":1044.757094329706,"y":386.0546763403304},"b2":{"x":990.5112416386918,"y":386.72547126043787}},"5":{"from_node_id":"3","to_node_id":"6","b1":{"x":1172.747308973941,"y":384.4719712753767},"b2":{"x":1178.2194755212172,"y":402.4056795722924}},"6":{"from_node_id":"1","to_node_id":"7","b1":{"x":1040.7574001220732,"y":386.1041358736102},"b2":{"x":1035.730369374315,"y":404.16767544538556}}}},"1":{"name":"Serine O-acetyltransferase","bigg_id":"SERAT","reversibility":true,"label_x":699.4178325734667,"label_y":362.5956459484531,"gene_reaction_rule":"b3607","genes":[{"notes":{"original_bigg_ids":["b3607"]},"name":"cysE","bigg_id":"b3607"}],"metabolites":[{"bigg_id":"ser__L_c","coefficient":-1},{"bigg_id":"acser_c","coefficient":1},{"bigg_id":"coa_c","coefficient":1},{"bigg_id":"accoa_c","coefficient":-1}],"segments":{"7":{"from_node_id":"8","to_node_id":"9","b1":null,"b2":null},"8":{"from_node_id":"10","to_node_id":"9","b1":null,"b2":null},"9":{"from_node_id":"8","to_node_id":"11","b1":{"x":694.7657329640917,"y":387.45190815548443},"b2":{"x":640.5157329640917,"y":387.45190815548443}},"10":{"from_node_id":"10","to_node_id":"0","b1":{"x":818.7657329640917,"y":387.4519081554844},"b2":{"x":873.0157329640919,"y":387.4519081554844}},"11":{"from_node_id":"10","to_node_id":"12","b1":{"x":822.7657329640917,"y":387.4519081554844},"b2":{"x":828.0157329640917,"y":369.4519081554844}},"12":{"from_node_id":"8","to_node_id":"13","b1":{"x":690.7657329640917,"y":387.45190815548443},"b2":{"x":685.5157329640917,"y":369.4519081554844}}}},"2":{"name":"Sulfite reductase (NADPH2)","bigg_id":"SULRi","reversibility":false,"label_x":1017.7495722632542,"label_y":651.5802504757352,"gene_reaction_rule":"b2763 and b2764","genes":[{"notes":{"original_bigg_ids":["b2763"]},"name":"cysI","bigg_id":"b2763"},{"notes":{"original_bigg_ids":["b2764"]},"name":"cysJ","bigg_id":"b2764"}],"metabolites":[{"bigg_id":"h2o_c","coefficient":3},{"bigg_id":"nadp_c","coefficient":3},{"bigg_id":"nadph_c","coefficient":-3},{"bigg_id":"so3_c","coefficient":-1},{"bigg_id":"h2s_c","coefficient":1},{"bigg_id":"h_c","coefficient":-5}],"segments":{"13":{"from_node_id":"14","to_node_id":"15","b1":null,"b2":null},"14":{"from_node_id":"16","to_node_id":"15","b1":null,"b2":null},"15":{"from_node_id":"16","to_node_id":"17","b1":{"x":1002.7495722632542,"y":575.5802504757352},"b2":{"x":1020.7495722632542,"y":570.3302504757352}},"16":{"from_node_id":"16","to_node_id":"18","b1":{"x":1002.7495722632542,"y":575.5802504757352},"b2":{"x":984.7495722632542,"y":570.3302504757352}},"17":{"from_node_id":"14","to_node_id":"19","b1":{"x":1002.7495722632542,"y":707.5802504757352},"b2":{"x":984.7495722632542,"y":712.8302504757352}},"18":{"from_node_id":"14","to_node_id":"20","b1":{"x":1002.7495722632542,"y":703.5802504757352},"b2":{"x":1002.7495722632542,"y":757.8302504757352}},"19":{"from_node_id":"16","to_node_id":"7","b1":{"x":1002.7495722632542,"y":579.5802504757352},"b2":{"x":1002.7495722632542,"y":525.3302504757352}},"20":{"from_node_id":"14","to_node_id":"21","b1":{"x":1002.7495722632542,"y":707.5802504757352},"b2":{"x":1020.7495722632542,"y":712.8302504757352}}}},"3":{"name":"Phosphoadenylyl-sulfate reductase (thioredoxin)","bigg_id":"PAPSR","reversibility":false,"label_x":710.52197265625,"label_y":927.1329956054688,"gene_reaction_rule":"(b2762 and b2582) or (b2762 and b3781)","genes":[{"notes":{"original_bigg_ids":["b2762"]},"name":"cysH","bigg_id":"b2762"},{"notes":{"original_bigg_ids":["b2582"]},"name":"trxC","bigg_id":"b2582"},{"notes":{"original_bigg_ids":["b3781"]},"name":"trxA","bigg_id":"b3781"}],"metabolites":[{"bigg_id":"so3_c","coefficient":1},{"bigg_id":"pap_c","coefficient":1},{"bigg_id":"trdox_c","coefficient":1},{"bigg_id":"h_c","coefficient":2},{"bigg_id":"paps_c","coefficient":-1},{"bigg_id":"trdrd_c","coefficient":-1}],"segments":{"21":{"from_node_id":"23","to_node_id":"24","b1":null,"b2":null},"22":{"from_node_id":"25","to_node_id":"24","b1":null,"b2":null},"23":{"from_node_id":"25","to_node_id":"20","b1":{"x":943.2041625976562,"y":943.0645751953125},"b2":{"x":974.25,"y":875.5}},"24":{"from_node_id":"25","to_node_id":"27","b1":{"x":852.4688110351562,"y":948.1666259765625},"b2":{"x":1104.5833740234375,"y":946.8333129882812}},"25":{"from_node_id":"25","to_node_id":"28","b1":{"x":863.2715454101562,"y":956.6701049804688},"b2":{"x":873.7188110351562,"y":960.8333129882812}},"26":{"from_node_id":"25","to_node_id":"29","b1":{"x":856.4688110351562,"y":961.7721557617188},"b2":{"x":846.7188110351562,"y":984.1666259765625}},"27":{"from_node_id":"23","to_node_id":"22","b1":{"x":728.4688110351562,"y":948.1666259765625},"b2":{"x":623.1979751586914,"y":949.8673706054688}},"28":{"from_node_id":"23","to_node_id":"30","b1":{"x":724.4688110351562,"y":948.1666259765625},"b2":{"x":719.2188110351562,"y":966.1666259765625}}}},"4":{"name":"Adenylyl-sulfate kinase","bigg_id":"ADSK","reversibility":false,"label_x":339.52027130126953,"label_y":920.9059448242188,"gene_reaction_rule":"b2750","genes":[{"notes":{"original_bigg_ids":["b2750"]},"name":"cysC","bigg_id":"b2750"}],"metabolites":[{"bigg_id":"aps_c","coefficient":-1},{"bigg_id":"paps_c","coefficient":1},{"bigg_id":"h_c","coefficient":1},{"bigg_id":"adp_c","coefficient":1},{"bigg_id":"atp_c","coefficient":-1}],"segments":{"29":{"from_node_id":"31","to_node_id":"32","b1":null,"b2":null},"30":{"from_node_id":"33","to_node_id":"32","b1":null,"b2":null},"31":{"from_node_id":"31","to_node_id":"34","b1":{"x":327.4479751586914,"y":949.8673706054688},"b2":{"x":273.1979751586914,"y":949.8673706054688}},"32":{"from_node_id":"33","to_node_id":"22","b1":{"x":451.4479751586914,"y":949.8673706054688},"b2":{"x":505.6979751586914,"y":949.8673706054688}},"33":{"from_node_id":"33","to_node_id":"35","b1":{"x":455.4479751586914,"y":949.8673706054688},"b2":{"x":443.36466217041016,"y":959.867431640625}},"34":{"from_node_id":"33","to_node_id":"36","b1":{"x":455.4479751586914,"y":949.8673706054688},"b2":{"x":460.6979751586914,"y":931.8673706054688}},"35":{"from_node_id":"31","to_node_id":"37","b1":{"x":323.4479751586914,"y":949.8673706054688},"b2":{"x":318.1979751586914,"y":931.8673706054688}}}},"5":{"name":"Sulfate adenyltransferase","bigg_id":"SADT2","reversibility":false,"label_x":-15.452441215515137,"label_y":1004.9046020507812,"gene_reaction_rule":"b2751 and b2752","genes":[{"notes":{"original_bigg_ids":["b2751"]},"name":"cysN","bigg_id":"b2751"},{"notes":{"original_bigg_ids":["b2752"]},"name":"cysD","bigg_id":"b2752"}],"metabolites":[{"bigg_id":"h2o_c","coefficient":-1},{"bigg_id":"gdp_c","coefficient":1},{"bigg_id":"aps_c","coefficient":1},{"bigg_id":"atp_c","coefficient":-1},{"bigg_id":"ppi_c","coefficient":1},{"bigg_id":"so4_c","coefficient":-1},{"bigg_id":"gtp_c","coefficient":-1},{"bigg_id":"pi_c","coefficient":1}],"segments":{"36":{"from_node_id":"38","to_node_id":"39","b1":null,"b2":null},"37":{"from_node_id":"40","to_node_id":"39","b1":null,"b2":null},"38":{"from_node_id":"38","to_node_id":"41","b1":{"x":-26.552024841308594,"y":949.8673706054688},"b2":{"x":-16.802024841308594,"y":913.8673706054688}},"39":{"from_node_id":"40","to_node_id":"42","b1":{"x":105.4479751586914,"y":949.8673706054688},"b2":{"x":110.6979751586914,"y":967.8673706054688}},"40":{"from_node_id":"40","to_node_id":"34","b1":{"x":101.4479751586914,"y":949.8673706054688},"b2":{"x":155.6979751586914,"y":949.8673706054688}},"41":{"from_node_id":"38","to_node_id":"43","b1":{"x":-26.552024841308594,"y":949.8673706054688},"b2":{"x":-45.13535690307617,"y":938.5340576171875}},"42":{"from_node_id":"40","to_node_id":"44","b1":{"x":105.4479751586914,"y":949.8673706054688},"b2":{"x":121.36463165283203,"y":941.20068359375}},"43":{"from_node_id":"38","to_node_id":"45","b1":{"x":-22.552024841308594,"y":949.8673706054688},"b2":{"x":-175.61474347114563,"y":952.0993041992188}},"44":{"from_node_id":"38","to_node_id":"46","b1":{"x":-26.552024841308594,"y":949.8673706054688},"b2":{"x":-31.802024841308594,"y":967.8673706054688}},"45":{"from_node_id":"40","to_node_id":"47","b1":{"x":105.4479751586914,"y":949.8673706054688},"b2":{"x":95.6979751586914,"y":913.8673706054688}}}},"9":{"name":"Alanyl aminopeptidase (cys-gly)","bigg_id":"AMPTASECG","reversibility":false,"label_x":1553.5849233975473,"label_y":-9.082347789944833,"gene_reaction_rule":"b0237 or b0932 or b4260 or b2523","genes":[{"notes":{"original_bigg_ids":["b0237"]},"name":"pepD","bigg_id":"b0237"},{"notes":{"original_bigg_ids":["b0932"]},"name":"pepN","bigg_id":"b0932"},{"notes":{"original_bigg_ids":["b4260"]},"name":"pepA","bigg_id":"b4260"},{"notes":{"original_bigg_ids":["b2523"]},"name":"pepB","bigg_id":"b2523"}],"metabolites":[{"bigg_id":"cys__L_c","coefficient":1},{"bigg_id":"h2o_c","coefficient":-1},{"bigg_id":"gly_c","coefficient":1},{"bigg_id":"cgly_c","coefficient":-1}],"segments":{"68":{"from_node_id":"70","to_node_id":"71","b1":null,"b2":null},"69":{"from_node_id":"72","to_node_id":"71","b1":null,"b2":null},"70":{"from_node_id":"72","to_node_id":"4","b1":{"x":1536.5562368741098,"y":221.43847282773095},"b2":{"x":1444.2832876553598,"y":323.0408860052212}},"71":{"from_node_id":"70","to_node_id":"73","b1":{"x":1538.5849233975473,"y":-85.08234778994483},"b2":{"x":1554.2157827725473,"y":-76.11681739443702}},"72":{"from_node_id":"72","to_node_id":"74","b1":{"x":1542.6421743741098,"y":38.80306633359032},"b2":{"x":1561.9184194912973,"y":46.83430870419579}},"73":{"from_node_id":"70","to_node_id":"75","b1":{"x":1538.5849233975473,"y":-81.08234778994483},"b2":{"x":1538.5849233975473,"y":-135.33234778994483}}}},"10":{"name":"Phosphoadenylyl-sulfate reductase (glutaredoxin)","bigg_id":"PAPSR2","reversibility":false,"label_x":718.8429173186678,"label_y":1273.0514844414083,"gene_reaction_rule":"(b2762 and b0849) or (b2762 and b1064) or (b2762 and b1654) or (b2762 and b3610)","genes":[{"notes":{"original_bigg_ids":["b2762"]},"name":"cysH","bigg_id":"b2762"},{"notes":{"original_bigg_ids":["b0849"]},"name":"grxA","bigg_id":"b0849"},{"notes":{"original_bigg_ids":["b1064"]},"name":"grxB","bigg_id":"b1064"},{"notes":{"original_bigg_ids":["b1654"]},"name":"grxD","bigg_id":"b1654"},{"notes":{"original_bigg_ids":["b3610"]},"name":"grxC","bigg_id":"b3610"}],"metabolites":[{"bigg_id":"so3_c","coefficient":1},{"bigg_id":"pap_c","coefficient":1},{"bigg_id":"grxrd_c","coefficient":-1},{"bigg_id":"h_c","coefficient":2},{"bigg_id":"paps_c","coefficient":-1},{"bigg_id":"grxox_c","coefficient":1}],"segments":{"74":{"from_node_id":"76","to_node_id":"77","b1":null,"b2":null},"75":{"from_node_id":"78","to_node_id":"77","b1":null,"b2":null},"76":{"from_node_id":"78","to_node_id":"20","b1":{"x":1059.4766239591113,"y":1283.9664023060723},"b2":{"x":1011.7785002978976,"y":888.3479681003982}},"77":{"from_node_id":"78","to_node_id":"27","b1":{"x":1145.8026843077253,"y":1322.5471758090653},"b2":{"x":1153.245423843562,"y":995.1450598085021}},"78":{"from_node_id":"76","to_node_id":"81","b1":{"x":717.1995671235347,"y":1310.8630070064303},"b2":{"x":722.7906699361639,"y":1328.6262052693173}},"79":{"from_node_id":"78","to_node_id":"82","b1":{"x":855.39331097083,"y":1302.6740439076348},"b2":{"x":879.7669974693724,"y":1306.2662081659957}},"80":{"from_node_id":"76","to_node_id":"22","b1":{"x":598.5325643921084,"y":1316.146003034687},"b2":{"x":564.4479751586914,"y":1008.6173706054688}},"81":{"from_node_id":"78","to_node_id":"83","b1":{"x":860.4954227872363,"y":1304.3747275013848},"b2":{"x":871.6068208731559,"y":1342.1950684346302}}}},"16":{"name":"L-cysteine uptake via ABC system (periplasm)","bigg_id":"CYSabcpp","reversibility":false,"label_x":1201.645409237391,"label_y":-8.388817707242197,"gene_reaction_rule":"","genes":[],"metabolites":[{"bigg_id":"cys__L_c","coefficient":1},{"bigg_id":"h2o_c","coefficient":-1},{"bigg_id":"atp_c","coefficient":-1},{"bigg_id":"cys__L_p","coefficient":-1},{"bigg_id":"h_c","coefficient":1},{"bigg_id":"adp_c","coefficient":1},{"bigg_id":"pi_c","coefficient":1}],"segments":{"118":{"from_node_id":"122","to_node_id":"123","b1":null,"b2":null},"119":{"from_node_id":"124","to_node_id":"123","b1":null,"b2":null},"120":{"from_node_id":"124","to_node_id":"4","b1":{"x":1176.502098690516,"y":193.73096664792138},"b2":{"x":1367.1947866787973,"y":327.0981369817837}},"121":{"from_node_id":"122","to_node_id":"125","b1":{"x":1190.7026602139535,"y":-80.33152572268409},"b2":{"x":1172.7026602139535,"y":-85.58152572268409}},"122":{"from_node_id":"122","to_node_id":"126","b1":{"x":1190.7026602139535,"y":-80.33152572268409},"b2":{"x":1208.7026602139535,"y":-85.58152572268409}},"123":{"from_node_id":"122","to_node_id":"127","b1":{"x":1190.7026602139535,"y":-76.33152572268409},"b2":{"x":1190.7026602139535,"y":-130.5815257226841}},"124":{"from_node_id":"124","to_node_id":"128","b1":{"x":1182.588036190516,"y":47.61118133908349},"b2":{"x":1172.7026602139535,"y":56.91847427731591}},"125":{"from_node_id":"124","to_node_id":"129","b1":{"x":1202.8745352139535,"y":59.78305633908349},"b2":{"x":1208.7026602139535,"y":56.91847427731591}},"126":{"from_node_id":"124","to_node_id":"130","b1":{"x":1196.7885977139535,"y":45.58253677731591},"b2":{"x":1226.7026602139535,"y":41.91847427731591}}}},"19":{"name":"Sulfate transport via ABC system (periplasm)","bigg_id":"SULabcpp","reversibility":false,"label_x":-357.54287457466125,"label_y":1223.3145141601562,"gene_reaction_rule":"(b2422 and b2425 and b2424 and b2423) or (b0763 and b0764 and b0765) or (b2422 and b2424 and b2423 and b3917)","genes":[{"notes":{"original_bigg_ids":["b2422"]},"name":"cysA","bigg_id":"b2422"},{"notes":{"original_bigg_ids":["b2425"]},"name":"cysP","bigg_id":"b2425"},{"notes":{"original_bigg_ids":["b2424"]},"name":"cysU","bigg_id":"b2424"},{"notes":{"original_bigg_ids":["b2423"]},"name":"cysW","bigg_id":"b2423"},{"notes":{"original_bigg_ids":["b0763"]},"name":"modA","bigg_id":"b0763"},{"notes":{"original_bigg_ids":["b0764"]},"name":"modB","bigg_id":"b0764"},{"notes":{"original_bigg_ids":["b0765"]},"name":"modC","bigg_id":"b0765"},{"notes":{"original_bigg_ids":["b3917"]},"name":"sbp","bigg_id":"b3917"}],"metabolites":[{"bigg_id":"h2o_c","coefficient":-1},{"bigg_id":"atp_c","coefficient":-1},{"bigg_id":"so4_p","coefficient":-1},{"bigg_id":"so4_c","coefficient":1},{"bigg_id":"h_c","coefficient":1},{"bigg_id":"adp_c","coefficient":1},{"bigg_id":"pi_c","coefficient":1}],"segments":{"140":{"from_node_id":"144","to_node_id":"145","b1":null,"b2":null},"141":{"from_node_id":"146","to_node_id":"145","b1":null,"b2":null},"142":{"from_node_id":"144","to_node_id":"147","b1":{"x":-356.9191563129425,"y":1288.2423706054688},"b2":{"x":-354.54287457466125,"y":1284.5645141601562}},"143":{"from_node_id":"144","to_node_id":"148","b1":{"x":-383.70266461372375,"y":1283.7785034179688},"b2":{"x":-390.54287457466125,"y":1284.5645141601562}},"144":{"from_node_id":"144","to_node_id":"149","b1":{"x":-374.7748386859894,"y":1407.0000610351562},"b2":{"x":-274.3366825580597,"y":1450.0903930664062}},"145":{"from_node_id":"146","to_node_id":"45","b1":{"x":-383.70266461372375,"y":1044.1806030273438},"b2":{"x":-281.23586773872375,"y":988.5296630859375}},"146":{"from_node_id":"146","to_node_id":"150","b1":{"x":-359.15112042427063,"y":1154.0104370117188},"b2":{"x":-354.54287457466125,"y":1142.0645141601562}},"147":{"from_node_id":"146","to_node_id":"151","b1":{"x":-385.9346287250519,"y":1147.3145141601562},"b2":{"x":-390.54287457466125,"y":1142.0645141601562}},"148":{"from_node_id":"146","to_node_id":"152","b1":{"x":-379.2387363910675,"y":1151.7783813476562},"b2":{"x":-408.54287457466125,"y":1157.0645141601562}}}},"20":{"name":"Sulfate transport via diffusion (extracellular to periplasm)","bigg_id":"SO4tex","reversibility":true,"label_x":-212.4655430316925,"label_y":1624.6497192382812,"gene_reaction_rule":"b0241 or b0929 or b1377 or b2215","genes":[{"notes":{"original_bigg_ids":["b0241"]},"name":"phoE","bigg_id":"b0241"},{"notes":{"original_bigg_ids":["b0929"]},"name":"ompF","bigg_id":"b0929"},{"notes":{"original_bigg_ids":["b1377"]},"name":"ompN","bigg_id":"b1377"},{"notes":{"original_bigg_ids":["b2215"]},"name":"ompC","bigg_id":"b2215"}],"metabolites":[{"bigg_id":"so4_p","coefficient":1},{"bigg_id":"so4_e","coefficient":-1}],"segments":{"149":{"from_node_id":"153","to_node_id":"154","b1":null,"b2":null},"150":{"from_node_id":"155","to_node_id":"154","b1":null,"b2":null},"151":{"from_node_id":"155","to_node_id":"149","b1":{"x":-227.4655430316925,"y":1552.6497192382812},"b2":{"x":-227.4655430316925,"y":1543.0387573242188}},"152":{"from_node_id":"153","to_node_id":"156","b1":{"x":-227.46554303169248,"y":1676.6497192382812},"b2":{"x":-227.4655430316925,"y":1684.0285034179688}}}},"21":{"name":"Sulfate exchange","bigg_id":"EX_so4_e","reversibility":true,"label_x":-413.91674542427063,"label_y":1797.3295288085938,"gene_reaction_rule":"","genes":[],"metabolites":[{"bigg_id":"so4_e","coefficient":-1}],"segments":{"153":{"from_node_id":"157","to_node_id":"158","b1":null,"b2":null},"154":{"from_node_id":"159","to_node_id":"158","b1":null,"b2":null},"155":{"from_node_id":"157","to_node_id":"156","b1":{"x":-340.4655430316925,"y":1742.7785034179688},"b2":{"x":-286.2155430316925,"y":1742.7785034179688}}}},"25":{"name":"L-serine reversible transport via proton symport (periplasm)","bigg_id":"SERt2rpp","reversibility":true,"label_x":212.55124016624018,"label_y":346.7126541576817,"gene_reaction_rule":"b2796 or b3116","genes":[{"notes":{"original_bigg_ids":["b2796"]},"name":"sdaC","bigg_id":"b2796"},{"notes":{"original_bigg_ids":["b3116"]},"name":"tdcC","bigg_id":"b3116"}],"metabolites":[{"bigg_id":"ser__L_p","coefficient":-1},{"bigg_id":"ser__L_c","coefficient":1},{"bigg_id":"h_c","coefficient":1},{"bigg_id":"h_p","coefficient":-1}],"segments":{"172":{"from_node_id":"176","to_node_id":"177","b1":null,"b2":null},"173":{"from_node_id":"178","to_node_id":"177","b1":null,"b2":null},"174":{"from_node_id":"176","to_node_id":"186","b1":{"x":162.1876232228808,"y":296.1628799877599},"b2":{"x":81.5652334294848,"y":354.99359516720324}},"175":{"from_node_id":"178","to_node_id":"11","b1":{"x":401.82042046409174,"y":298.1915054760411},"b2":{"x":508.81520195823236,"y":354.9935951672032}},"176":{"from_node_id":"178","to_node_id":"180","b1":{"x":338.87510796409174,"y":294.13422398190045},"b2":{"x":346.1537639699511,"y":280.1915054760411}},"177":{"from_node_id":"176","to_node_id":"181","b1":{"x":208.90376396995111,"y":298.19150547604113},"b2":{"x":203.65376396995111,"y":280.19150547604113}}}},"26":{"name":"L-serine via sodium symport (periplasm)","bigg_id":"SERt4pp","reversibility":false,"label_x":204.6971218190722,"label_y":453.4034767590001,"gene_reaction_rule":"b3089","genes":[{"notes":{"original_bigg_ids":["b3089"]},"name":"sstT","bigg_id":"b3089"}],"metabolites":[{"bigg_id":"na1_p","coefficient":-1},{"bigg_id":"ser__L_p","coefficient":-1},{"bigg_id":"ser__L_c","coefficient":1},{"bigg_id":"na1_c","coefficient":1}],"segments":{"178":{"from_node_id":"182","to_node_id":"183","b1":null,"b2":null},"179":{"from_node_id":"184","to_node_id":"183","b1":null,"b2":null},"180":{"from_node_id":"182","to_node_id":"185","b1":{"x":204.8464595876269,"y":482.7982521496251},"b2":{"x":201.6251003346972,"y":513.4857826672032}},"181":{"from_node_id":"182","to_node_id":"186","b1":{"x":208.8464595876269,"y":482.7982521496251},"b2":{"x":59.25013943534418,"y":401.65240864376574}},"182":{"from_node_id":"184","to_node_id":"11","b1":{"x":332.8464595876269,"y":482.7982521496251},"b2":{"x":525.044358452373,"y":409.7670326672032}},"183":{"from_node_id":"184","to_node_id":"187","b1":{"x":328.7318660817675,"y":482.7982521496251},"b2":{"x":346.1537105641894,"y":515.5144081554845}}}},"27":{"name":"L-serine transport via diffusion (extracellular to periplasm)","bigg_id":"SERtex","reversibility":true,"label_x":-206.24205187935308,"label_y":351.7556190929845,"gene_reaction_rule":"b0241 or b0929 or b1377 or b2215","genes":[{"notes":{"original_bigg_ids":["b0241"]},"name":"phoE","bigg_id":"b0241"},{"notes":{"original_bigg_ids":["b0929"]},"name":"ompF","bigg_id":"b0929"},{"notes":{"original_bigg_ids":["b1377"]},"name":"ompN","bigg_id":"b1377"},{"notes":{"original_bigg_ids":["b2215"]},"name":"ompC","bigg_id":"b2215"}],"metabolites":[{"bigg_id":"ser__L_p","coefficient":1},{"bigg_id":"ser__L_e","coefficient":-1}],"segments":{"184":{"from_node_id":"188","to_node_id":"189","b1":null,"b2":null},"185":{"from_node_id":"190","to_node_id":"189","b1":null,"b2":null},"186":{"from_node_id":"190","to_node_id":"186","b1":{"x":-88.15611437935308,"y":375.2800331554845},"b2":{"x":-33.906114379353085,"y":375.2800331554845}},"187":{"from_node_id":"188","to_node_id":"191","b1":{"x":-212.15611437935308,"y":375.28003315548455},"b2":{"x":-266.4061143793531,"y":375.28003315548455}}}},"29":{"name":"L-Serine exchange","bigg_id":"EX_ser__L_e","reversibility":false,"label_x":-310.1561143793531,"label_y":501.44931416134386,"gene_reaction_rule":"","genes":[],"metabolites":[{"bigg_id":"ser__L_e","coefficient":-1}],"segments":{"191":{"from_node_id":"195","to_node_id":"196","b1":null,"b2":null},"192":{"from_node_id":"197","to_node_id":"196","b1":null,"b2":null},"193":{"from_node_id":"195","to_node_id":"191","b1":{"x":-325.1561143793531,"y":488.28003315548455},"b2":{"x":-325.1561143793531,"y":434.03003315548455}}}},"30":{"name":"L-cysteine transport via diffusion (extracellular to periplasm)","bigg_id":"CYStex","reversibility":true,"label_x":959.6167227139535,"label_y":-211.07371322268406,"gene_reaction_rule":"b0241 or b0929 or b1377 or b2215","genes":[{"notes":{"original_bigg_ids":["b0241"]},"name":"phoE","bigg_id":"b0241"},{"notes":{"original_bigg_ids":["b0929"]},"name":"ompF","bigg_id":"b0929"},{"notes":{"original_bigg_ids":["b1377"]},"name":"ompN","bigg_id":"b1377"},{"notes":{"original_bigg_ids":["b2215"]},"name":"ompC","bigg_id":"b2215"}],"metabolites":[{"bigg_id":"cys__L_p","coefficient":1},{"bigg_id":"cys__L_e","coefficient":-1}],"segments":{"194":{"from_node_id":"198","to_node_id":"199","b1":null,"b2":null},"195":{"from_node_id":"200","to_node_id":"199","b1":null,"b2":null},"196":{"from_node_id":"200","to_node_id":"127","b1":{"x":1077.7026602139535,"y":-189.3315257226841},"b2":{"x":1131.9526602139535,"y":-189.3315257226841}},"197":{"from_node_id":"198","to_node_id":"201","b1":{"x":953.7026602139535,"y":-189.33152572268406},"b2":{"x":899.4526602139535,"y":-189.33152572268406}}}},"31":{"name":"L-Cysteine exchange","bigg_id":"EX_cys__L_e","reversibility":false,"label_x":602.7033926358285,"label_y":-210.494611660184,"gene_reaction_rule":"","genes":[],"metabolites":[{"bigg_id":"cys__L_e","coefficient":-1}],"segments":{"198":{"from_node_id":"202","to_node_id":"203","b1":null,"b2":null},"199":{"from_node_id":"204","to_node_id":"203","b1":null,"b2":null},"200":{"from_node_id":"202","to_node_id":"201","b1":{"x":727.7026602139535,"y":-189.33152572268403},"b2":{"x":781.9526602139535,"y":-189.33152572268403}}}},"32":{"name":"L-Cysteinylglycine (Cys-Gly) transport via ABC system (periplasm)","bigg_id":"CGLYabcpp","reversibility":false,"label_x":1780.3603140225473,"label_y":-228.34095374697608,"gene_reaction_rule":"b3544 and b3543 and b3542 and b3541 and b3540","genes":[{"notes":{"original_bigg_ids":["b3544"]},"name":"dppA","bigg_id":"b3544"},{"notes":{"original_bigg_ids":["b3543"]},"name":"dppB","bigg_id":"b3543"},{"notes":{"original_bigg_ids":["b3542"]},"name":"dppC","bigg_id":"b3542"},{"notes":{"original_bigg_ids":["b3541"]},"name":"dppD","bigg_id":"b3541"},{"notes":{"original_bigg_ids":["b3540"]},"name":"dppF","bigg_id":"b3540"}],"metabolites":[{"bigg_id":"h2o_c","coefficient":-1},{"bigg_id":"atp_c","coefficient":-1},{"bigg_id":"cgly_p","coefficient":-1},{"bigg_id":"h_c","coefficient":1},{"bigg_id":"adp_c","coefficient":1},{"bigg_id":"pi_c","coefficient":1},{"bigg_id":"cgly_c","coefficient":1}],"segments":{"201":{"from_node_id":"205","to_node_id":"206","b1":null,"b2":null},"202":{"from_node_id":"207","to_node_id":"206","b1":null,"b2":null},"203":{"from_node_id":"205","to_node_id":"208","b1":{"x":1928.8479849209848,"y":-194.08234778994483},"b2":{"x":1948.3135610928598,"y":-200.23606483096046}},"204":{"from_node_id":"205","to_node_id":"209","b1":{"x":1928.8479849209848,"y":-194.08234778994483},"b2":{"x":1934.0979849209848,"y":-176.08234778994483}},"205":{"from_node_id":"205","to_node_id":"210","b1":{"x":1924.8479849209848,"y":-194.08234778994483},"b2":{"x":1979.0979849209848,"y":-194.08234778994483}},"206":{"from_node_id":"207","to_node_id":"211","b1":{"x":1796.8479849209848,"y":-194.08234778994483},"b2":{"x":1779.7516714444223,"y":-197.86680213564796}},"207":{"from_node_id":"207","to_node_id":"212","b1":{"x":1796.8479849209848,"y":-194.08234778994483},"b2":{"x":1775.0131460537973,"y":-192.66712562197608}},"208":{"from_node_id":"207","to_node_id":"213","b1":{"x":1796.8479849209848,"y":-194.08234778994483},"b2":{"x":1811.3365103116098,"y":-210.20595161074561}},"209":{"from_node_id":"207","to_node_id":"75","b1":{"x":1800.8479849209848,"y":-194.08234778994483},"b2":{"x":1597.3349233975473,"y":-194.08234778994483}}}},"36":{"name":"Sulfate transport in via proton symport (periplasm to cytoplasm)","bigg_id":"SO4t2pp","reversibility":false,"label_x":-107.76680493354797,"label_y":1219.6818237304688,"gene_reaction_rule":"b1206","genes":[{"notes":{"original_bigg_ids":["b1206"]},"name":"dauA","bigg_id":"b1206"}],"metabolites":[{"bigg_id":"so4_c","coefficient":1},{"bigg_id":"so4_p","coefficient":-1},{"bigg_id":"h_c","coefficient":1},{"bigg_id":"h_p","coefficient":-1}],"segments":{"220":{"from_node_id":"224","to_node_id":"225","b1":null,"b2":null},"221":{"from_node_id":"226","to_node_id":"225","b1":null,"b2":null},"222":{"from_node_id":"226","to_node_id":"45","b1":{"x":-111.60700726509094,"y":1105.2745971679688},"b2":{"x":-185.26165509223938,"y":999.6895751953125}},"223":{"from_node_id":"224","to_node_id":"149","b1":{"x":-111.60700726509091,"y":1347.5684204101562},"b2":{"x":-191.9575321674347,"y":1435.2977905273438}},"224":{"from_node_id":"226","to_node_id":"228","b1":{"x":-122.76680493354797,"y":1143.6818237304688},"b2":{"x":-84.96782803535461,"y":1138.4319458007812}},"225":{"from_node_id":"224","to_node_id":"229","b1":{"x":-122.76680493354795,"y":1275.6818237304688},"b2":{"x":-102.82350087165833,"y":1280.9319458007812}}}},"37":{"name":"L-Cysteinylglycine transport via diffusion (extracellular to periplasm)","bigg_id":"CGLYtex","reversibility":true,"label_x":2052.847984920985,"label_y":-9.082347789944833,"gene_reaction_rule":"b0241 or b0929 or b1377 or b2215","genes":[{"notes":{"original_bigg_ids":["b0241"]},"name":"phoE","bigg_id":"b0241"},{"notes":{"original_bigg_ids":["b0929"]},"name":"ompF","bigg_id":"b0929"},{"notes":{"original_bigg_ids":["b1377"]},"name":"ompN","bigg_id":"b1377"},{"notes":{"original_bigg_ids":["b2215"]},"name":"ompC","bigg_id":"b2215"}],"metabolites":[{"bigg_id":"cgly_e","coefficient":-1},{"bigg_id":"cgly_p","coefficient":1}],"segments":{"226":{"from_node_id":"230","to_node_id":"231","b1":null,"b2":null},"227":{"from_node_id":"232","to_node_id":"231","b1":null,"b2":null},"228":{"from_node_id":"230","to_node_id":"233","b1":{"x":2037.8479849209848,"y":42.91765221005517},"b2":{"x":2037.8479849209848,"y":97.16765221005517}},"229":{"from_node_id":"232","to_node_id":"210","b1":{"x":2037.8479849209848,"y":-81.08234778994483},"b2":{"x":2037.8479849209848,"y":-135.33234778994483}}}},"38":{"name":"Cys-Gly exchange","bigg_id":"EX_cgly_e","reversibility":false,"label_x":2055.12313140536,"label_y":270.39043053036767,"gene_reaction_rule":"","genes":[],"metabolites":[{"bigg_id":"cgly_e","coefficient":-1}],"segments":{"230":{"from_node_id":"234","to_node_id":"235","b1":null,"b2":null},"231":{"from_node_id":"236","to_node_id":"235","b1":null,"b2":null},"232":{"from_node_id":"234","to_node_id":"233","b1":{"x":2037.8479849209848,"y":268.91765221005517},"b2":{"x":2037.8479849209848,"y":214.66765221005517}}}},"39":{"name":"3',5'-bisphosphate nucleotidase","bigg_id":"BPNT","reversibility":false,"label_x":1288.3333740234375,"label_y":906.8333129882812,"gene_reaction_rule":"b4214","genes":[{"notes":{"original_bigg_ids":["b4214"]},"name":"cysQ","bigg_id":"b4214"}],"metabolites":[{"bigg_id":"h2o_c","coefficient":-1},{"bigg_id":"pi_c","coefficient":1},{"bigg_id":"pap_c","coefficient":-1},{"bigg_id":"amp_c","coefficient":1}],"segments":{"233":{"from_node_id":"237","to_node_id":"238","b1":null,"b2":null},"234":{"from_node_id":"239","to_node_id":"238","b1":null,"b2":null},"235":{"from_node_id":"237","to_node_id":"240","b1":{"x":1272.3333740234375,"y":946.8333129882812},"b2":{"x":1267.0833740234375,"y":964.8333129882812}},"236":{"from_node_id":"239","to_node_id":"241","b1":{"x":1404.3333740234375,"y":946.8333129882812},"b2":{"x":1409.5833740234375,"y":964.8333129882812}},"237":{"from_node_id":"237","to_node_id":"27","b1":{"x":1276.3333740234375,"y":946.8333129882812},"b2":{"x":1222.0833740234375,"y":946.8333129882812}},"238":{"from_node_id":"239","to_node_id":"242","b1":{"x":1400.3333740234375,"y":946.8333129882812},"b2":{"x":1454.5833740234375,"y":946.8333129882812}}}},"40":{"name":"D-cysteine desulfhydrase","bigg_id":"CYSDDS","reversibility":false,"label_x":2567.129638671875,"label_y":571.7083435058594,"gene_reaction_rule":"b1919","genes":[{"notes":{"original_bigg_ids":["b1919"]},"name":"dcyD","bigg_id":"b1919"}],"metabolites":[{"bigg_id":"cys__D_c","coefficient":-1},{"bigg_id":"h2o_c","coefficient":-1},{"bigg_id":"pyr_c","coefficient":1},{"bigg_id":"h2s_c","coefficient":1},{"bigg_id":"nh4_c","coefficient":1}],"segments":{"239":{"from_node_id":"244","to_node_id":"245","b1":null,"b2":null},"240":{"from_node_id":"246","to_node_id":"245","b1":null,"b2":null},"241":{"from_node_id":"244","to_node_id":"243","b1":{"x":2552.129638671875,"y":499.7083435058594},"b2":{"x":2552.129638671875,"y":445.4583435058594}},"242":{"from_node_id":"244","to_node_id":"247","b1":{"x":2552.129638671875,"y":495.7083435058594},"b2":{"x":2534.129638671875,"y":490.4583435058594}},"243":{"from_node_id":"246","to_node_id":"248","b1":{"x":2552.129638671875,"y":623.7083435058594},"b2":{"x":2552.129638671875,"y":681.0785827636719}},"244":{"from_node_id":"246","to_node_id":"249","b1":{"x":2552.129638671875,"y":627.7083435058594},"b2":{"x":2570.129638671875,"y":632.9583435058594}},"245":{"from_node_id":"246","to_node_id":"250","b1":{"x":2552.129638671875,"y":627.7083435058594},"b2":{"x":2534.129638671875,"y":632.9583435058594}}}},"41":{"name":"D-cysteine uptake via ABC system (periplasm)","bigg_id":"CYSDabcpp","reversibility":false,"label_x":2567.129638671875,"label_y":137.46114444732666,"gene_reaction_rule":"","genes":[],"metabolites":[{"bigg_id":"h2o_c","coefficient":-1},{"bigg_id":"atp_c","coefficient":-1},{"bigg_id":"cys__D_p","coefficient":-1},{"bigg_id":"h_c","coefficient":1},{"bigg_id":"adp_c","coefficient":1},{"bigg_id":"cys__D_c","coefficient":1},{"bigg_id":"pi_c","coefficient":1}],"segments":{"246":{"from_node_id":"251","to_node_id":"252","b1":null,"b2":null},"247":{"from_node_id":"253","to_node_id":"252","b1":null,"b2":null},"248":{"from_node_id":"251","to_node_id":"254","b1":{"x":2552.129638671875,"y":61.46114444732666},"b2":{"x":2534.129638671875,"y":56.21114444732666}},"249":{"from_node_id":"251","to_node_id":"255","b1":{"x":2552.129638671875,"y":61.46114444732666},"b2":{"x":2570.129638671875,"y":56.21114444732666}},"250":{"from_node_id":"251","to_node_id":"256","b1":{"x":2552.129638671875,"y":65.46114444732666},"b2":{"x":2552.129638671875,"y":-119.84006118774414}},"251":{"from_node_id":"253","to_node_id":"257","b1":{"x":2552.129638671875,"y":193.46114444732666},"b2":{"x":2534.129638671875,"y":198.71114444732666}},"252":{"from_node_id":"253","to_node_id":"258","b1":{"x":2552.129638671875,"y":193.46114444732666},"b2":{"x":2570.129638671875,"y":198.71114444732666}},"253":{"from_node_id":"253","to_node_id":"243","b1":{"x":2552.129638671875,"y":189.46114444732666},"b2":{"x":2552.129638671875,"y":327.9583435058594}},"254":{"from_node_id":"253","to_node_id":"259","b1":{"x":2552.129638671875,"y":193.46114444732666},"b2":{"x":2588.129638671875,"y":183.71114444732666}}}},"42":{"name":"D-cysteine transport via diffusion (extracellular to periplasm)","bigg_id":"CYSDtex","reversibility":true,"label_x":2670.88916015625,"label_y":-212.3495216369629,"gene_reaction_rule":"b0241 or b0929 or b1377 or b2215","genes":[{"notes":{"original_bigg_ids":["b0241"]},"name":"phoE","bigg_id":"b0241"},{"notes":{"original_bigg_ids":["b0929"]},"name":"ompF","bigg_id":"b0929"},{"notes":{"original_bigg_ids":["b1377"]},"name":"ompN","bigg_id":"b1377"},{"notes":{"original_bigg_ids":["b2215"]},"name":"ompC","bigg_id":"b2215"}],"metabolites":[{"bigg_id":"cys__D_p","coefficient":1},{"bigg_id":"cys__D_e","coefficient":-1}],"segments":{"255":{"from_node_id":"260","to_node_id":"261","b1":null,"b2":null},"256":{"from_node_id":"262","to_node_id":"261","b1":null,"b2":null},"257":{"from_node_id":"262","to_node_id":"256","b1":{"x":2665.129638671875,"y":-178.59006118774414},"b2":{"x":2610.879638671875,"y":-178.59006118774414}},"258":{"from_node_id":"260","to_node_id":"263","b1":{"x":2789.129638671875,"y":-178.59006118774414},"b2":{"x":2843.379638671875,"y":-178.59006118774414}}}},"43":{"name":"D-Cysteine exchange","bigg_id":"EX_cys__D_e","reversibility":false,"label_x":2951.8779296875,"label_y":-203.23227310180664,"gene_reaction_rule":"","genes":[],"metabolites":[{"bigg_id":"cys__D_e","coefficient":-1}],"segments":{"259":{"from_node_id":"264","to_node_id":"265","b1":null,"b2":null},"260":{"from_node_id":"266","to_node_id":"265","b1":null,"b2":null},"261":{"from_node_id":"264","to_node_id":"263","b1":{"x":3075.099609375,"y":-178.59006118774414},"b2":{"x":2960.879638671875,"y":-178.59006118774414}}}},"44":{"name":"3-mercaptopyruvate sulfurtransferase","bigg_id":"MCPST","reversibility":false,"label_x":2567.129638671875,"label_y":924.8285827636719,"gene_reaction_rule":"b2521","genes":[{"notes":{"original_bigg_ids":["b2521"]},"name":"sseA","bigg_id":"b2521"}],"metabolites":[{"bigg_id":"cyan_c","coefficient":-1},{"bigg_id":"pyr_c","coefficient":1},{"bigg_id":"h_c","coefficient":1},{"bigg_id":"mercppyr_c","coefficient":-1},{"bigg_id":"tcynt_c","coefficient":1}],"segments":{"262":{"from_node_id":"267","to_node_id":"268","b1":null,"b2":null},"263":{"from_node_id":"269","to_node_id":"268","b1":null,"b2":null},"264":{"from_node_id":"267","to_node_id":"270","b1":{"x":2552.129638671875,"y":980.8285827636719},"b2":{"x":2534.129638671875,"y":986.0785827636719}},"265":{"from_node_id":"269","to_node_id":"248","b1":{"x":2552.129638671875,"y":852.8285827636719},"b2":{"x":2552.129638671875,"y":798.5785827636719}},"266":{"from_node_id":"269","to_node_id":"271","b1":{"x":2552.129638671875,"y":848.8285827636719},"b2":{"x":2570.129638671875,"y":843.5785827636719}},"267":{"from_node_id":"267","to_node_id":"272","b1":{"x":2552.129638671875,"y":976.8285827636719},"b2":{"x":2552.129638671875,"y":1031.0785827636719}},"268":{"from_node_id":"269","to_node_id":"273","b1":{"x":2552.129638671875,"y":848.8285827636719},"b2":{"x":2534.129638671875,"y":843.5785827636719}}}},"45":{"name":"Cysteine Desulfhydrase","bigg_id":"CYSDS","reversibility":false,"label_x":1614.6969839444223,"label_y":341.79085548764306,"gene_reaction_rule":"b3708 or b3008","genes":[{"notes":{"original_bigg_ids":["b3708"]},"name":"tnaA","bigg_id":"b3708"},{"notes":{"original_bigg_ids":["b3008"]},"name":"metC","bigg_id":"b3008"}],"metabolites":[{"bigg_id":"cys__L_c","coefficient":-1},{"bigg_id":"h2o_c","coefficient":-1},{"bigg_id":"pyr_c","coefficient":1},{"bigg_id":"h2s_c","coefficient":1},{"bigg_id":"nh4_c","coefficient":1}],"segments":{"269":{"from_node_id":"274","to_node_id":"275","b1":null,"b2":null},"270":{"from_node_id":"276","to_node_id":"275","b1":null,"b2":null},"271":{"from_node_id":"274","to_node_id":"4","b1":{"x":1602.6969839444223,"y":381.79085548764306},"b2":{"x":1464.4889761319223,"y":381.79085548764306}},"272":{"from_node_id":"274","to_node_id":"277","b1":{"x":1598.6969839444223,"y":381.79085548764306},"b2":{"x":1593.4469839444223,"y":399.79085548764306}},"273":{"from_node_id":"276","to_node_id":"278","b1":{"x":1726.6969839444223,"y":381.79085548764306},"b2":{"x":1780.9469839444223,"y":381.79085548764306}},"274":{"from_node_id":"276","to_node_id":"279","b1":{"x":1730.6969839444223,"y":381.79085548764306},"b2":{"x":1735.9469839444223,"y":363.79085548764306}},"275":{"from_node_id":"276","to_node_id":"280","b1":{"x":1730.6969839444223,"y":381.79085548764306},"b2":{"x":1735.9469839444223,"y":399.79085548764306}}}},"48":{"name":"L-cysteine sulfinic acid desulfurase","bigg_id":"CYSSADS","reversibility":false,"label_x":3324.917724609375,"label_y":943.0335083007812,"gene_reaction_rule":"b2810","genes":[{"notes":{"original_bigg_ids":["b2810"]},"name":"csdA","bigg_id":"b2810"}],"metabolites":[{"bigg_id":"so2_c","coefficient":1},{"bigg_id":"ala__L_c","coefficient":1},{"bigg_id":"h_c","coefficient":-2},{"bigg_id":"3sala_c","coefficient":-1}],"segments":{"288":{"from_node_id":"296","to_node_id":"297","b1":null,"b2":null},"289":{"from_node_id":"298","to_node_id":"297","b1":null,"b2":null},"290":{"from_node_id":"298","to_node_id":"299","b1":{"x":3309.917724609375,"y":999.0335083007812},"b2":{"x":3291.917724609375,"y":1004.2835083007812}},"291":{"from_node_id":"298","to_node_id":"300","b1":{"x":3309.917724609375,"y":995.0335083007812},"b2":{"x":3309.917724609375,"y":1049.2835083007812}},"292":{"from_node_id":"296","to_node_id":"295","b1":{"x":3309.917724609375,"y":867.0335083007812},"b2":{"x":3291.917724609375,"y":861.7835083007812}},"293":{"from_node_id":"296","to_node_id":"301","b1":{"x":3309.917724609375,"y":871.0335083007812},"b2":{"x":3309.917724609375,"y":816.7835083007812}}}}},"nodes":{"0":{"node_type":"metabolite","x":931.7657329640919,"y":387.4519081554844,"bigg_id":"acser_c","name":"O-Acetyl-L-serine","label_x":896.7657329640916,"label_y":350.118564649625,"node_is_primary":true},"1":{"node_type":"multimarker","x":1086.7538835098453,"y":385.5353512408924},"2":{"node_type":"midmarker","x":1106.7523545480071,"y":385.2880535744935},"3":{"node_type":"multimarker","x":1126.7508255861687,"y":385.04075590809464},"4":{"node_type":"metabolite","x":1405.7389761319223,"y":381.79085548764306,"bigg_id":"cys__L_c","name":"L-Cysteine","label_x":1362.7389761319223,"label_y":427.12419899350243,"node_is_primary":true},"5":{"node_type":"metabolite","x":1210.7551368327604,"y":303.99585667325147,"bigg_id":"ac_c","name":"Acetate","label_x":1225.7551368327604,"label_y":303.99585667325147,"node_is_primary":false},"6":{"node_type":"metabolite","x":1212.7335181639528,"y":463.9836249785456,"bigg_id":"h_c","name":"H+","label_x":1185.7335181639528,"label_y":493.9836249785456,"node_is_primary":false},"7":{"node_type":"metabolite","x":1002.7495722632542,"y":466.58025047573506,"bigg_id":"h2s_c","name":"Hydrogen sulfide","label_x":921.7495722632542,"label_y":472.58025047573506,"node_is_primary":false},"8":{"node_type":"multimarker","x":736.7657329640917,"y":387.4519081554844},"9":{"node_type":"midmarker","x":756.7657329640917,"y":387.4519081554844},"10":{"node_type":"multimarker","x":776.7657329640917,"y":387.4519081554844},"11":{"node_type":"metabolite","x":581.7657329640917,"y":387.45190815548443,"bigg_id":"ser__L_c","name":"L-Serine","label_x":540.5643047414355,"label_y":437.6560707531407,"node_is_primary":true},"12":{"node_type":"metabolite","x":861.7657329640919,"y":307.4519081554844,"bigg_id":"coa_c","name":"Coenzyme A","label_x":834.7657329640919,"label_y":287.4519081554844,"node_is_primary":false},"13":{"node_type":"metabolite","x":651.7657329640917,"y":307.4519081554844,"bigg_id":"accoa_c","name":"Acetyl-CoA","label_x":608.5657329640917,"label_y":287.4519081554844,"node_is_primary":false},"14":{"node_type":"multimarker","x":1002.7495722632542,"y":661.5802504757352},"15":{"node_type":"midmarker","x":1002.7495722632542,"y":641.5802504757352},"16":{"node_type":"multimarker","x":1002.7495722632542,"y":621.5802504757352},"17":{"node_type":"metabolite","x":1082.7495722632543,"y":536.5802504757352,"bigg_id":"h2o_c","name":"H2O","label_x":1097.7495722632543,"label_y":536.5802504757352,"node_is_primary":false},"18":{"node_type":"metabolite","x":922.7495722632542,"y":536.5802504757352,"bigg_id":"nadp_c","name":"Nicotinamide adenine dinucleotide phosphate","label_x":832.7495722632542,"label_y":543.9135634640164,"node_is_primary":false},"19":{"node_type":"metabolite","x":922.7495722632542,"y":746.5802504757352,"bigg_id":"nadph_c","name":"Nicotinamide adenine dinucleotide phosphate - reduced","label_x":819.7495722632542,"label_y":752.5802504757352,"node_is_primary":false},"20":{"node_type":"metabolite","x":1002.7495722632542,"y":816.5802504757352,"bigg_id":"so3_c","name":"Sulfite","label_x":1027.7495722632543,"label_y":816.5802504757352,"node_is_primary":true},"21":{"node_type":"metabolite","x":1082.7495722632543,"y":746.5802504757352,"bigg_id":"h_c","name":"H+","label_x":1101.7495722632543,"label_y":754.5802504757352,"node_is_primary":false},"22":{"node_type":"metabolite","x":564.4479751586914,"y":949.8673706054688,"bigg_id":"paps_c","name":"3'-Phosphoadenylyl sulfate","label_x":533.3812881469727,"label_y":919.2007446289062,"node_is_primary":true},"23":{"node_type":"multimarker","x":770.4688110351562,"y":948.1666259765625},"24":{"node_type":"midmarker","x":790.4688110351562,"y":948.1666259765625},"25":{"node_type":"multimarker","x":810.4688110351562,"y":948.1666259765625},"27":{"node_type":"metabolite","x":1163.3333740234375,"y":946.8333129882812,"bigg_id":"pap_c","name":"Adenosine 3',5'-bisphosphate","label_x":1134.6326904296875,"label_y":915.4041748046875,"node_is_primary":true},"28":{"node_type":"metabolite","x":907.4688110351562,"y":1022.8333129882812,"bigg_id":"trdox_c","name":"Oxidized thioredoxin","label_x":904.3354370117188,"label_y":1056.1666870117188,"node_is_primary":false},"29":{"node_type":"metabolite","x":875.4688110351562,"y":1108.1666259765625,"bigg_id":"h_c","name":"H+","label_x":859.2688110351562,"label_y":1148.1666259765625,"node_is_primary":false},"30":{"node_type":"metabolite","x":685.4688110351562,"y":1028.1666259765625,"bigg_id":"trdrd_c","name":"Reduced thioredoxin","label_x":647.6688110351563,"label_y":1068.1666259765625,"node_is_primary":false},"31":{"node_type":"multimarker","x":369.4479751586914,"y":949.8673706054688},"32":{"node_type":"midmarker","x":389.4479751586914,"y":949.8673706054688},"33":{"node_type":"multimarker","x":409.4479751586914,"y":949.8673706054688},"34":{"node_type":"metabolite","x":214.4479751586914,"y":949.8673706054688,"bigg_id":"aps_c","name":"Adenosine 5'-phosphosulfate","label_x":187.4479751586914,"label_y":989.8673706054688,"node_is_primary":true},"35":{"node_type":"metabolite","x":477.11466217041016,"y":1021.867431640625,"bigg_id":"h_c","name":"H+","label_x":460.9146621704101,"label_y":1061.867431640625,"node_is_primary":false},"36":{"node_type":"metabolite","x":494.4479751586914,"y":869.8673706054688,"bigg_id":"adp_c","name":"ADP","label_x":467.4479751586914,"label_y":849.8673706054688,"node_is_primary":false},"37":{"node_type":"metabolite","x":284.4479751586914,"y":869.8673706054688,"bigg_id":"atp_c","name":"ATP","label_x":257.4479751586914,"label_y":849.8673706054688,"node_is_primary":false},"38":{"node_type":"multimarker","x":19.447975158691406,"y":949.8673706054688},"39":{"node_type":"midmarker","x":39.447975158691406,"y":949.8673706054688},"40":{"node_type":"multimarker","x":59.447975158691406,"y":949.8673706054688},"41":{"node_type":"metabolite","x":-45.552024841308594,"y":789.8673706054688,"bigg_id":"h2o_c","name":"H2O","label_x":-72.5520248413086,"label_y":769.8673706054688,"node_is_primary":false},"42":{"node_type":"metabolite","x":144.4479751586914,"y":1029.8673706054688,"bigg_id":"gdp_c","name":"GDP","label_x":117.4479751586914,"label_y":1069.8673706054688,"node_is_primary":false},"43":{"node_type":"metabolite","x":-78.88535690307617,"y":876.5340576171875,"bigg_id":"atp_c","name":"ATP","label_x":-105.88535690307617,"label_y":856.5340576171875,"node_is_primary":false},"44":{"node_type":"metabolite","x":155.11463165283203,"y":879.20068359375,"bigg_id":"ppi_c","name":"Diphosphate","label_x":128.11463165283203,"label_y":859.20068359375,"node_is_primary":false},"45":{"node_type":"metabolite","x":-234.36474347114563,"y":952.0993041992188,"bigg_id":"so4_c","name":"Sulfate","label_x":-325.8747684955597,"label_y":955.03466796875,"node_is_primary":true},"46":{"node_type":"metabolite","x":-65.5520248413086,"y":1029.8673706054688,"bigg_id":"gtp_c","name":"GTP","label_x":-92.5520248413086,"label_y":1069.8673706054688,"node_is_primary":false},"47":{"node_type":"metabolite","x":124.4479751586914,"y":789.8673706054688,"bigg_id":"pi_c","name":"Phosphate","label_x":102.84797515869138,"label_y":769.8673706054688,"node_is_primary":false},"70":{"node_type":"multimarker","x":1538.5849233975473,"y":-39.08234778994483},"71":{"node_type":"midmarker","x":1538.5849233975473,"y":-19.082347789944833},"72":{"node_type":"multimarker","x":1538.5849233975473,"y":0.9176522100551665},"73":{"node_type":"metabolite","x":1616.2157827725473,"y":-109.86681739443702,"bigg_id":"h2o_c","name":"H2O","label_x":1590.9384390225473,"label_y":-133.5593680536167,"node_is_primary":false},"74":{"node_type":"metabolite","x":1623.9184194912973,"y":80.58430870419579,"bigg_id":"gly_c","name":"Glycine","label_x":1601.5031362881723,"label_y":114.5981789434536,"node_is_primary":false},"75":{"node_type":"metabolite","x":1538.5849233975473,"y":-194.08234778994483,"bigg_id":"cgly_c","name":"Cys-Gly","label_x":1499.6149526944223,"label_y":-231.99041358584327,"node_is_primary":true},"76":{"node_type":"multimarker","x":759.1959363468935,"y":1296.9516898470013},"77":{"node_type":"midmarker","x":779.1943577483553,"y":1296.7004102226583},"78":{"node_type":"multimarker","x":799.1927791498148,"y":1296.4491305983126},"81":{"node_type":"metabolite","x":687.1556136449464,"y":1385.7120940268003,"bigg_id":"grxrd_c","name":"Glutaredoxin (reduced)","label_x":584.1556136449464,"label_y":1395.7120940268003,"node_is_primary":false},"82":{"node_type":"metabolite","x":909.1911886033986,"y":1361.0345457694432,"bigg_id":"h_c","name":"H+","label_x":923.0079000291798,"label_y":1367.2248533866307,"node_is_primary":false},"83":{"node_type":"metabolite","x":883.2048437071269,"y":1411.401825452753,"bigg_id":"grxox_c","name":"Glutaredoxin (oxidized)","label_x":820.2048437071269,"label_y":1441.401825452753,"node_is_primary":false},"122":{"node_type":"multimarker","x":1190.7026602139535,"y":-34.33152572268409},"123":{"node_type":"midmarker","x":1190.7026602139535,"y":-14.331525722684091},"124":{"node_type":"multimarker","x":1190.7026602139535,"y":5.668474277315909},"125":{"node_type":"metabolite","x":1110.7026602139535,"y":-119.33152572268409,"bigg_id":"h2o_c","name":"H2O","label_x":1065.7026602139535,"label_y":-89.33152572268409,"node_is_primary":false},"126":{"node_type":"metabolite","x":1270.7026602139535,"y":-119.33152572268409,"bigg_id":"atp_c","name":"ATP","label_x":1285.7026602139535,"label_y":-119.33152572268409,"node_is_primary":false},"127":{"node_type":"metabolite","x":1190.7026602139535,"y":-189.3315257226841,"bigg_id":"cys__L_p","name":"L-Cysteine","label_x":1215.7026602139535,"label_y":-189.3315257226841,"node_is_primary":true},"128":{"node_type":"metabolite","x":1110.7026602139535,"y":90.66847427731591,"bigg_id":"h_c","name":"H+","label_x":1083.7026602139535,"label_y":120.66847427731591,"node_is_primary":false},"129":{"node_type":"metabolite","x":1270.7026602139535,"y":90.66847427731591,"bigg_id":"adp_c","name":"ADP","label_x":1281.645409237391,"label_y":102.84034927731591,"node_is_primary":false},"130":{"node_type":"metabolite","x":1350.7026602139535,"y":70.66847427731591,"bigg_id":"pi_c","name":"Phosphate","label_x":1365.7026602139535,"label_y":70.66847427731591,"node_is_primary":false},"144":{"node_type":"multimarker","x":-372.54287457466125,"y":1233.3145141601562},"145":{"node_type":"midmarker","x":-372.54287457466125,"y":1213.3145141601562},"146":{"node_type":"multimarker","x":-372.54287457466125,"y":1193.3145141601562},"147":{"node_type":"metabolite","x":-292.54287457466125,"y":1318.3145141601562,"bigg_id":"h2o_c","name":"H2O","label_x":-277.54287457466125,"label_y":1318.3145141601562,"node_is_primary":false},"148":{"node_type":"metabolite","x":-452.54287457466125,"y":1318.3145141601562,"bigg_id":"atp_c","name":"ATP","label_x":-497.54287457466125,"label_y":1348.3145141601562,"node_is_primary":false},"149":{"node_type":"metabolite","x":-227.4655430316925,"y":1484.2887573242188,"bigg_id":"so4_p","name":"Sulfate","label_x":-198.40824627876282,"label_y":1490.3746948242188,"node_is_primary":true},"150":{"node_type":"metabolite","x":-292.54287457466125,"y":1108.3145141601562,"bigg_id":"h_c","name":"H+","label_x":-277.54287457466125,"label_y":1108.3145141601562,"node_is_primary":false},"151":{"node_type":"metabolite","x":-452.54287457466125,"y":1108.3145141601562,"bigg_id":"adp_c","name":"ADP","label_x":-505.6574375629425,"label_y":1087.5984497070312,"node_is_primary":false},"152":{"node_type":"metabolite","x":-532.5428745746613,"y":1128.3145141601562,"bigg_id":"pi_c","name":"Phosphate","label_x":-568.5428745746613,"label_y":1158.3145141601562,"node_is_primary":false},"153":{"node_type":"multimarker","x":-227.4655430316925,"y":1634.6497192382812},"154":{"node_type":"midmarker","x":-227.4655430316925,"y":1614.6497192382812},"155":{"node_type":"multimarker","x":-227.4655430316925,"y":1594.6497192382812},"156":{"node_type":"metabolite","x":-227.4655430316925,"y":1742.7785034179688,"bigg_id":"so4_e","name":"Sulfate","label_x":-195.7696659564972,"label_y":1747.2424926757812,"node_is_primary":true},"157":{"node_type":"multimarker","x":-382.4655430316925,"y":1742.7785034179688},"158":{"node_type":"midmarker","x":-402.4655430316925,"y":1742.7785034179688},"159":{"node_type":"multimarker","x":-422.4655430316925,"y":1742.7785034179688},"176":{"node_type":"multimarker","x":254.90376396995111,"y":298.1915054760411},"177":{"node_type":"midmarker","x":274.9037639699511,"y":298.1915054760411},"178":{"node_type":"multimarker","x":294.9037639699511,"y":298.1915054760411},"180":{"node_type":"metabolite","x":379.9037639699511,"y":218.19150547604107,"bigg_id":"h_c","name":"H+","label_x":363.70376396995107,"label_y":198.19150547604107,"node_is_primary":false},"181":{"node_type":"metabolite","x":169.90376396995111,"y":218.19150547604113,"bigg_id":"h_p","name":"H+","label_x":153.70376396995107,"label_y":198.19150547604113,"node_is_primary":false},"182":{"node_type":"multimarker","x":250.8464595876269,"y":482.7982521496251},"183":{"node_type":"midmarker","x":270.8464595876269,"y":482.7982521496251},"184":{"node_type":"multimarker","x":290.8464595876269,"y":482.7982521496251},"185":{"node_type":"metabolite","x":165.8464595876269,"y":550.8894081554845,"bigg_id":"na1_p","name":"Sodium","label_x":92.18760796409174,"label_y":551.1758461437657,"node_is_primary":false},"186":{"node_type":"metabolite","x":24.843885620646915,"y":375.2800331554845,"bigg_id":"ser__L_p","name":"L-Serine","label_x":-34.35611414093455,"label_y":429.2800331554845,"node_is_primary":true},"187":{"node_type":"metabolite","x":377.87508507590815,"y":548.8607826672032,"bigg_id":"na1_c","name":"Sodium","label_x":304.2162410817675,"label_y":557.261844678922,"node_is_primary":false},"188":{"node_type":"multimarker","x":-170.15611437935308,"y":375.2800331554845},"189":{"node_type":"midmarker","x":-150.15611437935308,"y":375.2800331554845},"190":{"node_type":"multimarker","x":-130.15611437935308,"y":375.2800331554845},"191":{"node_type":"metabolite","x":-325.1561143793531,"y":375.28003315548455,"bigg_id":"ser__L_e","name":"L-Serine","label_x":-362.2701768793531,"label_y":342.24881367306267,"node_is_primary":true},"195":{"node_type":"multimarker","x":-325.1561143793531,"y":530.2800331554845},"196":{"node_type":"midmarker","x":-325.1561143793531,"y":550.2800331554845},"197":{"node_type":"multimarker","x":-325.1561143793531,"y":570.2800331554845},"198":{"node_type":"multimarker","x":995.7026602139535,"y":-189.33152572268406},"199":{"node_type":"midmarker","x":1015.7026602139535,"y":-189.33152572268406},"200":{"node_type":"multimarker","x":1035.7026602139535,"y":-189.33152572268406},"201":{"node_type":"metabolite","x":840.7026602139535,"y":-189.33152572268403,"bigg_id":"cys__L_e","name":"L-Cysteine","label_x":797.5026602139535,"label_y":-149.33152572268403,"node_is_primary":true},"202":{"node_type":"multimarker","x":685.7026602139535,"y":-189.331525722684},"203":{"node_type":"midmarker","x":665.7026602139535,"y":-189.331525722684},"204":{"node_type":"multimarker","x":599.0437857022348,"y":-189.331525722684},"205":{"node_type":"multimarker","x":1882.8479849209848,"y":-194.08234778994483},"206":{"node_type":"midmarker","x":1862.8479849209848,"y":-194.08234778994483},"207":{"node_type":"multimarker","x":1842.8479849209848,"y":-194.08234778994483},"208":{"node_type":"metabolite","x":1982.0635610928598,"y":-262.23606483096046,"bigg_id":"h2o_c","name":"H2O","label_x":1955.0635610928598,"label_y":-282.23606483096046,"node_is_primary":false},"209":{"node_type":"metabolite","x":1967.8479849209848,"y":-114.08234778994483,"bigg_id":"atp_c","name":"ATP","label_x":1940.8479849209848,"label_y":-74.08234778994483,"node_is_primary":false},"210":{"node_type":"metabolite","x":2037.8479849209848,"y":-194.08234778994483,"bigg_id":"cgly_p","name":"Cys-Gly","label_x":2066.874864803797,"label_y":-185.93336097353858,"node_is_primary":true},"211":{"node_type":"metabolite","x":1746.0016714444223,"y":-259.86680213564796,"bigg_id":"h_c","name":"H+","label_x":1729.8016714444223,"label_y":-279.86680213564796,"node_is_primary":false},"212":{"node_type":"metabolite","x":1741.2631460537973,"y":-130.66712562197608,"bigg_id":"adp_c","name":"ADP","label_x":1707.1553579678598,"label_y":-102.51340095156593,"node_is_primary":false},"213":{"node_type":"metabolite","x":1782.5865103116098,"y":-86.20595161074561,"bigg_id":"pi_c","name":"Phosphate","label_x":1806.002379452235,"label_y":-79.37551871889991,"node_is_primary":false},"224":{"node_type":"multimarker","x":-122.76680493354797,"y":1229.6818237304688},"225":{"node_type":"midmarker","x":-122.76680493354797,"y":1209.6818237304688},"226":{"node_type":"multimarker","x":-122.76680493354797,"y":1189.6818237304688},"228":{"node_type":"metabolite","x":-57.689481019973755,"y":1122.5376586914062,"bigg_id":"h_c","name":"H+","label_x":-40.05030369758606,"label_y":1132.4500122070312,"node_is_primary":false},"229":{"node_type":"metabolite","x":-53.22556805610657,"y":1296.8262329101562,"bigg_id":"h_p","name":"H+","label_x":-37.818352937698364,"label_y":1302.2747192382812,"node_is_primary":false},"230":{"node_type":"multimarker","x":2037.8479849209848,"y":0.9176522100551665},"231":{"node_type":"midmarker","x":2037.8479849209848,"y":-19.082347789944833},"232":{"node_type":"multimarker","x":2037.8479849209848,"y":-39.08234778994483},"233":{"node_type":"metabolite","x":2037.8479849209848,"y":155.91765221005517,"bigg_id":"cgly_e","name":"Cys-Gly","label_x":2071.94832671786,"label_y":165.01794823056298,"node_is_primary":true},"234":{"node_type":"multimarker","x":2037.8479849209848,"y":310.91765221005517},"235":{"node_type":"midmarker","x":2037.8479849209848,"y":330.91765221005517},"236":{"node_type":"multimarker","x":2037.8479849209848,"y":350.91765221005517},"237":{"node_type":"multimarker","x":1318.3333740234375,"y":946.8333129882812},"238":{"node_type":"midmarker","x":1338.3333740234375,"y":946.8333129882812},"239":{"node_type":"multimarker","x":1358.3333740234375,"y":946.8333129882812},"240":{"node_type":"metabolite","x":1233.3333740234375,"y":1026.8333129882812,"bigg_id":"h2o_c","name":"H2O","label_x":1206.3333740234375,"label_y":1066.8333129882812,"node_is_primary":false},"241":{"node_type":"metabolite","x":1443.3333740234375,"y":1026.8333129882812,"bigg_id":"pi_c","name":"Phosphate","label_x":1421.7333740234376,"label_y":1066.8333129882812,"node_is_primary":false},"242":{"node_type":"metabolite","x":1513.3333740234375,"y":946.8333129882812,"bigg_id":"amp_c","name":"AMP","label_x":1486.3333740234375,"label_y":986.8333129882812,"node_is_primary":true},"243":{"node_type":"metabolite","x":2552.129638671875,"y":386.7083435058594,"bigg_id":"cys__D_c","name":"D-Cysteine","label_x":2421.116455078125,"label_y":389.82861328125,"node_is_primary":true},"244":{"node_type":"multimarker","x":2552.129638671875,"y":541.7083435058594},"245":{"node_type":"midmarker","x":2552.129638671875,"y":561.7083435058594},"246":{"node_type":"multimarker","x":2552.129638671875,"y":581.7083435058594},"247":{"node_type":"metabolite","x":2472.129638671875,"y":456.7083435058594,"bigg_id":"h2o_c","name":"H2O","label_x":2427.129638671875,"label_y":486.7083435058594,"node_is_primary":false},"248":{"node_type":"metabolite","x":2552.129638671875,"y":739.8285827636719,"bigg_id":"pyr_c","name":"Pyruvate","label_x":2577.129638671875,"label_y":739.8285827636719,"node_is_primary":true},"249":{"node_type":"metabolite","x":2632.129638671875,"y":666.7083435058594,"bigg_id":"h2s_c","name":"Hydrogen sulfide","label_x":2647.129638671875,"label_y":666.7083435058594,"node_is_primary":false},"250":{"node_type":"metabolite","x":2472.129638671875,"y":666.7083435058594,"bigg_id":"nh4_c","name":"Ammonium","label_x":2427.129638671875,"label_y":696.7083435058594,"node_is_primary":false},"251":{"node_type":"multimarker","x":2552.129638671875,"y":107.46114444732666},"252":{"node_type":"midmarker","x":2552.129638671875,"y":127.46114444732666},"253":{"node_type":"multimarker","x":2552.129638671875,"y":147.46114444732666},"254":{"node_type":"metabolite","x":2472.129638671875,"y":22.46114444732666,"bigg_id":"h2o_c","name":"H2O","label_x":2427.129638671875,"label_y":52.46114444732666,"node_is_primary":false},"255":{"node_type":"metabolite","x":2632.129638671875,"y":22.46114444732666,"bigg_id":"atp_c","name":"ATP","label_x":2647.129638671875,"label_y":22.46114444732666,"node_is_primary":false},"256":{"node_type":"metabolite","x":2552.129638671875,"y":-178.59006118774414,"bigg_id":"cys__D_p","name":"D-Cysteine","label_x":2414.875732421875,"label_y":-166.10898208618164,"node_is_primary":true},"257":{"node_type":"metabolite","x":2472.129638671875,"y":232.46114444732666,"bigg_id":"h_c","name":"H+","label_x":2445.129638671875,"label_y":262.46114444732666,"node_is_primary":false},"258":{"node_type":"metabolite","x":2632.129638671875,"y":232.46114444732666,"bigg_id":"adp_c","name":"ADP","label_x":2647.129638671875,"label_y":232.46114444732666,"node_is_primary":false},"259":{"node_type":"metabolite","x":2712.129638671875,"y":212.46114444732666,"bigg_id":"pi_c","name":"Phosphate","label_x":2727.129638671875,"label_y":212.46114444732666,"node_is_primary":false},"260":{"node_type":"multimarker","x":2747.129638671875,"y":-178.59006118774414},"261":{"node_type":"midmarker","x":2727.129638671875,"y":-178.59006118774414},"262":{"node_type":"multimarker","x":2707.129638671875,"y":-178.59006118774414},"263":{"node_type":"metabolite","x":2902.129638671875,"y":-178.59006118774414,"bigg_id":"cys__D_e","name":"D-Cysteine","label_x":2858.929638671875,"label_y":-138.59006118774414,"node_is_primary":true},"264":{"node_type":"multimarker","x":3117.099609375,"y":-178.59006118774414},"265":{"node_type":"midmarker","x":3137.099609375,"y":-178.59006118774414},"266":{"node_type":"multimarker","x":3157.099609375,"y":-178.59006118774414},"267":{"node_type":"multimarker","x":2552.129638671875,"y":934.8285827636719},"268":{"node_type":"midmarker","x":2552.129638671875,"y":914.8285827636719},"269":{"node_type":"multimarker","x":2552.129638671875,"y":894.8285827636719},"270":{"node_type":"metabolite","x":2472.129638671875,"y":1019.8285827636719,"bigg_id":"cyan_c","name":"Hydrogen cyanide","label_x":2418.129638671875,"label_y":1049.8285827636719,"node_is_primary":false},"271":{"node_type":"metabolite","x":2632.129638671875,"y":809.8285827636719,"bigg_id":"h_c","name":"H+","label_x":2647.129638671875,"label_y":809.8285827636719,"node_is_primary":false},"272":{"node_type":"metabolite","x":2552.129638671875,"y":1089.8285827636719,"bigg_id":"mercppyr_c","name":"Mercaptopyruvate","label_x":2577.129638671875,"label_y":1089.8285827636719,"node_is_primary":true},"273":{"node_type":"metabolite","x":2472.129638671875,"y":809.8285827636719,"bigg_id":"tcynt_c","name":"Thiocyanate","label_x":2409.129638671875,"label_y":839.8285827636719,"node_is_primary":false},"274":{"node_type":"multimarker","x":1644.6969839444223,"y":381.79085548764306},"275":{"node_type":"midmarker","x":1664.6969839444223,"y":381.79085548764306},"276":{"node_type":"multimarker","x":1684.6969839444223,"y":381.79085548764306},"277":{"node_type":"metabolite","x":1559.6969839444223,"y":461.79085548764306,"bigg_id":"h2o_c","name":"H2O","label_x":1532.6969839444223,"label_y":501.79085548764306,"node_is_primary":false},"278":{"node_type":"metabolite","x":1839.6969839444223,"y":381.79085548764306,"bigg_id":"pyr_c","name":"Pyruvate","label_x":1812.6969839444223,"label_y":421.79085548764306,"node_is_primary":true},"279":{"node_type":"metabolite","x":1769.6969839444223,"y":301.79085548764306,"bigg_id":"h2s_c","name":"Hydrogen sulfide","label_x":1742.6969839444223,"label_y":281.79085548764306,"node_is_primary":false},"280":{"node_type":"metabolite","x":1769.6969839444223,"y":461.79085548764306,"bigg_id":"nh4_c","name":"Ammonium","label_x":1742.6969839444223,"label_y":501.79085548764306,"node_is_primary":false},"295":{"node_type":"metabolite","x":3229.917724609375,"y":828.0335083007812,"bigg_id":"h_c","name":"H+","label_x":3180.917724609375,"label_y":856.0335083007812,"node_is_primary":false},"296":{"node_type":"multimarker","x":3309.917724609375,"y":913.0335083007812},"297":{"node_type":"midmarker","x":3309.917724609375,"y":933.0335083007812},"298":{"node_type":"multimarker","x":3309.917724609375,"y":953.0335083007812},"299":{"node_type":"metabolite","x":3229.917724609375,"y":1038.0335083007812,"bigg_id":"so2_c","name":"Sulfur dioxide","label_x":3184.917724609375,"label_y":1068.0335083007812,"node_is_primary":false},"300":{"node_type":"metabolite","x":3309.917724609375,"y":1108.0335083007812,"bigg_id":"ala__L_c","name":"L-Alanine","label_x":3274.9178466796875,"label_y":1164.0335083007812,"node_is_primary":true},"301":{"node_type":"metabolite","x":3309.917724609375,"y":758.0335083007812,"bigg_id":"3sala_c","name":"3-Sulfino-L-alanine","label_x":3334.917724609375,"label_y":758.0335083007812,"node_is_primary":true}},"text_labels":{"1":{"x":1259.9604568481445,"y":477.6823272705078,"text":"L-Cysteine"},"3":{"x":487.71820163726807,"y":492.9737854003906,"text":"L-Serine"},"5":{"x":1637.7061462402344,"y":74.93696975708008,"text":"Glycine"},"6":{"x":-344.0011444091797,"y":909.6585083007812,"text":"Sulfate"},"7":{"x":249.73428344726562,"y":-202.2862091064453,"text":"Extracellular"},"8":{"x":-456.2344207763672,"y":631.4871826171875,"text":"Extracellular"},"10":{"x":-751.8112182617188,"y":1720.2598037719727,"text":"Extracellular"},"11":{"x":282.19261169433594,"y":-145.48412322998047,"text":"L-Cysteine"},"13":{"x":-671.0675048828125,"y":1765.9022216796875,"text":"Sulfate"},"14":{"x":-411.6042175292969,"y":690.3179321289062,"text":"L-Serine"},"15":{"x":1957.226806640625,"y":480.78957653045654,"text":"Cys-Gly"},"16":{"x":1905.1033325195312,"y":426.29671478271484,"text":"Extracellular"},"17":{"x":2580.20849609375,"y":405.7291259765625,"text":"D-Cysteine"},"18":{"x":3209.893798828125,"y":-136.99948942661285,"text":"D-Cysteine"},"19":{"x":3200.89794921875,"y":-193.9709930419922,"text":"Extracelluar"},"20":{"x":3194.9013671875,"y":669.5971069335938,"text":"Dead End"},"21":{"x":3188.904541015625,"y":717.5731201171875,"text":"Metabolite"},"23":{"x":961.0181884765625,"y":-367.884033203125,"text":"CYSTEINE METABOLISM SUBSYSTEM"}},"canvas":{"x":-776.9665832519531,"y":-526.4745788574219,"width":4351.539337158203,"height":2352.519256591797}}]