[{"map_name":"new_map","map_id":"NEEYGpwFThfT","map_description":"","homepage":"https://escher.github.io","schema":"https://escher.github.io/escher/jsonschema/1-0-0#"},{"reactions":{"3":{"name":"Methylglyoxal synthase","bigg_id":"MGSA","reversibility":false,"label_x":1517.666748046875,"label_y":891.0000915527344,"gene_reaction_rule":"b0963","genes":[{"notes":{"original_bigg_ids":["b0963"]},"name":"mgsA","bigg_id":"b0963"}],"metabolites":[{"bigg_id":"dhap_c","coefficient":-1},{"bigg_id":"pi_c","coefficient":1},{"bigg_id":"mthgxl_c","coefficient":1}],"segments":{"17":{"from_node_id":"18","to_node_id":"19","b1":null,"b2":null},"18":{"from_node_id":"20","to_node_id":"19","b1":null,"b2":null},"19":{"from_node_id":"18","to_node_id":"21","b1":{"x":1502.666748046875,"y":943.0000915527344},"b2":{"x":1502.666748046875,"y":997.2500915527344}},"20":{"from_node_id":"20","to_node_id":"22","b1":{"x":1490.6667785644531,"y":812.3334045410156},"b2":{"x":1484.666748046875,"y":809.7500915527344}},"21":{"from_node_id":"20","to_node_id":"17","b1":{"x":1502.666748046875,"y":763.0000915527344},"b2":{"x":1348.0000610351562,"y":450.08331298828125}}}},"4":{"name":"Aminoacetone:oxygen oxidoreductase(deaminating)(flavin-containing)","bigg_id":"AACTOOR","reversibility":false,"label_x":-44.99995708465576,"label_y":875.0000915527344,"gene_reaction_rule":"","genes":[],"metabolites":[{"bigg_id":"o2_c","coefficient":-1},{"bigg_id":"h2o_c","coefficient":-1},{"bigg_id":"aact_c","coefficient":-1},{"bigg_id":"h2o2_c","coefficient":1},{"bigg_id":"mthgxl_c","coefficient":1},{"bigg_id":"nh4_c","coefficient":1}],"segments":{"22":{"from_node_id":"23","to_node_id":"24","b1":null,"b2":null},"23":{"from_node_id":"25","to_node_id":"24","b1":null,"b2":null},"24":{"from_node_id":"23","to_node_id":"26","b1":{"x":-59.99995708465576,"y":931.0000915527344},"b2":{"x":-41.99995708465576,"y":936.2500915527344}},"25":{"from_node_id":"23","to_node_id":"27","b1":{"x":-59.99995708465576,"y":931.0000915527344},"b2":{"x":-77.99995708465576,"y":936.2500915527344}},"26":{"from_node_id":"23","to_node_id":"28","b1":{"x":-59.99995708465576,"y":927.0000915527344},"b2":{"x":-59.99995708465576,"y":981.2500915527344}},"27":{"from_node_id":"25","to_node_id":"29","b1":{"x":-59.99995708465576,"y":799.0000915527344},"b2":{"x":-41.99995708465576,"y":793.7500915527344}},"28":{"from_node_id":"25","to_node_id":"17","b1":{"x":-63.99995708465576,"y":611.0000915527344},"b2":{"x":348.00006103515625,"y":426.0833435058594}},"29":{"from_node_id":"25","to_node_id":"30","b1":{"x":-59.99995708465576,"y":799.0000915527344},"b2":{"x":-77.99995708465576,"y":793.7500915527344}}}},"5":{"name":"Aldose reductase (methylglyoxal)","bigg_id":"ALR2","reversibility":false,"label_x":287.0000762939453,"label_y":877.6666870117188,"gene_reaction_rule":"b3012 or b0207 or b1781 or b3001","genes":[{"notes":{"original_bigg_ids":["b3012"]},"name":"dkgA","bigg_id":"b3012"},{"notes":{"original_bigg_ids":["b0207"]},"name":"dkgB","bigg_id":"b0207"},{"notes":{"original_bigg_ids":["b1781"]},"name":"yeaE","bigg_id":"b1781"},{"notes":{"original_bigg_ids":["b3001"]},"name":"gpr","bigg_id":"b3001"}],"metabolites":[{"bigg_id":"nadph_c","coefficient":-1},{"bigg_id":"nadp_c","coefficient":1},{"bigg_id":"acetol_c","coefficient":1},{"bigg_id":"h_c","coefficient":-1},{"bigg_id":"mthgxl_c","coefficient":-1}],"segments":{"30":{"from_node_id":"31","to_node_id":"32","b1":null,"b2":null},"31":{"from_node_id":"33","to_node_id":"32","b1":null,"b2":null},"32":{"from_node_id":"31","to_node_id":"34","b1":{"x":272.0000762939453,"y":801.6666870117188},"b2":{"x":290.0000762939453,"y":796.4166870117188}},"33":{"from_node_id":"33","to_node_id":"35","b1":{"x":272.0000762939453,"y":933.6666870117188},"b2":{"x":254.0000762939453,"y":938.9166870117188}},"34":{"from_node_id":"33","to_node_id":"36","b1":{"x":272.0000762939453,"y":929.6666870117188},"b2":{"x":272.0000762939453,"y":983.9166870117188}},"35":{"from_node_id":"31","to_node_id":"37","b1":{"x":260.0000762939453,"y":808.3333129882812},"b2":{"x":254.0000762939453,"y":796.4166870117188}},"36":{"from_node_id":"31","to_node_id":"17","b1":{"x":262.66673278808594,"y":701.6666870117188},"b2":{"x":377.3333740234375,"y":580.7500305175781}}}},"6":{"name":"Glyoxalase III","bigg_id":"GLYOX3","reversibility":false,"label_x":1257.666748046875,"label_y":885.6667175292969,"gene_reaction_rule":"","genes":[],"metabolites":[{"bigg_id":"h2o_c","coefficient":-1},{"bigg_id":"lac__D_c","coefficient":1},{"bigg_id":"h_c","coefficient":1},{"bigg_id":"mthgxl_c","coefficient":-1}],"segments":{"37":{"from_node_id":"38","to_node_id":"39","b1":null,"b2":null},"38":{"from_node_id":"40","to_node_id":"39","b1":null,"b2":null},"39":{"from_node_id":"38","to_node_id":"41","b1":{"x":1242.666748046875,"y":809.6667175292969},"b2":{"x":1224.666748046875,"y":804.4167175292969}},"40":{"from_node_id":"40","to_node_id":"42","b1":{"x":1242.666748046875,"y":937.6667175292969},"b2":{"x":1242.666748046875,"y":991.9167175292969}},"41":{"from_node_id":"40","to_node_id":"43","b1":{"x":1242.666748046875,"y":941.6667175292969},"b2":{"x":1224.666748046875,"y":946.9167175292969}},"42":{"from_node_id":"38","to_node_id":"17","b1":{"x":1236.0001220703125,"y":592.3334045410156},"b2":{"x":780.0000610351562,"y":476.7500305175781}}}},"7":{"name":"D-Lactaldehyde:NAD+ 1-oxidoreductase","bigg_id":"LALDO2x","reversibility":false,"label_x":615.0000610351562,"label_y":881.6667175292969,"gene_reaction_rule":"b3945","genes":[{"notes":{"original_bigg_ids":["b3945"]},"name":"gldA","bigg_id":"b3945"}],"metabolites":[{"bigg_id":"nad_c","coefficient":1},{"bigg_id":"nadh_c","coefficient":-1},{"bigg_id":"h_c","coefficient":-1},{"bigg_id":"mthgxl_c","coefficient":-1},{"bigg_id":"lald__D_c","coefficient":1}],"segments":{"43":{"from_node_id":"44","to_node_id":"45","b1":null,"b2":null},"44":{"from_node_id":"46","to_node_id":"45","b1":null,"b2":null},"45":{"from_node_id":"46","to_node_id":"47","b1":{"x":600.0000610351562,"y":937.6667175292969},"b2":{"x":582.0000610351562,"y":942.9167175292969}},"46":{"from_node_id":"44","to_node_id":"48","b1":{"x":600.0000610351562,"y":805.6667175292969},"b2":{"x":618.0000610351562,"y":800.4167175292969}},"47":{"from_node_id":"44","to_node_id":"49","b1":{"x":600.0000610351562,"y":805.6667175292969},"b2":{"x":582.0000610351562,"y":800.4167175292969}},"48":{"from_node_id":"44","to_node_id":"17","b1":{"x":588.0000610351562,"y":716.3334045410156},"b2":{"x":662.666748046875,"y":535.4166870117188}},"49":{"from_node_id":"46","to_node_id":"50","b1":{"x":600.0000610351562,"y":933.6667175292969},"b2":{"x":600.0000610351562,"y":987.9167175292969}}}},"8":{"name":"L-Lactaldehyde:NADP+ 1-oxidoreductase","bigg_id":"LALDO3","reversibility":false,"label_x":933.666748046875,"label_y":887.0001525878906,"gene_reaction_rule":"","genes":[],"metabolites":[{"bigg_id":"nadp_c","coefficient":1},{"bigg_id":"nadph_c","coefficient":-1},{"bigg_id":"h_c","coefficient":-1},{"bigg_id":"lald__L_c","coefficient":1},{"bigg_id":"mthgxl_c","coefficient":-1}],"segments":{"50":{"from_node_id":"51","to_node_id":"52","b1":null,"b2":null},"51":{"from_node_id":"53","to_node_id":"52","b1":null,"b2":null},"52":{"from_node_id":"53","to_node_id":"54","b1":{"x":918.666748046875,"y":943.0001525878906},"b2":{"x":900.666748046875,"y":948.2501525878906}},"53":{"from_node_id":"51","to_node_id":"55","b1":{"x":918.666748046875,"y":811.0001525878906},"b2":{"x":936.666748046875,"y":805.7501525878906}},"54":{"from_node_id":"51","to_node_id":"56","b1":{"x":906.666748046875,"y":811.0001525878906},"b2":{"x":900.666748046875,"y":805.7501525878906}},"55":{"from_node_id":"53","to_node_id":"57","b1":{"x":918.666748046875,"y":939.0001525878906},"b2":{"x":918.666748046875,"y":993.2501525878906}},"56":{"from_node_id":"51","to_node_id":"17","b1":{"x":928.0000610351562,"y":632.3335266113281},"b2":{"x":745.3333740234375,"y":500.75}}}},"9":{"name":"Lactoylglutathione lyase","bigg_id":"LGTHL","reversibility":false,"label_x":725.6668090820312,"label_y":13.000046372413635,"gene_reaction_rule":"b1651","genes":[{"notes":{"original_bigg_ids":["b1651"]},"name":"gloA","bigg_id":"b1651"}],"metabolites":[{"bigg_id":"lgt__S_c","coefficient":1},{"bigg_id":"gthrd_c","coefficient":-1},{"bigg_id":"mthgxl_c","coefficient":-1}],"segments":{"57":{"from_node_id":"58","to_node_id":"59","b1":null,"b2":null},"58":{"from_node_id":"60","to_node_id":"59","b1":null,"b2":null},"59":{"from_node_id":"60","to_node_id":"61","b1":{"x":698.6668701171875,"y":-145.6666454076767},"b2":{"x":481.33343505859375,"y":-179.91664826869965}},"60":{"from_node_id":"58","to_node_id":"62","b1":{"x":673.33349609375,"y":163.6667104959488},"b2":{"x":512.6668395996094,"y":184.91672575473785}},"61":{"from_node_id":"58","to_node_id":"17","b1":{"x":710.6668090820312,"y":65.00004637241364},"b2":{"x":710.666748046875,"y":345.91668701171875}}}},"10":{"name":"Hydroxyacylglutathione hydrolase","bigg_id":"GLYOX","reversibility":false,"label_x":164.33348083496094,"label_y":8.999972462654114,"gene_reaction_rule":"b0212","genes":[{"notes":{"original_bigg_ids":["b0212"]},"name":"gloB","bigg_id":"b0212"}],"metabolites":[{"bigg_id":"gthrd_c","coefficient":1},{"bigg_id":"h2o_c","coefficient":-1},{"bigg_id":"lac__D_c","coefficient":1},{"bigg_id":"lgt__S_c","coefficient":-1},{"bigg_id":"h_c","coefficient":1}],"segments":{"62":{"from_node_id":"63","to_node_id":"64","b1":null,"b2":null},"63":{"from_node_id":"65","to_node_id":"64","b1":null,"b2":null},"64":{"from_node_id":"65","to_node_id":"62","b1":{"x":149.33348083496094,"y":166.33331215381622},"b2":{"x":296.0001220703125,"y":183.2499953508377}},"65":{"from_node_id":"63","to_node_id":"67","b1":{"x":142.6668243408203,"y":-64.33335959911346},"b2":{"x":131.33348083496094,"y":-72.25002753734589}},"66":{"from_node_id":"65","to_node_id":"68","b1":{"x":156.00015258789062,"y":59.66663658618927},"b2":{"x":167.33348083496094,"y":70.24997246265411}},"67":{"from_node_id":"63","to_node_id":"61","b1":{"x":160.0001678466797,"y":-143.0000284910202},"b2":{"x":342.6667785644531,"y":-173.2499829530716}},"68":{"from_node_id":"65","to_node_id":"69","b1":{"x":142.66680908203125,"y":70.33330833911896},"b2":{"x":131.33348083496094,"y":70.24997246265411}}}},"11":{"name":"Lacaldehyde reductase (R-propane-1,2-diol forming)","bigg_id":"LCARR","reversibility":true,"label_x":615.0000610351562,"label_y":1231.6667175292969,"gene_reaction_rule":"","genes":[],"metabolites":[{"bigg_id":"nad_c","coefficient":1},{"bigg_id":"nadh_c","coefficient":-1},{"bigg_id":"h_c","coefficient":-1},{"bigg_id":"lald__D_c","coefficient":-1},{"bigg_id":"12ppd__R_c","coefficient":1}],"segments":{"69":{"from_node_id":"70","to_node_id":"71","b1":null,"b2":null},"70":{"from_node_id":"72","to_node_id":"71","b1":null,"b2":null},"71":{"from_node_id":"72","to_node_id":"73","b1":{"x":600.0000610351562,"y":1287.6667175292969},"b2":{"x":582.0000610351562,"y":1292.9167175292969}},"72":{"from_node_id":"70","to_node_id":"74","b1":{"x":600.0000610351562,"y":1155.6667175292969},"b2":{"x":618.0000610351562,"y":1150.4167175292969}},"73":{"from_node_id":"70","to_node_id":"75","b1":{"x":600.0000610351562,"y":1155.6667175292969},"b2":{"x":582.0000610351562,"y":1150.4167175292969}},"74":{"from_node_id":"70","to_node_id":"50","b1":{"x":600.0000610351562,"y":1159.6667175292969},"b2":{"x":600.0000610351562,"y":1105.4167175292969}},"75":{"from_node_id":"72","to_node_id":"76","b1":{"x":600.0000610351562,"y":1283.6667175292969},"b2":{"x":600.0000610351562,"y":1337.9167175292969}}}}},"nodes":{"17":{"node_type":"metabolite","x":712.0000610351562,"y":435.3333435058594,"bigg_id":"mthgxl_c","name":"Methylglyoxal","label_x":728.8000610351562,"label_y":410.0000305175781,"node_is_primary":true},"18":{"node_type":"multimarker","x":1502.666748046875,"y":901.0000915527344},"19":{"node_type":"midmarker","x":1502.666748046875,"y":881.0000915527344},"20":{"node_type":"multimarker","x":1502.666748046875,"y":861.0000915527344},"21":{"node_type":"metabolite","x":1502.666748046875,"y":1056.0000915527344,"bigg_id":"dhap_c","name":"Dihydroxyacetone phosphate","label_x":1527.666748046875,"label_y":1056.0000915527344,"node_is_primary":true},"22":{"node_type":"metabolite","x":1422.666748046875,"y":776.0000915527344,"bigg_id":"pi_c","name":"Phosphate","label_x":1386.666748046875,"label_y":806.0000915527344,"node_is_primary":false},"23":{"node_type":"multimarker","x":-59.99995708465576,"y":885.0000915527344},"24":{"node_type":"midmarker","x":-59.99995708465576,"y":865.0000915527344},"25":{"node_type":"multimarker","x":-59.99995708465576,"y":845.0000915527344},"26":{"node_type":"metabolite","x":20.00004291534424,"y":970.0000915527344,"bigg_id":"o2_c","name":"O2","label_x":35.00004291534424,"label_y":970.0000915527344,"node_is_primary":false},"27":{"node_type":"metabolite","x":-139.99995708465576,"y":970.0000915527344,"bigg_id":"h2o_c","name":"H2O","label_x":-184.99995708465576,"label_y":1000.0000915527344,"node_is_primary":false},"28":{"node_type":"metabolite","x":-59.99995708465576,"y":1040.0000915527344,"bigg_id":"aact_c","name":"Aminoacetone","label_x":-34.99995708465576,"label_y":1040.0000915527344,"node_is_primary":true},"29":{"node_type":"metabolite","x":20.00004291534424,"y":760.0000915527344,"bigg_id":"h2o2_c","name":"Hydrogen peroxide","label_x":35.00004291534424,"label_y":760.0000915527344,"node_is_primary":false},"30":{"node_type":"metabolite","x":-139.99995708465576,"y":760.0000915527344,"bigg_id":"nh4_c","name":"Ammonium","label_x":-184.99995708465576,"label_y":790.0000915527344,"node_is_primary":false},"31":{"node_type":"multimarker","x":272.0000762939453,"y":847.6666870117188},"32":{"node_type":"midmarker","x":272.0000762939453,"y":867.6666870117188},"33":{"node_type":"multimarker","x":272.0000762939453,"y":887.6666870117188},"34":{"node_type":"metabolite","x":352.0000762939453,"y":762.6666870117188,"bigg_id":"nadph_c","name":"Nicotinamide adenine dinucleotide phosphate - reduced","label_x":367.0000762939453,"label_y":762.6666870117188,"node_is_primary":false},"35":{"node_type":"metabolite","x":192.0000762939453,"y":972.6666870117188,"bigg_id":"nadp_c","name":"Nicotinamide adenine dinucleotide phosphate","label_x":138.0000762939453,"label_y":1002.6666870117188,"node_is_primary":false},"36":{"node_type":"metabolite","x":272.0000762939453,"y":1042.6666870117188,"bigg_id":"acetol_c","name":"Acetol","label_x":297.0000762939453,"label_y":1042.6666870117188,"node_is_primary":true},"37":{"node_type":"metabolite","x":192.0000762939453,"y":762.6666870117188,"bigg_id":"h_c","name":"H+","label_x":165.0000762939453,"label_y":792.6666870117188,"node_is_primary":false},"38":{"node_type":"multimarker","x":1242.666748046875,"y":855.6667175292969},"39":{"node_type":"midmarker","x":1242.666748046875,"y":875.6667175292969},"40":{"node_type":"multimarker","x":1242.666748046875,"y":895.6667175292969},"41":{"node_type":"metabolite","x":1162.666748046875,"y":770.6667175292969,"bigg_id":"h2o_c","name":"H2O","label_x":1117.666748046875,"label_y":800.6667175292969,"node_is_primary":false},"42":{"node_type":"metabolite","x":1242.666748046875,"y":1050.6667175292969,"bigg_id":"lac__D_c","name":"D-Lactate","label_x":1267.666748046875,"label_y":1050.6667175292969,"node_is_primary":true},"43":{"node_type":"metabolite","x":1162.666748046875,"y":980.6667175292969,"bigg_id":"h_c","name":"H+","label_x":1135.666748046875,"label_y":1010.6667175292969,"node_is_primary":false},"44":{"node_type":"multimarker","x":600.0000610351562,"y":851.6667175292969},"45":{"node_type":"midmarker","x":600.0000610351562,"y":871.6667175292969},"46":{"node_type":"multimarker","x":600.0000610351562,"y":891.6667175292969},"47":{"node_type":"metabolite","x":520.0000610351562,"y":976.6667175292969,"bigg_id":"nad_c","name":"Nicotinamide adenine dinucleotide","label_x":475.00006103515625,"label_y":1006.6667175292969,"node_is_primary":false},"48":{"node_type":"metabolite","x":680.0000610351562,"y":766.6667175292969,"bigg_id":"nadh_c","name":"Nicotinamide adenine dinucleotide - reduced","label_x":695.0000610351562,"label_y":766.6667175292969,"node_is_primary":false},"49":{"node_type":"metabolite","x":520.0000610351562,"y":766.6667175292969,"bigg_id":"h_c","name":"H+","label_x":493.00006103515625,"label_y":796.6667175292969,"node_is_primary":false},"50":{"node_type":"metabolite","x":600.0000610351562,"y":1046.6667175292969,"bigg_id":"lald__D_c","name":"D-Lactaldehyde","label_x":625.0000610351562,"label_y":1046.6667175292969,"node_is_primary":true},"51":{"node_type":"multimarker","x":918.666748046875,"y":857.0001525878906},"52":{"node_type":"midmarker","x":918.666748046875,"y":877.0001525878906},"53":{"node_type":"multimarker","x":918.666748046875,"y":897.0001525878906},"54":{"node_type":"metabolite","x":838.666748046875,"y":982.0001525878906,"bigg_id":"nadp_c","name":"Nicotinamide adenine dinucleotide phosphate","label_x":784.666748046875,"label_y":1012.0001525878906,"node_is_primary":false},"55":{"node_type":"metabolite","x":998.666748046875,"y":772.0001525878906,"bigg_id":"nadph_c","name":"Nicotinamide adenine dinucleotide phosphate - reduced","label_x":1013.666748046875,"label_y":772.0001525878906,"node_is_primary":false},"56":{"node_type":"metabolite","x":838.666748046875,"y":772.0001525878906,"bigg_id":"h_c","name":"H+","label_x":811.666748046875,"label_y":802.0001525878906,"node_is_primary":false},"57":{"node_type":"metabolite","x":918.666748046875,"y":1052.0001525878906,"bigg_id":"lald__L_c","name":"L-Lactaldehyde","label_x":943.666748046875,"label_y":1052.0001525878906,"node_is_primary":true},"58":{"node_type":"multimarker","x":710.6668090820312,"y":23.000046372413635},"59":{"node_type":"midmarker","x":710.6668090820312,"y":3.0000463724136353},"60":{"node_type":"multimarker","x":709.3334350585938,"y":-27.666640639305115},"61":{"node_type":"metabolite","x":412.0000915527344,"y":-186.66664588451385,"bigg_id":"lgt__S_c","name":"(R)-S-Lactoylglutathione","label_x":366.3334045410156,"label_y":-221.333310008049,"node_is_primary":true},"62":{"node_type":"metabolite","x":413.3334655761719,"y":206.6667104959488,"bigg_id":"gthrd_c","name":"Reduced glutathione","label_x":375.0001525878906,"label_y":253.33339750766754,"node_is_primary":true},"63":{"node_type":"multimarker","x":149.33348083496094,"y":-21.000027537345886},"64":{"node_type":"midmarker","x":149.33348083496094,"y":-1.0000275373458862},"65":{"node_type":"multimarker","x":149.33348083496094,"y":18.999972462654114},"67":{"node_type":"metabolite","x":69.33348083496094,"y":-106.00002753734589,"bigg_id":"h2o_c","name":"H2O","label_x":24.333480834960938,"label_y":-76.00002753734589,"node_is_primary":false},"68":{"node_type":"metabolite","x":229.33348083496094,"y":103.99997246265411,"bigg_id":"lac__D_c","name":"D-Lactate","label_x":244.33348083496094,"label_y":103.99997246265411,"node_is_primary":false},"69":{"node_type":"metabolite","x":69.33348083496094,"y":103.99997246265411,"bigg_id":"h_c","name":"H+","label_x":42.33348083496094,"label_y":133.9999724626541,"node_is_primary":false},"70":{"node_type":"multimarker","x":600.0000610351562,"y":1201.6667175292969},"71":{"node_type":"midmarker","x":600.0000610351562,"y":1221.6667175292969},"72":{"node_type":"multimarker","x":600.0000610351562,"y":1241.6667175292969},"73":{"node_type":"metabolite","x":520.0000610351562,"y":1326.6667175292969,"bigg_id":"nad_c","name":"Nicotinamide adenine dinucleotide","label_x":475.00006103515625,"label_y":1356.6667175292969,"node_is_primary":false},"74":{"node_type":"metabolite","x":680.0000610351562,"y":1116.6667175292969,"bigg_id":"nadh_c","name":"Nicotinamide adenine dinucleotide - reduced","label_x":695.0000610351562,"label_y":1116.6667175292969,"node_is_primary":false},"75":{"node_type":"metabolite","x":520.0000610351562,"y":1116.6667175292969,"bigg_id":"h_c","name":"H+","label_x":493.00006103515625,"label_y":1146.6667175292969,"node_is_primary":false},"76":{"node_type":"metabolite","x":600.0000610351562,"y":1396.6667175292969,"bigg_id":"12ppd__R_c","name":"(R)-Propane-1,2-diol","label_x":625.0000610351562,"label_y":1396.6667175292969,"node_is_primary":true}},"text_labels":{"0":{"x":217.16667556762695,"y":363,"text":"Biomass (Wild)"},"2":{"x":162.5,"y":305.6666488647461,"text":"Reduced glutathione"},"3":{"x":213.84771728515625,"y":-292.4768371582031,"text":"METHYLGLYOXAL METABOLISM SUBSYSTEM"}},"canvas":{"x":-238.10183715820312,"y":-396.7503967285156,"width":1908.0140686035156,"height":1868.7331848144531}}]