[{"map_name":"new_map","map_id":"XWxl7tBYC5O2","map_description":"\nLast Modified Wed Mar 07 2018 09:17:00 GMT-0700 (Mountain Standard Time)","homepage":"https://escher.github.io","schema":"https://escher.github.io/escher/jsonschema/1-0-0#"},{"reactions":{"0":{"name":"Aspartate kinase","bigg_id":"ASPK","reversibility":true,"label_x":-1239.6739501953125,"label_y":211.5361328125,"gene_reaction_rule":"b0002 or b3940 or b4024","genes":[{"notes":{"original_bigg_ids":["b0002"]},"name":"thrA","bigg_id":"b0002"},{"notes":{"original_bigg_ids":["b3940"]},"name":"metL","bigg_id":"b3940"},{"notes":{"original_bigg_ids":["b4024"]},"name":"lysC","bigg_id":"b4024"}],"metabolites":[{"bigg_id":"asp__L_c","coefficient":-1},{"bigg_id":"adp_c","coefficient":1},{"bigg_id":"atp_c","coefficient":-1},{"bigg_id":"4pasp_c","coefficient":1}],"segments":{"0":{"from_node_id":"1","to_node_id":"2","b1":null,"b2":null},"1":{"from_node_id":"3","to_node_id":"2","b1":null,"b2":null},"2":{"from_node_id":"1","to_node_id":"0","b1":{"x":-1259,"y":231.9999542236328},"b2":{"x":-1409.25,"y":231.9999542236328}},"3":{"from_node_id":"3","to_node_id":"4","b1":{"x":-1131,"y":231.9999542236328},"b2":{"x":-1125.75,"y":249.9999542236328}},"4":{"from_node_id":"1","to_node_id":"5","b1":{"x":-1263,"y":231.9999542236328},"b2":{"x":-1268.25,"y":249.9999542236328}},"5":{"from_node_id":"3","to_node_id":"6","b1":{"x":-1135,"y":231.9999542236328},"b2":{"x":-1080.75,"y":231.9999542236328}}}},"1":{"name":"Aspartate-semialdehyde dehydrogenase","bigg_id":"ASAD","reversibility":true,"label_x":-889.6739501953125,"label_y":211.5361328125,"gene_reaction_rule":"b3433","genes":[{"notes":{"original_bigg_ids":["b3433"]},"name":"asd","bigg_id":"b3433"}],"metabolites":[{"bigg_id":"aspsa_c","coefficient":-1},{"bigg_id":"nadp_c","coefficient":-1},{"bigg_id":"nadph_c","coefficient":1},{"bigg_id":"h_c","coefficient":1},{"bigg_id":"pi_c","coefficient":-1},{"bigg_id":"4pasp_c","coefficient":1}],"segments":{"6":{"from_node_id":"7","to_node_id":"8","b1":null,"b2":null},"7":{"from_node_id":"9","to_node_id":"8","b1":null,"b2":null},"8":{"from_node_id":"7","to_node_id":"10","b1":{"x":-785,"y":231.9999542236328},"b2":{"x":-730.75,"y":231.9999542236328}},"9":{"from_node_id":"7","to_node_id":"11","b1":{"x":-781,"y":231.9999542236328},"b2":{"x":-775.75,"y":213.9999542236328}},"10":{"from_node_id":"9","to_node_id":"12","b1":{"x":-913,"y":231.9999542236328},"b2":{"x":-918.25,"y":213.9999542236328}},"11":{"from_node_id":"9","to_node_id":"13","b1":{"x":-913,"y":231.9999542236328},"b2":{"x":-918.25,"y":249.9999542236328}},"12":{"from_node_id":"7","to_node_id":"14","b1":{"x":-781,"y":231.9999542236328},"b2":{"x":-780.634033203125,"y":249.9999542236328}},"13":{"from_node_id":"9","to_node_id":"6","b1":{"x":-909,"y":231.9999542236328},"b2":{"x":-963.25,"y":231.9999542236328}}}},"5":{"name":"Dihydrodipicolinate synthase","bigg_id":"DHDPS","reversibility":false,"label_x":-661,"label_y":-49.00004577636719,"gene_reaction_rule":"b2478","genes":[{"notes":{"original_bigg_ids":["b2478"]},"name":"dapA","bigg_id":"b2478"}],"metabolites":[{"bigg_id":"aspsa_c","coefficient":-1},{"bigg_id":"pyr_c","coefficient":-1},{"bigg_id":"23dhdp_c","coefficient":1},{"bigg_id":"h2o_c","coefficient":2},{"bigg_id":"h_c","coefficient":1}],"segments":{"34":{"from_node_id":"35","to_node_id":"36","b1":null,"b2":null},"35":{"from_node_id":"37","to_node_id":"36","b1":null,"b2":null},"36":{"from_node_id":"35","to_node_id":"10","b1":{"x":-676,"y":2.9999542236328125},"b2":{"x":-672,"y":173.2499542236328}},"37":{"from_node_id":"35","to_node_id":"38","b1":{"x":-676,"y":6.9999542236328125},"b2":{"x":-674,"y":-3.7500457763671875}},"38":{"from_node_id":"37","to_node_id":"39","b1":{"x":-676,"y":-121.00004577636719},"b2":{"x":-680,"y":-243.2500457763672}},"39":{"from_node_id":"37","to_node_id":"40","b1":{"x":-676,"y":-125.00004577636719},"b2":{"x":-682,"y":-130.2500457763672}},"40":{"from_node_id":"37","to_node_id":"41","b1":{"x":-676,"y":-125.00004577636719},"b2":{"x":-670,"y":-122.25004577636719}}}},"6":{"name":"Dihydrodipicolinate reductase (NADPH)","bigg_id":"DHDPRy","reversibility":false,"label_x":-502.3260803222656,"label_y":-327.34791564941406,"gene_reaction_rule":"b0031","genes":[{"notes":{"original_bigg_ids":["b0031"]},"name":"dapB","bigg_id":"b0031"}],"metabolites":[{"bigg_id":"thdp_c","coefficient":1},{"bigg_id":"23dhdp_c","coefficient":-1},{"bigg_id":"nadph_c","coefficient":-1},{"bigg_id":"nadp_c","coefficient":1},{"bigg_id":"h_c","coefficient":-1}],"segments":{"41":{"from_node_id":"42","to_node_id":"43","b1":null,"b2":null},"42":{"from_node_id":"44","to_node_id":"43","b1":null,"b2":null},"43":{"from_node_id":"44","to_node_id":"45","b1":{"x":-383,"y":-302.0000457763672},"b2":{"x":-328.75,"y":-302.0000457763672}},"44":{"from_node_id":"42","to_node_id":"39","b1":{"x":-507,"y":-302.0000457763672},"b2":{"x":-621.25,"y":-302.0000457763672}},"45":{"from_node_id":"42","to_node_id":"46","b1":{"x":-511,"y":-302.0000457763672},"b2":{"x":-516.25,"y":-320.0000457763672}},"46":{"from_node_id":"44","to_node_id":"47","b1":{"x":-379,"y":-302.0000457763672},"b2":{"x":-373.75,"y":-284.0000457763672}},"47":{"from_node_id":"42","to_node_id":"48","b1":{"x":-511,"y":-302.0000457763672},"b2":{"x":-524.25,"y":-308.0000457763672}}}},"7":{"name":"Tetrahydrodipicolinate succinylase","bigg_id":"THDPS","reversibility":false,"label_x":-149.88404083251953,"label_y":-329.78993225097656,"gene_reaction_rule":"b0166","genes":[{"notes":{"original_bigg_ids":["b0166"]},"name":"dapD","bigg_id":"b0166"}],"metabolites":[{"bigg_id":"thdp_c","coefficient":-1},{"bigg_id":"coa_c","coefficient":1},{"bigg_id":"h2o_c","coefficient":-1},{"bigg_id":"succoa_c","coefficient":-1},{"bigg_id":"sl2a6o_c","coefficient":1}],"segments":{"48":{"from_node_id":"49","to_node_id":"50","b1":null,"b2":null},"49":{"from_node_id":"51","to_node_id":"50","b1":null,"b2":null},"50":{"from_node_id":"49","to_node_id":"45","b1":{"x":-157,"y":-302.0000457763672},"b2":{"x":-211.25,"y":-302.0000457763672}},"51":{"from_node_id":"51","to_node_id":"52","b1":{"x":-29,"y":-302.0000457763672},"b2":{"x":-23.75,"y":-284.0000457763672}},"52":{"from_node_id":"49","to_node_id":"53","b1":{"x":-161,"y":-302.0000457763672},"b2":{"x":-166.25,"y":-320.0000457763672}},"53":{"from_node_id":"49","to_node_id":"54","b1":{"x":-161,"y":-302.0000457763672},"b2":{"x":-166.25,"y":-284.0000457763672}},"54":{"from_node_id":"51","to_node_id":"55","b1":{"x":-33,"y":-302.0000457763672},"b2":{"x":21.25,"y":-302.0000457763672}}}},"8":{"name":"Succinyldiaminopimelate transaminase","bigg_id":"SDPTA","reversibility":true,"label_x":197.67393493652344,"label_y":-327.34791564941406,"gene_reaction_rule":"b3359","genes":[{"notes":{"original_bigg_ids":["b3359"]},"name":"argD","bigg_id":"b3359"}],"metabolites":[{"bigg_id":"akg_c","coefficient":-1},{"bigg_id":"sl2a6o_c","coefficient":1},{"bigg_id":"sl26da_c","coefficient":-1},{"bigg_id":"glu__L_c","coefficient":1}],"segments":{"55":{"from_node_id":"56","to_node_id":"57","b1":null,"b2":null},"56":{"from_node_id":"58","to_node_id":"57","b1":null,"b2":null},"57":{"from_node_id":"56","to_node_id":"59","b1":{"x":321,"y":-302.0000457763672},"b2":{"x":326.25,"y":-284.0000457763672}},"58":{"from_node_id":"58","to_node_id":"55","b1":{"x":193,"y":-302.0000457763672},"b2":{"x":138.75,"y":-302.0000457763672}},"59":{"from_node_id":"56","to_node_id":"60","b1":{"x":317,"y":-302.0000457763672},"b2":{"x":371.25,"y":-302.0000457763672}},"60":{"from_node_id":"58","to_node_id":"61","b1":{"x":189,"y":-302.0000457763672},"b2":{"x":183.75,"y":-284.0000457763672}}}},"9":{"name":"Succinyl-diaminopimelate desuccinylase","bigg_id":"SDPDS","reversibility":false,"label_x":550.115966796875,"label_y":-329.78993225097656,"gene_reaction_rule":"b2472","genes":[{"notes":{"original_bigg_ids":["b2472"]},"name":"dapE","bigg_id":"b2472"}],"metabolites":[{"bigg_id":"26dap_LL_c","coefficient":1},{"bigg_id":"sl26da_c","coefficient":-1},{"bigg_id":"succ_c","coefficient":1},{"bigg_id":"h2o_c","coefficient":-1}],"segments":{"61":{"from_node_id":"62","to_node_id":"63","b1":null,"b2":null},"62":{"from_node_id":"64","to_node_id":"63","b1":null,"b2":null},"63":{"from_node_id":"64","to_node_id":"65","b1":{"x":667,"y":-302.0000457763672},"b2":{"x":721.25,"y":-302.0000457763672}},"64":{"from_node_id":"62","to_node_id":"60","b1":{"x":543,"y":-302.0000457763672},"b2":{"x":488.75,"y":-302.0000457763672}},"65":{"from_node_id":"64","to_node_id":"66","b1":{"x":671,"y":-302.0000457763672},"b2":{"x":676.25,"y":-284.0000457763672}},"66":{"from_node_id":"62","to_node_id":"67","b1":{"x":539,"y":-302.0000457763672},"b2":{"x":533.75,"y":-284.0000457763672}}}},"10":{"name":"Diaminopimelate epimerase","bigg_id":"DAPE","reversibility":true,"label_x":907.4420776367188,"label_y":-324.90586853027344,"gene_reaction_rule":"b3809","genes":[{"notes":{"original_bigg_ids":["b3809"]},"name":"dapF","bigg_id":"b3809"}],"metabolites":[{"bigg_id":"26dap_LL_c","coefficient":-1},{"bigg_id":"26dap__M_c","coefficient":1}],"segments":{"67":{"from_node_id":"68","to_node_id":"69","b1":null,"b2":null},"68":{"from_node_id":"70","to_node_id":"69","b1":null,"b2":null},"69":{"from_node_id":"68","to_node_id":"65","b1":{"x":893,"y":-302.0000457763672},"b2":{"x":838.75,"y":-302.0000457763672}},"70":{"from_node_id":"70","to_node_id":"71","b1":{"x":1017,"y":-302.0000457763672},"b2":{"x":1071.25,"y":-302.0000457763672}}}},"11":{"name":"Diaminopimelate decarboxylase","bigg_id":"DAPDC","reversibility":false,"label_x":1247.6739501953125,"label_y":-324.90589904785156,"gene_reaction_rule":"b2838","genes":[{"notes":{"original_bigg_ids":["b2838"]},"name":"lysA","bigg_id":"b2838"}],"metabolites":[{"bigg_id":"co2_c","coefficient":1},{"bigg_id":"lys__L_c","coefficient":1},{"bigg_id":"h_c","coefficient":-1},{"bigg_id":"26dap__M_c","coefficient":-1}],"segments":{"71":{"from_node_id":"72","to_node_id":"73","b1":null,"b2":null},"72":{"from_node_id":"74","to_node_id":"73","b1":null,"b2":null},"73":{"from_node_id":"74","to_node_id":"75","b1":{"x":1371,"y":-302.0000457763672},"b2":{"x":1364.25,"y":-272.000057220459}},"74":{"from_node_id":"74","to_node_id":"76","b1":{"x":1367,"y":-302.0000457763672},"b2":{"x":1585.25,"y":-302.0000457763672}},"75":{"from_node_id":"72","to_node_id":"77","b1":{"x":1239,"y":-302.0000457763672},"b2":{"x":1233.75,"y":-284.0000457763672}},"76":{"from_node_id":"72","to_node_id":"71","b1":{"x":1243,"y":-302.0000457763672},"b2":{"x":1188.75,"y":-302.0000457763672}}}},"30":{"name":"Homoserine dehydrogenase (NADPH)","bigg_id":"HSDy","reversibility":true,"label_x":-654.5579833984375,"label_y":504.91273498535156,"gene_reaction_rule":"b3940 or b0002","genes":[{"notes":{"original_bigg_ids":["b3940"]},"name":"metL","bigg_id":"b3940"},{"notes":{"original_bigg_ids":["b0002"]},"name":"thrA","bigg_id":"b0002"}],"metabolites":[{"bigg_id":"hom__L_c","coefficient":-1},{"bigg_id":"aspsa_c","coefficient":1},{"bigg_id":"nadp_c","coefficient":-1},{"bigg_id":"nadph_c","coefficient":1},{"bigg_id":"h_c","coefficient":1}],"segments":{"189":{"from_node_id":"191","to_node_id":"192","b1":null,"b2":null},"190":{"from_node_id":"193","to_node_id":"192","b1":null,"b2":null},"191":{"from_node_id":"191","to_node_id":"194","b1":{"x":-669.5579833984375,"y":556.9127349853516},"b2":{"x":-669.5579833984375,"y":611.1627349853516}},"192":{"from_node_id":"193","to_node_id":"10","b1":{"x":-669.5579833984375,"y":432.91273498535156},"b2":{"x":-672,"y":290.7499542236328}},"193":{"from_node_id":"191","to_node_id":"195","b1":{"x":-669.5579833984375,"y":560.9127349853516},"b2":{"x":-687.5579833984375,"y":566.1627349853516}},"194":{"from_node_id":"193","to_node_id":"196","b1":{"x":-669.5579833984375,"y":428.91273498535156},"b2":{"x":-651.5579833984375,"y":423.66273498535156}},"195":{"from_node_id":"193","to_node_id":"197","b1":{"x":-669.5579833984375,"y":428.91273498535156},"b2":{"x":-682.6739501953125,"y":421.2207489013672}}}},"31":{"name":"Homoserine kinase","bigg_id":"HSK","reversibility":false,"label_x":-473.7393493652344,"label_y":647.0069122314453,"gene_reaction_rule":"b0003","genes":[{"notes":{"original_bigg_ids":["b0003"]},"name":"thrB","bigg_id":"b0003"}],"metabolites":[{"bigg_id":"phom_c","coefficient":1},{"bigg_id":"hom__L_c","coefficient":-1},{"bigg_id":"atp_c","coefficient":-1},{"bigg_id":"adp_c","coefficient":1},{"bigg_id":"h_c","coefficient":1}],"segments":{"196":{"from_node_id":"198","to_node_id":"199","b1":null,"b2":null},"197":{"from_node_id":"200","to_node_id":"199","b1":null,"b2":null},"198":{"from_node_id":"200","to_node_id":"201","b1":{"x":-373.949462890625,"y":669.9127349853516},"b2":{"x":-319.699462890625,"y":669.9127349853516}},"199":{"from_node_id":"198","to_node_id":"194","b1":{"x":-497.949462890625,"y":669.9127349853516},"b2":{"x":-610.8079833984375,"y":669.9127349853516}},"200":{"from_node_id":"198","to_node_id":"202","b1":{"x":-501.949462890625,"y":669.9127349853516},"b2":{"x":-507.199462890625,"y":687.9127349853516}},"201":{"from_node_id":"200","to_node_id":"203","b1":{"x":-369.949462890625,"y":669.9127349853516},"b2":{"x":-364.699462890625,"y":651.9127349853516}},"202":{"from_node_id":"200","to_node_id":"204","b1":{"x":-369.949462890625,"y":669.9127349853516},"b2":{"x":-364.699462890625,"y":687.9127349853516}}}},"32":{"name":"Threonine synthase","bigg_id":"THRS","reversibility":false,"label_x":-133.50743865966797,"label_y":649.4488677978516,"gene_reaction_rule":"b0004","genes":[{"notes":{"original_bigg_ids":["b0004"]},"name":"thrC","bigg_id":"b0004"}],"metabolites":[{"bigg_id":"phom_c","coefficient":-1},{"bigg_id":"thr__L_c","coefficient":1},{"bigg_id":"pi_c","coefficient":1},{"bigg_id":"h2o_c","coefficient":-1}],"segments":{"203":{"from_node_id":"205","to_node_id":"206","b1":null,"b2":null},"204":{"from_node_id":"207","to_node_id":"206","b1":null,"b2":null},"205":{"from_node_id":"205","to_node_id":"201","b1":{"x":-147.949462890625,"y":669.9127349853516},"b2":{"x":-202.199462890625,"y":669.9127349853516}},"206":{"from_node_id":"207","to_node_id":"208","b1":{"x":-23.949462890625,"y":669.9127349853516},"b2":{"x":30.300537109375,"y":669.9127349853516}},"207":{"from_node_id":"207","to_node_id":"209","b1":{"x":-19.949462890625,"y":669.9127349853516},"b2":{"x":-14.699462890625,"y":687.9127349853516}},"208":{"from_node_id":"205","to_node_id":"210","b1":{"x":-151.949462890625,"y":669.9127349853516},"b2":{"x":-157.199462890625,"y":687.9127349853516}}}},"33":{"name":"Threonine aldolase","bigg_id":"THRAi","reversibility":false,"label_x":104.050537109375,"label_y":854.9127349853516,"gene_reaction_rule":"b2551 or b0870","genes":[{"notes":{"original_bigg_ids":["b2551"]},"name":"glyA","bigg_id":"b2551"},{"notes":{"original_bigg_ids":["b0870"]},"name":"ltaE","bigg_id":"b0870"}],"metabolites":[{"bigg_id":"acald_c","coefficient":1},{"bigg_id":"thr__L_c","coefficient":-1},{"bigg_id":"gly_c","coefficient":1}],"segments":{"209":{"from_node_id":"211","to_node_id":"212","b1":null,"b2":null},"210":{"from_node_id":"213","to_node_id":"212","b1":null,"b2":null},"211":{"from_node_id":"213","to_node_id":"214","b1":{"x":89.050537109375,"y":910.9127349853516},"b2":{"x":71.050537109375,"y":916.1627349853516}},"212":{"from_node_id":"211","to_node_id":"208","b1":{"x":89.050537109375,"y":782.9127349853516},"b2":{"x":89.050537109375,"y":728.6627349853516}},"213":{"from_node_id":"213","to_node_id":"215","b1":{"x":89.050537109375,"y":906.9127349853516},"b2":{"x":89.050537109375,"y":961.1627349853516}}}},"34":{"name":"Lysine decarboxylase","bigg_id":"LYSDC","reversibility":false,"label_x":1659,"label_y":-117.00004577636719,"gene_reaction_rule":"b0186 or b4131","genes":[{"notes":{"original_bigg_ids":["b0186"]},"name":"ldcC","bigg_id":"b0186"},{"notes":{"original_bigg_ids":["b4131"]},"name":"cadA","bigg_id":"b4131"}],"metabolites":[{"bigg_id":"15dap_c","coefficient":1},{"bigg_id":"co2_c","coefficient":1},{"bigg_id":"lys__L_c","coefficient":-1},{"bigg_id":"h_c","coefficient":-1}],"segments":{"214":{"from_node_id":"216","to_node_id":"217","b1":null,"b2":null},"215":{"from_node_id":"218","to_node_id":"217","b1":null,"b2":null},"216":{"from_node_id":"218","to_node_id":"219","b1":{"x":1644,"y":-65.00004577636719},"b2":{"x":1644,"y":-10.750045776367188}},"217":{"from_node_id":"218","to_node_id":"220","b1":{"x":1644,"y":-61.00004577636719},"b2":{"x":1626,"y":-55.75004577636719}},"218":{"from_node_id":"216","to_node_id":"76","b1":{"x":1644,"y":-189.0000457763672},"b2":{"x":1644,"y":-243.2500457763672}},"219":{"from_node_id":"216","to_node_id":"221","b1":{"x":1644,"y":-193.0000457763672},"b2":{"x":1626,"y":-198.2500457763672}}}},"35":{"name":"L-allo-Threonine Aldolase","bigg_id":"THRA2i","reversibility":false,"label_x":217.23538087672136,"label_y":994.4474755655699,"gene_reaction_rule":"b2551 or b0870","genes":[{"notes":{"original_bigg_ids":["b2551"]},"name":"glyA","bigg_id":"b2551"},{"notes":{"original_bigg_ids":["b0870"]},"name":"ltaE","bigg_id":"b0870"}],"metabolites":[{"bigg_id":"acald_c","coefficient":1},{"bigg_id":"gly_c","coefficient":1},{"bigg_id":"athr__L_c","coefficient":-1}],"segments":{"220":{"from_node_id":"223","to_node_id":"224","b1":null,"b2":null},"221":{"from_node_id":"225","to_node_id":"224","b1":null,"b2":null},"222":{"from_node_id":"225","to_node_id":"226","b1":{"x":208.56429402677486,"y":1017.9681384934604},"b2":{"x":164.0744975772866,"y":1031.7642822528135}},"223":{"from_node_id":"225","to_node_id":"215","b1":{"x":212.56412049069206,"y":1017.9308791517133},"b2":{"x":155.87444984285764,"y":1018.4362089741592}},"224":{"from_node_id":"223","to_node_id":"222","b1":{"x":336.558740872126,"y":1016.7758395575515},"b2":{"x":390.8063872890034,"y":1016.2705097351053}}}},"36":{"name":"Phospho-L-threonine phosphatase (periplasmic)","bigg_id":"PTHRpp","reversibility":false,"label_x":863.4359741210938,"label_y":621.1773796081543,"gene_reaction_rule":"b4055","genes":[{"notes":{"original_bigg_ids":["b4055"]},"name":"aphA","bigg_id":"b4055"}],"metabolites":[{"bigg_id":"pi_p","coefficient":1},{"bigg_id":"thr__L_p","coefficient":1},{"bigg_id":"thrp_p","coefficient":-1},{"bigg_id":"h2o_p","coefficient":-1}],"segments":{"225":{"from_node_id":"229","to_node_id":"230","b1":null,"b2":null},"226":{"from_node_id":"231","to_node_id":"230","b1":null,"b2":null},"227":{"from_node_id":"231","to_node_id":"232","b1":{"x":984.3200073242188,"y":646.5252532958984},"b2":{"x":989.5700073242188,"y":664.5252532958984}},"228":{"from_node_id":"231","to_node_id":"233","b1":{"x":980.3200073242188,"y":646.5252532958984},"b2":{"x":1034.5700073242188,"y":646.5252532958984}},"229":{"from_node_id":"229","to_node_id":"228","b1":{"x":856.3200073242188,"y":646.5252532958984},"b2":{"x":802.0700073242188,"y":646.5252532958984}},"230":{"from_node_id":"229","to_node_id":"234","b1":{"x":852.3200073242188,"y":646.5252532958984},"b2":{"x":847.0700073242188,"y":664.5252532958984}}}},"37":{"name":"L-allo-threonine dehydrogenase","bigg_id":"ATHRDHr","reversibility":true,"label_x":536.2049865722656,"label_y":987.480712890625,"gene_reaction_rule":"b1539","genes":[{"notes":{"original_bigg_ids":["b1539"]},"name":"ydfG","bigg_id":"b1539"}],"metabolites":[{"bigg_id":"nadp_c","coefficient":-1},{"bigg_id":"nadph_c","coefficient":1},{"bigg_id":"h_c","coefficient":1},{"bigg_id":"athr__L_c","coefficient":-1},{"bigg_id":"2aobut_c","coefficient":1}],"segments":{"231":{"from_node_id":"236","to_node_id":"237","b1":null,"b2":null},"232":{"from_node_id":"238","to_node_id":"237","b1":null,"b2":null},"233":{"from_node_id":"236","to_node_id":"235","b1":{"x":556.8353576660156,"y":1010.386474609375},"b2":{"x":551.5853576660156,"y":1028.386474609375}},"234":{"from_node_id":"238","to_node_id":"239","b1":{"x":688.8353576660156,"y":1010.386474609375},"b2":{"x":694.0853576660156,"y":992.386474609375}},"235":{"from_node_id":"238","to_node_id":"240","b1":{"x":688.8353576660156,"y":1010.386474609375},"b2":{"x":694.0853576660156,"y":1028.386474609375}},"236":{"from_node_id":"236","to_node_id":"222","b1":{"x":560.8353576660156,"y":1010.386474609375},"b2":{"x":506.5853576660156,"y":1010.386474609375}},"237":{"from_node_id":"238","to_node_id":"256","b1":{"x":684.8353576660156,"y":1010.386474609375},"b2":{"x":785.4836730957031,"y":1012.8284912109375}}}},"38":{"name":"Aminopropanol dehydrogenase reversible","bigg_id":"APPLDHr","reversibility":true,"label_x":1351.84033203125,"label_y":987.4805603027344,"gene_reaction_rule":"b3945","genes":[{"notes":{"original_bigg_ids":["b3945"]},"name":"gldA","bigg_id":"b3945"}],"metabolites":[{"bigg_id":"appl_c","coefficient":1},{"bigg_id":"nadh_c","coefficient":-1},{"bigg_id":"h_c","coefficient":-1},{"bigg_id":"nad_c","coefficient":1},{"bigg_id":"aact_c","coefficient":-1}],"segments":{"238":{"from_node_id":"244","to_node_id":"245","b1":null,"b2":null},"239":{"from_node_id":"246","to_node_id":"245","b1":null,"b2":null},"240":{"from_node_id":"246","to_node_id":"247","b1":{"x":1468.724365234375,"y":1010.3863830566406},"b2":{"x":1522.974365234375,"y":1010.3863830566406}},"241":{"from_node_id":"244","to_node_id":"243","b1":{"x":1340.724365234375,"y":1010.3863830566406},"b2":{"x":1335.474365234375,"y":992.3863830566406}},"242":{"from_node_id":"244","to_node_id":"248","b1":{"x":1340.724365234375,"y":1010.3863830566406},"b2":{"x":1335.474365234375,"y":1028.3863830566406}},"243":{"from_node_id":"246","to_node_id":"249","b1":{"x":1472.724365234375,"y":1010.3863830566406},"b2":{"x":1477.974365234375,"y":1028.3863830566406}},"244":{"from_node_id":"244","to_node_id":"257","b1":{"x":1344.724365234375,"y":1010.3863830566406},"b2":{"x":1290.474365234375,"y":1010.3863830566406}}}},"39":{"name":"L-2-amino-3-oxobutanoate decarboxylation (spontaneous)","bigg_id":"AOBUTDs","reversibility":false,"label_x":978.2110900878906,"label_y":985.0386352539062,"gene_reaction_rule":"s0001","genes":[{"notes":{"original_bigg_ids":["s0001"]},"name":"None","bigg_id":"s0001"}],"metabolites":[{"bigg_id":"h_c","coefficient":-1},{"bigg_id":"co2_c","coefficient":1},{"bigg_id":"2aobut_c","coefficient":-1},{"bigg_id":"aact_c","coefficient":1}],"segments":{"245":{"from_node_id":"252","to_node_id":"253","b1":null,"b2":null},"246":{"from_node_id":"254","to_node_id":"253","b1":null,"b2":null},"247":{"from_node_id":"252","to_node_id":"251","b1":{"x":989.0732727050781,"y":1010.386474609375},"b2":{"x":983.8232727050781,"y":1028.386474609375}},"248":{"from_node_id":"254","to_node_id":"255","b1":{"x":1121.0732727050781,"y":1010.386474609375},"b2":{"x":1126.3232727050781,"y":1028.386474609375}},"249":{"from_node_id":"252","to_node_id":"256","b1":{"x":993.0732727050781,"y":1010.386474609375},"b2":{"x":902.1927795410156,"y":1010.386474609375}},"250":{"from_node_id":"254","to_node_id":"257","b1":{"x":1117.0732727050781,"y":1010.386474609375},"b2":{"x":1171.3232727050781,"y":1010.386474609375}}}}},"nodes":{"0":{"node_type":"metabolite","x":-1468,"y":231.9999542236328,"bigg_id":"asp__L_c","name":"L-Aspartate","label_x":-1506.315966796875,"label_y":281.7680206298828,"node_is_primary":true},"1":{"node_type":"multimarker","x":-1217,"y":231.9999542236328},"2":{"node_type":"midmarker","x":-1197,"y":231.9999542236328},"3":{"node_type":"multimarker","x":-1177,"y":231.9999542236328},"4":{"node_type":"metabolite","x":-1092,"y":311.9999542236328,"bigg_id":"adp_c","name":"ADP","label_x":-1119,"label_y":351.9999542236328,"node_is_primary":false},"5":{"node_type":"metabolite","x":-1302,"y":311.9999542236328,"bigg_id":"atp_c","name":"ATP","label_x":-1329,"label_y":351.9999542236328,"node_is_primary":false},"6":{"node_type":"metabolite","x":-1022,"y":231.9999542236328,"bigg_id":"4pasp_c","name":"4-Phospho-L-aspartate","label_x":-1059.8,"label_y":276.8839874267578,"node_is_primary":true},"7":{"node_type":"multimarker","x":-827,"y":231.9999542236328},"8":{"node_type":"midmarker","x":-847,"y":231.9999542236328},"9":{"node_type":"multimarker","x":-867,"y":231.9999542236328},"10":{"node_type":"metabolite","x":-672,"y":231.9999542236328,"bigg_id":"aspsa_c","name":"L-Aspartate 4-semialdehyde","label_x":-634.0973022460937,"label_y":240.253662109375,"node_is_primary":true},"11":{"node_type":"metabolite","x":-742,"y":151.9999542236328,"bigg_id":"nadp_c","name":"Nicotinamide adenine dinucleotide phosphate","label_x":-774.4,"label_y":131.9999542236328,"node_is_primary":false},"12":{"node_type":"metabolite","x":-952,"y":151.9999542236328,"bigg_id":"nadph_c","name":"Nicotinamide adenine dinucleotide phosphate - reduced","label_x":-989.8,"label_y":131.9999542236328,"node_is_primary":false},"13":{"node_type":"metabolite","x":-952,"y":311.9999542236328,"bigg_id":"h_c","name":"H+","label_x":-936.453662109375,"label_y":320.25367736816406,"node_is_primary":false},"14":{"node_type":"metabolite","x":-746.884033203125,"y":311.9999542236328,"bigg_id":"pi_c","name":"Phosphate","label_x":-814.882470703125,"label_y":317.81166076660156,"node_is_primary":false},"35":{"node_type":"multimarker","x":-676,"y":-39.00004577636719},"36":{"node_type":"midmarker","x":-676,"y":-59.00004577636719},"37":{"node_type":"multimarker","x":-676,"y":-79.00004577636719},"38":{"node_type":"metabolite","x":-612,"y":29.999954223632812,"bigg_id":"pyr_c","name":"Pyruvate","label_x":-636.9563598632812,"label_y":68.1882553100586,"node_is_primary":false},"39":{"node_type":"metabolite","x":-680,"y":-302.0000457763672,"bigg_id":"23dhdp_c","name":"2,3-Dihydrodipicolinate","label_x":-723,"label_y":-338.0000457763672,"node_is_primary":true},"40":{"node_type":"metabolite","x":-744,"y":-164.0000457763672,"bigg_id":"h2o_c","name":"H2O","label_x":-825,"label_y":-162.0000457763672,"node_is_primary":false},"41":{"node_type":"metabolite","x":-608,"y":-156.0000457763672,"bigg_id":"h_c","name":"H+","label_x":-593,"label_y":-156.0000457763672,"node_is_primary":false},"42":{"node_type":"multimarker","x":-465,"y":-302.0000457763672},"43":{"node_type":"midmarker","x":-445,"y":-302.0000457763672},"44":{"node_type":"multimarker","x":-425,"y":-302.0000457763672},"45":{"node_type":"metabolite","x":-270,"y":-302.0000457763672,"bigg_id":"thdp_c","name":"2,3,4,5-Tetrahydrodipicolinate","label_x":-297.51593627929685,"label_y":-257.1160125732422,"node_is_primary":true},"46":{"node_type":"metabolite","x":-550,"y":-382.0000457763672,"bigg_id":"nadph_c","name":"Nicotinamide adenine dinucleotide phosphate - reduced","label_x":-587.8,"label_y":-402.0000457763672,"node_is_primary":false},"47":{"node_type":"metabolite","x":-340,"y":-222.0000457763672,"bigg_id":"nadp_c","name":"Nicotinamide adenine dinucleotide phosphate","label_x":-372.4,"label_y":-182.0000457763672,"node_is_primary":false},"48":{"node_type":"metabolite","x":-558,"y":-246.0000457763672,"bigg_id":"h_c","name":"H+","label_x":-574.2,"label_y":-206.0000457763672,"node_is_primary":false},"49":{"node_type":"multimarker","x":-115,"y":-302.0000457763672},"50":{"node_type":"midmarker","x":-95,"y":-302.0000457763672},"51":{"node_type":"multimarker","x":-75,"y":-302.0000457763672},"52":{"node_type":"metabolite","x":10,"y":-222.0000457763672,"bigg_id":"coa_c","name":"Coenzyme A","label_x":-17,"label_y":-182.0000457763672,"node_is_primary":false},"53":{"node_type":"metabolite","x":-200,"y":-382.0000457763672,"bigg_id":"h2o_c","name":"H2O","label_x":-227,"label_y":-402.0000457763672,"node_is_primary":false},"54":{"node_type":"metabolite","x":-200,"y":-222.0000457763672,"bigg_id":"succoa_c","name":"Succinyl-CoA","label_x":-243.2,"label_y":-182.0000457763672,"node_is_primary":false},"55":{"node_type":"metabolite","x":80,"y":-302.0000457763672,"bigg_id":"sl2a6o_c","name":"N-Succinyl-2-L-amino-6-oxoheptanedioate","label_x":36.800000000000004,"label_y":-254.6739959716797,"node_is_primary":true},"56":{"node_type":"multimarker","x":275,"y":-302.0000457763672},"57":{"node_type":"midmarker","x":255,"y":-302.0000457763672},"58":{"node_type":"multimarker","x":235,"y":-302.0000457763672},"59":{"node_type":"metabolite","x":360,"y":-222.0000457763672,"bigg_id":"akg_c","name":"2-Oxoglutarate","label_x":333,"label_y":-182.0000457763672,"node_is_primary":false},"60":{"node_type":"metabolite","x":430,"y":-302.0000457763672,"bigg_id":"sl26da_c","name":"N-Succinyl-LL-2,6-diaminoheptanedioate","label_x":389.2420166015625,"label_y":-254.6739959716797,"node_is_primary":true},"61":{"node_type":"metabolite","x":150,"y":-222.0000457763672,"bigg_id":"glu__L_c","name":"L-Glutamate","label_x":106.80000000000001,"label_y":-182.0000457763672,"node_is_primary":false},"62":{"node_type":"multimarker","x":585,"y":-302.0000457763672},"63":{"node_type":"midmarker","x":605,"y":-302.0000457763672},"64":{"node_type":"multimarker","x":625,"y":-302.0000457763672},"65":{"node_type":"metabolite","x":780,"y":-302.0000457763672,"bigg_id":"26dap_LL_c","name":"LL-2,6-Diaminoheptanedioate","label_x":726,"label_y":-254.67396545410156,"node_is_primary":true},"66":{"node_type":"metabolite","x":710,"y":-222.0000457763672,"bigg_id":"succ_c","name":"Succinate","label_x":677.6,"label_y":-182.0000457763672,"node_is_primary":false},"67":{"node_type":"metabolite","x":500,"y":-222.0000457763672,"bigg_id":"h2o_c","name":"H2O","label_x":473,"label_y":-182.0000457763672,"node_is_primary":false},"68":{"node_type":"multimarker","x":935,"y":-302.0000457763672},"69":{"node_type":"midmarker","x":955,"y":-302.0000457763672},"70":{"node_type":"multimarker","x":975,"y":-302.0000457763672},"71":{"node_type":"metabolite","x":1130,"y":-302.0000457763672,"bigg_id":"26dap__M_c","name":"Meso-2,6-Diaminoheptanedioate","label_x":1073.5579833984375,"label_y":-257.11598205566406,"node_is_primary":true},"72":{"node_type":"multimarker","x":1285,"y":-302.0000457763672},"73":{"node_type":"midmarker","x":1305,"y":-302.0000457763672},"74":{"node_type":"multimarker","x":1325,"y":-302.0000457763672},"75":{"node_type":"metabolite","x":1398,"y":-210.00005722045898,"bigg_id":"co2_c","name":"CO2","label_x":1371,"label_y":-170.00005722045898,"node_is_primary":false},"76":{"node_type":"metabolite","x":1644,"y":-302.0000457763672,"bigg_id":"lys__L_c","name":"L-Lysine","label_x":1521.8941162109375,"label_y":-267.5580291748047,"node_is_primary":true},"77":{"node_type":"metabolite","x":1200,"y":-222.0000457763672,"bigg_id":"h_c","name":"H+","label_x":1183.8,"label_y":-182.0000457763672,"node_is_primary":false},"191":{"node_type":"multimarker","x":-669.5579833984375,"y":514.9127349853516},"192":{"node_type":"midmarker","x":-669.5579833984375,"y":494.91273498535156},"193":{"node_type":"multimarker","x":-669.5579833984375,"y":474.91273498535156},"194":{"node_type":"metabolite","x":-669.5579833984375,"y":669.9127349853516,"bigg_id":"hom__L_c","name":"L-Homoserine","label_x":-712.9345703125,"label_y":718.7531890869141,"node_is_primary":true},"195":{"node_type":"metabolite","x":-749.5579833984375,"y":599.9127349853516,"bigg_id":"nadp_c","name":"Nicotinamide adenine dinucleotide phosphate","label_x":-803.5579833984375,"label_y":629.9127349853516,"node_is_primary":false},"196":{"node_type":"metabolite","x":-589.5579833984375,"y":389.91273498535156,"bigg_id":"nadph_c","name":"Nicotinamide adenine dinucleotide phosphate - reduced","label_x":-574.5579833984375,"label_y":389.91273498535156,"node_is_primary":false},"197":{"node_type":"metabolite","x":-744.6739501953125,"y":387.4707489013672,"bigg_id":"h_c","name":"H+","label_x":-803.4202880859375,"label_y":395.49256896972656,"node_is_primary":false},"198":{"node_type":"multimarker","x":-455.949462890625,"y":669.9127349853516},"199":{"node_type":"midmarker","x":-435.949462890625,"y":669.9127349853516},"200":{"node_type":"multimarker","x":-415.949462890625,"y":669.9127349853516},"201":{"node_type":"metabolite","x":-260.949462890625,"y":669.9127349853516,"bigg_id":"phom_c","name":"O-Phospho-L-homoserine","label_x":-298.2335266113281,"label_y":714.7968292236328,"node_is_primary":true},"202":{"node_type":"metabolite","x":-540.949462890625,"y":749.9127349853516,"bigg_id":"atp_c","name":"ATP","label_x":-567.949462890625,"label_y":789.9127349853516,"node_is_primary":false},"203":{"node_type":"metabolite","x":-330.949462890625,"y":589.9127349853516,"bigg_id":"adp_c","name":"ADP","label_x":-357.949462890625,"label_y":569.9127349853516,"node_is_primary":false},"204":{"node_type":"metabolite","x":-330.949462890625,"y":749.9127349853516,"bigg_id":"h_c","name":"H+","label_x":-347.149462890625,"label_y":789.9127349853516,"node_is_primary":false},"205":{"node_type":"multimarker","x":-105.949462890625,"y":669.9127349853516},"206":{"node_type":"midmarker","x":-85.949462890625,"y":669.9127349853516},"207":{"node_type":"multimarker","x":-65.949462890625,"y":669.9127349853516},"208":{"node_type":"metabolite","x":89.050537109375,"y":669.9127349853516,"bigg_id":"thr__L_c","name":"L-Threonine","label_x":121.55321578979493,"label_y":675.7243804931641,"node_is_primary":true},"209":{"node_type":"metabolite","x":19.050537109375,"y":749.9127349853516,"bigg_id":"pi_c","name":"Phosphate","label_x":-2.5494628906249943,"label_y":789.9127349853516,"node_is_primary":false},"210":{"node_type":"metabolite","x":-190.949462890625,"y":749.9127349853516,"bigg_id":"h2o_c","name":"H2O","label_x":-217.949462890625,"label_y":789.9127349853516,"node_is_primary":false},"211":{"node_type":"multimarker","x":89.050537109375,"y":824.9127349853516},"212":{"node_type":"midmarker","x":89.050537109375,"y":844.9127349853516},"213":{"node_type":"multimarker","x":89.050537109375,"y":864.9127349853516},"214":{"node_type":"metabolite","x":9.050537109375,"y":949.9127349853516,"bigg_id":"acald_c","name":"Acetaldehyde","label_x":-33.50744128227234,"label_y":987.2387847900391,"node_is_primary":false},"215":{"node_type":"metabolite","x":89.050537109375,"y":1019.9127349853516,"bigg_id":"gly_c","name":"Glycine","label_x":70.09414863586426,"label_y":1071.1952056884766,"node_is_primary":true},"216":{"node_type":"multimarker","x":1644,"y":-147.0000457763672},"217":{"node_type":"midmarker","x":1644,"y":-127.00004577636719},"218":{"node_type":"multimarker","x":1644,"y":-107.00004577636719},"219":{"node_type":"metabolite","x":1644,"y":47.99995422363281,"bigg_id":"15dap_c","name":"1,5-Diaminopentane","label_x":1671.4420166015625,"label_y":52.88399887084961,"node_is_primary":true},"220":{"node_type":"metabolite","x":1564,"y":-22.000045776367188,"bigg_id":"co2_c","name":"CO2","label_x":1519,"label_y":7.9999542236328125,"node_is_primary":false},"221":{"node_type":"metabolite","x":1564,"y":-232.0000457763672,"bigg_id":"h_c","name":"H+","label_x":1537,"label_y":-202.0000457763672,"node_is_primary":false},"222":{"node_type":"metabolite","x":449.55383847778785,"y":1015.7232631531942,"bigg_id":"athr__L_c","name":"L-Allo-threonine","label_x":403.39588559692845,"label_y":1060.6072963563192,"node_is_primary":true},"223":{"node_type":"multimarker","x":294.5605630009951,"y":1017.1670626458967},"224":{"node_type":"midmarker","x":274.56143068140886,"y":1017.3533593546324},"225":{"node_type":"multimarker","x":254.56229836182297,"y":1017.539656063368},"226":{"node_type":"metabolite","x":149.28462057977163,"y":1123.9286377971507,"bigg_id":"acald_c","name":"Acetaldehyde","label_x":173.56709128289663,"label_y":1132.18239145926,"node_is_primary":false},"228":{"node_type":"metabolite","x":743.3200073242188,"y":646.5252532958984,"bigg_id":"thrp_p","name":"L-Threonine O-3-phosphate","label_x":710.9200073242188,"label_y":691.4092864990234,"node_is_primary":true},"229":{"node_type":"multimarker","x":898.3200073242188,"y":646.5252532958984},"230":{"node_type":"midmarker","x":918.3200073242188,"y":646.5252532958984},"231":{"node_type":"multimarker","x":938.3200073242188,"y":646.5252532958984},"232":{"node_type":"metabolite","x":1023.3200073242188,"y":726.5252532958984,"bigg_id":"pi_p","name":"Phosphate","label_x":1001.7200073242188,"label_y":766.5252532958984,"node_is_primary":false},"233":{"node_type":"metabolite","x":1093.3200073242188,"y":646.5252532958984,"bigg_id":"thr__L_p","name":"L-Threonine","label_x":1050.1200073242187,"label_y":686.5252532958984,"node_is_primary":true},"234":{"node_type":"metabolite","x":813.3200073242188,"y":726.5252532958984,"bigg_id":"h2o_p","name":"H2O","label_x":786.3200073242188,"label_y":766.5252532958984,"node_is_primary":false},"235":{"node_type":"metabolite","x":517.8353576660156,"y":1090.386474609375,"bigg_id":"nadp_c","name":"Nicotinamide adenine dinucleotide phosphate","label_x":469.2353576660157,"label_y":1130.386474609375,"node_is_primary":false},"236":{"node_type":"multimarker","x":602.8353576660156,"y":1010.386474609375},"237":{"node_type":"midmarker","x":622.8353576660156,"y":1010.386474609375},"238":{"node_type":"multimarker","x":642.8353576660156,"y":1010.386474609375},"239":{"node_type":"metabolite","x":727.8353576660156,"y":930.386474609375,"bigg_id":"nadph_c","name":"Nicotinamide adenine dinucleotide phosphate - reduced","label_x":690.0353576660157,"label_y":910.386474609375,"node_is_primary":false},"240":{"node_type":"metabolite","x":727.8353576660156,"y":1090.386474609375,"bigg_id":"h_c","name":"H+","label_x":711.6353576660156,"label_y":1130.386474609375,"node_is_primary":false},"243":{"node_type":"metabolite","x":1301.724365234375,"y":930.3863830566406,"bigg_id":"nadh_c","name":"Nicotinamide adenine dinucleotide - reduced","label_x":1285.524365234375,"label_y":910.3863830566406,"node_is_primary":false},"244":{"node_type":"multimarker","x":1386.724365234375,"y":1010.3863830566406},"245":{"node_type":"midmarker","x":1406.724365234375,"y":1010.3863830566406},"246":{"node_type":"multimarker","x":1426.724365234375,"y":1010.3863830566406},"247":{"node_type":"metabolite","x":1581.724365234375,"y":1010.3863830566406,"bigg_id":"appl_c","name":"1-Aminopropan-2-ol","label_x":1551.7663818359374,"label_y":1055.2704162597656,"node_is_primary":true},"248":{"node_type":"metabolite","x":1301.724365234375,"y":1090.3863830566406,"bigg_id":"h_c","name":"H+","label_x":1269.324365234375,"label_y":1130.3863830566406,"node_is_primary":false},"249":{"node_type":"metabolite","x":1511.724365234375,"y":1090.3863830566406,"bigg_id":"nad_c","name":"Nicotinamide adenine dinucleotide","label_x":1484.724365234375,"label_y":1130.3863830566406,"node_is_primary":false},"251":{"node_type":"metabolite","x":950.0732727050781,"y":1090.386474609375,"bigg_id":"h_c","name":"H+","label_x":906.8732727050783,"label_y":1130.386474609375,"node_is_primary":false},"252":{"node_type":"multimarker","x":1035.0732727050781,"y":1010.386474609375},"253":{"node_type":"midmarker","x":1055.0732727050781,"y":1010.386474609375},"254":{"node_type":"multimarker","x":1075.0732727050781,"y":1010.386474609375},"255":{"node_type":"metabolite","x":1160.0732727050781,"y":1090.386474609375,"bigg_id":"co2_c","name":"CO2","label_x":1133.0732727050781,"label_y":1130.386474609375,"node_is_primary":false},"256":{"node_type":"metabolite","x":843.4427795410156,"y":1010.386474609375,"bigg_id":"2aobut_c","name":"L-2-Amino-3-oxobutanoate","label_x":807.7066467285158,"label_y":1057.7125244140625,"node_is_primary":true},"257":{"node_type":"metabolite","x":1230.0732727050781,"y":1010.386474609375,"bigg_id":"aact_c","name":"Aminoacetone","label_x":1204.9993225097655,"label_y":1055.2705078125,"node_is_primary":true}},"text_labels":{"0":{"x":-1614,"y":181.99989318847656,"text":"L-Aspartate"},"3":{"x":1539.9998779296875,"y":-348.00010681152344,"text":"L-Lysine"},"4":{"x":20.48155975341797,"y":636.7571411132812,"text":"L-Threonine"},"6":{"x":8.271453857421875,"y":-125.15365600585938,"text":"L-Glutamate"},"7":{"x":-585.1398620605469,"y":45.78786373138428,"text":"Pyruvate"},"10":{"x":-130.92376708984375,"y":1042.1328125,"text":"Glycine"},"11":{"x":-522.9573602676392,"y":-500.18756103515625,"text":"THREONINE AND LYSINE METABOLISM SUBSYSTEM"}},"canvas":{"x":-1664.0328369140625,"y":-594.9508666992188,"width":3505.6502685546875,"height":1806.8198852539062}}]