[{"map_name":"iJO1366.Central metabolism","map_id":"c50080dc494c0686982966090cefc2de","map_description":"Central metabolism (iJO1366)\nLast Modified Tue Mar 06 2018 14:39:35 GMT-0700 (Mountain Standard Time)","homepage":"https://escher.github.io","schema":"https://escher.github.io/escher/jsonschema/1-0-0#"},{"reactions":{"2075839":{"name":"Malate dehydrogenase","bigg_id":"MDH","reversibility":true,"label_x":3019.1480390625,"label_y":3883.49973125,"gene_reaction_rule":"b3236","genes":[{"bigg_id":"b3236","name":"mdh"}],"metabolites":[{"coefficient":-1,"bigg_id":"mal__L_c"},{"coefficient":1,"bigg_id":"h_c"},{"coefficient":-1,"bigg_id":"nad_c"},{"coefficient":1,"bigg_id":"oaa_c"},{"coefficient":1,"bigg_id":"nadh_c"}],"segments":{"675":{"from_node_id":"2076049","to_node_id":"2076047","b1":null,"b2":null},"676":{"from_node_id":"2076047","to_node_id":"2076048","b1":null,"b2":null},"677":{"from_node_id":"2075291","to_node_id":"2076049","b1":{"y":3678.094009828363,"x":3014.9175703125},"b2":{"y":3828.010534354759,"x":2996.16659375}},"678":{"from_node_id":"2075292","to_node_id":"2076049","b1":{"y":3815.769549805468,"x":3009.1480390625},"b2":{"y":3840.3213018166402,"x":2996.16659375}},"679":{"from_node_id":"2076048","to_node_id":"2075293","b1":{"y":3948.7830375230687,"x":2997.086199423056},"b2":{"y":4033.7927183060624,"x":3008.0275189101862}},"680":{"from_node_id":"2076048","to_node_id":"2075294","b1":{"y":3945.298592927578,"x":2997.010450627502},"b2":{"y":3991.887863925259,"x":3004.890257300006}},"681":{"from_node_id":"2076048","to_node_id":"2075295","b1":{"y":3962.535907464812,"x":2997.385174856572},"b2":{"y":4013.2860087368736,"x":2994.6002755635736}}}},"2075864":{"name":"Citrate synthase","bigg_id":"CS","reversibility":false,"label_x":3124.623625,"label_y":4378.88625,"gene_reaction_rule":"b0720","genes":[{"bigg_id":"b0720","name":"gltA"}],"metabolites":[{"coefficient":1,"bigg_id":"cit_c"},{"coefficient":-1,"bigg_id":"oaa_c"},{"coefficient":1,"bigg_id":"h_c"},{"coefficient":1,"bigg_id":"coa_c"},{"coefficient":-1,"bigg_id":"accoa_c"},{"coefficient":-1,"bigg_id":"h2o_c"}],"segments":{"825":{"from_node_id":"2076114","to_node_id":"2076113","b1":null,"b2":null},"826":{"from_node_id":"2076113","to_node_id":"2076112","b1":null,"b2":null},"828":{"from_node_id":"2075295","to_node_id":"2076114","b1":{"y":4242.1498421782735,"x":3067.808862219809},"b2":{"y":4275.867671403482,"x":3113.1382293690676}},"829":{"from_node_id":"2075383","to_node_id":"2076114","b1":{"y":4259.1011581563325,"x":3090.4878476443187},"b2":{"y":4280.664638462525,"x":3118.2119445276708}},"830":{"from_node_id":"2076112","to_node_id":"2075384","b1":{"y":4389.286880172074,"x":3245.9338402294334},"b2":{"y":4420.919600573583,"x":3288.110800764778}},"831":{"from_node_id":"2076112","to_node_id":"2075385","b1":{"y":4389.479985454537,"x":3246.1913139393837},"b2":{"y":4421.563284848458,"x":3288.9690464646123}},"832":{"from_node_id":"2076112","to_node_id":"2075386","b1":{"y":4384.474832759978,"x":3239.5177770133055},"b2":{"y":4404.879442533263,"x":3266.723923377684}}}},"2075921":{"name":"Fumarate reductase","bigg_id":"FRD3","reversibility":false,"label_x":3572.858,"label_y":3198.7302,"gene_reaction_rule":"b4151 and b4152 and b4153 and b4154","genes":[{"bigg_id":"b4151","name":"frdD"},{"bigg_id":"b4152","name":"frdC"},{"bigg_id":"b4153","name":"frdB"},{"bigg_id":"b4154","name":"frdA"}],"metabolites":[{"coefficient":-1,"bigg_id":"2dmmql8_c"},{"coefficient":1,"bigg_id":"2dmmq8_c"},{"coefficient":-1,"bigg_id":"fum_c"},{"coefficient":1,"bigg_id":"succ_c"}],"segments":{"1122":{"from_node_id":"2076245","to_node_id":"2076247","b1":null,"b2":null},"1123":{"from_node_id":"2076247","to_node_id":"2076246","b1":null,"b2":null},"1124":{"from_node_id":"2075365","to_node_id":"2076245","b1":{"y":3208.7302,"x":3278.1966413235527},"b2":{"y":3208.7302,"x":3351.459592397066}},"1125":{"from_node_id":"2075544","to_node_id":"2076245","b1":{"y":3208.7302,"x":3326.945121340428},"b2":{"y":3208.7302,"x":3366.0841364021285}},"1126":{"from_node_id":"2076246","to_node_id":"2075545","b1":{"y":3208.7302,"x":3733.965403914267},"b2":{"y":3208.7302,"x":3783.216013047556}},"1127":{"from_node_id":"2076246","to_node_id":"2075546","b1":{"y":3208.7302,"x":3731.1678334236008},"b2":{"y":3208.7302,"x":3773.8907780786685}}}},"2075927":{"name":"Aconitase (half-reaction B, Isocitrate hydro-lyase)","bigg_id":"ACONTb","reversibility":true,"label_x":3699.39315625,"label_y":4513.6372265625,"gene_reaction_rule":"b0118 or b1276","genes":[{"bigg_id":"b0118","name":"acnB"},{"bigg_id":"b1276","name":"acnA"}],"metabolites":[{"coefficient":-1,"bigg_id":"acon_C_c"},{"coefficient":-1,"bigg_id":"h2o_c"},{"coefficient":1,"bigg_id":"icit_c"}],"segments":{"24":{"from_node_id":"2076263","to_node_id":"2076264","b1":null,"b2":null},"25":{"from_node_id":"2076264","to_node_id":"2075564","b1":{"y":4454.23,"x":3761.858},"b2":{"y":4443.73,"x":3782.858}},"26":{"from_node_id":"2075333","to_node_id":"2076263","b1":{"y":4493.325375980083,"x":3654.8414033097497},"b2":{"y":4483.108612794024,"x":3679.722161617925}},"27":{"from_node_id":"2075563","to_node_id":"2076263","b1":{"y":4478.706676787559,"x":3665.5226961998214},"b2":{"y":4484.348296005018,"x":3676.0031119849464}}}},"2075930":{"name":"Fumarase","bigg_id":"FUM","reversibility":true,"label_x":3105.4937421875,"label_y":3518.03879375,"gene_reaction_rule":"b1612 or b4122 or b1611","genes":[{"bigg_id":"b1612","name":"fumA"},{"bigg_id":"b1611","name":"fumC"},{"bigg_id":"b4122","name":"fumB"}],"metabolites":[{"coefficient":1,"bigg_id":"mal__L_c"},{"coefficient":-1,"bigg_id":"h2o_c"},{"coefficient":-1,"bigg_id":"fum_c"}],"segments":{"39":{"from_node_id":"2076269","to_node_id":"2076270","b1":null,"b2":null},"40":{"from_node_id":"2076270","to_node_id":"2075291","b1":{"y":3528.2802,"x":3063.808},"b2":{"y":3569.2302,"x":3040.358}},"41":{"from_node_id":"2075365","to_node_id":"2076269","b1":{"y":3389.27736643816,"x":3157.6185748702346},"b2":{"y":3433.694349931448,"x":3126.9861724610705}},"42":{"from_node_id":"2075574","to_node_id":"2076269","b1":{"y":3415.2740182408534,"x":3139.6898494890665},"b2":{"y":3441.493345472256,"x":3121.60755484672}}}},"2075942":{"name":"Fumarate reductase","bigg_id":"FRD2","reversibility":false,"label_x":3484.858,"label_y":3303.7302,"gene_reaction_rule":"b4151 and b4152 and b4153 and b4154","genes":[{"bigg_id":"b4152","name":"frdC"},{"bigg_id":"b4153","name":"frdB"},{"bigg_id":"b4154","name":"frdA"},{"bigg_id":"b4151","name":"frdD"}],"metabolites":[{"coefficient":-1,"bigg_id":"fum_c"},{"coefficient":1,"bigg_id":"succ_c"},{"coefficient":-1,"bigg_id":"mql8_c"},{"coefficient":1,"bigg_id":"mqn8_c"}],"segments":{"105":{"from_node_id":"2076299","to_node_id":"2076300","b1":null,"b2":null},"106":{"from_node_id":"2076300","to_node_id":"2076298","b1":null,"b2":null},"107":{"from_node_id":"2075365","to_node_id":"2076299","b1":{"y":3313.7302,"x":3349.0905169338525},"b2":{"y":3313.7302,"x":3432.9277550801557}},"108":{"from_node_id":"2075604","to_node_id":"2076299","b1":{"y":3313.7302,"x":3425.9016267825136},"b2":{"y":3313.7302,"x":3455.9710880347543}},"109":{"from_node_id":"2076298","to_node_id":"2075545","b1":{"y":3313.7302,"x":3625.8702704460025},"b2":{"y":3313.7302,"x":3702.8989014866747}},"110":{"from_node_id":"2076298","to_node_id":"2075605","b1":{"y":3313.7302,"x":3607.4203658792107},"b2":{"y":3313.7302,"x":3652.938282097369}}}},"2075960":{"name":"Isocitrate dehydrogenase (NADP)","bigg_id":"ICDHyr","reversibility":true,"label_x":4022.742765625,"label_y":4329.3286328125,"gene_reaction_rule":"b1136","genes":[{"bigg_id":"b1136","name":"icd"}],"metabolites":[{"coefficient":1,"bigg_id":"akg_c"},{"coefficient":1,"bigg_id":"nadph_c"},{"coefficient":1,"bigg_id":"co2_c"},{"coefficient":-1,"bigg_id":"icit_c"},{"coefficient":-1,"bigg_id":"nadp_c"}],"segments":{"204":{"from_node_id":"2076344","to_node_id":"2076345","b1":null,"b2":null},"205":{"from_node_id":"2076345","to_node_id":"2076343","b1":null,"b2":null},"206":{"from_node_id":"2075645","to_node_id":"2076344","b1":{"y":4360.924751261829,"x":3929.0590012517246},"b2":{"y":4330.121042566048,"x":3965.2533589692675}},"207":{"from_node_id":"2075564","to_node_id":"2076344","b1":{"y":4409.878264736277,"x":3871.033788934875},"b2":{"y":4328.363932545883,"x":3967.3179632429624}},"208":{"from_node_id":"2076343","to_node_id":"2075440","b1":{"y":4237.833603793017,"x":4071.444583707176},"b2":{"y":4204.547351185057,"x":4116.91874777392}},"209":{"from_node_id":"2076343","to_node_id":"2075646","b1":{"y":4248.010489145444,"x":4060.060271279037},"b2":{"y":4229.816005484814,"x":4080.413422492623}},"210":{"from_node_id":"2076343","to_node_id":"2075647","b1":{"y":4242.427862544566,"x":4066.305243408833},"b2":{"y":4211.207250148554,"x":4101.229996258609}}}},"2075962":{"name":"Malate dehydrogenase (menaquinone 8 as acceptor)","bigg_id":"MDH3","reversibility":false,"label_x":3131.742765625,"label_y":3933.0983640625,"gene_reaction_rule":"b2210","genes":[{"bigg_id":"b2210","name":"mqo"}],"metabolites":[{"coefficient":-1,"bigg_id":"mal__L_c"},{"coefficient":1,"bigg_id":"mql8_c"},{"coefficient":1,"bigg_id":"oaa_c"},{"coefficient":-1,"bigg_id":"mqn8_c"}],"segments":{"213":{"from_node_id":"2076348","to_node_id":"2076347","b1":null,"b2":null},"214":{"from_node_id":"2076347","to_node_id":"2076349","b1":null,"b2":null},"215":{"from_node_id":"2075291","to_node_id":"2076348","b1":{"y":3758.878239114042,"x":3111.1001314446685},"b2":{"y":3817.9854515779625,"x":3120.2596433396507}},"216":{"from_node_id":"2075649","to_node_id":"2076348","b1":{"y":3811.5531812735485,"x":3124.540986659862},"b2":{"y":3841.5768014133146,"x":3119.9647514667085}},"217":{"from_node_id":"2076349","to_node_id":"2075650","b1":{"y":4001.80528806041,"x":3118.1612927879873},"b2":{"y":4049.419621138867,"x":3114.2729473141244}},"218":{"from_node_id":"2076349","to_node_id":"2075295","b1":{"y":4005.4452140933004,"x":3118.2038650222903},"b2":{"y":4096.169895415168,"x":3117.2996203868006}}}},"2075973":{"name":"Succinyl-CoA synthetase (ADP-forming)","bigg_id":"SUCOAS","reversibility":true,"label_x":4047.858,"label_y":3466.7302,"gene_reaction_rule":"b0728 and b0729","genes":[{"bigg_id":"b0728","name":"sucC"},{"bigg_id":"b0729","name":"sucD"}],"metabolites":[{"coefficient":1,"bigg_id":"succoa_c"},{"coefficient":-1,"bigg_id":"coa_c"},{"coefficient":1,"bigg_id":"adp_c"},{"coefficient":-1,"bigg_id":"atp_c"},{"coefficient":-1,"bigg_id":"succ_c"},{"coefficient":1,"bigg_id":"pi_c"}],"segments":{"278":{"from_node_id":"2076377","to_node_id":"2076378","b1":null,"b2":null},"279":{"from_node_id":"2076378","to_node_id":"2076379","b1":null,"b2":null},"280":{"from_node_id":"2075545","to_node_id":"2076377","b1":{"y":3372.6280212082415,"x":3934.1907463016614},"b2":{"y":3419.4723979249725,"x":3984.2942496717487}},"281":{"from_node_id":"2075676","to_node_id":"2076377","b1":{"y":3408.894901624158,"x":3974.3991724871157},"b2":{"y":3434.6796104872474,"x":3998.520351746135}},"282":{"from_node_id":"2075677","to_node_id":"2076377","b1":{"y":3426.295511143072,"x":3990.677162037068},"b2":{"y":3439.8997933429214,"x":4003.4037486111206}},"283":{"from_node_id":"2076379","to_node_id":"2075678","b1":{"y":3517.0630673368955,"x":4073.869488693657},"b2":{"y":3545.839757789652,"x":4099.5629623121895}},"284":{"from_node_id":"2076379","to_node_id":"2075679","b1":{"y":3521.4022822050883,"x":4077.743787683115},"b2":{"y":3560.303807350295,"x":4112.477292277049}},"285":{"from_node_id":"2076379","to_node_id":"2075680","b1":{"y":3518.5924535105864,"x":4075.235012063024},"b2":{"y":3550.937711701955,"x":4104.114706876746}}}},"2075975":{"name":"Aconitase (half-reaction A, Citrate hydro-lyase)","bigg_id":"ACONTa","reversibility":true,"label_x":3418.481291015625,"label_y":4543.4926953125,"gene_reaction_rule":"b0118 or b1276","genes":[{"bigg_id":"b0118","name":"acnB"},{"bigg_id":"b1276","name":"acnA"}],"metabolites":[{"coefficient":1,"bigg_id":"acon_C_c"},{"coefficient":1,"bigg_id":"h2o_c"},{"coefficient":-1,"bigg_id":"cit_c"}],"segments":{"288":{"from_node_id":"2075384","to_node_id":"2076382","b1":{"y":4478.83859375,"x":3427.3109296875},"b2":{"y":4481.384296875,"x":3439.1480390625}},"289":{"from_node_id":"2076382","to_node_id":"2076381","b1":null,"b2":null},"290":{"from_node_id":"2076381","to_node_id":"2075333","b1":{"y":4496.601290399764,"x":3508.293070294817},"b2":{"y":4501.108910707549,"x":3526.4596015035563}},"291":{"from_node_id":"2076381","to_node_id":"2075563","b1":{"y":4497.297464019192,"x":3514.3845894648116},"b2":{"y":4517.853317563975,"x":3546.764665403539}}}},"2075989":{"name":"Malate dehydrogenase (ubiquinone 8 as acceptor)","bigg_id":"MDH2","reversibility":false,"label_x":2863.31503125,"label_y":3921.154028125,"gene_reaction_rule":"b2210","genes":[{"bigg_id":"b2210","name":"mqo"}],"metabolites":[{"coefficient":-1,"bigg_id":"mal__L_c"},{"coefficient":1,"bigg_id":"q8h2_c"},{"coefficient":1,"bigg_id":"oaa_c"},{"coefficient":-1,"bigg_id":"q8_c"}],"segments":{"363":{"from_node_id":"2076416","to_node_id":"2076415","b1":null,"b2":null},"364":{"from_node_id":"2076415","to_node_id":"2076417","b1":null,"b2":null},"365":{"from_node_id":"2075717","to_node_id":"2076416","b1":{"y":3820.3044147125033,"x":2961.4937421875},"b2":{"y":3843.783128476251,"x":2961.4937421875}},"366":{"from_node_id":"2075291","to_node_id":"2076416","b1":{"y":3770.604962776359,"x":2962.936125},"b2":{"y":3818.0554218016578,"x":2961.4937421875}},"367":{"from_node_id":"2076417","to_node_id":"2075295","b1":{"y":3989.869462106514,"x":2961.4937421875},"b2":{"y":4066.71361275088,"x":2962.936125}},"368":{"from_node_id":"2076417","to_node_id":"2075718","b1":{"y":3965.9388209974477,"x":2961.4937421875},"b2":{"y":3994.1567231164927,"x":2961.4937421875}}}},"2076004":{"name":"Citrate lyase","bigg_id":"CITL","reversibility":false,"label_x":3221.991544921875,"label_y":4281.536640625,"gene_reaction_rule":"(b0615 and b0616 and b0617) and b0614","genes":[{"bigg_id":"b0617","name":"citD"},{"bigg_id":"b0614","name":"citX"},{"bigg_id":"b0615","name":"citF"},{"bigg_id":"b0616","name":"citE"}],"metabolites":[{"coefficient":1,"bigg_id":"ac_c"},{"coefficient":1,"bigg_id":"oaa_c"},{"coefficient":-1,"bigg_id":"cit_c"}],"segments":{"454":{"from_node_id":"2075384","to_node_id":"2076457","b1":{"y":4434.98,"x":3335.808},"b2":{"y":4384.23,"x":3291.358}},"455":{"from_node_id":"2076457","to_node_id":"2076456","b1":null,"b2":null},"456":{"from_node_id":"2076456","to_node_id":"2075295","b1":{"y":4251.351354383391,"x":3156.7453729404388},"b2":{"y":4215.467847944637,"x":3114.4825764681286}},"457":{"from_node_id":"2076456","to_node_id":"2075754","b1":{"y":4259.547706077668,"x":3166.3988538248095},"b2":{"y":4242.789020258894,"x":3146.6608460826988}}}},"2076013":{"name":"2-Oxogluterate dehydrogenase","bigg_id":"AKGDH","reversibility":false,"label_x":4185.5308515625,"label_y":3832.7302,"gene_reaction_rule":"b0116 and b0726 and b0727","genes":[{"bigg_id":"b0116","name":"lpd"},{"bigg_id":"b0726","name":"sucA"},{"bigg_id":"b0727","name":"sucB"}],"metabolites":[{"coefficient":1,"bigg_id":"succoa_c"},{"coefficient":-1,"bigg_id":"nad_c"},{"coefficient":-1,"bigg_id":"coa_c"},{"coefficient":-1,"bigg_id":"akg_c"},{"coefficient":1,"bigg_id":"nadh_c"},{"coefficient":1,"bigg_id":"co2_c"}],"segments":{"490":{"from_node_id":"2076474","to_node_id":"2076475","b1":null,"b2":null},"491":{"from_node_id":"2076475","to_node_id":"2076476","b1":null,"b2":null},"492":{"from_node_id":"2075762","to_node_id":"2076474","b1":{"y":3980.657238972404,"x":4179.858},"b2":{"y":3917.072569504221,"x":4178.4156171875}},"493":{"from_node_id":"2075763","to_node_id":"2076474","b1":{"y":3968.0509142803235,"x":4179.858},"b2":{"y":3913.290672096597,"x":4178.4156171875}},"494":{"from_node_id":"2075440","to_node_id":"2076474","b1":{"y":3996.84852893594,"x":4179.858},"b2":{"y":3921.929956493282,"x":4178.4156171875}},"495":{"from_node_id":"2076476","to_node_id":"2075679","b1":{"y":3750.682031512696,"x":4169.486375381713},"b2":{"y":3701.5696383756535,"x":4163.952584605708}},"496":{"from_node_id":"2076476","to_node_id":"2075764","b1":{"y":3755.529572495557,"x":4170.032577182598},"b2":{"y":3717.728108318524,"x":4165.773257275327}},"497":{"from_node_id":"2076476","to_node_id":"2075765","b1":{"y":3755.458414738617,"x":4170.024559407168},"b2":{"y":3717.4909157953903,"x":4165.7465313572275}}}},"2076023":{"name":"Malate oxidase","bigg_id":"MOX","reversibility":true,"label_x":2740.043546875,"label_y":3950.0983640625,"gene_reaction_rule":"","genes":[],"metabolites":[{"coefficient":1,"bigg_id":"h2o2_c"},{"coefficient":1,"bigg_id":"oaa_c"},{"coefficient":-1,"bigg_id":"o2_c"},{"coefficient":-1,"bigg_id":"mal__L_c"}],"segments":{"542":{"from_node_id":"2076496","to_node_id":"2076497","b1":null,"b2":null},"543":{"from_node_id":"2076497","to_node_id":"2076495","b1":null,"b2":null},"544":{"from_node_id":"2075784","to_node_id":"2076496","b1":{"y":3842.6273566140176,"x":2842.4689679323483},"b2":{"y":3868.703936827955,"x":2850.5349427234546}},"545":{"from_node_id":"2075291","to_node_id":"2076496","b1":{"y":3762.3761593853214,"x":2849.340181405218},"b2":{"y":3843.7631479718466,"x":2853.0290216090657}},"546":{"from_node_id":"2076495","to_node_id":"2075295","b1":{"y":4088.979131114459,"x":2846.8765546875},"b2":{"y":4090.0179781940296,"x":2851.203703125}},"547":{"from_node_id":"2076495","to_node_id":"2075785","b1":{"y":3979.403934344102,"x":2846.8765546875},"b2":{"y":4012.282296251173,"x":2849.7613203125}}}}},"nodes":{"2075291":{"node_type":"metabolite","x":3006.858,"y":3627.7302,"bigg_id":"mal__L_c","name":"L-Malate","label_x":3033.7652265625,"label_y":3621.384496875,"node_is_primary":true},"2075292":{"node_type":"metabolite","x":3048.1480390625,"y":3786.964575,"bigg_id":"nad_c","name":"Nicotinamide adenine dinucleotide","label_x":3025.973234375,"label_y":3827.157934375,"node_is_primary":false},"2075293":{"node_type":"metabolite","x":3065.1851484375,"y":4046.6335203125,"bigg_id":"nadh_c","name":"Nicotinamide adenine dinucleotide - reduced","label_x":3028.356046875,"label_y":4028.0163328125,"node_is_primary":false},"2075294":{"node_type":"metabolite","x":3058.6460859375,"y":3978.652075,"bigg_id":"h_c","name":"H+","label_x":3044.2222578125,"label_y":3951.997778125,"node_is_primary":false},"2075295":{"node_type":"metabolite","x":3048.858,"y":4170.73,"bigg_id":"oaa_c","name":"Oxaloacetate","label_x":3078.3413984375,"label_y":4166.88234375,"node_is_primary":true},"2075333":{"node_type":"metabolite","x":3607.858,"y":4514.73,"bigg_id":"acon_C_c","name":"Cis-Aconitate","label_x":3629.7281171875,"label_y":4536.88966796875,"node_is_primary":true},"2075365":{"node_type":"metabolite","x":3232.858,"y":3354.7302,"bigg_id":"fum_c","name":"Fumarate","label_x":3210.3003828125,"label_y":3399.849340625,"node_is_primary":true},"2075383":{"node_type":"metabolite","x":3032.858,"y":4308.73,"bigg_id":"h2o_c","name":"H2O","label_x":3042.858,"label_y":4328.73,"node_is_primary":false},"2075384":{"node_type":"metabolite","x":3354.858,"y":4456.73,"bigg_id":"cit_c","name":"Citrate","label_x":3382.858,"label_y":4438.73,"node_is_primary":true},"2075385":{"node_type":"metabolite","x":3272.858,"y":4521.73,"bigg_id":"h_c","name":"H+","label_x":3248.354826171875,"label_y":4555.34279296875,"node_is_primary":false},"2075386":{"node_type":"metabolite","x":3212.858,"y":4471.73,"bigg_id":"coa_c","name":"Coenzyme A","label_x":3194.858,"label_y":4481.73,"node_is_primary":false},"2075440":{"node_type":"metabolite","x":4153.858,"y":4070.7302,"bigg_id":"akg_c","name":"2-Oxoglutarate","label_x":4059.047697265625,"label_y":4047.652075,"node_is_primary":true},"2075544":{"node_type":"metabolite","x":3294.858,"y":3139.7302,"bigg_id":"2dmmql8_c","name":"2-Demethylmenaquinol 8","label_x":3315.936125,"label_y":3145.536840625,"node_is_primary":false},"2075545":{"node_type":"metabolite","x":3812.858,"y":3307.7302,"bigg_id":"succ_c","name":"Succinate","label_x":3724.77596875,"label_y":3293.154028125,"node_is_primary":true},"2075546":{"node_type":"metabolite","x":3812.858,"y":3138.7302,"bigg_id":"2dmmq8_c","name":"2-Demethylmenaquinone 8","label_x":3835.8394453125,"label_y":3145.306371875,"node_is_primary":false},"2075563":{"node_type":"metabolite","x":3605.742765625,"y":4420.4809765625,"bigg_id":"h2o_c","name":"H2O","label_x":3605.742765625,"label_y":4400.4809765625,"node_is_primary":false},"2075564":{"node_type":"metabolite","x":3812.858,"y":4428.73,"bigg_id":"icit_c","name":"Isocitrate","label_x":3741.969328125,"label_y":4406.3618359375,"node_is_primary":true},"2075574":{"node_type":"metabolite","x":3113.858,"y":3361.7302,"bigg_id":"h2o_c","name":"H2O","label_x":3067.895109375,"label_y":3337.306371875,"node_is_primary":false},"2075604":{"node_type":"metabolite","x":3402.858,"y":3258.7302,"bigg_id":"mql8_c","name":"Menaquinol 8","label_x":3409.8765546875,"label_y":3250.075903125,"node_is_primary":false},"2075605":{"node_type":"metabolite","x":3684.3970625,"y":3258.7302,"bigg_id":"mqn8_c","name":"Menaquinone 8","label_x":3598.047453125,"label_y":3251.5182859375,"node_is_primary":false},"2075645":{"node_type":"metabolite","x":3958.7652265625,"y":4450.919453125,"bigg_id":"nadp_c","name":"Nicotinamide adenine dinucleotide phosphate","label_x":3966.042814453125,"label_y":4478.76271484375,"node_is_primary":false},"2075646":{"node_type":"metabolite","x":4129.3374921875,"y":4255.808125,"bigg_id":"co2_c","name":"CO2","label_x":4149.3374921875,"label_y":4265.808125,"node_is_primary":false},"2075647":{"node_type":"metabolite","x":4168.3374921875,"y":4190.808125,"bigg_id":"nadph_c","name":"Nicotinamide adenine dinucleotide phosphate - reduced","label_x":4198.3374921875,"label_y":4190.808125,"node_is_primary":false},"2075649":{"node_type":"metabolite","x":3169.051359375,"y":3805.4440671875,"bigg_id":"mqn8_c","name":"Menaquinone 8","label_x":3159.3189375,"label_y":3844.310278125,"node_is_primary":false},"2075650":{"node_type":"metabolite","x":3199.6460859375,"y":4068.4770703124996,"bigg_id":"mql8_c","name":"Menaquinol 8","label_x":3218.6460859375,"label_y":4055.4770703124996,"node_is_primary":false},"2075676":{"node_type":"metabolite","x":3912.858,"y":3414.7302,"bigg_id":"coa_c","name":"Coenzyme A","label_x":3882.334806640625,"label_y":3440.776342578125,"node_is_primary":false},"2075677":{"node_type":"metabolite","x":3960.858,"y":3468.7302,"bigg_id":"atp_c","name":"ATP","label_x":3922.60751171875,"label_y":3499.70822734375,"node_is_primary":false},"2075678":{"node_type":"metabolite","x":4172.858,"y":3511.7302,"bigg_id":"pi_c","name":"Phosphate","label_x":4202.858,"label_y":3511.7302,"node_is_primary":false},"2075679":{"node_type":"metabolite","x":4133.858,"y":3635.7302,"bigg_id":"succoa_c","name":"Succinyl-CoA","label_x":4160.53915234375,"label_y":3625.070776171875,"node_is_primary":true},"2075680":{"node_type":"metabolite","x":4172.858,"y":3561.7302,"bigg_id":"adp_c","name":"ADP","label_x":4202.858,"label_y":3561.7302,"node_is_primary":false},"2075717":{"node_type":"metabolite","x":2931.4937421875,"y":3793.845434375,"bigg_id":"q8_c","name":"Ubiquinone-8","label_x":2899.858,"label_y":3773.458715625,"node_is_primary":false},"2075718":{"node_type":"metabolite","x":2921.4937421875,"y":4023.845434375,"bigg_id":"q8h2_c","name":"Ubiquinol-8","label_x":2882.4527265625,"label_y":4053.9421140625,"node_is_primary":false},"2075754":{"node_type":"metabolite","x":3162.858,"y":4193.73,"bigg_id":"ac_c","name":"Acetate","label_x":3182.858,"label_y":4193.73,"node_is_primary":false},"2075762":{"node_type":"metabolite","x":4270.858,"y":3998.7302,"bigg_id":"nad_c","name":"Nicotinamide adenine dinucleotide","label_x":4292.858,"label_y":3998.7302,"node_is_primary":false},"2075763":{"node_type":"metabolite","x":4270.858,"y":3946.7302,"bigg_id":"coa_c","name":"Coenzyme A","label_x":4294.858,"label_y":3946.7302,"node_is_primary":false},"2075764":{"node_type":"metabolite","x":4218.858,"y":3673.7302,"bigg_id":"nadh_c","name":"Nicotinamide adenine dinucleotide - reduced","label_x":4238.858,"label_y":3673.7302,"node_is_primary":false},"2075765":{"node_type":"metabolite","x":4270.858,"y":3725.7302,"bigg_id":"co2_c","name":"CO2","label_x":4290.858,"label_y":3725.7302,"node_is_primary":false},"2075784":{"node_type":"metabolite","x":2782.1626875,"y":3821.6374265625,"bigg_id":"o2_c","name":"O2","label_x":2753.2183515625,"label_y":3860.6784421875,"node_is_primary":false},"2075785":{"node_type":"metabolite","x":2775.5308515625,"y":4007.495825,"bigg_id":"h2o2_c","name":"Hydrogen peroxide","label_x":2697.8355390625,"label_y":3988.7448484375,"node_is_primary":false},"2076047":{"node_type":"midmarker","x":2996.16659375,"y":3900.7116453125},"2076048":{"node_type":"multimarker","x":2996.7242109375,"y":3932.1315671875},"2076049":{"node_type":"multimarker","x":2996.16659375,"y":3852.079809375},"2076112":{"node_type":"multimarker","x":3227.858,"y":4375.73},"2076113":{"node_type":"midmarker","x":3183.858,"y":4342.73},"2076114":{"node_type":"multimarker","x":3128.858,"y":4290.73},"2076245":{"node_type":"multimarker","x":3382.858,"y":3208.7302},"2076246":{"node_type":"multimarker","x":3712.858,"y":3208.7302},"2076247":{"node_type":"midmarker","x":3562.858,"y":3208.7302},"2076263":{"node_type":"multimarker","x":3692.858,"y":4478.73},"2076264":{"node_type":"midmarker","x":3752.858,"y":4458.73},"2076269":{"node_type":"multimarker","x":3113.858,"y":3452.7302},"2076270":{"node_type":"midmarker","x":3073.858,"y":3510.7302},"2076298":{"node_type":"multimarker","x":3592.858,"y":3313.7302},"2076299":{"node_type":"multimarker","x":3468.858,"y":3313.7302},"2076300":{"node_type":"midmarker","x":3572.858,"y":3313.7302},"2076343":{"node_type":"multimarker","x":4051.3374921875,"y":4255.808125},"2076344":{"node_type":"multimarker","x":3980.7652265625,"y":4316.919453125},"2076345":{"node_type":"midmarker","x":4009.858,"y":4291.73},"2076347":{"node_type":"midmarker","x":3120.3003828125,"y":3915.693090625},"2076348":{"node_type":"multimarker","x":3119.858,"y":3850.11691875},"2076349":{"node_type":"multimarker","x":3117.973234375,"y":3985.72629375},"2076377":{"node_type":"multimarker","x":4008.858,"y":3445.7302},"2076378":{"node_type":"midmarker","x":4037.858,"y":3476.7302},"2076379":{"node_type":"multimarker","x":4062.858,"y":3504.7302},"2076381":{"node_type":"multimarker","x":3496.7984296875,"y":4495.2876171875},"2076382":{"node_type":"midmarker","x":3468.62753125,"y":4488.73},"2076415":{"node_type":"midmarker","x":2961.4937421875,"y":3913.845434375},"2076416":{"node_type":"multimarker","x":2961.4937421875,"y":3853.845434375},"2076417":{"node_type":"multimarker","x":2961.4937421875,"y":3953.845434375},"2076456":{"node_type":"multimarker","x":3174.858,"y":4266.73},"2076457":{"node_type":"midmarker","x":3227.858,"y":4311.73},"2076474":{"node_type":"multimarker","x":4178.4156171875,"y":3899.0944578125},"2076475":{"node_type":"midmarker","x":4175.5308515625,"y":3842.7302},"2076476":{"node_type":"multimarker","x":4171.858,"y":3771.7302},"2076495":{"node_type":"multimarker","x":2848.3189375,"y":3951.919653125},"2076496":{"node_type":"multimarker","x":2849.664640625,"y":3877.4069578125},"2076497":{"node_type":"midmarker","x":2849.7613203125,"y":3916.8268796875}},"text_labels":{"2076603":{"x":3162.1728515625,"y":3020.518310546875,"text":"CITRIC ACID CYCLE SUBSYSTEM"}},"canvas":{"x":2670.9950099433595,"y":2935.2259325991213,"width":1736.4190734628896,"height":1676.357864994629}}]