[{"map_name":"new_map","map_id":"SHpGYs5Tjfoj","map_description":"","homepage":"https://escher.github.io","schema":"https://escher.github.io/escher/jsonschema/1-0-0#"},{"reactions":{"0":{"name":"Formyltetrahydrofolate deformylase","bigg_id":"FTHFD","reversibility":false,"label_x":364.9998779296875,"label_y":-312.0000030994415,"gene_reaction_rule":"b1232","genes":[{"notes":{"original_bigg_ids":["b1232"]},"name":"purU","bigg_id":"b1232"}],"metabolites":[{"bigg_id":"thf_c","coefficient":1},{"bigg_id":"h2o_c","coefficient":-1},{"bigg_id":"10fthf_c","coefficient":-1},{"bigg_id":"for_c","coefficient":1},{"bigg_id":"h_c","coefficient":1}],"segments":{"0":{"from_node_id":"1","to_node_id":"2","b1":null,"b2":null},"1":{"from_node_id":"3","to_node_id":"2","b1":null,"b2":null},"2":{"from_node_id":"3","to_node_id":"4","b1":{"x":560.9998779296875,"y":-269.0000030994415},"b2":{"x":699.2498779296875,"y":-182.00001454353333}},"3":{"from_node_id":"1","to_node_id":"0","b1":{"x":348.9998779296875,"y":-272.0000030994415},"b2":{"x":349.7498779296875,"y":-257.0000047683716}},"4":{"from_node_id":"1","to_node_id":"5","b1":{"x":250.99989318847656,"y":-272.0000030994415},"b2":{"x":133.74991607666016,"y":-179.00002241134644}},"5":{"from_node_id":"3","to_node_id":"6","b1":{"x":474.9998779296875,"y":-287.0000030994415},"b2":{"x":486.2498779296875,"y":-290.0000030994415}},"6":{"from_node_id":"3","to_node_id":"7","b1":{"x":486.9998779296875,"y":-263.0000030994415},"b2":{"x":492.2498779296875,"y":-257.0000047683716}}}},"1":{"name":"Methenyltetrahydrofolate cyclohydrolase","bigg_id":"MTHFC","reversibility":true,"label_x":86.99990844726562,"label_y":179.99995303153992,"gene_reaction_rule":"b0529","genes":[{"notes":{"original_bigg_ids":["b0529"]},"name":"folD","bigg_id":"b0529"}],"metabolites":[{"bigg_id":"h_c","coefficient":1},{"bigg_id":"h2o_c","coefficient":-1},{"bigg_id":"10fthf_c","coefficient":1},{"bigg_id":"methf_c","coefficient":-1}],"segments":{"7":{"from_node_id":"8","to_node_id":"9","b1":null,"b2":null},"8":{"from_node_id":"10","to_node_id":"9","b1":null,"b2":null},"9":{"from_node_id":"10","to_node_id":"11","b1":{"x":71.99990844726562,"y":103.99995303153992},"b2":{"x":53.999908447265625,"y":98.74995303153992}},"10":{"from_node_id":"8","to_node_id":"12","b1":{"x":71.99990844726562,"y":235.99995303153992},"b2":{"x":53.999908447265625,"y":241.24995303153992}},"11":{"from_node_id":"10","to_node_id":"5","b1":{"x":71.99990844726562,"y":107.99995303153992},"b2":{"x":68.99990844726562,"y":-54.2500262260437}},"12":{"from_node_id":"8","to_node_id":"13","b1":{"x":71.99990844726562,"y":231.99995303153992},"b2":{"x":71.99990844726562,"y":376.2499225139618}}}},"2":{"name":"Glycine Cleavage System","bigg_id":"GLYCL","reversibility":false,"label_x":793.9998779296875,"label_y":176.9999532699585,"gene_reaction_rule":"b2904 and b2903 and b2905 and b0116","genes":[{"notes":{"original_bigg_ids":["b2904"]},"name":"gcvH","bigg_id":"b2904"},{"notes":{"original_bigg_ids":["b2903"]},"name":"gcvP","bigg_id":"b2903"},{"notes":{"original_bigg_ids":["b2905"]},"name":"gcvT","bigg_id":"b2905"},{"notes":{"original_bigg_ids":["b0116"]},"name":"lpd","bigg_id":"b0116"}],"metabolites":[{"bigg_id":"co2_c","coefficient":1},{"bigg_id":"mlthf_c","coefficient":1},{"bigg_id":"nh4_c","coefficient":1},{"bigg_id":"thf_c","coefficient":-1},{"bigg_id":"nad_c","coefficient":-1},{"bigg_id":"nadh_c","coefficient":1},{"bigg_id":"gly_c","coefficient":-1}],"segments":{"13":{"from_node_id":"14","to_node_id":"15","b1":null,"b2":null},"14":{"from_node_id":"16","to_node_id":"15","b1":null,"b2":null},"15":{"from_node_id":"16","to_node_id":"17","b1":{"x":778.9998779296875,"y":232.9999532699585},"b2":{"x":796.9998779296875,"y":238.2499532699585}},"16":{"from_node_id":"16","to_node_id":"18","b1":{"x":778.9998779296875,"y":228.9999532699585},"b2":{"x":778.9998779296875,"y":367.24992275238037}},"17":{"from_node_id":"16","to_node_id":"19","b1":{"x":778.9998779296875,"y":232.9999532699585},"b2":{"x":760.9998779296875,"y":238.2499532699585}},"18":{"from_node_id":"14","to_node_id":"4","b1":{"x":778.9998779296875,"y":104.9999532699585},"b2":{"x":775.9998779296875,"y":-57.25002598762512}},"19":{"from_node_id":"14","to_node_id":"20","b1":{"x":778.9998779296875,"y":100.9999532699585},"b2":{"x":796.9998779296875,"y":95.7499532699585}},"20":{"from_node_id":"16","to_node_id":"21","b1":{"x":778.9998779296875,"y":232.9999532699585},"b2":{"x":742.9998779296875,"y":223.2499532699585}},"21":{"from_node_id":"14","to_node_id":"22","b1":{"x":778.9998779296875,"y":100.9999532699585},"b2":{"x":760.9998779296875,"y":95.7499532699585}}}},"3":{"name":"Methylenetetrahydrofolate dehydrogenase (NADP)","bigg_id":"MTHFD","reversibility":true,"label_x":385.9999084472656,"label_y":409.99989199638367,"gene_reaction_rule":"b0529","genes":[{"notes":{"original_bigg_ids":["b0529"]},"name":"folD","bigg_id":"b0529"}],"metabolites":[{"bigg_id":"nadp_c","coefficient":-1},{"bigg_id":"nadph_c","coefficient":1},{"bigg_id":"methf_c","coefficient":1},{"bigg_id":"mlthf_c","coefficient":-1}],"segments":{"22":{"from_node_id":"23","to_node_id":"24","b1":null,"b2":null},"23":{"from_node_id":"25","to_node_id":"24","b1":null,"b2":null},"24":{"from_node_id":"23","to_node_id":"26","b1":{"x":510.9999084472656,"y":431.99989199638367},"b2":{"x":516.2499084472656,"y":449.99989199638367}},"25":{"from_node_id":"25","to_node_id":"27","b1":{"x":378.9999084472656,"y":431.99989199638367},"b2":{"x":373.7499084472656,"y":449.99989199638367}},"26":{"from_node_id":"25","to_node_id":"13","b1":{"x":382.9999084472656,"y":431.99989199638367},"b2":{"x":130.74990844726562,"y":434.9999225139618}},"27":{"from_node_id":"23","to_node_id":"18","b1":{"x":506.9999084472656,"y":431.99989199638367},"b2":{"x":708.2499084472656,"y":431.9999225139618}}}},"4":{"name":"5,10-methylenetetrahydrofolate reductase (NADH)","bigg_id":"MTHFR2","reversibility":false,"label_x":990.999755859375,"label_y":400.99992275238037,"gene_reaction_rule":"b3941","genes":[{"notes":{"original_bigg_ids":["b3941"]},"name":"metF","bigg_id":"b3941"}],"metabolites":[{"bigg_id":"mlthf_c","coefficient":-1},{"bigg_id":"nadh_c","coefficient":-1},{"bigg_id":"5mthf_c","coefficient":1},{"bigg_id":"nad_c","coefficient":1},{"bigg_id":"h_c","coefficient":-2}],"segments":{"28":{"from_node_id":"29","to_node_id":"30","b1":null,"b2":null},"29":{"from_node_id":"31","to_node_id":"30","b1":null,"b2":null},"30":{"from_node_id":"29","to_node_id":"18","b1":{"x":981.999755859375,"y":425.99992275238037},"b2":{"x":837.7498779296875,"y":425.99992275238037}},"31":{"from_node_id":"29","to_node_id":"32","b1":{"x":977.999755859375,"y":425.99992275238037},"b2":{"x":972.749755859375,"y":407.99992275238037}},"32":{"from_node_id":"31","to_node_id":"33","b1":{"x":1105.999755859375,"y":425.99992275238037},"b2":{"x":1232.249755859375,"y":422.99992275238037}},"33":{"from_node_id":"31","to_node_id":"34","b1":{"x":1109.999755859375,"y":425.99992275238037},"b2":{"x":1115.249755859375,"y":443.99992275238037}},"34":{"from_node_id":"29","to_node_id":"35","b1":{"x":977.999755859375,"y":425.99992275238037},"b2":{"x":972.749755859375,"y":443.99992275238037}}}},"5":{"name":"Tetrahydrofolate aminomethyltransferase","bigg_id":"THFAT","reversibility":false,"label_x":-336.00010681152344,"label_y":298.9999454021454,"gene_reaction_rule":"b2551","genes":[{"notes":{"original_bigg_ids":["b2551"]},"name":"glyA","bigg_id":"b2551"}],"metabolites":[{"bigg_id":"5fthf_c","coefficient":1},{"bigg_id":"h2o_c","coefficient":-1},{"bigg_id":"methf_c","coefficient":-1},{"bigg_id":"h_c","coefficient":1}],"segments":{"35":{"from_node_id":"36","to_node_id":"37","b1":null,"b2":null},"36":{"from_node_id":"38","to_node_id":"37","b1":null,"b2":null},"37":{"from_node_id":"38","to_node_id":"45","b1":{"x":-414.00010681152344,"y":335.99994540214544},"b2":{"x":-543.2500915527344,"y":398.99992251396185}},"38":{"from_node_id":"36","to_node_id":"40","b1":{"x":-220.00010681152344,"y":338.9999454021454},"b2":{"x":-214.75010681152344,"y":320.9999454021454}},"39":{"from_node_id":"36","to_node_id":"13","b1":{"x":-173.0001220703125,"y":341.9999454021454},"b2":{"x":10.249908447265625,"y":410.9999225139618}},"40":{"from_node_id":"38","to_node_id":"41","b1":{"x":-355.00010681152344,"y":335.99994540214544},"b2":{"x":-357.25010681152344,"y":320.9999454021454}}}},"6":{"name":"Aminomethyltransferase","bigg_id":"FOMETRi","reversibility":false,"label_x":-348.0000915527344,"label_y":631.9998309612274,"gene_reaction_rule":"b2912","genes":[{"notes":{"original_bigg_ids":["b2912"]},"name":"fau","bigg_id":"b2912"}],"metabolites":[{"bigg_id":"5fthf_c","coefficient":-1},{"bigg_id":"h2o_c","coefficient":1},{"bigg_id":"methf_c","coefficient":1},{"bigg_id":"h_c","coefficient":-1}],"segments":{"41":{"from_node_id":"42","to_node_id":"43","b1":null,"b2":null},"42":{"from_node_id":"44","to_node_id":"43","b1":null,"b2":null},"43":{"from_node_id":"42","to_node_id":"45","b1":{"x":-369.0000915527344,"y":578.9998614788055},"b2":{"x":-531.2500915527344,"y":530.9999530315399}},"44":{"from_node_id":"44","to_node_id":"46","b1":{"x":-211.00009155273438,"y":566.9998614788055},"b2":{"x":-205.75009155273438,"y":548.9998614788055}},"45":{"from_node_id":"44","to_node_id":"13","b1":{"x":-140.00010681152344,"y":587.9998614788055},"b2":{"x":25.24990749359131,"y":470.9999225139618}},"46":{"from_node_id":"42","to_node_id":"47","b1":{"x":-349.0000915527344,"y":560.9998614788055},"b2":{"x":-348.2500915527344,"y":548.9998614788055}}}},"8":{"name":"Formate-tetrahydrofolate ligase","bigg_id":"FTHFLi","reversibility":false,"label_x":376.9998779296875,"label_y":-48.00002598762512,"gene_reaction_rule":"","genes":[],"metabolites":[{"bigg_id":"adp_c","coefficient":1},{"bigg_id":"atp_c","coefficient":-1},{"bigg_id":"thf_c","coefficient":-1},{"bigg_id":"for_c","coefficient":-1},{"bigg_id":"pi_c","coefficient":1},{"bigg_id":"10fthf_c","coefficient":1}],"segments":{"55":{"from_node_id":"56","to_node_id":"57","b1":null,"b2":null},"56":{"from_node_id":"58","to_node_id":"57","b1":null,"b2":null},"57":{"from_node_id":"58","to_node_id":"59","b1":{"x":360.9998779296875,"y":-8.000025987625122},"b2":{"x":355.7498779296875,"y":9.999974012374878}},"58":{"from_node_id":"56","to_node_id":"60","b1":{"x":492.9998779296875,"y":-8.000025987625122},"b2":{"x":498.2498779296875,"y":9.999974012374878}},"59":{"from_node_id":"56","to_node_id":"4","b1":{"x":530.9998779296875,"y":6.999972581863403},"b2":{"x":687.2498779296875,"y":-47.00002980232237}},"60":{"from_node_id":"56","to_node_id":"61","b1":{"x":495.9998779296875,"y":-14.000025033950806},"b2":{"x":498.2498779296875,"y":-26.000025987625122}},"61":{"from_node_id":"58","to_node_id":"62","b1":{"x":360.9998779296875,"y":-8.000025987625122},"b2":{"x":355.7498779296875,"y":-26.000025987625122}},"62":{"from_node_id":"58","to_node_id":"5","b1":{"x":313.9998779296875,"y":-2.0000269412994385},"b2":{"x":139.74990844726562,"y":-77.00002598762508}}}},"9":{"name":"Glycolaldehyde dehydrogenase","bigg_id":"GCALDD","reversibility":false,"label_x":1245.4488525390625,"label_y":-119.422607421875,"gene_reaction_rule":"b1415","genes":[{"notes":{"original_bigg_ids":["b1415"]},"name":"aldA","bigg_id":"b1415"}],"metabolites":[{"bigg_id":"h2o_c","coefficient":-1},{"bigg_id":"glyclt_c","coefficient":1},{"bigg_id":"h_c","coefficient":2},{"bigg_id":"nad_c","coefficient":-1},{"bigg_id":"nadh_c","coefficient":1},{"bigg_id":"gcald_c","coefficient":-1}],"segments":{"63":{"from_node_id":"65","to_node_id":"66","b1":null,"b2":null},"64":{"from_node_id":"67","to_node_id":"66","b1":null,"b2":null},"65":{"from_node_id":"65","to_node_id":"64","b1":{"x":1230.4488525390625,"y":-191.422607421875},"b2":{"x":1230.4488525390625,"y":-245.672607421875}},"66":{"from_node_id":"67","to_node_id":"68","b1":{"x":1230.4488525390625,"y":-67.422607421875},"b2":{"x":1230.4488525390625,"y":-13.172607421875}},"67":{"from_node_id":"67","to_node_id":"69","b1":{"x":1230.4488525390625,"y":-63.422607421875},"b2":{"x":1248.4488525390625,"y":-58.172607421875}},"68":{"from_node_id":"65","to_node_id":"70","b1":{"x":1230.4488525390625,"y":-195.422607421875},"b2":{"x":1248.4488525390625,"y":-200.672607421875}},"69":{"from_node_id":"67","to_node_id":"71","b1":{"x":1230.4488525390625,"y":-63.422607421875},"b2":{"x":1212.4488525390625,"y":-58.172607421875}},"70":{"from_node_id":"65","to_node_id":"72","b1":{"x":1230.4488525390625,"y":-195.422607421875},"b2":{"x":1212.4488525390625,"y":-200.672607421875}}}}},"nodes":{"0":{"node_type":"metabolite","x":315.9998779296875,"y":-195.00000476837158,"bigg_id":"h2o_c","name":"H2O","label_x":272.7998779296875,"label_y":-155.00000476837158,"node_is_primary":false},"1":{"node_type":"multimarker","x":394.9998779296875,"y":-272.0000030994415},"2":{"node_type":"midmarker","x":414.9998779296875,"y":-272.0000030994415},"3":{"node_type":"multimarker","x":434.9998779296875,"y":-272.0000030994415},"4":{"node_type":"metabolite","x":775.9998779296875,"y":-116.00002598762512,"bigg_id":"thf_c","name":"5,6,7,8-Tetrahydrofolate","label_x":814.9998168945312,"label_y":-106.00002312660217,"node_is_primary":true},"5":{"node_type":"metabolite","x":68.99990844726562,"y":-113.0000262260437,"bigg_id":"10fthf_c","name":"10-Formyltetrahydrofolate","label_x":-42.000086307525635,"label_y":-106.00002336502075,"node_is_primary":true},"6":{"node_type":"metabolite","x":519.9998779296875,"y":-352.0000030994415,"bigg_id":"for_c","name":"Formate","label_x":492.9998779296875,"label_y":-372.0000030994415,"node_is_primary":false},"7":{"node_type":"metabolite","x":525.9998779296875,"y":-195.00000476837158,"bigg_id":"h_c","name":"H+","label_x":509.79987792968745,"label_y":-155.00000476837158,"node_is_primary":false},"8":{"node_type":"multimarker","x":71.99990844726562,"y":189.99995303153992},"9":{"node_type":"midmarker","x":71.99990844726562,"y":169.99995303153992},"10":{"node_type":"multimarker","x":71.99990844726562,"y":149.99995303153992},"11":{"node_type":"metabolite","x":-8.000091552734375,"y":64.99995303153992,"bigg_id":"h_c","name":"H+","label_x":-35.000091552734375,"label_y":94.99995303153992,"node_is_primary":false},"12":{"node_type":"metabolite","x":-8.000091552734375,"y":274.9999530315399,"bigg_id":"h2o_c","name":"H2O","label_x":-53.000091552734375,"label_y":304.9999530315399,"node_is_primary":false},"13":{"node_type":"metabolite","x":71.99990844726562,"y":434.9999225139618,"bigg_id":"methf_c","name":"5,10-Methenyltetrahydrofolate","label_x":60.999908447265625,"label_y":485.9999225139618,"node_is_primary":true},"14":{"node_type":"multimarker","x":778.9998779296875,"y":146.9999532699585},"15":{"node_type":"midmarker","x":778.9998779296875,"y":166.9999532699585},"16":{"node_type":"multimarker","x":778.9998779296875,"y":186.9999532699585},"17":{"node_type":"metabolite","x":858.9998779296875,"y":271.9999532699585,"bigg_id":"co2_c","name":"CO2","label_x":873.9998779296875,"label_y":271.9999532699585,"node_is_primary":false},"18":{"node_type":"metabolite","x":778.9998779296875,"y":425.99992275238037,"bigg_id":"mlthf_c","name":"5,10-Methylenetetrahydrofolate","label_x":740.9999389648438,"label_y":479.99992275238037,"node_is_primary":true},"19":{"node_type":"metabolite","x":698.9998779296875,"y":271.9999532699585,"bigg_id":"nh4_c","name":"Ammonium","label_x":653.9998779296875,"label_y":301.9999532699585,"node_is_primary":false},"20":{"node_type":"metabolite","x":858.9998779296875,"y":61.999953269958496,"bigg_id":"nad_c","name":"Nicotinamide adenine dinucleotide","label_x":873.9998779296875,"label_y":61.999953269958496,"node_is_primary":false},"21":{"node_type":"metabolite","x":618.9998779296875,"y":251.9999532699585,"bigg_id":"nadh_c","name":"Nicotinamide adenine dinucleotide - reduced","label_x":564.9998779296875,"label_y":281.9999532699585,"node_is_primary":false},"22":{"node_type":"metabolite","x":698.9998779296875,"y":61.999953269958496,"bigg_id":"gly_c","name":"Glycine","label_x":653.9998779296875,"label_y":91.9999532699585,"node_is_primary":false},"23":{"node_type":"multimarker","x":464.9999084472656,"y":431.99989199638367},"24":{"node_type":"midmarker","x":444.9999084472656,"y":431.99989199638367},"25":{"node_type":"multimarker","x":424.9999084472656,"y":431.99989199638367},"26":{"node_type":"metabolite","x":549.9999084472656,"y":511.99989199638367,"bigg_id":"nadp_c","name":"Nicotinamide adenine dinucleotide phosphate","label_x":517.5999084472656,"label_y":551.9998919963837,"node_is_primary":false},"27":{"node_type":"metabolite","x":339.9999084472656,"y":511.99989199638367,"bigg_id":"nadph_c","name":"Nicotinamide adenine dinucleotide phosphate - reduced","label_x":302.1999084472656,"label_y":551.9998919963837,"node_is_primary":false},"29":{"node_type":"multimarker","x":1023.999755859375,"y":425.99992275238037},"30":{"node_type":"midmarker","x":1043.999755859375,"y":425.99992275238037},"31":{"node_type":"multimarker","x":1063.999755859375,"y":425.99992275238037},"32":{"node_type":"metabolite","x":938.999755859375,"y":345.99992275238037,"bigg_id":"nadh_c","name":"Nicotinamide adenine dinucleotide - reduced","label_x":906.599755859375,"label_y":325.99992275238037,"node_is_primary":false},"33":{"node_type":"metabolite","x":1290.999755859375,"y":422.99992275238037,"bigg_id":"5mthf_c","name":"5-Methyltetrahydrofolate","label_x":1325.199755859375,"label_y":429.99992275238037,"node_is_primary":true},"34":{"node_type":"metabolite","x":1148.999755859375,"y":505.99992275238037,"bigg_id":"nad_c","name":"Nicotinamide adenine dinucleotide","label_x":1121.999755859375,"label_y":545.9999227523804,"node_is_primary":false},"35":{"node_type":"metabolite","x":938.999755859375,"y":505.99992275238037,"bigg_id":"h_c","name":"H+","label_x":922.799755859375,"label_y":545.9999227523804,"node_is_primary":false},"36":{"node_type":"multimarker","x":-266.00010681152344,"y":338.9999454021454},"37":{"node_type":"midmarker","x":-286.00010681152344,"y":338.9999454021454},"38":{"node_type":"multimarker","x":-306.00010681152344,"y":338.9999454021454},"40":{"node_type":"metabolite","x":-181.00010681152344,"y":258.9999454021454,"bigg_id":"h2o_c","name":"H2O","label_x":-208.00010681152344,"label_y":238.99994540214539,"node_is_primary":false},"41":{"node_type":"metabolite","x":-391.00010681152344,"y":258.9999454021454,"bigg_id":"h_c","name":"H+","label_x":-407.2001068115235,"label_y":238.99994540214539,"node_is_primary":false},"42":{"node_type":"multimarker","x":-297.0000915527344,"y":566.9998614788055},"43":{"node_type":"midmarker","x":-277.0000915527344,"y":566.9998614788055},"44":{"node_type":"multimarker","x":-257.0000915527344,"y":566.9998614788055},"45":{"node_type":"metabolite","x":-593.0000915527344,"y":449.9999225139618,"bigg_id":"5fthf_c","name":"5-Formyltetrahydrofolate","label_x":-690.8000915527343,"label_y":459.9999225139618,"node_is_primary":true},"46":{"node_type":"metabolite","x":-172.00009155273438,"y":486.99986147880554,"bigg_id":"h2o_c","name":"H2O","label_x":-199.00009155273438,"label_y":466.99986147880554,"node_is_primary":false},"47":{"node_type":"metabolite","x":-382.0000915527344,"y":486.99986147880554,"bigg_id":"h_c","name":"H+","label_x":-398.20009155273436,"label_y":466.99986147880554,"node_is_primary":false},"56":{"node_type":"multimarker","x":446.9998779296875,"y":-8.000025987625122},"57":{"node_type":"midmarker","x":426.9998779296875,"y":-8.000025987625122},"58":{"node_type":"multimarker","x":406.9998779296875,"y":-8.000025987625122},"59":{"node_type":"metabolite","x":321.9998779296875,"y":71.99997401237488,"bigg_id":"adp_c","name":"ADP","label_x":294.9998779296875,"label_y":111.99997401237488,"node_is_primary":false},"60":{"node_type":"metabolite","x":531.9998779296875,"y":71.99997401237488,"bigg_id":"atp_c","name":"ATP","label_x":504.9998779296875,"label_y":111.99997401237488,"node_is_primary":false},"61":{"node_type":"metabolite","x":531.9998779296875,"y":-88.00002598762512,"bigg_id":"for_c","name":"Formate","label_x":504.9998779296875,"label_y":-108.00002598762512,"node_is_primary":false},"62":{"node_type":"metabolite","x":321.9998779296875,"y":-88.00002598762512,"bigg_id":"pi_c","name":"Phosphate","label_x":300.3998779296876,"label_y":-108.00002598762512,"node_is_primary":false},"64":{"node_type":"metabolite","x":1230.4488525390625,"y":-304.422607421875,"bigg_id":"h2o_c","name":"H2O","label_x":1255.4488525390625,"label_y":-304.422607421875,"node_is_primary":true},"65":{"node_type":"multimarker","x":1230.4488525390625,"y":-149.422607421875},"66":{"node_type":"midmarker","x":1230.4488525390625,"y":-129.422607421875},"67":{"node_type":"multimarker","x":1230.4488525390625,"y":-109.422607421875},"68":{"node_type":"metabolite","x":1230.4488525390625,"y":45.577392578125,"bigg_id":"glyclt_c","name":"Glycolate","label_x":1255.4488525390625,"label_y":45.577392578125,"node_is_primary":true},"69":{"node_type":"metabolite","x":1310.4488525390625,"y":-24.422607421875,"bigg_id":"h_c","name":"H+","label_x":1325.4488525390625,"label_y":-24.422607421875,"node_is_primary":false},"70":{"node_type":"metabolite","x":1310.4488525390625,"y":-234.422607421875,"bigg_id":"nad_c","name":"Nicotinamide adenine dinucleotide","label_x":1325.4488525390625,"label_y":-234.422607421875,"node_is_primary":false},"71":{"node_type":"metabolite","x":1150.4488525390625,"y":-24.422607421875,"bigg_id":"nadh_c","name":"Nicotinamide adenine dinucleotide - reduced","label_x":1096.4488525390625,"label_y":5.577392578125,"node_is_primary":false},"72":{"node_type":"metabolite","x":1150.4488525390625,"y":-234.422607421875,"bigg_id":"gcald_c","name":"Glycolaldehyde","label_x":1087.4488525390625,"label_y":-204.422607421875,"node_is_primary":false}},"text_labels":{"0":{"x":-5.169822692871094,"y":-434.06689453125,"text":"FOLATE METABOLISM SUBSYSTEM"}},"canvas":{"x":-711.4415283203125,"y":-547.1697387695312,"width":2140.1343994140625,"height":1219.0316162109375}}]