[{"map_name":"new_map","map_id":"FdahRjLUtPFm","map_description":"\nLast Modified Wed Dec 27 2017 06:50:19 GMT-0700 (Mountain Standard Time)","homepage":"https://escher.github.io","schema":"https://escher.github.io/escher/jsonschema/1-0-0#"},{"reactions":{"2":{"name":"Murein lytic transglycosylase (murein4p4p) (periplasm)","bigg_id":"MLTGY1pp","reversibility":false,"label_x":-1664.999755859375,"label_y":-439,"gene_reaction_rule":"b2558 or b2963 or b4392 or b2813 or b2701 or b1193","genes":[{"notes":{"original_bigg_ids":["b2558"]},"name":"mltF","bigg_id":"b2558"},{"notes":{"original_bigg_ids":["b2963"]},"name":"mltC","bigg_id":"b2963"},{"notes":{"original_bigg_ids":["b4392"]},"name":"slt","bigg_id":"b4392"},{"notes":{"original_bigg_ids":["b2813"]},"name":"mltA","bigg_id":"b2813"},{"notes":{"original_bigg_ids":["b2701"]},"name":"mltB","bigg_id":"b2701"},{"notes":{"original_bigg_ids":["b1193"]},"name":"emtA","bigg_id":"b1193"}],"metabolites":[{"bigg_id":"murein4p4p_p","coefficient":-1},{"bigg_id":"anhgm4p_p","coefficient":2}],"segments":{"8":{"from_node_id":"11","to_node_id":"12","b1":null,"b2":null},"9":{"from_node_id":"13","to_node_id":"12","b1":null,"b2":null},"10":{"from_node_id":"11","to_node_id":"10","b1":{"x":-1676.999755859375,"y":-399},"b2":{"x":-1731.249755859375,"y":-399}},"11":{"from_node_id":"13","to_node_id":"14","b1":{"x":-1552.999755859375,"y":-399},"b2":{"x":-1498.749755859375,"y":-399}}}},"4":{"name":"Murein lytic transglycosylase (murein4p3p) (periplasm)","bigg_id":"MLTGY2pp","reversibility":false,"label_x":-1684.999755859375,"label_y":-13,"gene_reaction_rule":"b1193 or b2558 or b2963 or b4392 or b2813 or b2701","genes":[{"notes":{"original_bigg_ids":["b1193"]},"name":"emtA","bigg_id":"b1193"},{"notes":{"original_bigg_ids":["b2558"]},"name":"mltF","bigg_id":"b2558"},{"notes":{"original_bigg_ids":["b2963"]},"name":"mltC","bigg_id":"b2963"},{"notes":{"original_bigg_ids":["b4392"]},"name":"slt","bigg_id":"b4392"},{"notes":{"original_bigg_ids":["b2813"]},"name":"mltA","bigg_id":"b2813"},{"notes":{"original_bigg_ids":["b2701"]},"name":"mltB","bigg_id":"b2701"}],"metabolites":[{"bigg_id":"murein4p3p_p","coefficient":-1},{"bigg_id":"anhgm3p_p","coefficient":1},{"bigg_id":"anhgm4p_p","coefficient":1}],"segments":{"16":{"from_node_id":"21","to_node_id":"22","b1":null,"b2":null},"17":{"from_node_id":"23","to_node_id":"22","b1":null,"b2":null},"18":{"from_node_id":"21","to_node_id":"20","b1":{"x":-1696.999755859375,"y":27},"b2":{"x":-1745.249755859375,"y":27}},"19":{"from_node_id":"23","to_node_id":"92","b1":{"x":-1568.999755859375,"y":27},"b2":{"x":-305.99497985839844,"y":115.2151870727539}},"20":{"from_node_id":"23","to_node_id":"14","b1":{"x":-1402.999755859375,"y":49},"b2":{"x":-1458.749755859375,"y":-219}}}},"5":{"name":"Murein lytic transglycosylase (murein3p3p) (periplasm)","bigg_id":"MLTGY3pp","reversibility":false,"label_x":-1685.5537109375,"label_y":300.1741943359375,"gene_reaction_rule":"b1193 or b2963 or b2558 or b4392 or b2813 or b2701","genes":[{"notes":{"original_bigg_ids":["b1193"]},"name":"emtA","bigg_id":"b1193"},{"notes":{"original_bigg_ids":["b2963"]},"name":"mltC","bigg_id":"b2963"},{"notes":{"original_bigg_ids":["b2558"]},"name":"mltF","bigg_id":"b2558"},{"notes":{"original_bigg_ids":["b4392"]},"name":"slt","bigg_id":"b4392"},{"notes":{"original_bigg_ids":["b2813"]},"name":"mltA","bigg_id":"b2813"},{"notes":{"original_bigg_ids":["b2701"]},"name":"mltB","bigg_id":"b2701"}],"metabolites":[{"bigg_id":"murein3p3p_p","coefficient":-1},{"bigg_id":"anhgm3p_p","coefficient":2}],"segments":{"21":{"from_node_id":"27","to_node_id":"28","b1":null,"b2":null},"22":{"from_node_id":"29","to_node_id":"28","b1":null,"b2":null},"23":{"from_node_id":"27","to_node_id":"26","b1":{"x":-1697.5537109375,"y":340.1741943359375},"b2":{"x":-1751.8037109375,"y":340.1741943359375}},"24":{"from_node_id":"29","to_node_id":"92","b1":{"x":-1573.5537109375,"y":340.1741943359375},"b2":{"x":-204.84152221679688,"y":473.25006103515625}}}},"6":{"name":"Murein lytic transglycosylase (murein4px4p4p) (periplasm)","bigg_id":"MLTGY4pp","reversibility":false,"label_x":-1656.78466796875,"label_y":-844.5250244140625,"gene_reaction_rule":"b2701 or b1193 or b2963 or b2558 or b4392 or b2813","genes":[{"notes":{"original_bigg_ids":["b2701"]},"name":"mltB","bigg_id":"b2701"},{"notes":{"original_bigg_ids":["b1193"]},"name":"emtA","bigg_id":"b1193"},{"notes":{"original_bigg_ids":["b2963"]},"name":"mltC","bigg_id":"b2963"},{"notes":{"original_bigg_ids":["b2558"]},"name":"mltF","bigg_id":"b2558"},{"notes":{"original_bigg_ids":["b4392"]},"name":"slt","bigg_id":"b4392"},{"notes":{"original_bigg_ids":["b2813"]},"name":"mltA","bigg_id":"b2813"}],"metabolites":[{"bigg_id":"murein4px4p_p","coefficient":1},{"bigg_id":"murein4px4p4p_p","coefficient":-1},{"bigg_id":"anhgm4p_p","coefficient":1}],"segments":{"25":{"from_node_id":"32","to_node_id":"33","b1":null,"b2":null},"26":{"from_node_id":"34","to_node_id":"33","b1":null,"b2":null},"27":{"from_node_id":"34","to_node_id":"40","b1":{"x":-1319.925537109375,"y":-658.8035278320312},"b2":{"x":-2191.28125,"y":-731.8795166015625}},"28":{"from_node_id":"32","to_node_id":"31","b1":{"x":-1668.78466796875,"y":-804.5250244140625},"b2":{"x":-1723.03466796875,"y":-804.5250244140625}},"29":{"from_node_id":"34","to_node_id":"14","b1":{"x":-1446.78466796875,"y":-812.5250244140625},"b2":{"x":-1441.9173583984375,"y":-663.7876586914062}}}},"7":{"name":"Murein D,D-endopeptidase (murein4px4p) (periplasm)","bigg_id":"MDDEP1pp","reversibility":false,"label_x":-2014.999755859375,"label_y":-439,"gene_reaction_rule":"b3182 or b2328 or b2134","genes":[{"notes":{"original_bigg_ids":["b3182"]},"name":"dacB","bigg_id":"b3182"},{"notes":{"original_bigg_ids":["b2328"]},"name":"mepA","bigg_id":"b2328"},{"notes":{"original_bigg_ids":["b2134"]},"name":"pbpG","bigg_id":"b2134"}],"metabolites":[{"bigg_id":"murein4px4p_p","coefficient":-1},{"bigg_id":"h2o_p","coefficient":-1},{"bigg_id":"murein4p4p_p","coefficient":1}],"segments":{"30":{"from_node_id":"37","to_node_id":"38","b1":null,"b2":null},"31":{"from_node_id":"39","to_node_id":"38","b1":null,"b2":null},"32":{"from_node_id":"37","to_node_id":"40","b1":{"x":-2026.999755859375,"y":-398.99999999999994},"b2":{"x":-2081.249755859375,"y":-398.99999999999994}},"33":{"from_node_id":"37","to_node_id":"41","b1":{"x":-2030.999755859375,"y":-398.99999999999994},"b2":{"x":-2036.249755859375,"y":-417}},"34":{"from_node_id":"39","to_node_id":"10","b1":{"x":-1902.999755859375,"y":-399},"b2":{"x":-1848.749755859375,"y":-399}}}},"8":{"name":"Murein D,D-endopeptidase (murein3px4p) (periplasm)","bigg_id":"MDDEP2pp","reversibility":false,"label_x":-2028.999755859375,"label_y":-12.999999999999979,"gene_reaction_rule":"b3182 or b2328 or b2134","genes":[{"notes":{"original_bigg_ids":["b3182"]},"name":"dacB","bigg_id":"b3182"},{"notes":{"original_bigg_ids":["b2328"]},"name":"mepA","bigg_id":"b2328"},{"notes":{"original_bigg_ids":["b2134"]},"name":"pbpG","bigg_id":"b2134"}],"metabolites":[{"bigg_id":"h2o_p","coefficient":-1},{"bigg_id":"murein3px4p_p","coefficient":-1},{"bigg_id":"murein4p3p_p","coefficient":1}],"segments":{"35":{"from_node_id":"42","to_node_id":"43","b1":null,"b2":null},"36":{"from_node_id":"44","to_node_id":"43","b1":null,"b2":null},"37":{"from_node_id":"42","to_node_id":"45","b1":{"x":-2044.999755859375,"y":27.00000000000003},"b2":{"x":-2050.249755859375,"y":9.000000000000028}},"38":{"from_node_id":"42","to_node_id":"46","b1":{"x":-2040.999755859375,"y":27.00000000000003},"b2":{"x":-2095.249755859375,"y":27.000000000000036}},"39":{"from_node_id":"44","to_node_id":"20","b1":{"x":-1916.999755859375,"y":27.000000000000014},"b2":{"x":-1862.749755859375,"y":27.000000000000007}}}},"9":{"name":"Murein L,D-endopeptidase (murein3px3p) (periplasm)","bigg_id":"MLDEP1pp","reversibility":false,"label_x":-2035.5537109375,"label_y":300.1741943359375,"gene_reaction_rule":"","genes":[],"metabolites":[{"bigg_id":"h2o_p","coefficient":-1},{"bigg_id":"murein3px3p_p","coefficient":-1},{"bigg_id":"murein3p3p_p","coefficient":1}],"segments":{"40":{"from_node_id":"47","to_node_id":"48","b1":null,"b2":null},"41":{"from_node_id":"49","to_node_id":"48","b1":null,"b2":null},"42":{"from_node_id":"47","to_node_id":"50","b1":{"x":-2051.5537109375,"y":340.1741943359375},"b2":{"x":-2056.8037109375,"y":322.1741943359375}},"43":{"from_node_id":"47","to_node_id":"51","b1":{"x":-2047.5537109375,"y":340.1741943359375},"b2":{"x":-2101.8037109375,"y":340.1741943359375}},"44":{"from_node_id":"49","to_node_id":"26","b1":{"x":-1923.5537109375,"y":340.1741943359375},"b2":{"x":-1869.3037109375,"y":340.1741943359375}}}},"10":{"name":"Murein D,D-endopeptidase (murein4px4px4p) (periplasm)","bigg_id":"MDDEP4pp","reversibility":false,"label_x":-2006.78466796875,"label_y":-844.5250244140625,"gene_reaction_rule":"b3182 or b2328 or b2134","genes":[{"notes":{"original_bigg_ids":["b3182"]},"name":"dacB","bigg_id":"b3182"},{"notes":{"original_bigg_ids":["b2328"]},"name":"mepA","bigg_id":"b2328"},{"notes":{"original_bigg_ids":["b2134"]},"name":"pbpG","bigg_id":"b2134"}],"metabolites":[{"bigg_id":"h2o_p","coefficient":-1},{"bigg_id":"murein4px4p4p_p","coefficient":1},{"bigg_id":"murein4px4px4p_p","coefficient":-1}],"segments":{"45":{"from_node_id":"52","to_node_id":"53","b1":null,"b2":null},"46":{"from_node_id":"54","to_node_id":"53","b1":null,"b2":null},"47":{"from_node_id":"52","to_node_id":"55","b1":{"x":-2022.78466796875,"y":-804.5250244140625},"b2":{"x":-2028.03466796875,"y":-822.5250244140625}},"48":{"from_node_id":"54","to_node_id":"31","b1":{"x":-1894.78466796875,"y":-804.5250244140625},"b2":{"x":-1840.53466796875,"y":-804.5250244140625}},"49":{"from_node_id":"52","to_node_id":"56","b1":{"x":-2018.78466796875,"y":-804.5250244140625},"b2":{"x":-2073.03466796875,"y":-804.5250244140625}}}},"11":{"name":"Murein D,D-endopeptidase (murein5px4p) (periplasm)","bigg_id":"MDDEP3pp","reversibility":false,"label_x":-2031.0001220703125,"label_y":906.0640258789062,"gene_reaction_rule":"b3182 or b2328 or b2134","genes":[{"notes":{"original_bigg_ids":["b3182"]},"name":"dacB","bigg_id":"b3182"},{"notes":{"original_bigg_ids":["b2328"]},"name":"mepA","bigg_id":"b2328"},{"notes":{"original_bigg_ids":["b2134"]},"name":"pbpG","bigg_id":"b2134"}],"metabolites":[{"bigg_id":"h2o_p","coefficient":-1},{"bigg_id":"murein5p4p_p","coefficient":1},{"bigg_id":"murein5px4p_p","coefficient":-1}],"segments":{"50":{"from_node_id":"58","to_node_id":"59","b1":null,"b2":null},"51":{"from_node_id":"60","to_node_id":"59","b1":null,"b2":null},"52":{"from_node_id":"58","to_node_id":"57","b1":{"x":-2047.0001220703125,"y":946.0640258789062},"b2":{"x":-2064.2501220703125,"y":908.0640258789062}},"53":{"from_node_id":"60","to_node_id":"61","b1":{"x":-1919.0001220703125,"y":946.0640258789062},"b2":{"x":-1864.7501220703125,"y":946.0640258789062}},"54":{"from_node_id":"58","to_node_id":"62","b1":{"x":-2043.0001220703125,"y":946.0640258789062},"b2":{"x":-2097.2501220703125,"y":946.0640258789062}}}},"12":{"name":"Murein L,D-endopeptidase (murein5px3p) (periplasm)","bigg_id":"MLDEP2pp","reversibility":false,"label_x":-2039.31640625,"label_y":600.5256958007812,"gene_reaction_rule":"","genes":[],"metabolites":[{"bigg_id":"h2o_p","coefficient":-1},{"bigg_id":"murein5px3p_p","coefficient":-1},{"bigg_id":"murein5p3p_p","coefficient":1}],"segments":{"55":{"from_node_id":"64","to_node_id":"65","b1":null,"b2":null},"56":{"from_node_id":"66","to_node_id":"65","b1":null,"b2":null},"57":{"from_node_id":"64","to_node_id":"63","b1":{"x":-2055.31640625,"y":640.5256958007812},"b2":{"x":-2070.56640625,"y":614.5256958007812}},"58":{"from_node_id":"64","to_node_id":"67","b1":{"x":-2051.31640625,"y":640.5256958007812},"b2":{"x":-2105.56640625,"y":640.5256958007812}},"59":{"from_node_id":"66","to_node_id":"68","b1":{"x":-1927.31640625,"y":640.5256958007812},"b2":{"x":-1873.06640625,"y":640.5256958007812}}}},"13":{"name":"N-Acetyl-D-glucosamine(anhydrous)N-Acetylmuramyl-tetrapeptide amidase (periplasm)","bigg_id":"AGM4PApp","reversibility":false,"label_x":-1188.999755859375,"label_y":-649,"gene_reaction_rule":"b2435 or b2817 or b4169","genes":[{"notes":{"original_bigg_ids":["b2435"]},"name":"amiA","bigg_id":"b2435"},{"notes":{"original_bigg_ids":["b2817"]},"name":"amiC","bigg_id":"b2817"},{"notes":{"original_bigg_ids":["b4169"]},"name":"amiB","bigg_id":"b4169"}],"metabolites":[{"bigg_id":"h2o_p","coefficient":-1},{"bigg_id":"anhgm4p_p","coefficient":-1},{"bigg_id":"anhgm_p","coefficient":1},{"bigg_id":"LalaDgluMdapDala_p","coefficient":1}],"segments":{"60":{"from_node_id":"69","to_node_id":"70","b1":null,"b2":null},"61":{"from_node_id":"71","to_node_id":"70","b1":null,"b2":null},"62":{"from_node_id":"69","to_node_id":"72","b1":{"x":-1182.999755859375,"y":-625},"b2":{"x":-1188.249755859375,"y":-607}},"63":{"from_node_id":"69","to_node_id":"14","b1":{"x":-1264.999755859375,"y":-639},"b2":{"x":-1393.249755859375,"y":-487}},"64":{"from_node_id":"71","to_node_id":"73","b1":{"x":-1054.999755859375,"y":-625},"b2":{"x":-886.749755859375,"y":-625}},"65":{"from_node_id":"71","to_node_id":"234","b1":{"x":-932.9751586914062,"y":-647.3289794921875},"b2":{"x":-637.4992370605469,"y":103.14747619628906}}}},"14":{"name":"N-Acetyl-D-glucosamine(anhydrous)N-Acetylmuramyl-tetrapeptide L,D-carboxypeptidase (periplasmic)","bigg_id":"AGM4PCPpp","reversibility":false,"label_x":-1208.999755859375,"label_y":-425,"gene_reaction_rule":"","genes":[],"metabolites":[{"bigg_id":"h2o_p","coefficient":-1},{"bigg_id":"ala__D_p","coefficient":1},{"bigg_id":"anhgm3p_p","coefficient":1},{"bigg_id":"anhgm4p_p","coefficient":-1}],"segments":{"66":{"from_node_id":"75","to_node_id":"76","b1":null,"b2":null},"67":{"from_node_id":"77","to_node_id":"76","b1":null,"b2":null},"68":{"from_node_id":"75","to_node_id":"78","b1":{"x":-1200.999755859375,"y":-403},"b2":{"x":-1206.249755859375,"y":-385}},"69":{"from_node_id":"77","to_node_id":"79","b1":{"x":-1064.999755859375,"y":-403},"b2":{"x":-1063.749755859375,"y":-385}},"70":{"from_node_id":"77","to_node_id":"92","b1":{"x":-944.999755859375,"y":-411},"b2":{"x":-303.7956237792969,"y":-357.89239501953125}},"71":{"from_node_id":"75","to_node_id":"14","b1":{"x":-1196.999755859375,"y":-403},"b2":{"x":-1381.249755859375,"y":-399}}}},"15":{"name":"GlcNAc-anhMurNAc tetrapeptide transport in via proton symport (periplasm)","bigg_id":"AGM4Pt2pp","reversibility":false,"label_x":-1228.999755859375,"label_y":-227,"gene_reaction_rule":"b0433","genes":[{"notes":{"original_bigg_ids":["b0433"]},"name":"ampG","bigg_id":"b0433"}],"metabolites":[{"bigg_id":"anhgm4p_c","coefficient":1},{"bigg_id":"h_c","coefficient":1},{"bigg_id":"h_p","coefficient":-1},{"bigg_id":"anhgm4p_p","coefficient":-1}],"segments":{"72":{"from_node_id":"81","to_node_id":"82","b1":null,"b2":null},"73":{"from_node_id":"83","to_node_id":"82","b1":null,"b2":null},"74":{"from_node_id":"83","to_node_id":"84","b1":{"x":-1098.999755859375,"y":-199},"b2":{"x":33.250244140625,"y":-219}},"75":{"from_node_id":"83","to_node_id":"85","b1":{"x":-1094.999755859375,"y":-199},"b2":{"x":-1089.749755859375,"y":-181}},"76":{"from_node_id":"81","to_node_id":"86","b1":{"x":-1226.999755859375,"y":-199},"b2":{"x":-1232.249755859375,"y":-181}},"77":{"from_node_id":"81","to_node_id":"14","b1":{"x":-1320.999755859375,"y":-195},"b2":{"x":-1397.249755859375,"y":-329}}}},"16":{"name":"N-Acetyl-D-glucosamine(anhydrous)N-Acetylmuramyl-tripeptide amidase (periplasm)","bigg_id":"AGM3PApp","reversibility":false,"label_x":-585.2779846191406,"label_y":-649.0507202148438,"gene_reaction_rule":"b2435 or b2817 or b4169","genes":[{"notes":{"original_bigg_ids":["b2435"]},"name":"amiA","bigg_id":"b2435"},{"notes":{"original_bigg_ids":["b2817"]},"name":"amiC","bigg_id":"b2817"},{"notes":{"original_bigg_ids":["b4169"]},"name":"amiB","bigg_id":"b4169"}],"metabolites":[{"bigg_id":"h2o_p","coefficient":-1},{"bigg_id":"LalaDgluMdap_p","coefficient":1},{"bigg_id":"anhgm3p_p","coefficient":-1},{"bigg_id":"anhgm_p","coefficient":1}],"segments":{"78":{"from_node_id":"87","to_node_id":"88","b1":null,"b2":null},"79":{"from_node_id":"89","to_node_id":"88","b1":null,"b2":null},"80":{"from_node_id":"87","to_node_id":"90","b1":{"x":-430.999755859375,"y":-625},"b2":{"x":-425.749755859375,"y":-607}},"81":{"from_node_id":"89","to_node_id":"208","b1":{"x":-690.5939331054688,"y":-644.13916015625},"b2":{"x":-845.7670135498047,"y":-230.59730529785156}},"82":{"from_node_id":"87","to_node_id":"92","b1":{"x":-434.999755859375,"y":-625},"b2":{"x":-322.749755859375,"y":-627}},"83":{"from_node_id":"89","to_node_id":"73","b1":{"x":-724.999755859375,"y":-627},"b2":{"x":-709.249755859375,"y":-623}}}},"17":{"name":"GlcNAc-anhMurNAc tripeptide transport in via proton symport (periplasm)","bigg_id":"AGM3Pt2pp","reversibility":false,"label_x":-158.13887786865234,"label_y":-644.6710205078125,"gene_reaction_rule":"b0433","genes":[{"notes":{"original_bigg_ids":["b0433"]},"name":"ampG","bigg_id":"b0433"}],"metabolites":[{"bigg_id":"h_p","coefficient":-1},{"bigg_id":"anhgm3p_c","coefficient":1},{"bigg_id":"anhgm3p_p","coefficient":-1},{"bigg_id":"h_c","coefficient":1}],"segments":{"84":{"from_node_id":"93","to_node_id":"94","b1":null,"b2":null},"85":{"from_node_id":"95","to_node_id":"94","b1":null,"b2":null},"86":{"from_node_id":"93","to_node_id":"96","b1":{"x":-154.999755859375,"y":-627},"b2":{"x":-160.249755859375,"y":-609}},"87":{"from_node_id":"95","to_node_id":"97","b1":{"x":-26.999755859375,"y":-627},"b2":{"x":35.250244140625,"y":-627}},"88":{"from_node_id":"93","to_node_id":"92","b1":{"x":-150.999755859375,"y":-627},"b2":{"x":-205.249755859375,"y":-627}},"89":{"from_node_id":"95","to_node_id":"98","b1":{"x":-22.999755859375,"y":-627},"b2":{"x":-17.749755859375,"y":-609}}}},"18":{"name":"GlcNAc-anhMurNAc transport in via proton symport (periplasm)","bigg_id":"AGMt2pp","reversibility":false,"label_x":-412.94903564453125,"label_y":-1063.05078125,"gene_reaction_rule":"b0433","genes":[{"notes":{"original_bigg_ids":["b0433"]},"name":"ampG","bigg_id":"b0433"}],"metabolites":[{"bigg_id":"h_p","coefficient":-1},{"bigg_id":"anhgm_p","coefficient":-1},{"bigg_id":"anhgm_c","coefficient":1},{"bigg_id":"h_c","coefficient":1}],"segments":{"90":{"from_node_id":"99","to_node_id":"100","b1":null,"b2":null},"91":{"from_node_id":"101","to_node_id":"100","b1":null,"b2":null},"92":{"from_node_id":"99","to_node_id":"102","b1":{"x":-412.999755859375,"y":-1039},"b2":{"x":-418.249755859375,"y":-1021}},"93":{"from_node_id":"99","to_node_id":"73","b1":{"x":-662.999755859375,"y":-1049},"b2":{"x":-711.249755859375,"y":-755}},"94":{"from_node_id":"101","to_node_id":"103","b1":{"x":-284.999755859375,"y":-1039},"b2":{"x":35.250244140625,"y":-1039}},"95":{"from_node_id":"101","to_node_id":"104","b1":{"x":-280.999755859375,"y":-1039},"b2":{"x":-275.749755859375,"y":-1021}}}},"19":{"name":"GlcNAc-anhMurNAc transport via diffusion (extracellular to periplasm)","bigg_id":"ANHGMtex","reversibility":true,"label_x":-1018.999755859375,"label_y":-798,"gene_reaction_rule":"b0241 or b0929 or b1377 or b2215","genes":[{"notes":{"original_bigg_ids":["b0241"]},"name":"phoE","bigg_id":"b0241"},{"notes":{"original_bigg_ids":["b0929"]},"name":"ompF","bigg_id":"b0929"},{"notes":{"original_bigg_ids":["b1377"]},"name":"ompN","bigg_id":"b1377"},{"notes":{"original_bigg_ids":["b2215"]},"name":"ompC","bigg_id":"b2215"}],"metabolites":[{"bigg_id":"anhgm_e","coefficient":-1},{"bigg_id":"anhgm_p","coefficient":1}],"segments":{"96":{"from_node_id":"105","to_node_id":"106","b1":null,"b2":null},"97":{"from_node_id":"107","to_node_id":"106","b1":null,"b2":null},"98":{"from_node_id":"105","to_node_id":"108","b1":{"x":-827.999755859375,"y":-862},"b2":{"x":-827.999755859375,"y":-916.25}},"99":{"from_node_id":"107","to_node_id":"73","b1":{"x":-827.999755859375,"y":-738},"b2":{"x":-827.999755859375,"y":-683.75}}}},"20":{"name":"N-Acetyl-D-glucosamine(anhydrous)N-Acetylmuramic acid exchange","bigg_id":"EX_anhgm_e","reversibility":false,"label_x":-812.999755859375,"label_y":-1140,"gene_reaction_rule":"","genes":[],"metabolites":[{"bigg_id":"anhgm_e","coefficient":-1}],"segments":{"100":{"from_node_id":"109","to_node_id":"110","b1":null,"b2":null},"101":{"from_node_id":"111","to_node_id":"110","b1":null,"b2":null},"102":{"from_node_id":"109","to_node_id":"108","b1":{"x":-827.999755859375,"y":-1088},"b2":{"x":-827.999755859375,"y":-1033.75}}}},"23":{"name":"N-Acetyl-D-glucosamine(anhydrous)N-Acetylmuramyl-tetrapeptide beta -1,4-N-acetylglucosaminidase","bigg_id":"AGM4PH","reversibility":false,"label_x":745.0509643554688,"label_y":-249.05075073242188,"gene_reaction_rule":"b1107","genes":[{"notes":{"original_bigg_ids":["b1107"]},"name":"nagZ","bigg_id":"b1107"}],"metabolites":[{"bigg_id":"acgam_c","coefficient":1},{"bigg_id":"anhm4p_c","coefficient":1},{"bigg_id":"anhgm4p_c","coefficient":-1},{"bigg_id":"h2o_c","coefficient":-1}],"segments":{"115":{"from_node_id":"124","to_node_id":"125","b1":null,"b2":null},"116":{"from_node_id":"126","to_node_id":"125","b1":null,"b2":null},"117":{"from_node_id":"126","to_node_id":"170","b1":{"x":919.000244140625,"y":-231},"b2":{"x":1004.250244140625,"y":23}},"118":{"from_node_id":"126","to_node_id":"128","b1":{"x":909.000244140625,"y":-225},"b2":{"x":1093.250244140625,"y":-231}},"119":{"from_node_id":"124","to_node_id":"84","b1":{"x":551.000244140625,"y":-223},"b2":{"x":306.750244140625,"y":-223}},"120":{"from_node_id":"124","to_node_id":"129","b1":{"x":765.000244140625,"y":-217},"b2":{"x":739.750244140625,"y":-207}}}},"24":{"name":"N-Acetyl-D-glucosamine(anhydrous)N-Acetylmuramyl-tetrapeptide L,D-carboxypeptidase","bigg_id":"AGM4PCP","reversibility":false,"label_x":-81.20110702514648,"label_y":-414.4304504394531,"gene_reaction_rule":"b1192","genes":[{"notes":{"original_bigg_ids":["b1192"]},"name":"ldcA","bigg_id":"b1192"}],"metabolites":[{"bigg_id":"anhgm4p_c","coefficient":-1},{"bigg_id":"h2o_c","coefficient":-1},{"bigg_id":"ala__D_c","coefficient":1},{"bigg_id":"anhgm3p_c","coefficient":1}],"segments":{"121":{"from_node_id":"130","to_node_id":"131","b1":null,"b2":null},"122":{"from_node_id":"132","to_node_id":"131","b1":null,"b2":null},"123":{"from_node_id":"130","to_node_id":"84","b1":{"x":92.000244140625,"y":-372},"b2":{"x":92.000244140625,"y":-277.75}},"124":{"from_node_id":"130","to_node_id":"133","b1":{"x":92.000244140625,"y":-368},"b2":{"x":110.000244140625,"y":-362.75}},"125":{"from_node_id":"132","to_node_id":"134","b1":{"x":92.000244140625,"y":-500},"b2":{"x":110.000244140625,"y":-491.25}},"126":{"from_node_id":"132","to_node_id":"97","b1":{"x":92.000244140625,"y":-496},"b2":{"x":92.000244140625,"y":-568.25}}}},"25":{"name":"N-Acetyl-D-glucosamine(anhydrous)N-Acetylmuramyl-tetrapeptide amidase","bigg_id":"AGM4PA","reversibility":false,"label_x":561.8349609375,"label_y":-501.87554931640625,"gene_reaction_rule":"b0110","genes":[{"notes":{"original_bigg_ids":["b0110"]},"name":"ampD","bigg_id":"b0110"}],"metabolites":[{"bigg_id":"h2o_c","coefficient":-1},{"bigg_id":"anhgm4p_c","coefficient":-1},{"bigg_id":"LalaDgluMdapDala_c","coefficient":1},{"bigg_id":"anhgm_c","coefficient":1}],"segments":{"127":{"from_node_id":"136","to_node_id":"137","b1":null,"b2":null},"128":{"from_node_id":"138","to_node_id":"137","b1":null,"b2":null},"129":{"from_node_id":"136","to_node_id":"139","b1":{"x":546.8349609375,"y":-445.87554931640625},"b2":{"x":564.8349609375,"y":-440.62554931640625}},"130":{"from_node_id":"136","to_node_id":"84","b1":{"x":534.0755615234375,"y":-325.5466003417969},"b2":{"x":300.330810546875,"y":-285.2442626953125}},"131":{"from_node_id":"138","to_node_id":"233","b1":{"x":569.1639099121094,"y":-829.8739624023438},"b2":{"x":-117.79371523857117,"y":-178.0141429901123}},"132":{"from_node_id":"138","to_node_id":"103","b1":{"x":532.8856811523438,"y":-838.9378051757812},"b2":{"x":301.8987731933594,"y":-973.2630615234375}}}},"28":{"name":"N-Acetyl-D-glucosamine(anhydrous)N-Acetylmuramyl-tripeptide amidase","bigg_id":"AGM3PA","reversibility":false,"label_x":-65.25183486938477,"label_y":-826.8101806640625,"gene_reaction_rule":"b0110","genes":[{"notes":{"original_bigg_ids":["b0110"]},"name":"ampD","bigg_id":"b0110"}],"metabolites":[{"bigg_id":"LalaDgluMdap_c","coefficient":1},{"bigg_id":"h2o_c","coefficient":-1},{"bigg_id":"anhgm3p_c","coefficient":-1},{"bigg_id":"anhgm_c","coefficient":1}],"segments":{"145":{"from_node_id":"154","to_node_id":"155","b1":null,"b2":null},"146":{"from_node_id":"156","to_node_id":"155","b1":null,"b2":null},"147":{"from_node_id":"156","to_node_id":"220","b1":{"x":197.2654037475586,"y":-1256.8838500976562},"b2":{"x":623.5666046142578,"y":-372.1647644042969}},"148":{"from_node_id":"154","to_node_id":"158","b1":{"x":92.000244140625,"y":-774},"b2":{"x":110.000244140625,"y":-768.75}},"149":{"from_node_id":"154","to_node_id":"97","b1":{"x":92.000244140625,"y":-778},"b2":{"x":94.000244140625,"y":-685.75}},"150":{"from_node_id":"156","to_node_id":"103","b1":{"x":88.81038665771484,"y":-917.9492797851562},"b2":{"x":90.000244140625,"y":-982.25}}}},"29":{"name":"N-Acetyl-D-glucosamine(anhydrous)N-Acetylmuramyl-tripeptide beta -1,4-N-acetylglucosaminidase","bigg_id":"AGM3PH","reversibility":false,"label_x":759.4813842773438,"label_y":-660.2406005859375,"gene_reaction_rule":"b1107","genes":[{"notes":{"original_bigg_ids":["b1107"]},"name":"nagZ","bigg_id":"b1107"}],"metabolites":[{"bigg_id":"acgam_c","coefficient":1},{"bigg_id":"h2o_c","coefficient":-1},{"bigg_id":"anhgm3p_c","coefficient":-1},{"bigg_id":"anhm3p_c","coefficient":1}],"segments":{"151":{"from_node_id":"160","to_node_id":"161","b1":null,"b2":null},"152":{"from_node_id":"162","to_node_id":"161","b1":null,"b2":null},"153":{"from_node_id":"162","to_node_id":"170","b1":{"x":979.000244140625,"y":-647},"b2":{"x":1006.250244140625,"y":-45}},"154":{"from_node_id":"160","to_node_id":"164","b1":{"x":769.000244140625,"y":-633},"b2":{"x":763.750244140625,"y":-615}},"155":{"from_node_id":"160","to_node_id":"97","b1":{"x":773.000244140625,"y":-633},"b2":{"x":152.750244140625,"y":-627}},"156":{"from_node_id":"162","to_node_id":"165","b1":{"x":913.000244140625,"y":-635},"b2":{"x":1097.250244140625,"y":-635}}}},"30":{"name":"N-Acetyl-D-glucosamine(anhydrous)N-Acetylmuramyl beta -1,4-N-acetylglucosaminidase","bigg_id":"AGMH","reversibility":false,"label_x":787.000244140625,"label_y":-1075,"gene_reaction_rule":"b1107","genes":[{"notes":{"original_bigg_ids":["b1107"]},"name":"nagZ","bigg_id":"b1107"}],"metabolites":[{"bigg_id":"anhm_c","coefficient":1},{"bigg_id":"acgam_c","coefficient":1},{"bigg_id":"h2o_c","coefficient":-1},{"bigg_id":"anhgm_c","coefficient":-1}],"segments":{"157":{"from_node_id":"166","to_node_id":"167","b1":null,"b2":null},"158":{"from_node_id":"168","to_node_id":"167","b1":null,"b2":null},"159":{"from_node_id":"168","to_node_id":"169","b1":{"x":899.000244140625,"y":-1035},"b2":{"x":1097.250244140625,"y":-1037}},"160":{"from_node_id":"168","to_node_id":"170","b1":{"x":977.000244140625,"y":-1043},"b2":{"x":1044.250244140625,"y":-143}},"161":{"from_node_id":"166","to_node_id":"171","b1":{"x":771.000244140625,"y":-1035},"b2":{"x":765.750244140625,"y":-1017}},"162":{"from_node_id":"166","to_node_id":"103","b1":{"x":775.000244140625,"y":-1035},"b2":{"x":162.31980895996094,"y":-1035.8101806640625}}}},"32":{"name":"Anhydrous-N-Acetylmuramyl-tripeptide amidase","bigg_id":"AM3PA","reversibility":false,"label_x":1171.000244140625,"label_y":-852,"gene_reaction_rule":"b0110","genes":[{"notes":{"original_bigg_ids":["b0110"]},"name":"ampD","bigg_id":"b0110"}],"metabolites":[{"bigg_id":"anhm_c","coefficient":1},{"bigg_id":"h2o_c","coefficient":-1},{"bigg_id":"LalaDgluMdap_c","coefficient":1},{"bigg_id":"anhm3p_c","coefficient":-1}],"segments":{"169":{"from_node_id":"178","to_node_id":"179","b1":null,"b2":null},"170":{"from_node_id":"180","to_node_id":"179","b1":null,"b2":null},"171":{"from_node_id":"180","to_node_id":"169","b1":{"x":1156.000244140625,"y":-924},"b2":{"x":1156.000244140625,"y":-978.25}},"172":{"from_node_id":"178","to_node_id":"181","b1":{"x":1156.000244140625,"y":-796},"b2":{"x":1212.000244140625,"y":-780.75}},"173":{"from_node_id":"180","to_node_id":"220","b1":{"x":1060.3046875,"y":-1310.7823486328125},"b2":{"x":943.1917114257812,"y":-1.0534158945083618}},"174":{"from_node_id":"178","to_node_id":"165","b1":{"x":1156.000244140625,"y":-800},"b2":{"x":1158.000244140625,"y":-705.75}}}},"33":{"name":"Anhydrous-N-Acetylmuramyl-tetrapeptide L,D-carboxypeptidase","bigg_id":"AM4PCP","reversibility":false,"label_x":1167.000244140625,"label_y":-438,"gene_reaction_rule":"b1192","genes":[{"notes":{"original_bigg_ids":["b1192"]},"name":"ldcA","bigg_id":"b1192"}],"metabolites":[{"bigg_id":"h2o_c","coefficient":-1},{"bigg_id":"ala__D_c","coefficient":1},{"bigg_id":"anhm4p_c","coefficient":-1},{"bigg_id":"anhm3p_c","coefficient":1}],"segments":{"175":{"from_node_id":"184","to_node_id":"185","b1":null,"b2":null},"176":{"from_node_id":"186","to_node_id":"185","b1":null,"b2":null},"177":{"from_node_id":"184","to_node_id":"187","b1":{"x":1152.000244140625,"y":-382},"b2":{"x":1170.000244140625,"y":-376.75}},"178":{"from_node_id":"186","to_node_id":"188","b1":{"x":1152.000244140625,"y":-514},"b2":{"x":1170.000244140625,"y":-519.25}},"179":{"from_node_id":"184","to_node_id":"128","b1":{"x":1152.000244140625,"y":-386},"b2":{"x":1152.000244140625,"y":-289.75}},"180":{"from_node_id":"186","to_node_id":"165","b1":{"x":1152.000244140625,"y":-510},"b2":{"x":1154.000244140625,"y":-566.25}}}},"34":{"name":"Anhydrous-N-Acetylmuramyl-tetrapeptide amidase","bigg_id":"AM4PA","reversibility":false,"label_x":1514.139404296875,"label_y":-517.9247131347656,"gene_reaction_rule":"b0110","genes":[{"notes":{"original_bigg_ids":["b0110"]},"name":"ampD","bigg_id":"b0110"}],"metabolites":[{"bigg_id":"anhm_c","coefficient":1},{"bigg_id":"anhm4p_c","coefficient":-1},{"bigg_id":"LalaDgluMdapDala_c","coefficient":1},{"bigg_id":"h2o_c","coefficient":-1}],"segments":{"181":{"from_node_id":"190","to_node_id":"191","b1":null,"b2":null},"182":{"from_node_id":"192","to_node_id":"191","b1":null,"b2":null},"183":{"from_node_id":"192","to_node_id":"169","b1":{"x":1499.139404296875,"y":-589.9247131347656},"b2":{"x":1542.000244140625,"y":-1048.25}},"184":{"from_node_id":"190","to_node_id":"128","b1":{"x":1499.139404296875,"y":-465.9247131347656},"b2":{"x":1430.000244140625,"y":-245.75}},"185":{"from_node_id":"192","to_node_id":"233","b1":{"x":1521.4683837890625,"y":-753.4173889160156},"b2":{"x":-80.97716331481934,"y":-462.010986328125}},"186":{"from_node_id":"190","to_node_id":"195","b1":{"x":1499.139404296875,"y":-461.9247131347656},"b2":{"x":1517.139404296875,"y":-456.6747131347656}}}},"35":{"name":"1,6-anhydrous-N-Acetylmuramate kinase","bigg_id":"ANHMK","reversibility":false,"label_x":1541.000244140625,"label_y":-1073,"gene_reaction_rule":"b1640","genes":[{"notes":{"original_bigg_ids":["b1640"]},"name":"anmK","bigg_id":"b1640"}],"metabolites":[{"bigg_id":"h2o_c","coefficient":-1},{"bigg_id":"atp_c","coefficient":-1},{"bigg_id":"h_c","coefficient":1},{"bigg_id":"adp_c","coefficient":1},{"bigg_id":"anhm_c","coefficient":-1},{"bigg_id":"acmum6p_c","coefficient":1}],"segments":{"187":{"from_node_id":"196","to_node_id":"197","b1":null,"b2":null},"188":{"from_node_id":"198","to_node_id":"197","b1":null,"b2":null},"189":{"from_node_id":"196","to_node_id":"199","b1":{"x":1535.000244140625,"y":-1037},"b2":{"x":1529.750244140625,"y":-1055}},"190":{"from_node_id":"196","to_node_id":"200","b1":{"x":1535.000244140625,"y":-1037},"b2":{"x":1529.750244140625,"y":-1019}},"191":{"from_node_id":"198","to_node_id":"201","b1":{"x":1667.000244140625,"y":-1037},"b2":{"x":1672.250244140625,"y":-1055}},"192":{"from_node_id":"198","to_node_id":"202","b1":{"x":1667.000244140625,"y":-1037},"b2":{"x":1672.250244140625,"y":-1019}},"193":{"from_node_id":"196","to_node_id":"169","b1":{"x":1539.000244140625,"y":-1037},"b2":{"x":1214.750244140625,"y":-1037}},"194":{"from_node_id":"198","to_node_id":"203","b1":{"x":1663.000244140625,"y":-1037},"b2":{"x":1761.250244140625,"y":-1037}}}},"36":{"name":"Tripeptide (LalaDgluMdap) transport via ABC system (periplasm)","bigg_id":"3PEPTabcpp","reversibility":false,"label_x":313.81199645996094,"label_y":181.4058380126953,"gene_reaction_rule":"b1329 and b1244 and b1245 and b1246 and b1247","genes":[{"notes":{"original_bigg_ids":["b1329"]},"name":"mppA","bigg_id":"b1329"},{"notes":{"original_bigg_ids":["b1244"]},"name":"oppB","bigg_id":"b1244"},{"notes":{"original_bigg_ids":["b1245"]},"name":"oppC","bigg_id":"b1245"},{"notes":{"original_bigg_ids":["b1246"]},"name":"oppD","bigg_id":"b1246"},{"notes":{"original_bigg_ids":["b1247"]},"name":"oppF","bigg_id":"b1247"}],"metabolites":[{"bigg_id":"h2o_c","coefficient":-1},{"bigg_id":"LalaDgluMdap_p","coefficient":-1},{"bigg_id":"atp_c","coefficient":-1},{"bigg_id":"h_c","coefficient":1},{"bigg_id":"adp_c","coefficient":1},{"bigg_id":"LalaDgluMdap_c","coefficient":1},{"bigg_id":"pi_c","coefficient":1}],"segments":{"195":{"from_node_id":"205","to_node_id":"206","b1":null,"b2":null},"196":{"from_node_id":"207","to_node_id":"206","b1":null,"b2":null},"197":{"from_node_id":"205","to_node_id":"204","b1":{"x":349.0525665283203,"y":309.88702392578125},"b2":{"x":343.8025665283203,"y":327.88702392578125}},"198":{"from_node_id":"205","to_node_id":"208","b1":{"x":353.0525665283203,"y":309.88702392578125},"b2":{"x":254.8025665283203,"y":311.88702392578125}},"199":{"from_node_id":"205","to_node_id":"209","b1":{"x":349.0525665283203,"y":309.88702392578125},"b2":{"x":343.8025665283203,"y":291.88702392578125}},"200":{"from_node_id":"207","to_node_id":"210","b1":{"x":481.0525665283203,"y":309.88702392578125},"b2":{"x":486.3025665283203,"y":291.88702392578125}},"201":{"from_node_id":"207","to_node_id":"211","b1":{"x":483.0525665283203,"y":321.88702392578125},"b2":{"x":486.3025665283203,"y":327.88702392578125}},"202":{"from_node_id":"207","to_node_id":"220","b1":{"x":563.0525665283203,"y":311.88702392578125},"b2":{"x":719.8590240478516,"y":335.12762451171875}},"203":{"from_node_id":"207","to_node_id":"213","b1":{"x":471.0525665283203,"y":319.88702392578125},"b2":{"x":471.3025665283203,"y":345.88702392578125}}}},"37":{"name":"Tetrapeptide L,D-carboxypeptidase","bigg_id":"4PCP","reversibility":false,"label_x":365.0525665283203,"label_y":557.8870239257812,"gene_reaction_rule":"b1192","genes":[{"notes":{"original_bigg_ids":["b1192"]},"name":"ldcA","bigg_id":"b1192"}],"metabolites":[{"bigg_id":"h2o_c","coefficient":-1},{"bigg_id":"ala__D_c","coefficient":1},{"bigg_id":"LalaDgluMdapDala_c","coefficient":-1},{"bigg_id":"LalaDgluMdap_c","coefficient":1}],"segments":{"204":{"from_node_id":"215","to_node_id":"216","b1":null,"b2":null},"205":{"from_node_id":"217","to_node_id":"216","b1":null,"b2":null},"206":{"from_node_id":"215","to_node_id":"214","b1":{"x":349.0525665283203,"y":597.8870239257812},"b2":{"x":343.8025665283203,"y":615.8870239257812}},"207":{"from_node_id":"217","to_node_id":"218","b1":{"x":481.0525665283203,"y":597.8870239257812},"b2":{"x":486.3025665283203,"y":615.8870239257812}},"208":{"from_node_id":"215","to_node_id":"233","b1":{"x":193.0525665283203,"y":595.8870239257812},"b2":{"x":95.89094924926758,"y":657.4566040039062}},"209":{"from_node_id":"217","to_node_id":"220","b1":{"x":541.0525665283203,"y":599.8870239257812},"b2":{"x":725.8590240478516,"y":533.1276245117188}}}},"38":{"name":"Tetrapeptide L,D-carboxypeptidase (periplasm)","bigg_id":"4PCPpp","reversibility":false,"label_x":-179.78217315673828,"label_y":277.88702392578125,"gene_reaction_rule":"","genes":[],"metabolites":[{"bigg_id":"h2o_p","coefficient":-1},{"bigg_id":"ala__D_p","coefficient":1},{"bigg_id":"LalaDgluMdap_p","coefficient":1},{"bigg_id":"LalaDgluMdapDala_p","coefficient":-1}],"segments":{"210":{"from_node_id":"222","to_node_id":"223","b1":null,"b2":null},"211":{"from_node_id":"224","to_node_id":"223","b1":null,"b2":null},"212":{"from_node_id":"222","to_node_id":"221","b1":{"x":-189.4024658203125,"y":311.50732421875},"b2":{"x":-194.6524658203125,"y":329.50732421875}},"213":{"from_node_id":"224","to_node_id":"225","b1":{"x":-57.4024658203125,"y":311.50732421875},"b2":{"x":-52.1524658203125,"y":329.50732421875}},"214":{"from_node_id":"224","to_node_id":"208","b1":{"x":-61.4024658203125,"y":311.50732421875},"b2":{"x":109.78373718261719,"y":317.88702392578125}},"215":{"from_node_id":"222","to_node_id":"234","b1":{"x":-523.5269165039062,"y":301.9377746582031},"b2":{"x":-414.58863067626953,"y":676.3404846191406}}}},"39":{"name":"Tetrapeptide (LalaDgluMdapDala) transport via ABC system (periplasm)","bigg_id":"4PEPTabcpp","reversibility":false,"label_x":-286.41552925109863,"label_y":837.8870239257812,"gene_reaction_rule":"b1243 and b1244 and b1245 and b1246 and b1247","genes":[{"notes":{"original_bigg_ids":["b1243"]},"name":"oppA","bigg_id":"b1243"},{"notes":{"original_bigg_ids":["b1244"]},"name":"oppB","bigg_id":"b1244"},{"notes":{"original_bigg_ids":["b1245"]},"name":"oppC","bigg_id":"b1245"},{"notes":{"original_bigg_ids":["b1246"]},"name":"oppD","bigg_id":"b1246"},{"notes":{"original_bigg_ids":["b1247"]},"name":"oppF","bigg_id":"b1247"}],"metabolites":[{"bigg_id":"h2o_c","coefficient":-1},{"bigg_id":"atp_c","coefficient":-1},{"bigg_id":"LalaDgluMdapDala_c","coefficient":1},{"bigg_id":"LalaDgluMdapDala_p","coefficient":-1},{"bigg_id":"h_c","coefficient":1},{"bigg_id":"adp_c","coefficient":1},{"bigg_id":"pi_c","coefficient":1}],"segments":{"216":{"from_node_id":"229","to_node_id":"230","b1":null,"b2":null},"217":{"from_node_id":"231","to_node_id":"230","b1":null,"b2":null},"218":{"from_node_id":"229","to_node_id":"228","b1":{"x":-258.41552925109863,"y":969.8870239257812},"b2":{"x":-263.66552925109863,"y":951.8870239257812}},"219":{"from_node_id":"229","to_node_id":"232","b1":{"x":-258.41552925109863,"y":969.8870239257812},"b2":{"x":-263.66552925109863,"y":987.8870239257812}},"220":{"from_node_id":"231","to_node_id":"233","b1":{"x":-130.41552925109863,"y":969.8870239257812},"b2":{"x":19.302566528320312,"y":967.8870239257812}},"221":{"from_node_id":"229","to_node_id":"234","b1":{"x":-254.41552925109863,"y":969.8870239257812},"b2":{"x":-421.1974334716797,"y":967.8870239257812}},"222":{"from_node_id":"231","to_node_id":"235","b1":{"x":-126.41552925109863,"y":969.8870239257812},"b2":{"x":-121.16552925109863,"y":951.8870239257812}},"223":{"from_node_id":"231","to_node_id":"236","b1":{"x":-126.41552925109863,"y":969.8870239257812},"b2":{"x":-121.16552925109863,"y":987.8870239257812}},"224":{"from_node_id":"231","to_node_id":"237","b1":{"x":-126.41552925109863,"y":969.8870239257812},"b2":{"x":-136.16552925109863,"y":1005.8870239257812}}}},"40":{"name":"LalaDgluMdapDala (pentapeptide) transport via diffusion (extracellular to periplasm)","bigg_id":"4PEPTtex","reversibility":true,"label_x":-713.2764129638672,"label_y":938.646484375,"gene_reaction_rule":"b0241 or b0929 or b1377 or b2215","genes":[{"notes":{"original_bigg_ids":["b0241"]},"name":"phoE","bigg_id":"b0241"},{"notes":{"original_bigg_ids":["b0929"]},"name":"ompF","bigg_id":"b0929"},{"notes":{"original_bigg_ids":["b1377"]},"name":"ompN","bigg_id":"b1377"},{"notes":{"original_bigg_ids":["b2215"]},"name":"ompC","bigg_id":"b2215"}],"metabolites":[{"bigg_id":"LalaDgluMdapDala_p","coefficient":1},{"bigg_id":"LalaDgluMdapDala_e","coefficient":-1}],"segments":{"225":{"from_node_id":"238","to_node_id":"239","b1":null,"b2":null},"226":{"from_node_id":"240","to_node_id":"239","b1":null,"b2":null},"227":{"from_node_id":"240","to_node_id":"234","b1":{"x":-578.9474334716797,"y":965.8870239257812},"b2":{"x":-538.6974334716797,"y":967.8870239257812}},"228":{"from_node_id":"238","to_node_id":"241","b1":{"x":-702.9474334716797,"y":965.8870239257812},"b2":{"x":-757.1974334716797,"y":965.8870239257812}}}},"41":{"name":"UDP-N-acetylmuramate:L-alanyl-gamma-D-glutamyl-meso-diaminopimelate-D-alanine ligase","bigg_id":"UM4PL","reversibility":false,"label_x":239.0525665283203,"label_y":837.8870239257812,"gene_reaction_rule":"b4233","genes":[{"notes":{"original_bigg_ids":["b4233"]},"name":"mpl","bigg_id":"b4233"}],"metabolites":[{"bigg_id":"LalaDgluMdapDala_c","coefficient":-1},{"bigg_id":"atp_c","coefficient":-1},{"bigg_id":"uamr_c","coefficient":-1},{"bigg_id":"um4p_c","coefficient":1},{"bigg_id":"h_c","coefficient":1},{"bigg_id":"adp_c","coefficient":1},{"bigg_id":"pi_c","coefficient":1}],"segments":{"229":{"from_node_id":"242","to_node_id":"243","b1":null,"b2":null},"230":{"from_node_id":"244","to_node_id":"243","b1":null,"b2":null},"231":{"from_node_id":"242","to_node_id":"233","b1":{"x":241.0525665283203,"y":965.8870239257812},"b2":{"x":158.8025665283203,"y":961.8870239257812}},"232":{"from_node_id":"242","to_node_id":"245","b1":{"x":237.0525665283203,"y":965.8870239257812},"b2":{"x":231.8025665283203,"y":947.8870239257812}},"233":{"from_node_id":"242","to_node_id":"246","b1":{"x":237.0525665283203,"y":965.8870239257812},"b2":{"x":231.8025665283203,"y":983.8870239257812}},"234":{"from_node_id":"244","to_node_id":"247","b1":{"x":365.0525665283203,"y":965.8870239257812},"b2":{"x":419.3025665283203,"y":965.8870239257812}},"235":{"from_node_id":"244","to_node_id":"248","b1":{"x":369.0525665283203,"y":965.8870239257812},"b2":{"x":374.3025665283203,"y":947.8870239257812}},"236":{"from_node_id":"244","to_node_id":"249","b1":{"x":369.0525665283203,"y":965.8870239257812},"b2":{"x":374.3025665283203,"y":983.8870239257812}},"237":{"from_node_id":"244","to_node_id":"250","b1":{"x":369.0525665283203,"y":965.8870239257812},"b2":{"x":359.3025665283203,"y":1001.8870239257812}}}},"42":{"name":"UDP-N-acetylmuramoyl-L-alanyl-D-gamma-glutamyl-meso-2,6-diaminopimelate-D-alanine L,D-carboxypeptidase","bigg_id":"UM4PCP","reversibility":false,"label_x":587.1032867431641,"label_y":938.6464233398438,"gene_reaction_rule":"b1192","genes":[{"notes":{"original_bigg_ids":["b1192"]},"name":"ldcA","bigg_id":"b1192"}],"metabolites":[{"bigg_id":"h2o_c","coefficient":-1},{"bigg_id":"ala__D_c","coefficient":1},{"bigg_id":"um4p_c","coefficient":-1},{"bigg_id":"ugmd_c","coefficient":1}],"segments":{"238":{"from_node_id":"251","to_node_id":"252","b1":null,"b2":null},"239":{"from_node_id":"253","to_node_id":"252","b1":null,"b2":null},"240":{"from_node_id":"251","to_node_id":"254","b1":{"x":587.0525665283203,"y":965.8870239257812},"b2":{"x":581.8025665283203,"y":983.8870239257812}},"241":{"from_node_id":"253","to_node_id":"255","b1":{"x":719.0525665283203,"y":965.8870239257812},"b2":{"x":724.3025665283203,"y":983.8870239257812}},"242":{"from_node_id":"251","to_node_id":"247","b1":{"x":591.0525665283203,"y":965.8870239257812},"b2":{"x":536.8025665283203,"y":965.8870239257812}},"243":{"from_node_id":"253","to_node_id":"256","b1":{"x":715.0525665283203,"y":965.8870239257812},"b2":{"x":769.3025665283203,"y":965.8870239257812}}}},"45":{"name":"L-alanyl-gamma-D-glutamyl-meso-diaminopimelate hydrolase","bigg_id":"LADGMDH","reversibility":false,"label_x":1062.1918487548828,"label_y":414.85093688964844,"gene_reaction_rule":"b1326","genes":[{"notes":{"original_bigg_ids":["b1326"]},"name":"mpaA","bigg_id":"b1326"}],"metabolites":[{"bigg_id":"h2o_c","coefficient":-1},{"bigg_id":"LalaDglu_c","coefficient":1},{"bigg_id":"LalaDgluMdap_c","coefficient":-1},{"bigg_id":"26dap__M_c","coefficient":1}],"segments":{"259":{"from_node_id":"275","to_node_id":"276","b1":null,"b2":null},"260":{"from_node_id":"277","to_node_id":"276","b1":null,"b2":null},"261":{"from_node_id":"275","to_node_id":"274","b1":{"x":1068.5208282470703,"y":445.28138732910156},"b2":{"x":1063.2708282470703,"y":463.28138732910156}},"262":{"from_node_id":"277","to_node_id":"278","b1":{"x":1196.5208282470703,"y":445.28138732910156},"b2":{"x":1348.7200469970703,"y":443.28138732910156}},"263":{"from_node_id":"275","to_node_id":"220","b1":{"x":960.5714874267578,"y":454.09156799316406},"b2":{"x":982.9532623291016,"y":450.97698974609375}},"264":{"from_node_id":"277","to_node_id":"280","b1":{"x":1200.5208282470703,"y":445.28138732910156},"b2":{"x":1205.7708282470703,"y":463.28138732910156}}}},"47":{"name":"D-alanine-D-alanine dipeptidase","bigg_id":"ALAALAD","reversibility":false,"label_x":868.2439575195312,"label_y":1212.21728515625,"gene_reaction_rule":"b1488","genes":[{"notes":{"original_bigg_ids":["b1488"]},"name":"ddpX","bigg_id":"b1488"}],"metabolites":[{"bigg_id":"h2o_c","coefficient":-1},{"bigg_id":"ala__D_c","coefficient":2},{"bigg_id":"alaala_c","coefficient":-1}],"segments":{"269":{"from_node_id":"287","to_node_id":"288","b1":null,"b2":null},"270":{"from_node_id":"289","to_node_id":"288","b1":null,"b2":null},"271":{"from_node_id":"287","to_node_id":"286","b1":{"x":866.2439575195312,"y":1242.21728515625},"b2":{"x":860.9939575195312,"y":1260.21728515625}},"272":{"from_node_id":"289","to_node_id":"290","b1":{"x":994.2439575195312,"y":1242.21728515625},"b2":{"x":1048.4939575195312,"y":1242.21728515625}},"273":{"from_node_id":"287","to_node_id":"291","b1":{"x":870.2439575195312,"y":1242.21728515625},"b2":{"x":815.9939575195312,"y":1242.21728515625}}}},"48":{"name":"N-acetylglucosamine kinase","bigg_id":"ACGAMK","reversibility":false,"label_x":1315.000244140625,"label_y":9,"gene_reaction_rule":"b1119","genes":[{"notes":{"original_bigg_ids":["b1119"]},"name":"nagK","bigg_id":"b1119"}],"metabolites":[{"bigg_id":"acgam_c","coefficient":-1},{"bigg_id":"acgam6p_c","coefficient":1},{"bigg_id":"h_c","coefficient":1},{"bigg_id":"atp_c","coefficient":-1},{"bigg_id":"adp_c","coefficient":1}],"segments":{"274":{"from_node_id":"293","to_node_id":"294","b1":null,"b2":null},"275":{"from_node_id":"295","to_node_id":"294","b1":null,"b2":null},"276":{"from_node_id":"293","to_node_id":"170","b1":{"x":1363.000244140625,"y":37},"b2":{"x":1228.750244140625,"y":41}},"277":{"from_node_id":"295","to_node_id":"338","b1":{"x":1487.000244140625,"y":37},"b2":{"x":1767.250244140625,"y":31}},"278":{"from_node_id":"295","to_node_id":"297","b1":{"x":1491.000244140625,"y":37},"b2":{"x":1496.250244140625,"y":19}},"279":{"from_node_id":"293","to_node_id":"298","b1":{"x":1359.000244140625,"y":37},"b2":{"x":1353.750244140625,"y":55}},"280":{"from_node_id":"295","to_node_id":"299","b1":{"x":1491.000244140625,"y":37},"b2":{"x":1496.250244140625,"y":55}}}},"49":{"name":"UDP-N-acetylmuramate:L-alanyl-gamma-D-glutamyl-meso-diaminopimelate ligase","bigg_id":"UM3PL","reversibility":false,"label_x":834.7989654541016,"label_y":709.4942626953125,"gene_reaction_rule":"b4233","genes":[{"notes":{"original_bigg_ids":["b4233"]},"name":"mpl","bigg_id":"b4233"}],"metabolites":[{"bigg_id":"LalaDgluMdap_c","coefficient":-1},{"bigg_id":"atp_c","coefficient":-1},{"bigg_id":"uamr_c","coefficient":-1},{"bigg_id":"h_c","coefficient":1},{"bigg_id":"adp_c","coefficient":1},{"bigg_id":"pi_c","coefficient":1},{"bigg_id":"ugmd_c","coefficient":1}],"segments":{"281":{"from_node_id":"300","to_node_id":"301","b1":null,"b2":null},"282":{"from_node_id":"302","to_node_id":"301","b1":null,"b2":null},"283":{"from_node_id":"300","to_node_id":"220","b1":{"x":819.7989654541016,"y":637.4942626953125},"b2":{"x":816.6090240478516,"y":509.87762451171875}},"284":{"from_node_id":"300","to_node_id":"303","b1":{"x":819.7989654541016,"y":633.4942626953125},"b2":{"x":837.7989654541016,"y":628.2442626953125}},"285":{"from_node_id":"300","to_node_id":"304","b1":{"x":819.7989654541016,"y":633.4942626953125},"b2":{"x":801.7989654541016,"y":628.2442626953125}},"286":{"from_node_id":"302","to_node_id":"305","b1":{"x":819.7989654541016,"y":765.4942626953125},"b2":{"x":837.7989654541016,"y":770.7442626953125}},"287":{"from_node_id":"302","to_node_id":"306","b1":{"x":819.7989654541016,"y":765.4942626953125},"b2":{"x":801.7989654541016,"y":770.7442626953125}},"288":{"from_node_id":"302","to_node_id":"307","b1":{"x":819.7989654541016,"y":765.4942626953125},"b2":{"x":783.7989654541016,"y":755.7442626953125}},"289":{"from_node_id":"302","to_node_id":"256","b1":{"x":819.7989654541016,"y":761.4942626953125},"b2":{"x":829.3685455322266,"y":908.25}}}},"50":{"name":"L-alanyl-D-glutamate transport in via proton symport (periplasm)","bigg_id":"LALADGLUtpp","reversibility":false,"label_x":1751.0249786376953,"label_y":631.4712066650391,"gene_reaction_rule":"b1634 or b3496 or b4130 or b0709","genes":[{"notes":{"original_bigg_ids":["b1634"]},"name":"dtpA","bigg_id":"b1634"},{"notes":{"original_bigg_ids":["b3496"]},"name":"dtpB","bigg_id":"b3496"},{"notes":{"original_bigg_ids":["b4130"]},"name":"dtpC","bigg_id":"b4130"},{"notes":{"original_bigg_ids":["b0709"]},"name":"dtpD","bigg_id":"b0709"}],"metabolites":[{"bigg_id":"LalaDglu_p","coefficient":-1},{"bigg_id":"LalaDglu_c","coefficient":1},{"bigg_id":"h_c","coefficient":1},{"bigg_id":"h_p","coefficient":-1}],"segments":{"290":{"from_node_id":"309","to_node_id":"310","b1":null,"b2":null},"291":{"from_node_id":"311","to_node_id":"310","b1":null,"b2":null},"292":{"from_node_id":"309","to_node_id":"312","b1":{"x":1736.0249786376953,"y":683.4712066650391},"b2":{"x":1736.0249786376953,"y":737.7212066650391}},"293":{"from_node_id":"311","to_node_id":"278","b1":{"x":1739.2147979736328,"y":447.8263702392578},"b2":{"x":1541.4438018798828,"y":438.2343292236328}},"294":{"from_node_id":"311","to_node_id":"313","b1":{"x":1720.0757598876953,"y":561.8509674072266},"b2":{"x":1718.0249786376953,"y":550.2212066650391}},"295":{"from_node_id":"309","to_node_id":"314","b1":{"x":1736.0249786376953,"y":687.4712066650391},"b2":{"x":1718.0249786376953,"y":692.7212066650391}}}},"51":{"name":"L-alanyl-D-glutamate transport via diffusion (extracellular to periplasm)","bigg_id":"LALADGLUtex","reversibility":true,"label_x":1751.0249786376953,"label_y":981.4712066650391,"gene_reaction_rule":"b2215 or b1377 or b0241 or b0929","genes":[{"notes":{"original_bigg_ids":["b2215"]},"name":"ompC","bigg_id":"b2215"},{"notes":{"original_bigg_ids":["b1377"]},"name":"ompN","bigg_id":"b1377"},{"notes":{"original_bigg_ids":["b0241"]},"name":"phoE","bigg_id":"b0241"},{"notes":{"original_bigg_ids":["b0929"]},"name":"ompF","bigg_id":"b0929"}],"metabolites":[{"bigg_id":"LalaDglu_p","coefficient":1},{"bigg_id":"LalaDglu_e","coefficient":-1}],"segments":{"296":{"from_node_id":"315","to_node_id":"316","b1":null,"b2":null},"297":{"from_node_id":"317","to_node_id":"316","b1":null,"b2":null},"298":{"from_node_id":"317","to_node_id":"312","b1":{"x":1736.0249786376953,"y":909.4712066650391},"b2":{"x":1736.0249786376953,"y":855.2212066650391}},"299":{"from_node_id":"315","to_node_id":"318","b1":{"x":1736.0249786376953,"y":1033.471206665039},"b2":{"x":1736.0249786376953,"y":1087.721206665039}}}},"52":{"name":"L-alanine-D-glutamate exchange","bigg_id":"EX_LalaDglu_e","reversibility":false,"label_x":1751.0249786376953,"label_y":1274.0538482666016,"gene_reaction_rule":"","genes":[],"metabolites":[{"bigg_id":"LalaDglu_e","coefficient":-1}],"segments":{"300":{"from_node_id":"319","to_node_id":"320","b1":null,"b2":null},"301":{"from_node_id":"321","to_node_id":"320","b1":null,"b2":null},"302":{"from_node_id":"319","to_node_id":"318","b1":{"x":1736.0249786376953,"y":1259.471206665039},"b2":{"x":1736.0249786376953,"y":1205.221206665039}}}},"53":{"name":"L-alanyl-gamma-glutamate epimerase","bigg_id":"ALAGLUE","reversibility":true,"label_x":1422.4700469970703,"label_y":628.2813873291016,"gene_reaction_rule":"b1325","genes":[{"notes":{"original_bigg_ids":["b1325"]},"name":"ycjG","bigg_id":"b1325"}],"metabolites":[{"bigg_id":"LalaLglu_c","coefficient":1},{"bigg_id":"LalaDglu_c","coefficient":-1}],"segments":{"303":{"from_node_id":"322","to_node_id":"323","b1":null,"b2":null},"304":{"from_node_id":"324","to_node_id":"323","b1":null,"b2":null},"305":{"from_node_id":"324","to_node_id":"325","b1":{"x":1407.4700469970703,"y":680.2813873291016},"b2":{"x":1407.4700469970703,"y":734.5313873291016}},"306":{"from_node_id":"322","to_node_id":"278","b1":{"x":1407.4700469970703,"y":556.2813873291016},"b2":{"x":1407.4700469970703,"y":502.03138732910156}}}},"54":{"name":"L-alanyl-gamma-L-glutamate peptidase","bigg_id":"LALGP","reversibility":false,"label_x":1422.4700469970703,"label_y":978.2813873291016,"gene_reaction_rule":"b0237","genes":[{"notes":{"original_bigg_ids":["b0237"]},"name":"pepD","bigg_id":"b0237"}],"metabolites":[{"bigg_id":"glu__L_c","coefficient":1},{"bigg_id":"ala__L_c","coefficient":1},{"bigg_id":"LalaLglu_c","coefficient":-1},{"bigg_id":"h2o_c","coefficient":-1}],"segments":{"307":{"from_node_id":"326","to_node_id":"327","b1":null,"b2":null},"308":{"from_node_id":"328","to_node_id":"327","b1":null,"b2":null},"309":{"from_node_id":"328","to_node_id":"329","b1":{"x":1407.4700469970703,"y":1030.2813873291016},"b2":{"x":1458.5076446533203,"y":1071.771987915039}},"310":{"from_node_id":"328","to_node_id":"330","b1":{"x":1407.4700469970703,"y":1034.2813873291016},"b2":{"x":1383.0901641845703,"y":1065.0501861572266}},"311":{"from_node_id":"326","to_node_id":"325","b1":{"x":1407.4700469970703,"y":906.2813873291016},"b2":{"x":1407.4700469970703,"y":852.0313873291016}},"312":{"from_node_id":"326","to_node_id":"331","b1":{"x":1407.4700469970703,"y":902.2813873291016},"b2":{"x":1389.4700469970703,"y":897.0313873291016}}}},"55":{"name":"L-alanine-D-glutamate-meso-2,6-diaminoheptanedioate-D-alanine exchange","bigg_id":"EX_LalaDgluMdapDala_e","reversibility":false,"label_x":-1248.2879486083984,"label_y":938.6464233398438,"gene_reaction_rule":"","genes":[],"metabolites":[{"bigg_id":"LalaDgluMdapDala_e","coefficient":-1}],"segments":{"313":{"from_node_id":"332","to_node_id":"333","b1":null,"b2":null},"314":{"from_node_id":"334","to_node_id":"333","b1":null,"b2":null},"315":{"from_node_id":"332","to_node_id":"241","b1":{"x":-1145.8574676513672,"y":965.8870239257812},"b2":{"x":-874.6974334716797,"y":965.8870239257812}}}},"56":{"name":"N-acetylmuramate 6-phosphate hydrolase","bigg_id":"ACM6PH","reversibility":false,"label_x":1835.000244140625,"label_y":-498,"gene_reaction_rule":"b2428","genes":[{"notes":{"original_bigg_ids":["b2428"]},"name":"murQ","bigg_id":"b2428"}],"metabolites":[{"bigg_id":"acgam6p_c","coefficient":1},{"bigg_id":"h2o_c","coefficient":-1},{"bigg_id":"lac__D_c","coefficient":1},{"bigg_id":"acmum6p_c","coefficient":-1}],"segments":{"316":{"from_node_id":"335","to_node_id":"336","b1":null,"b2":null},"317":{"from_node_id":"337","to_node_id":"336","b1":null,"b2":null},"318":{"from_node_id":"337","to_node_id":"338","b1":{"x":1820.000244140625,"y":-446},"b2":{"x":1826.000244140625,"y":-25.75}},"319":{"from_node_id":"335","to_node_id":"339","b1":{"x":1820.000244140625,"y":-574},"b2":{"x":1848.000244140625,"y":-595.25}},"320":{"from_node_id":"337","to_node_id":"340","b1":{"x":1820.000244140625,"y":-442},"b2":{"x":1852.000244140625,"y":-400.75}},"321":{"from_node_id":"335","to_node_id":"203","b1":{"x":1820.000244140625,"y":-570},"b2":{"x":1820.000244140625,"y":-978.25}}}}},"nodes":{"10":{"node_type":"metabolite","x":-1789.999755859375,"y":-399,"bigg_id":"murein4p4p_p","name":"Two linked disacharide tetrapeptide murein units (uncrosslinked, middle of chain)","label_x":-1854.799755859375,"label_y":-359,"node_is_primary":true},"11":{"node_type":"multimarker","x":-1634.999755859375,"y":-399},"12":{"node_type":"midmarker","x":-1614.999755859375,"y":-399},"13":{"node_type":"multimarker","x":-1594.999755859375,"y":-399},"14":{"node_type":"metabolite","x":-1439.999755859375,"y":-399,"bigg_id":"anhgm4p_p","name":"N-Acetyl-D-glucosamine(anhydrous)N-Acetylmuramyl-tetrapeptide","label_x":-1592.599755859375,"label_y":-355,"node_is_primary":true},"20":{"node_type":"metabolite","x":-1803.999755859375,"y":27,"bigg_id":"murein4p3p_p","name":"Two linked disacharide tetrapeptide and tripeptide murein units (uncrosslinked, middle of chain)","label_x":-1868.799755859375,"label_y":67,"node_is_primary":true},"21":{"node_type":"multimarker","x":-1654.999755859375,"y":27},"22":{"node_type":"midmarker","x":-1634.999755859375,"y":27},"23":{"node_type":"multimarker","x":-1614.999755859375,"y":27},"26":{"node_type":"metabolite","x":-1810.5537109375,"y":340.1741943359375,"bigg_id":"murein3p3p_p","name":"Two linked disacharide tripeptide murein units (uncrosslinked, middle of chain)","label_x":-1875.3537109375,"label_y":380.1741943359375,"node_is_primary":true},"27":{"node_type":"multimarker","x":-1655.5537109375,"y":340.1741943359375},"28":{"node_type":"midmarker","x":-1635.5537109375,"y":340.1741943359375},"29":{"node_type":"multimarker","x":-1615.5537109375,"y":340.1741943359375},"31":{"node_type":"metabolite","x":-1781.78466796875,"y":-804.5250244140625,"bigg_id":"murein4px4p4p_p","name":"Three disacharide linked murein units (tetrapeptide crosslinked tetrapeptide (A2pm->D-ala), one uncrosslinked tetrapaptide) (middle of chain)","label_x":-1862.78466796875,"label_y":-764.5250244140625,"node_is_primary":true},"32":{"node_type":"multimarker","x":-1626.78466796875,"y":-804.5250244140625},"33":{"node_type":"midmarker","x":-1606.78466796875,"y":-804.5250244140625},"34":{"node_type":"multimarker","x":-1586.78466796875,"y":-804.5250244140625},"37":{"node_type":"multimarker","x":-1984.999755859375,"y":-399},"38":{"node_type":"midmarker","x":-1964.999755859375,"y":-399},"39":{"node_type":"multimarker","x":-1944.999755859375,"y":-399},"40":{"node_type":"metabolite","x":-2139.999755859375,"y":-398.99999999999994,"bigg_id":"murein4px4p_p","name":"Two disacharide linked murein units, tetrapeptide corsslinked tetrapeptide (A2pm->D-ala) (middle of chain)","label_x":-2210.199755859375,"label_y":-358.99999999999994,"node_is_primary":true},"41":{"node_type":"metabolite","x":-2069.999755859375,"y":-479,"bigg_id":"h2o_p","name":"H2O","label_x":-2096.999755859375,"label_y":-499,"node_is_primary":false},"42":{"node_type":"multimarker","x":-1998.999755859375,"y":27.000000000000025},"43":{"node_type":"midmarker","x":-1978.999755859375,"y":27.00000000000002},"44":{"node_type":"multimarker","x":-1958.999755859375,"y":27.000000000000018},"45":{"node_type":"metabolite","x":-2083.999755859375,"y":-52.99999999999997,"bigg_id":"h2o_p","name":"H2O","label_x":-2110.999755859375,"label_y":-72.99999999999997,"node_is_primary":false},"46":{"node_type":"metabolite","x":-2153.999755859375,"y":27.000000000000043,"bigg_id":"murein3px4p_p","name":"Two disacharide linked murein units, tripeptide crosslinked tetrapeptide (A2pm->D-ala) (middle of chain)","label_x":-2224.199755859375,"label_y":67.00000000000004,"node_is_primary":true},"47":{"node_type":"multimarker","x":-2005.5537109375,"y":340.1741943359375},"48":{"node_type":"midmarker","x":-1985.5537109375,"y":340.1741943359375},"49":{"node_type":"multimarker","x":-1965.5537109375,"y":340.1741943359375},"50":{"node_type":"metabolite","x":-2090.5537109375,"y":260.1741943359375,"bigg_id":"h2o_p","name":"H2O","label_x":-2117.5537109375,"label_y":240.1741943359375,"node_is_primary":false},"51":{"node_type":"metabolite","x":-2160.5537109375,"y":340.1741943359375,"bigg_id":"murein3px3p_p","name":"Two disacharide linked murein units, tripeptide crosslinked tripeptide (A2pm->A2pm) (middle of chain)","label_x":-2230.7537109375,"label_y":380.1741943359375,"node_is_primary":true},"52":{"node_type":"multimarker","x":-1976.78466796875,"y":-804.5250244140625},"53":{"node_type":"midmarker","x":-1956.78466796875,"y":-804.5250244140625},"54":{"node_type":"multimarker","x":-1936.78466796875,"y":-804.5250244140625},"55":{"node_type":"metabolite","x":-2061.78466796875,"y":-884.5250244140625,"bigg_id":"h2o_p","name":"H2O","label_x":-2088.78466796875,"label_y":-904.5250244140625,"node_is_primary":false},"56":{"node_type":"metabolite","x":-2131.78466796875,"y":-804.5250244140625,"bigg_id":"murein4px4px4p_p","name":"Three disacharide linked murein units (tetrapeptide crosslinked tetrapeptide (A2pm->D-ala) & tetrapeptide corsslinked tetrapeptide (A2pm->D-ala)) (middle of chain)","label_x":-2218.18466796875,"label_y":-764.5250244140625,"node_is_primary":true},"57":{"node_type":"metabolite","x":-2078.0001220703125,"y":856.0640258789062,"bigg_id":"h2o_p","name":"H2O","label_x":-2104.2001220703123,"label_y":832.0640258789062,"node_is_primary":false},"58":{"node_type":"multimarker","x":-2001.0001220703125,"y":946.0640258789062},"59":{"node_type":"midmarker","x":-1981.0001220703125,"y":946.0640258789062},"60":{"node_type":"multimarker","x":-1961.0001220703125,"y":946.0640258789062},"61":{"node_type":"metabolite","x":-1806.0001220703125,"y":946.0640258789062,"bigg_id":"murein5p4p_p","name":"Two linked disacharide pentapeptide and tetrapeptide murein units (uncrosslinked, middle of chain)","label_x":-1870.8001220703125,"label_y":986.0640258789062,"node_is_primary":true},"62":{"node_type":"metabolite","x":-2156.0001220703125,"y":946.0640258789062,"bigg_id":"murein5px4p_p","name":"Two disacharide linked murein units, pentapeptide crosslinked tetrapeptide (A2pm->D-ala) (middle of chain)","label_x":-2225.9542236328125,"label_y":996.3409423828125,"node_is_primary":true},"63":{"node_type":"metabolite","x":-2092.31640625,"y":558.5256958007812,"bigg_id":"h2o_p","name":"H2O","label_x":-2116.51640625,"label_y":532.5256958007812,"node_is_primary":false},"64":{"node_type":"multimarker","x":-2009.31640625,"y":640.5256958007812},"65":{"node_type":"midmarker","x":-1989.31640625,"y":640.5256958007812},"66":{"node_type":"multimarker","x":-1969.31640625,"y":640.5256958007812},"67":{"node_type":"metabolite","x":-2164.31640625,"y":640.5256958007812,"bigg_id":"murein5px3p_p","name":"Two disacharide linked murein units, pentapeptide corsslinked tripeptide (A2pm->A2pm) (middle of chain)","label_x":-2225.31640625,"label_y":688.5256958007812,"node_is_primary":true},"68":{"node_type":"metabolite","x":-1814.31640625,"y":640.5256958007812,"bigg_id":"murein5p3p_p","name":"Two linked disacharide pentapeptide and tripeptide murein units (uncrosslinked, middle of chain)","label_x":-1879.11640625,"label_y":680.5256958007812,"node_is_primary":true},"69":{"node_type":"multimarker","x":-1136.999755859375,"y":-625},"70":{"node_type":"midmarker","x":-1116.999755859375,"y":-625},"71":{"node_type":"multimarker","x":-1096.999755859375,"y":-625},"72":{"node_type":"metabolite","x":-1221.999755859375,"y":-545,"bigg_id":"h2o_p","name":"H2O","label_x":-1248.999755859375,"label_y":-505,"node_is_primary":false},"73":{"node_type":"metabolite","x":-827.999755859375,"y":-625,"bigg_id":"anhgm_p","name":"N-Acetyl-D-glucosamine(anhydrous)N-Acetylmuramic acid","label_x":-865.799755859375,"label_y":-585,"node_is_primary":true},"75":{"node_type":"multimarker","x":-1154.999755859375,"y":-403},"76":{"node_type":"midmarker","x":-1134.999755859375,"y":-403},"77":{"node_type":"multimarker","x":-1114.999755859375,"y":-403},"78":{"node_type":"metabolite","x":-1239.999755859375,"y":-323,"bigg_id":"h2o_p","name":"H2O","label_x":-1266.999755859375,"label_y":-283,"node_is_primary":false},"79":{"node_type":"metabolite","x":-1029.999755859375,"y":-323,"bigg_id":"ala__D_p","name":"D-Alanine","label_x":-1073.199755859375,"label_y":-283,"node_is_primary":false},"81":{"node_type":"multimarker","x":-1180.999755859375,"y":-199},"82":{"node_type":"midmarker","x":-1160.999755859375,"y":-199},"83":{"node_type":"multimarker","x":-1140.999755859375,"y":-199},"84":{"node_type":"metabolite","x":92.000244140625,"y":-219,"bigg_id":"anhgm4p_c","name":"N-Acetyl-D-glucosamine(anhydrous)N-Acetylmuramyl-tetrapeptide","label_x":-10.599755859374909,"label_y":-173,"node_is_primary":true},"85":{"node_type":"metabolite","x":-1055.999755859375,"y":-119,"bigg_id":"h_c","name":"H+","label_x":-1072.199755859375,"label_y":-79,"node_is_primary":false},"86":{"node_type":"metabolite","x":-1265.999755859375,"y":-119,"bigg_id":"h_p","name":"H+","label_x":-1282.199755859375,"label_y":-79,"node_is_primary":false},"87":{"node_type":"multimarker","x":-476.999755859375,"y":-625},"88":{"node_type":"midmarker","x":-496.999755859375,"y":-625},"89":{"node_type":"multimarker","x":-516.999755859375,"y":-625},"90":{"node_type":"metabolite","x":-391.999755859375,"y":-545,"bigg_id":"h2o_p","name":"H2O","label_x":-418.999755859375,"label_y":-505,"node_is_primary":false},"92":{"node_type":"metabolite","x":-263.999755859375,"y":-627,"bigg_id":"anhgm3p_p","name":"N-Acetyl-D-glucosamine(anhydrous)N-Acetylmuramyl-tripeptide","label_x":-315.40989074707034,"label_y":-666.5695190429688,"node_is_primary":true},"93":{"node_type":"multimarker","x":-108.999755859375,"y":-627},"94":{"node_type":"midmarker","x":-88.999755859375,"y":-627},"95":{"node_type":"multimarker","x":-68.999755859375,"y":-627},"96":{"node_type":"metabolite","x":-193.999755859375,"y":-547,"bigg_id":"h_p","name":"H+","label_x":-210.199755859375,"label_y":-507,"node_is_primary":false},"97":{"node_type":"metabolite","x":94.000244140625,"y":-627,"bigg_id":"anhgm3p_c","name":"N-Acetyl-D-glucosamine(anhydrous)N-Acetylmuramyl-tripeptide","label_x":109.400244140625,"label_y":-575,"node_is_primary":true},"98":{"node_type":"metabolite","x":16.000244140625,"y":-547,"bigg_id":"h_c","name":"H+","label_x":-0.19975585937498863,"label_y":-507,"node_is_primary":false},"99":{"node_type":"multimarker","x":-366.999755859375,"y":-1039},"100":{"node_type":"midmarker","x":-346.999755859375,"y":-1039},"101":{"node_type":"multimarker","x":-326.999755859375,"y":-1039},"102":{"node_type":"metabolite","x":-451.999755859375,"y":-959,"bigg_id":"h_p","name":"H+","label_x":-468.19975585937505,"label_y":-919,"node_is_primary":false},"103":{"node_type":"metabolite","x":94.000244140625,"y":-1039,"bigg_id":"anhgm_c","name":"N-Acetyl-D-glucosamine(anhydrous)N-Acetylmuramic acid","label_x":-41.799755859374955,"label_y":-991,"node_is_primary":true},"104":{"node_type":"metabolite","x":-241.999755859375,"y":-959,"bigg_id":"h_c","name":"H+","label_x":-258.19975585937505,"label_y":-919,"node_is_primary":false},"105":{"node_type":"multimarker","x":-827.999755859375,"y":-820},"106":{"node_type":"midmarker","x":-827.999755859375,"y":-800},"107":{"node_type":"multimarker","x":-827.999755859375,"y":-780},"108":{"node_type":"metabolite","x":-827.999755859375,"y":-975,"bigg_id":"anhgm_e","name":"N-Acetyl-D-glucosamine(anhydrous)N-Acetylmuramic acid","label_x":-802.999755859375,"label_y":-975,"node_is_primary":true},"109":{"node_type":"multimarker","x":-827.999755859375,"y":-1130},"110":{"node_type":"midmarker","x":-827.999755859375,"y":-1150},"111":{"node_type":"multimarker","x":-827.999755859375,"y":-1170},"124":{"node_type":"multimarker","x":791.000244140625,"y":-225},"125":{"node_type":"midmarker","x":811.000244140625,"y":-225},"126":{"node_type":"multimarker","x":831.000244140625,"y":-225},"128":{"node_type":"metabolite","x":1152.000244140625,"y":-231,"bigg_id":"anhm4p_c","name":"1,6-anhydrous-N-Acetylmuramyl-tetrapeptide","label_x":1108.800244140625,"label_y":-191,"node_is_primary":true},"129":{"node_type":"metabolite","x":706.000244140625,"y":-145,"bigg_id":"h2o_c","name":"H2O","label_x":679.000244140625,"label_y":-105,"node_is_primary":false},"130":{"node_type":"multimarker","x":92.000244140625,"y":-414},"131":{"node_type":"midmarker","x":92.000244140625,"y":-434},"132":{"node_type":"multimarker","x":92.000244140625,"y":-454},"133":{"node_type":"metabolite","x":172.000244140625,"y":-329,"bigg_id":"h2o_c","name":"H2O","label_x":139.15243530273438,"label_y":-290.7217712402344,"node_is_primary":false},"134":{"node_type":"metabolite","x":172.000244140625,"y":-525,"bigg_id":"ala__D_c","name":"D-Alanine","label_x":187.000244140625,"label_y":-525,"node_is_primary":false},"136":{"node_type":"multimarker","x":546.8349609375,"y":-491.87554931640625},"137":{"node_type":"midmarker","x":546.8349609375,"y":-511.87554931640625},"138":{"node_type":"multimarker","x":546.8349609375,"y":-531.8755493164062},"139":{"node_type":"metabolite","x":626.8349609375,"y":-406.87554931640625,"bigg_id":"h2o_c","name":"H2O","label_x":641.8349609375,"label_y":-406.87554931640625,"node_is_primary":false},"154":{"node_type":"multimarker","x":92.000244140625,"y":-820},"155":{"node_type":"midmarker","x":92.000244140625,"y":-840},"156":{"node_type":"multimarker","x":92.000244140625,"y":-860},"158":{"node_type":"metabolite","x":172.000244140625,"y":-735,"bigg_id":"h2o_c","name":"H2O","label_x":187.000244140625,"label_y":-735,"node_is_primary":false},"160":{"node_type":"multimarker","x":815.000244140625,"y":-633},"161":{"node_type":"midmarker","x":835.000244140625,"y":-633},"162":{"node_type":"multimarker","x":855.000244140625,"y":-633},"164":{"node_type":"metabolite","x":730.000244140625,"y":-553,"bigg_id":"h2o_c","name":"H2O","label_x":703.000244140625,"label_y":-513,"node_is_primary":false},"165":{"node_type":"metabolite","x":1156.000244140625,"y":-635,"bigg_id":"anhm3p_c","name":"1,6-anhydrous-N-Acetylmuramyl-tripeptide","label_x":1042.800244140625,"label_y":-655,"node_is_primary":true},"166":{"node_type":"multimarker","x":817.000244140625,"y":-1035},"167":{"node_type":"midmarker","x":837.000244140625,"y":-1035},"168":{"node_type":"multimarker","x":857.000244140625,"y":-1035},"169":{"node_type":"metabolite","x":1156.000244140625,"y":-1037,"bigg_id":"anhm_c","name":"1,6-anhydrous-N-Acetylmuramate","label_x":1113.600244140625,"label_y":-1071,"node_is_primary":true},"170":{"node_type":"metabolite","x":1160.000244140625,"y":39,"bigg_id":"acgam_c","name":"N-Acetyl-D-glucosamine","label_x":1122.200244140625,"label_y":79,"node_is_primary":true},"171":{"node_type":"metabolite","x":732.000244140625,"y":-955,"bigg_id":"h2o_c","name":"H2O","label_x":705.000244140625,"label_y":-915,"node_is_primary":false},"178":{"node_type":"multimarker","x":1156.000244140625,"y":-842},"179":{"node_type":"midmarker","x":1156.000244140625,"y":-862},"180":{"node_type":"multimarker","x":1156.000244140625,"y":-882},"181":{"node_type":"metabolite","x":1246.000244140625,"y":-771,"bigg_id":"h2o_c","name":"H2O","label_x":1201.000244140625,"label_y":-741,"node_is_primary":false},"184":{"node_type":"multimarker","x":1152.000244140625,"y":-428},"185":{"node_type":"midmarker","x":1152.000244140625,"y":-448},"186":{"node_type":"multimarker","x":1152.000244140625,"y":-468},"187":{"node_type":"metabolite","x":1232.000244140625,"y":-343,"bigg_id":"h2o_c","name":"H2O","label_x":1247.000244140625,"label_y":-343,"node_is_primary":false},"188":{"node_type":"metabolite","x":1232.000244140625,"y":-553,"bigg_id":"ala__D_c","name":"D-Alanine","label_x":1247.000244140625,"label_y":-553,"node_is_primary":false},"190":{"node_type":"multimarker","x":1499.139404296875,"y":-507.9247131347656},"191":{"node_type":"midmarker","x":1499.139404296875,"y":-527.9247131347656},"192":{"node_type":"multimarker","x":1499.139404296875,"y":-547.9247131347656},"195":{"node_type":"metabolite","x":1579.139404296875,"y":-422.9247131347656,"bigg_id":"h2o_c","name":"H2O","label_x":1594.139404296875,"label_y":-422.9247131347656,"node_is_primary":false},"196":{"node_type":"multimarker","x":1581.000244140625,"y":-1037},"197":{"node_type":"midmarker","x":1601.000244140625,"y":-1037},"198":{"node_type":"multimarker","x":1621.000244140625,"y":-1037},"199":{"node_type":"metabolite","x":1496.000244140625,"y":-1117,"bigg_id":"h2o_c","name":"H2O","label_x":1469.000244140625,"label_y":-1137,"node_is_primary":false},"200":{"node_type":"metabolite","x":1496.000244140625,"y":-957,"bigg_id":"atp_c","name":"ATP","label_x":1469.000244140625,"label_y":-917,"node_is_primary":false},"201":{"node_type":"metabolite","x":1706.000244140625,"y":-1117,"bigg_id":"h_c","name":"H+","label_x":1689.800244140625,"label_y":-1137,"node_is_primary":false},"202":{"node_type":"metabolite","x":1706.000244140625,"y":-957,"bigg_id":"adp_c","name":"ADP","label_x":1679.000244140625,"label_y":-917,"node_is_primary":false},"203":{"node_type":"metabolite","x":1820.000244140625,"y":-1037,"bigg_id":"acmum6p_c","name":"N-acetylmuramate 6-phosphate","label_x":1761.400244140625,"label_y":-1075,"node_is_primary":true},"204":{"node_type":"metabolite","x":310.0525665283203,"y":389.88702392578125,"bigg_id":"h2o_c","name":"H2O","label_x":283.0525665283203,"label_y":429.88702392578125,"node_is_primary":false},"205":{"node_type":"multimarker","x":395.0525665283203,"y":309.88702392578125},"206":{"node_type":"midmarker","x":415.0525665283203,"y":309.88702392578125},"207":{"node_type":"multimarker","x":435.0525665283203,"y":309.88702392578125},"208":{"node_type":"metabolite","x":196.0525665283203,"y":311.88702392578125,"bigg_id":"LalaDgluMdap_p","name":"L-alanine-D-glutamate-meso-2,6-diaminoheptanedioate","label_x":132.50967407226562,"label_y":358.8822326660156,"node_is_primary":true},"209":{"node_type":"metabolite","x":310.0525665283203,"y":229.88702392578125,"bigg_id":"atp_c","name":"ATP","label_x":234.4525665283203,"label_y":209.88702392578125,"node_is_primary":false},"210":{"node_type":"metabolite","x":520.0525665283203,"y":229.88702392578125,"bigg_id":"h_c","name":"H+","label_x":503.85256652832027,"label_y":209.88702392578125,"node_is_primary":false},"211":{"node_type":"metabolite","x":520.0525665283203,"y":389.88702392578125,"bigg_id":"adp_c","name":"ADP","label_x":519.0525665283203,"label_y":429.88702392578125,"node_is_primary":false},"213":{"node_type":"metabolite","x":500.0525665283203,"y":469.88702392578125,"bigg_id":"pi_c","name":"Phosphate","label_x":478.4525665283203,"label_y":509.88702392578125,"node_is_primary":false},"214":{"node_type":"metabolite","x":310.0525665283203,"y":677.8870239257812,"bigg_id":"h2o_c","name":"H2O","label_x":240.85256652832027,"label_y":715.8870239257812,"node_is_primary":false},"215":{"node_type":"multimarker","x":395.0525665283203,"y":597.8870239257812},"216":{"node_type":"midmarker","x":415.0525665283203,"y":597.8870239257812},"217":{"node_type":"multimarker","x":435.0525665283203,"y":597.8870239257812},"218":{"node_type":"metabolite","x":520.0525665283203,"y":677.8870239257812,"bigg_id":"ala__D_c","name":"D-Alanine","label_x":476.85256652832027,"label_y":717.8870239257812,"node_is_primary":false},"220":{"node_type":"metabolite","x":816.6090240478516,"y":451.12762451171875,"bigg_id":"LalaDgluMdap_c","name":"L-alanine-D-glutamate-meso-2,6-diaminoheptanedioate","label_x":855.6670440673829,"label_y":430.2667236328125,"node_is_primary":true},"221":{"node_type":"metabolite","x":-228.4024658203125,"y":391.50732421875,"bigg_id":"h2o_p","name":"H2O","label_x":-266.403125,"label_y":424.6766052246094,"node_is_primary":false},"222":{"node_type":"multimarker","x":-143.4024658203125,"y":311.50732421875},"223":{"node_type":"midmarker","x":-123.4024658203125,"y":311.50732421875},"224":{"node_type":"multimarker","x":-103.4024658203125,"y":311.50732421875},"225":{"node_type":"metabolite","x":-18.4024658203125,"y":391.50732421875,"bigg_id":"ala__D_p","name":"D-Alanine","label_x":-61.602465820312545,"label_y":431.50732421875,"node_is_primary":false},"228":{"node_type":"metabolite","x":-297.41552925109863,"y":889.8870239257812,"bigg_id":"h2o_c","name":"H2O","label_x":-324.41552925109863,"label_y":869.8870239257812,"node_is_primary":false},"229":{"node_type":"multimarker","x":-212.41552925109863,"y":969.8870239257812},"230":{"node_type":"midmarker","x":-192.41552925109863,"y":969.8870239257812},"231":{"node_type":"multimarker","x":-172.41552925109863,"y":969.8870239257812},"232":{"node_type":"metabolite","x":-297.41552925109863,"y":1049.8870239257812,"bigg_id":"atp_c","name":"ATP","label_x":-330.81845970153813,"label_y":1086.6972045898438,"node_is_primary":false},"233":{"node_type":"metabolite","x":78.05256652832031,"y":967.8870239257812,"bigg_id":"LalaDgluMdapDala_c","name":"L-alanine-D-glutamate-meso-2,6-diaminoheptanedioate-D-alanine","label_x":-22.337313842773483,"label_y":1014.2667846679688,"node_is_primary":true},"234":{"node_type":"metabolite","x":-479.9474334716797,"y":967.8870239257812,"bigg_id":"LalaDgluMdapDala_p","name":"L-alanine-D-glutamate-meso-2,6-diaminoheptanedioate-D-alanine","label_x":-583.50390625,"label_y":1014.2666625976562,"node_is_primary":true},"235":{"node_type":"metabolite","x":-87.41552925109863,"y":889.8870239257812,"bigg_id":"h_c","name":"H+","label_x":-103.61552925109868,"label_y":869.8870239257812,"node_is_primary":false},"236":{"node_type":"metabolite","x":-87.41552925109863,"y":1049.8870239257812,"bigg_id":"adp_c","name":"ADP","label_x":-96.41552925109863,"label_y":1087.8870239257812,"node_is_primary":false},"237":{"node_type":"metabolite","x":-107.41552925109863,"y":1129.8870239257812,"bigg_id":"pi_c","name":"Phosphate","label_x":-129.01552925109866,"label_y":1169.8870239257812,"node_is_primary":false},"238":{"node_type":"multimarker","x":-660.9474334716797,"y":965.8870239257812},"239":{"node_type":"midmarker","x":-640.9474334716797,"y":965.8870239257812},"240":{"node_type":"multimarker","x":-620.9474334716797,"y":965.8870239257812},"241":{"node_type":"metabolite","x":-815.9474334716797,"y":965.8870239257812,"bigg_id":"LalaDgluMdapDala_e","name":"L-alanine-D-glutamate-meso-2,6-diaminoheptanedioate-D-alanine","label_x":-906.7677337646485,"label_y":1012.2667846679688,"node_is_primary":true},"242":{"node_type":"multimarker","x":283.0525665283203,"y":965.8870239257812},"243":{"node_type":"midmarker","x":303.0525665283203,"y":965.8870239257812},"244":{"node_type":"multimarker","x":323.0525665283203,"y":965.8870239257812},"245":{"node_type":"metabolite","x":198.0525665283203,"y":885.8870239257812,"bigg_id":"atp_c","name":"ATP","label_x":171.0525665283203,"label_y":865.8870239257812,"node_is_primary":false},"246":{"node_type":"metabolite","x":198.0525665283203,"y":1045.8870239257812,"bigg_id":"uamr_c","name":"UDP-N-acetylmuramate","label_x":165.65256652832022,"label_y":1085.8870239257812,"node_is_primary":false},"247":{"node_type":"metabolite","x":478.0525665283203,"y":965.8870239257812,"bigg_id":"um4p_c","name":"UDP-N-acetylmuramoyl-L-alanyl-D-gamma-glutamyl-meso-2,6-diaminopimelate-D-alanine","label_x":445.6525665283202,"label_y":1005.8870239257812,"node_is_primary":true},"248":{"node_type":"metabolite","x":408.0525665283203,"y":885.8870239257812,"bigg_id":"h_c","name":"H+","label_x":391.85256652832027,"label_y":865.8870239257812,"node_is_primary":false},"249":{"node_type":"metabolite","x":408.0525665283203,"y":1045.8870239257812,"bigg_id":"adp_c","name":"ADP","label_x":393.0525665283203,"label_y":1079.8870239257812,"node_is_primary":false},"250":{"node_type":"metabolite","x":388.0525665283203,"y":1125.8870239257812,"bigg_id":"pi_c","name":"Phosphate","label_x":366.4525665283204,"label_y":1165.8870239257812,"node_is_primary":false},"251":{"node_type":"multimarker","x":633.0525665283203,"y":965.8870239257812},"252":{"node_type":"midmarker","x":653.0525665283203,"y":965.8870239257812},"253":{"node_type":"multimarker","x":673.0525665283203,"y":965.8870239257812},"254":{"node_type":"metabolite","x":548.0525665283203,"y":1045.8870239257812,"bigg_id":"h2o_c","name":"H2O","label_x":521.0525665283203,"label_y":1085.8870239257812,"node_is_primary":false},"255":{"node_type":"metabolite","x":758.0525665283203,"y":1045.8870239257812,"bigg_id":"ala__D_c","name":"D-Alanine","label_x":714.8525665283203,"label_y":1085.8870239257812,"node_is_primary":false},"256":{"node_type":"metabolite","x":828.0525665283203,"y":965.8870239257812,"bigg_id":"ugmd_c","name":"UDP-N-acetylmuramoyl-L-alanyl-D-gamma-glutamyl-meso-2,6-diaminopimelate","label_x":727.6525665283202,"label_y":945.8870239257812,"node_is_primary":true},"274":{"node_type":"metabolite","x":1029.5208282470703,"y":525.2813873291016,"bigg_id":"h2o_c","name":"H2O","label_x":950.7308868408204,"label_y":530.1929473876953,"node_is_primary":false},"275":{"node_type":"multimarker","x":1114.5208282470703,"y":445.28138732910156},"276":{"node_type":"midmarker","x":1134.5208282470703,"y":445.28138732910156},"277":{"node_type":"multimarker","x":1154.5208282470703,"y":445.28138732910156},"278":{"node_type":"metabolite","x":1407.4700469970703,"y":443.28138732910156,"bigg_id":"LalaDglu_c","name":"L-alanine-D-glutamate","label_x":1350.2802276611328,"label_y":409.9147491455078,"node_is_primary":true},"280":{"node_type":"metabolite","x":1239.5208282470703,"y":525.2813873291016,"bigg_id":"26dap__M_c","name":"Meso-2,6-Diaminoheptanedioate","label_x":1185.5208282470703,"label_y":565.2813873291016,"node_is_primary":false},"286":{"node_type":"metabolite","x":827.2439575195312,"y":1322.21728515625,"bigg_id":"h2o_c","name":"H2O","label_x":784.0439575195312,"label_y":1362.21728515625,"node_is_primary":false},"287":{"node_type":"multimarker","x":912.2439575195312,"y":1242.21728515625},"288":{"node_type":"midmarker","x":932.2439575195312,"y":1242.21728515625},"289":{"node_type":"multimarker","x":952.2439575195312,"y":1242.21728515625},"290":{"node_type":"metabolite","x":1107.2439575195312,"y":1242.21728515625,"bigg_id":"ala__D_c","name":"D-Alanine","label_x":1064.0439575195312,"label_y":1282.21728515625,"node_is_primary":true},"291":{"node_type":"metabolite","x":757.2439575195312,"y":1242.21728515625,"bigg_id":"alaala_c","name":"D-Alanyl-D-alanine","label_x":730.2439575195312,"label_y":1282.21728515625,"node_is_primary":true},"293":{"node_type":"multimarker","x":1405.000244140625,"y":37},"294":{"node_type":"midmarker","x":1425.000244140625,"y":37},"295":{"node_type":"multimarker","x":1445.000244140625,"y":37},"297":{"node_type":"metabolite","x":1530.000244140625,"y":-43,"bigg_id":"h_c","name":"H+","label_x":1513.800244140625,"label_y":-63,"node_is_primary":false},"298":{"node_type":"metabolite","x":1320.000244140625,"y":117,"bigg_id":"atp_c","name":"ATP","label_x":1293.000244140625,"label_y":157,"node_is_primary":false},"299":{"node_type":"metabolite","x":1530.000244140625,"y":117,"bigg_id":"adp_c","name":"ADP","label_x":1503.000244140625,"label_y":157,"node_is_primary":false},"300":{"node_type":"multimarker","x":819.7989654541016,"y":679.4942626953125},"301":{"node_type":"midmarker","x":819.7989654541016,"y":699.4942626953125},"302":{"node_type":"multimarker","x":819.7989654541016,"y":719.4942626953125},"303":{"node_type":"metabolite","x":899.7989654541016,"y":594.4942626953125,"bigg_id":"atp_c","name":"ATP","label_x":914.7989654541016,"label_y":594.4942626953125,"node_is_primary":false},"304":{"node_type":"metabolite","x":739.7989654541016,"y":594.4942626953125,"bigg_id":"uamr_c","name":"UDP-N-acetylmuramate","label_x":685.7989654541016,"label_y":624.4942626953125,"node_is_primary":false},"305":{"node_type":"metabolite","x":899.7989654541016,"y":804.4942626953125,"bigg_id":"h_c","name":"H+","label_x":914.7989654541016,"label_y":804.4942626953125,"node_is_primary":false},"306":{"node_type":"metabolite","x":739.7989654541016,"y":804.4942626953125,"bigg_id":"adp_c","name":"ADP","label_x":694.7989654541016,"label_y":834.4942626953125,"node_is_primary":false},"307":{"node_type":"metabolite","x":659.7989654541016,"y":784.4942626953125,"bigg_id":"pi_c","name":"Phosphate","label_x":623.7989654541016,"label_y":814.4942626953125,"node_is_primary":false},"309":{"node_type":"multimarker","x":1736.0249786376953,"y":641.4712066650391},"310":{"node_type":"midmarker","x":1736.0249786376953,"y":621.4712066650391},"311":{"node_type":"multimarker","x":1736.0249786376953,"y":601.4712066650391},"312":{"node_type":"metabolite","x":1736.0249786376953,"y":796.4712066650391,"bigg_id":"LalaDglu_p","name":"L-alanine-D-glutamate","label_x":1761.0249786376953,"label_y":796.4712066650391,"node_is_primary":true},"313":{"node_type":"metabolite","x":1656.0249786376953,"y":516.4712066650391,"bigg_id":"h_c","name":"H+","label_x":1629.0249786376953,"label_y":546.4712066650391,"node_is_primary":false},"314":{"node_type":"metabolite","x":1656.0249786376953,"y":726.4712066650391,"bigg_id":"h_p","name":"H+","label_x":1629.0249786376953,"label_y":756.4712066650391,"node_is_primary":false},"315":{"node_type":"multimarker","x":1736.0249786376953,"y":991.4712066650391},"316":{"node_type":"midmarker","x":1736.0249786376953,"y":971.4712066650391},"317":{"node_type":"multimarker","x":1736.0249786376953,"y":951.4712066650391},"318":{"node_type":"metabolite","x":1736.0249786376953,"y":1146.471206665039,"bigg_id":"LalaDglu_e","name":"L-alanine-D-glutamate","label_x":1761.0249786376953,"label_y":1146.471206665039,"node_is_primary":true},"319":{"node_type":"multimarker","x":1736.0249786376953,"y":1301.471206665039},"320":{"node_type":"midmarker","x":1736.0249786376953,"y":1321.471206665039},"321":{"node_type":"multimarker","x":1736.0249786376953,"y":1341.471206665039},"322":{"node_type":"multimarker","x":1407.4700469970703,"y":598.2813873291016},"323":{"node_type":"midmarker","x":1407.4700469970703,"y":618.2813873291016},"324":{"node_type":"multimarker","x":1407.4700469970703,"y":638.2813873291016},"325":{"node_type":"metabolite","x":1407.4700469970703,"y":793.2813873291016,"bigg_id":"LalaLglu_c","name":"L-alanine-L-glutamate","label_x":1432.4700469970703,"label_y":793.2813873291016,"node_is_primary":true},"326":{"node_type":"multimarker","x":1407.4700469970703,"y":948.2813873291016},"327":{"node_type":"midmarker","x":1407.4700469970703,"y":968.2813873291016},"328":{"node_type":"multimarker","x":1407.4700469970703,"y":988.2813873291016},"329":{"node_type":"metabolite","x":1484.0264434814453,"y":1127.3321685791016,"bigg_id":"glu__L_c","name":"L-Glutamate","label_x":1451.6090850830078,"label_y":1168.800308227539,"node_is_primary":true},"330":{"node_type":"metabolite","x":1359.3684844970703,"y":1124.3189849853516,"bigg_id":"ala__L_c","name":"L-Alanine","label_x":1312.8872833251953,"label_y":1170.2682037353516,"node_is_primary":true},"331":{"node_type":"metabolite","x":1327.4700469970703,"y":863.2813873291016,"bigg_id":"h2o_c","name":"H2O","label_x":1282.4700469970703,"label_y":893.2813873291016,"node_is_primary":false},"332":{"node_type":"multimarker","x":-1187.8574676513672,"y":965.8870239257812},"333":{"node_type":"midmarker","x":-1207.8574676513672,"y":965.8870239257812},"334":{"node_type":"multimarker","x":-1227.8574676513672,"y":965.8870239257812},"335":{"node_type":"multimarker","x":1820.000244140625,"y":-528},"336":{"node_type":"midmarker","x":1820.000244140625,"y":-508},"337":{"node_type":"multimarker","x":1820.000244140625,"y":-488},"338":{"node_type":"metabolite","x":1826.000244140625,"y":33,"bigg_id":"acgam6p_c","name":"N-Acetyl-D-glucosamine 6-phosphate","label_x":1851.000244140625,"label_y":33,"node_is_primary":true},"339":{"node_type":"metabolite","x":1900.000244140625,"y":-621,"bigg_id":"h2o_c","name":"H2O","label_x":1865.000244140625,"label_y":-653,"node_is_primary":false},"340":{"node_type":"metabolite","x":1914.000244140625,"y":-379,"bigg_id":"lac__D_c","name":"D-Lactate","label_x":1864.000244140625,"label_y":-343,"node_is_primary":false}},"text_labels":{"1":{"x":-642.3563804626465,"y":-1264.95068359375,"text":"MUREIN RECYCLING SUBSYSTEM (PLUS)"},"2":{"x":1667.4002685546875,"y":107,"text":"To Alternate"},"3":{"x":1677.4002685546875,"y":219,"text":"Subsystem"},"4":{"x":1593.4002685546875,"y":163,"text":"Carbon  Metabolism "},"6":{"x":873.4002685546875,"y":973,"text":"Lipid I"},"7":{"x":837.4002685546875,"y":1027,"text":"Precursor"}},"canvas":{"x":-2316.841552734375,"y":-1507.716796875,"width":4403.901123046875,"height":2912.152587890625}}]