[{"map_name":"new_map","map_id":"h9XYQe9api1N","map_description":"\nLast Modified Thu Oct 05 2017 07:40:05 GMT-0600 (Mountain Daylight Time)","homepage":"https://escher.github.io","schema":"https://escher.github.io/escher/jsonschema/1-0-0#"},{"reactions":{"1":{"name":"O-succinylhomoserine lyase (L-cysteine)","bigg_id":"SHSL1","reversibility":false,"label_x":98.41889953613281,"label_y":683.4523620605469,"gene_reaction_rule":"b3939","genes":[{"notes":{"original_bigg_ids":["b3939"]},"name":"metB","bigg_id":"b3939"}],"metabolites":[{"bigg_id":"cys__L_c","coefficient":-1},{"bigg_id":"succ_c","coefficient":1},{"bigg_id":"suchms_c","coefficient":-1},{"bigg_id":"h_c","coefficient":1},{"bigg_id":"cyst__L_c","coefficient":1}],"segments":{"7":{"from_node_id":"9","to_node_id":"10","b1":null,"b2":null},"8":{"from_node_id":"11","to_node_id":"10","b1":null,"b2":null},"9":{"from_node_id":"9","to_node_id":"8","b1":{"x":94.9998779296875,"y":701.9999084472656},"b2":{"x":-47.2501220703125,"y":705.9999084472656}},"10":{"from_node_id":"11","to_node_id":"12","b1":{"x":222.9998779296875,"y":701.9999084472656},"b2":{"x":228.2498779296875,"y":683.9999084472656}},"11":{"from_node_id":"9","to_node_id":"13","b1":{"x":90.9998779296875,"y":701.9999084472656},"b2":{"x":85.7498779296875,"y":719.9999084472656}},"12":{"from_node_id":"11","to_node_id":"14","b1":{"x":222.9998779296875,"y":701.9999084472656},"b2":{"x":228.2498779296875,"y":719.9999084472656}},"13":{"from_node_id":"11","to_node_id":"15","b1":{"x":218.9998779296875,"y":701.9999084472656},"b2":{"x":273.2498779296875,"y":701.9999084472656}}}},"2":{"name":"Cystathionine b-lyase","bigg_id":"CYSTL","reversibility":false,"label_x":454.8546447753906,"label_y":683.4523620605469,"gene_reaction_rule":"b1622 or b3008","genes":[{"notes":{"original_bigg_ids":["b1622"]},"name":"malY","bigg_id":"b1622"},{"notes":{"original_bigg_ids":["b3008"]},"name":"metC","bigg_id":"b3008"}],"metabolites":[{"bigg_id":"hcys__L_c","coefficient":1},{"bigg_id":"h2o_c","coefficient":-1},{"bigg_id":"pyr_c","coefficient":1},{"bigg_id":"cyst__L_c","coefficient":-1},{"bigg_id":"nh4_c","coefficient":1}],"segments":{"14":{"from_node_id":"16","to_node_id":"17","b1":null,"b2":null},"15":{"from_node_id":"18","to_node_id":"17","b1":null,"b2":null},"16":{"from_node_id":"18","to_node_id":"19","b1":{"x":568.9998779296875,"y":701.9999084472656},"b2":{"x":707.2499084472656,"y":701.9999084472656}},"17":{"from_node_id":"16","to_node_id":"20","b1":{"x":440.9998779296875,"y":701.9999084472656},"b2":{"x":435.7498779296875,"y":719.9999084472656}},"18":{"from_node_id":"18","to_node_id":"21","b1":{"x":572.9998779296875,"y":701.9999084472656},"b2":{"x":578.2498779296875,"y":683.9999084472656}},"19":{"from_node_id":"16","to_node_id":"15","b1":{"x":444.9998779296875,"y":701.9999084472656},"b2":{"x":390.7498779296875,"y":701.9999084472656}},"20":{"from_node_id":"18","to_node_id":"22","b1":{"x":572.9998779296875,"y":701.9999084472656},"b2":{"x":578.2498779296875,"y":719.9999084472656}}}},"3":{"name":"Methionine synthase","bigg_id":"METS","reversibility":false,"label_x":1294.9999079704285,"label_y":661.9999084472656,"gene_reaction_rule":"b4019 or b3829","genes":[{"notes":{"original_bigg_ids":["b4019"]},"name":"metH","bigg_id":"b4019"},{"notes":{"original_bigg_ids":["b3829"]},"name":"metE","bigg_id":"b3829"}],"metabolites":[{"bigg_id":"hcys__L_c","coefficient":-1},{"bigg_id":"5mthf_c","coefficient":-1},{"bigg_id":"thf_c","coefficient":1},{"bigg_id":"met__L_c","coefficient":1},{"bigg_id":"h_c","coefficient":1}],"segments":{"21":{"from_node_id":"23","to_node_id":"24","b1":null,"b2":null},"22":{"from_node_id":"25","to_node_id":"24","b1":null,"b2":null},"23":{"from_node_id":"23","to_node_id":"19","b1":{"x":1270.9999079704285,"y":689.9999084472656},"b2":{"x":824.7499084472656,"y":701.9999084472656}},"24":{"from_node_id":"23","to_node_id":"26","b1":{"x":1266.9999079704285,"y":689.9999084472656},"b2":{"x":1261.7499079704285,"y":707.9999084472656}},"25":{"from_node_id":"25","to_node_id":"27","b1":{"x":1398.9999079704285,"y":689.9999084472656},"b2":{"x":1408.2499079704285,"y":707.9999084472656}},"26":{"from_node_id":"25","to_node_id":"28","b1":{"x":1394.9999079704285,"y":689.9999084472656},"b2":{"x":1908.7681354174383,"y":679.5164673199045}},"27":{"from_node_id":"25","to_node_id":"29","b1":{"x":1398.9999079704285,"y":689.9999084472656},"b2":{"x":1404.2499079704285,"y":671.9999084472656}}}},"10":{"name":"Homoserine O-succinyltransferase","bigg_id":"HSST","reversibility":false,"label_x":66.9998779296875,"label_y":966.9999084472656,"gene_reaction_rule":"b4013","genes":[{"notes":{"original_bigg_ids":["b4013"]},"name":"metA","bigg_id":"b4013"}],"metabolites":[{"bigg_id":"hom__L_c","coefficient":-1},{"bigg_id":"coa_c","coefficient":1},{"bigg_id":"suchms_c","coefficient":1},{"bigg_id":"succoa_c","coefficient":-1}],"segments":{"64":{"from_node_id":"66","to_node_id":"67","b1":null,"b2":null},"65":{"from_node_id":"68","to_node_id":"67","b1":null,"b2":null},"66":{"from_node_id":"66","to_node_id":"69","b1":{"x":51.9998779296875,"y":1022.9999084472656},"b2":{"x":33.9998779296875,"y":1028.2499084472656}},"67":{"from_node_id":"68","to_node_id":"70","b1":{"x":51.9998779296875,"y":890.9999084472656},"b2":{"x":33.9998779296875,"y":885.7499084472656}},"68":{"from_node_id":"68","to_node_id":"13","b1":{"x":51.9998779296875,"y":894.9999084472656},"b2":{"x":51.9998779296875,"y":840.7499084472656}},"69":{"from_node_id":"66","to_node_id":"71","b1":{"x":51.9998779296875,"y":1018.9999084472656},"b2":{"x":51.9998779296875,"y":1073.2499084472656}}}},"11":{"name":"Methionine oxidation (spontaneous)","bigg_id":"METOX1s","reversibility":false,"label_x":1647.1267024126955,"label_y":1225.7701521152571,"gene_reaction_rule":"s0001","genes":[{"notes":{"original_bigg_ids":["s0001"]},"name":"None","bigg_id":"s0001"}],"metabolites":[{"bigg_id":"h2o2_c","coefficient":-1},{"bigg_id":"h2o_c","coefficient":1},{"bigg_id":"met__L_c","coefficient":-1},{"bigg_id":"metsox_S__L_c","coefficient":1}],"segments":{"70":{"from_node_id":"72","to_node_id":"73","b1":null,"b2":null},"71":{"from_node_id":"74","to_node_id":"73","b1":null,"b2":null},"72":{"from_node_id":"72","to_node_id":"75","b1":{"x":1632.1267024126955,"y":1149.7701521152571},"b2":{"x":1614.1267024126955,"y":1144.5201521152571}},"73":{"from_node_id":"74","to_node_id":"76","b1":{"x":1632.1267024126955,"y":1281.7701521152571},"b2":{"x":1614.1267024126955,"y":1287.0201521152571}},"74":{"from_node_id":"72","to_node_id":"28","b1":{"x":1612.1267024126955,"y":937.7700910801009},"b2":{"x":1896.1267024126955,"y":807.5199690097883}},"75":{"from_node_id":"74","to_node_id":"90","b1":{"x":1628.1267024126955,"y":1409.7701521152571},"b2":{"x":1721.5790949908205,"y":1465.0033064121321}}}},"12":{"name":"Methionine oxidation 2 (spontaneous)","bigg_id":"METOX2s","reversibility":false,"label_x":2219.126679524512,"label_y":1217.7701521152571,"gene_reaction_rule":"s0001","genes":[{"notes":{"original_bigg_ids":["s0001"]},"name":"None","bigg_id":"s0001"}],"metabolites":[{"bigg_id":"metsox_R__L_c","coefficient":1},{"bigg_id":"h2o2_c","coefficient":-1},{"bigg_id":"h2o_c","coefficient":1},{"bigg_id":"met__L_c","coefficient":-1}],"segments":{"76":{"from_node_id":"78","to_node_id":"79","b1":null,"b2":null},"77":{"from_node_id":"80","to_node_id":"79","b1":null,"b2":null},"78":{"from_node_id":"80","to_node_id":"81","b1":{"x":2216.126679524512,"y":1425.7701521152571},"b2":{"x":2300.126679524512,"y":1480.0201521152571}},"79":{"from_node_id":"78","to_node_id":"82","b1":{"x":2180.1266871539065,"y":1145.7701521152571},"b2":{"x":2186.126679524512,"y":1136.5201521152571}},"80":{"from_node_id":"80","to_node_id":"83","b1":{"x":2192.126679524512,"y":1273.7701521152571},"b2":{"x":2186.126679524512,"y":1279.0201521152571}},"81":{"from_node_id":"78","to_node_id":"28","b1":{"x":2200.1266871539065,"y":905.7700910801009},"b2":{"x":2016.1266871539065,"y":767.5199384922101}}}},"13":{"name":"L-methionine-S-oxide reductase","bigg_id":"METSOXR1","reversibility":false,"label_x":1899.1267024126955,"label_y":1221.7701521152571,"gene_reaction_rule":"(b4219 and b2582) or (b4219 and b3781) or (b3551 and b2582) or (b3551 and b3781)","genes":[{"notes":{"original_bigg_ids":["b4219"]},"name":"msrA","bigg_id":"b4219"},{"notes":{"original_bigg_ids":["b2582"]},"name":"trxC","bigg_id":"b2582"},{"notes":{"original_bigg_ids":["b3781"]},"name":"trxA","bigg_id":"b3781"},{"notes":{"original_bigg_ids":["b3551"]},"name":"bisC","bigg_id":"b3551"}],"metabolites":[{"bigg_id":"h2o_c","coefficient":1},{"bigg_id":"trdox_c","coefficient":1},{"bigg_id":"trdrd_c","coefficient":-1},{"bigg_id":"met__L_c","coefficient":1},{"bigg_id":"metsox_S__L_c","coefficient":-1}],"segments":{"82":{"from_node_id":"84","to_node_id":"85","b1":null,"b2":null},"83":{"from_node_id":"86","to_node_id":"85","b1":null,"b2":null},"84":{"from_node_id":"86","to_node_id":"87","b1":{"x":1900.1267024126955,"y":1145.7701521152571},"b2":{"x":1902.1267024126955,"y":1140.5201521152571}},"85":{"from_node_id":"86","to_node_id":"88","b1":{"x":1868.1267024126955,"y":1149.7701521152571},"b2":{"x":1866.1267024126955,"y":1140.5201521152571}},"86":{"from_node_id":"84","to_node_id":"89","b1":{"x":1884.1267024126955,"y":1277.7701521152571},"b2":{"x":1866.1267024126955,"y":1283.0201521152571}},"87":{"from_node_id":"86","to_node_id":"28","b1":{"x":1868.1267024126955,"y":921.7700910801009},"b2":{"x":1964.1267024126955,"y":755.5199690097883}},"88":{"from_node_id":"84","to_node_id":"90","b1":{"x":1888.1267024126955,"y":1405.7701521152571},"b2":{"x":1809.5790949908205,"y":1473.0033064121321}}}},"14":{"name":"L-methionine-R-sulfoxide reductase","bigg_id":"METSOXR2","reversibility":false,"label_x":2463.1266871539065,"label_y":1213.7701521152571,"gene_reaction_rule":"(b1778 and b2582) or (b1778 and b3781)","genes":[{"notes":{"original_bigg_ids":["b1778"]},"name":"msrB","bigg_id":"b1778"},{"notes":{"original_bigg_ids":["b2582"]},"name":"trxC","bigg_id":"b2582"},{"notes":{"original_bigg_ids":["b3781"]},"name":"trxA","bigg_id":"b3781"}],"metabolites":[{"bigg_id":"metsox_R__L_c","coefficient":-1},{"bigg_id":"trdox_c","coefficient":1},{"bigg_id":"h2o_c","coefficient":1},{"bigg_id":"met__L_c","coefficient":1},{"bigg_id":"trdrd_c","coefficient":-1}],"segments":{"89":{"from_node_id":"91","to_node_id":"92","b1":null,"b2":null},"90":{"from_node_id":"93","to_node_id":"92","b1":null,"b2":null},"91":{"from_node_id":"91","to_node_id":"81","b1":{"x":2460.1266871539065,"y":1409.7701521152571},"b2":{"x":2364.1266871539065,"y":1472.0201521152571}},"92":{"from_node_id":"93","to_node_id":"95","b1":{"x":2448.1266871539065,"y":1137.7701521152571},"b2":{"x":2466.1266871539065,"y":1132.5201521152571}},"93":{"from_node_id":"93","to_node_id":"96","b1":{"x":2448.1266871539065,"y":1137.7701521152571},"b2":{"x":2430.1266871539065,"y":1132.5201521152571}},"94":{"from_node_id":"93","to_node_id":"28","b1":{"x":2460.1266871539065,"y":897.7700910801009},"b2":{"x":2052.1266871539065,"y":731.5199690097883}},"95":{"from_node_id":"91","to_node_id":"97","b1":{"x":2432.1266871539065,"y":1261.7701521152571},"b2":{"x":2430.1266871539065,"y":1275.0201521152571}}}},"16":{"name":"Homocysteine Methyltransferase","bigg_id":"HCYSMT2","reversibility":false,"label_x":1266.9999074935913,"label_y":889.9998779296875,"gene_reaction_rule":"b0261","genes":[{"notes":{"original_bigg_ids":["b0261"]},"name":"mmuM","bigg_id":"b0261"}],"metabolites":[{"bigg_id":"hcys__L_c","coefficient":-1},{"bigg_id":"h_c","coefficient":1},{"bigg_id":"met__L_c","coefficient":2},{"bigg_id":"mmet_c","coefficient":-1}],"segments":{"101":{"from_node_id":"103","to_node_id":"104","b1":null,"b2":null},"102":{"from_node_id":"105","to_node_id":"104","b1":null,"b2":null},"103":{"from_node_id":"103","to_node_id":"19","b1":{"x":1114.9999074935913,"y":941.9998779296875},"b2":{"x":808.7499084472656,"y":753.9999084472656}},"104":{"from_node_id":"105","to_node_id":"106","b1":{"x":1382.9999074935913,"y":929.9998779296875},"b2":{"x":1388.2499074935913,"y":947.9998779296875}},"105":{"from_node_id":"105","to_node_id":"28","b1":{"x":1618.9998922348022,"y":965.9998779296875},"b2":{"x":1937.2498321533203,"y":705.9999084472656}},"106":{"from_node_id":"103","to_node_id":"108","b1":{"x":1250.9999074935913,"y":941.9998779296875},"b2":{"x":1245.7499074935913,"y":947.9998779296875}}}},"17":{"name":"Homocysteine S-methyltransferase","bigg_id":"HCYSMT","reversibility":false,"label_x":1262.9998931884766,"label_y":169.99993133544922,"gene_reaction_rule":"b0261","genes":[{"notes":{"original_bigg_ids":["b0261"]},"name":"mmuM","bigg_id":"b0261"}],"metabolites":[{"bigg_id":"hcys__L_c","coefficient":-1},{"bigg_id":"amet_c","coefficient":-1},{"bigg_id":"ahcys_c","coefficient":1},{"bigg_id":"h_c","coefficient":1},{"bigg_id":"met__L_c","coefficient":1}],"segments":{"107":{"from_node_id":"109","to_node_id":"110","b1":null,"b2":null},"108":{"from_node_id":"111","to_node_id":"110","b1":null,"b2":null},"109":{"from_node_id":"109","to_node_id":"19","b1":{"x":1098.999891281128,"y":209.99993133544922},"b2":{"x":824.7499084472656,"y":661.9999084472656}},"110":{"from_node_id":"109","to_node_id":"112","b1":{"x":1274.9998931884766,"y":213.99992752075195},"b2":{"x":1245.749900817871,"y":311.9999303817749}},"111":{"from_node_id":"111","to_node_id":"113","b1":{"x":1534.9998779296875,"y":201.99993133544922},"b2":{"x":1669.2498931884766,"y":165.99993515014648}},"112":{"from_node_id":"111","to_node_id":"114","b1":{"x":1398.9998931884766,"y":177.99993133544922},"b2":{"x":1400.2498931884766,"y":183.99993133544922}},"113":{"from_node_id":"111","to_node_id":"28","b1":{"x":1538.9998779296875,"y":209.99993133544922},"b2":{"x":1924.2498321533203,"y":607.9999198913574}}}},"18":{"name":"S-adenosylhomocysteine nucleosidase","bigg_id":"AHCYSNS","reversibility":false,"label_x":1742.9998931884766,"label_y":-31.000064849853516,"gene_reaction_rule":"b0159","genes":[{"notes":{"original_bigg_ids":["b0159"]},"name":"mtn","bigg_id":"b0159"}],"metabolites":[{"bigg_id":"ahcys_c","coefficient":-1},{"bigg_id":"h2o_c","coefficient":-1},{"bigg_id":"ade_c","coefficient":1},{"bigg_id":"rhcys_c","coefficient":1}],"segments":{"114":{"from_node_id":"116","to_node_id":"117","b1":null,"b2":null},"115":{"from_node_id":"118","to_node_id":"117","b1":null,"b2":null},"116":{"from_node_id":"116","to_node_id":"113","b1":{"x":1727.9998931884766,"y":20.999935150146484},"b2":{"x":1727.9998931884766,"y":83.24993515014648}},"117":{"from_node_id":"116","to_node_id":"119","b1":{"x":1727.9998931884766,"y":24.999935150146484},"b2":{"x":1745.9998931884766,"y":30.249935150146484}},"118":{"from_node_id":"118","to_node_id":"120","b1":{"x":1727.9998931884766,"y":-107.00006484985352},"b2":{"x":1745.9998931884766,"y":-112.25006484985352}},"119":{"from_node_id":"118","to_node_id":"121","b1":{"x":1727.9998931884766,"y":-103.00006484985352},"b2":{"x":1727.9998931884766,"y":-173.25006484985352}}}},"19":{"name":"S-ribosylhomocysteine cleavage enzyme","bigg_id":"RHCCE","reversibility":false,"label_x":1266.9998931884766,"label_y":-254.54761123657227,"gene_reaction_rule":"b2687","genes":[{"notes":{"original_bigg_ids":["b2687"]},"name":"luxS","bigg_id":"b2687"}],"metabolites":[{"bigg_id":"hcys__L_c","coefficient":1},{"bigg_id":"rhcys_c","coefficient":-1},{"bigg_id":"dhptd_c","coefficient":1}],"segments":{"120":{"from_node_id":"122","to_node_id":"123","b1":null,"b2":null},"121":{"from_node_id":"124","to_node_id":"123","b1":null,"b2":null},"122":{"from_node_id":"124","to_node_id":"19","b1":{"x":1126.9998936653137,"y":-148.00008010864252},"b2":{"x":781.7499084472656,"y":649.9998893737793}},"123":{"from_node_id":"122","to_node_id":"121","b1":{"x":1378.9998931884766,"y":-236.00006484985352},"b2":{"x":1669.2498931884766,"y":-232.00006484985352}},"124":{"from_node_id":"124","to_node_id":"126","b1":{"x":1206.9998936653137,"y":-236.00006484985346},"b2":{"x":1084.7498931884766,"y":-236.00006484985346}}}},"20":{"name":"4,5-dihydroxy-2,3-pentanedione cyclization (spontaneous)","bigg_id":"DHPTDCs2","reversibility":false,"label_x":776.9998931884766,"label_y":-260.00006484985346,"gene_reaction_rule":"s0001","genes":[{"notes":{"original_bigg_ids":["s0001"]},"name":"None","bigg_id":"s0001"}],"metabolites":[{"bigg_id":"dhptd_c","coefficient":-1},{"bigg_id":"mdhdhf_c","coefficient":1}],"segments":{"125":{"from_node_id":"127","to_node_id":"128","b1":null,"b2":null},"126":{"from_node_id":"129","to_node_id":"128","b1":null,"b2":null},"127":{"from_node_id":"127","to_node_id":"126","b1":{"x":912.9998931884766,"y":-236.00006484985346},"b2":{"x":967.2498931884766,"y":-236.00006484985346}},"128":{"from_node_id":"129","to_node_id":"130","b1":{"x":788.9998931884766,"y":-236.0000648498534},"b2":{"x":734.7498931884766,"y":-236.0000648498534}}}},"21":{"name":"(2R,4S)-2-methyl-2,3,3,4-tetrahydroxytetrahydrofuran synthesis (spontaneous)","bigg_id":"MTHTHFSs","reversibility":false,"label_x":374.4188995361328,"label_y":-253.8548011779784,"gene_reaction_rule":"s0001","genes":[{"notes":{"original_bigg_ids":["s0001"]},"name":"None","bigg_id":"s0001"}],"metabolites":[{"bigg_id":"h2o_c","coefficient":-1},{"bigg_id":"mdhdhf_c","coefficient":-1},{"bigg_id":"mththf_c","coefficient":1}],"segments":{"129":{"from_node_id":"131","to_node_id":"132","b1":null,"b2":null},"130":{"from_node_id":"133","to_node_id":"132","b1":null,"b2":null},"131":{"from_node_id":"131","to_node_id":"134","b1":{"x":566.9998931884766,"y":-236.0000648498534},"b2":{"x":572.2498931884766,"y":-254.0000648498534}},"132":{"from_node_id":"131","to_node_id":"130","b1":{"x":562.9998931884766,"y":-236.0000648498534},"b2":{"x":617.2498931884766,"y":-236.0000648498534}},"133":{"from_node_id":"133","to_node_id":"135","b1":{"x":438.99989318847656,"y":-236.00006484985335},"b2":{"x":340.74989318847656,"y":-236.00006484985335}}}},"22":{"name":"Methionine adenosyltransferase","bigg_id":"METAT","reversibility":false,"label_x":1275.1267481890627,"label_y":408.76996900978827,"gene_reaction_rule":"b2942","genes":[{"notes":{"original_bigg_ids":["b2942"]},"name":"metK","bigg_id":"b2942"}],"metabolites":[{"bigg_id":"h2o_c","coefficient":-1},{"bigg_id":"atp_c","coefficient":-1},{"bigg_id":"ppi_c","coefficient":1},{"bigg_id":"met__L_c","coefficient":-1},{"bigg_id":"amet_c","coefficient":1},{"bigg_id":"pi_c","coefficient":1}],"segments":{"134":{"from_node_id":"136","to_node_id":"137","b1":null,"b2":null},"135":{"from_node_id":"138","to_node_id":"137","b1":null,"b2":null},"136":{"from_node_id":"136","to_node_id":"139","b1":{"x":1391.1267481890627,"y":436.76996900978827},"b2":{"x":1396.3767481890627,"y":454.76996900978827}},"137":{"from_node_id":"136","to_node_id":"140","b1":{"x":1391.1267481890627,"y":436.76996900978827},"b2":{"x":1396.3767481890627,"y":418.76996900978827}},"138":{"from_node_id":"138","to_node_id":"141","b1":{"x":1263.1267481890627,"y":436.7699690097883},"b2":{"x":1208.8767481890627,"y":436.7699690097883}},"139":{"from_node_id":"136","to_node_id":"28","b1":{"x":1479.1267481890627,"y":408.76996900978827},"b2":{"x":1901.3766871539065,"y":636.7699690097883}},"140":{"from_node_id":"138","to_node_id":"112","b1":{"x":1259.1267481890627,"y":436.7699690097883},"b2":{"x":1257.8767481890627,"y":414.76996900978827}},"141":{"from_node_id":"138","to_node_id":"143","b1":{"x":1259.1267481890627,"y":436.7699690097883},"b2":{"x":1253.8767481890627,"y":454.76996900978827}}}}},"nodes":{"8":{"node_type":"metabolite","x":-106.0001220703125,"y":705.9999084472656,"bigg_id":"cys__L_c","name":"L-Cysteine","label_x":-157.20012207031255,"label_y":753.9999084472656,"node_is_primary":true},"9":{"node_type":"multimarker","x":136.9998779296875,"y":701.9999084472656},"10":{"node_type":"midmarker","x":156.9998779296875,"y":701.9999084472656},"11":{"node_type":"multimarker","x":176.9998779296875,"y":701.9999084472656},"12":{"node_type":"metabolite","x":261.9998779296875,"y":621.9999084472656,"bigg_id":"succ_c","name":"Succinate","label_x":229.59987792968752,"label_y":601.9999084472656,"node_is_primary":false},"13":{"node_type":"metabolite","x":51.9998779296875,"y":781.9999084472656,"bigg_id":"suchms_c","name":"O-Succinyl-L-homoserine","label_x":68.79987792968745,"label_y":789.9999084472656,"node_is_primary":false},"14":{"node_type":"metabolite","x":261.9998779296875,"y":781.9999084472656,"bigg_id":"h_c","name":"H+","label_x":245.79987792968745,"label_y":821.9999084472656,"node_is_primary":false},"15":{"node_type":"metabolite","x":331.9998779296875,"y":701.9999084472656,"bigg_id":"cyst__L_c","name":"L-Cystathionine","label_x":279.3998779296875,"label_y":749.9999084472656,"node_is_primary":true},"16":{"node_type":"multimarker","x":486.9998779296875,"y":701.9999084472656},"17":{"node_type":"midmarker","x":506.9998779296875,"y":701.9999084472656},"18":{"node_type":"multimarker","x":526.9998779296875,"y":701.9999084472656},"19":{"node_type":"metabolite","x":765.9999084472656,"y":701.9999084472656,"bigg_id":"hcys__L_c","name":"L-Homocysteine","label_x":665.3999084472656,"label_y":745.9999084472656,"node_is_primary":true},"20":{"node_type":"metabolite","x":401.9998779296875,"y":781.9999084472656,"bigg_id":"h2o_c","name":"H2O","label_x":374.9998779296875,"label_y":821.9999084472656,"node_is_primary":false},"21":{"node_type":"metabolite","x":611.9998779296875,"y":621.9999084472656,"bigg_id":"pyr_c","name":"Pyruvate","label_x":584.9998779296875,"label_y":601.9999084472656,"node_is_primary":false},"22":{"node_type":"metabolite","x":611.9998779296875,"y":781.9999084472656,"bigg_id":"nh4_c","name":"Ammonium","label_x":584.9998779296875,"label_y":821.9999084472656,"node_is_primary":false},"23":{"node_type":"multimarker","x":1312.9999079704285,"y":689.9999084472656},"24":{"node_type":"midmarker","x":1332.9999079704285,"y":689.9999084472656},"25":{"node_type":"multimarker","x":1352.9999079704285,"y":689.9999084472656},"26":{"node_type":"metabolite","x":1227.9999079704285,"y":769.9999084472656,"bigg_id":"5mthf_c","name":"5-Methyltetrahydrofolate","label_x":1190.1999079704285,"label_y":809.9999084472656,"node_is_primary":false},"27":{"node_type":"metabolite","x":1441.9999079704285,"y":769.9999084472656,"bigg_id":"thf_c","name":"5,6,7,8-Tetrahydrofolate","label_x":1425.7999079704284,"label_y":809.9999084472656,"node_is_primary":false},"28":{"node_type":"metabolite","x":1988.1266871539065,"y":676.7699690097883,"bigg_id":"met__L_c","name":"L-Methionine","label_x":2021.1266871539065,"label_y":684.7699690097883,"node_is_primary":true},"29":{"node_type":"metabolite","x":1437.9999079704285,"y":609.9999084472656,"bigg_id":"h_c","name":"H+","label_x":1457.0120661735534,"label_y":617.8881530761719,"node_is_primary":false},"66":{"node_type":"multimarker","x":51.9998779296875,"y":976.9999084472656},"67":{"node_type":"midmarker","x":51.9998779296875,"y":956.9999084472656},"68":{"node_type":"multimarker","x":51.9998779296875,"y":936.9999084472656},"69":{"node_type":"metabolite","x":-28.0001220703125,"y":1061.9999084472656,"bigg_id":"hom__L_c","name":"L-Homoserine","label_x":-148.0001220703125,"label_y":1063.9999084472656,"node_is_primary":false},"70":{"node_type":"metabolite","x":-28.0001220703125,"y":851.9999084472656,"bigg_id":"coa_c","name":"Coenzyme A","label_x":-109.0001220703125,"label_y":857.9999084472656,"node_is_primary":false},"71":{"node_type":"metabolite","x":51.9998779296875,"y":1131.9999084472656,"bigg_id":"succoa_c","name":"Succinyl-CoA","label_x":81.29037475585938,"label_y":1138.4355773925781,"node_is_primary":true},"72":{"node_type":"multimarker","x":1632.1267024126955,"y":1195.7701521152571},"73":{"node_type":"midmarker","x":1632.1267024126955,"y":1215.7701521152571},"74":{"node_type":"multimarker","x":1632.1267024126955,"y":1235.7701521152571},"75":{"node_type":"metabolite","x":1552.1267024126955,"y":1110.7701521152571,"bigg_id":"h2o2_c","name":"Hydrogen peroxide","label_x":1519.579217061133,"label_y":1087.1390485996321,"node_is_primary":false},"76":{"node_type":"metabolite","x":1552.1267024126955,"y":1320.7701521152571,"bigg_id":"h2o_c","name":"H2O","label_x":1507.1267024126955,"label_y":1350.7701521152571,"node_is_primary":false},"78":{"node_type":"multimarker","x":2204.126679524512,"y":1187.7701521152571},"79":{"node_type":"midmarker","x":2204.126679524512,"y":1207.7701521152571},"80":{"node_type":"multimarker","x":2204.126679524512,"y":1227.7701521152571},"81":{"node_type":"metabolite","x":2332.126679524512,"y":1514.7701521152571,"bigg_id":"metsox_R__L_c","name":"L-methionine-R-sulfoxide","label_x":2361.417206868262,"label_y":1519.0606794590071,"node_is_primary":true},"82":{"node_type":"metabolite","x":2124.126679524512,"y":1102.7701521152571,"bigg_id":"h2o2_c","name":"Hydrogen peroxide","label_x":2078.707734212012,"label_y":1076.9937849277571,"node_is_primary":false},"83":{"node_type":"metabolite","x":2124.126679524512,"y":1312.7701521152571,"bigg_id":"h2o_c","name":"H2O","label_x":2079.126679524512,"label_y":1342.7701521152571,"node_is_primary":false},"84":{"node_type":"multimarker","x":1884.1267024126955,"y":1231.7701521152571},"85":{"node_type":"midmarker","x":1884.1267024126955,"y":1211.7701521152571},"86":{"node_type":"multimarker","x":1884.1267024126955,"y":1191.7701521152571},"87":{"node_type":"metabolite","x":1964.1267024126955,"y":1106.7701521152571,"bigg_id":"h2o_c","name":"H2O","label_x":1925.4955988970705,"label_y":1078.8819685215071,"node_is_primary":false},"88":{"node_type":"metabolite","x":1804.1267024126955,"y":1106.7701521152571,"bigg_id":"trdox_c","name":"Oxidized thioredoxin","label_x":1762.579217061133,"label_y":1085.2843122715071,"node_is_primary":false},"89":{"node_type":"metabolite","x":1804.1267024126955,"y":1316.7701521152571,"bigg_id":"trdrd_c","name":"Reduced thioredoxin","label_x":1741.1267024126955,"label_y":1346.7701521152571,"node_is_primary":false},"90":{"node_type":"metabolite","x":1761.5790949908205,"y":1519.7533064121321,"bigg_id":"metsox_S__L_c","name":"L-Methionine Sulfoxide","label_x":1793.014763936133,"label_y":1524.0437116855696,"node_is_primary":true},"91":{"node_type":"multimarker","x":2448.1266871539065,"y":1223.7701521152571},"92":{"node_type":"midmarker","x":2448.1266871539065,"y":1203.7701521152571},"93":{"node_type":"multimarker","x":2448.1266871539065,"y":1183.7701521152571},"95":{"node_type":"metabolite","x":2528.1266871539065,"y":1098.7701521152571,"bigg_id":"trdox_c","name":"Oxidized thioredoxin","label_x":2543.1266871539065,"label_y":1098.7701521152571,"node_is_primary":false},"96":{"node_type":"metabolite","x":2368.1266871539065,"y":1098.7701521152571,"bigg_id":"h2o_c","name":"H2O","label_x":2329.5624781695315,"label_y":1070.8485212558821,"node_is_primary":false},"97":{"node_type":"metabolite","x":2368.1266871539065,"y":1308.7701521152571,"bigg_id":"trdrd_c","name":"Reduced thioredoxin","label_x":2305.1266871539065,"label_y":1338.7701521152571,"node_is_primary":false},"103":{"node_type":"multimarker","x":1296.9999074935913,"y":929.9998779296875},"104":{"node_type":"midmarker","x":1316.9999074935913,"y":929.9998779296875},"105":{"node_type":"multimarker","x":1336.9999074935913,"y":929.9998779296875},"106":{"node_type":"metabolite","x":1421.9999074935913,"y":1009.9998779296875,"bigg_id":"h_c","name":"H+","label_x":1405.7999074935913,"label_y":1049.9998779296875,"node_is_primary":false},"108":{"node_type":"metabolite","x":1211.9999074935913,"y":1009.9998779296875,"bigg_id":"mmet_c","name":"S-Methyl-L-methionine","label_x":1179.5999074935912,"label_y":1049.9998779296875,"node_is_primary":false},"109":{"node_type":"multimarker","x":1308.9998931884766,"y":201.99993133544922},"110":{"node_type":"midmarker","x":1328.9998931884766,"y":201.99993133544922},"111":{"node_type":"multimarker","x":1348.9998931884766,"y":201.99993133544922},"112":{"node_type":"metabolite","x":1223.999900817871,"y":353.99992752075195,"bigg_id":"amet_c","name":"S-Adenosyl-L-methionine","label_x":1131.5999084472655,"label_y":365.9999294281006,"node_is_primary":false},"113":{"node_type":"metabolite","x":1727.9998931884766,"y":141.99993515014648,"bigg_id":"ahcys_c","name":"S-Adenosyl-L-homocysteine","label_x":1694.1998931884766,"label_y":193.99991989135742,"node_is_primary":true},"114":{"node_type":"metabolite","x":1433.9998931884766,"y":121.99993133544922,"bigg_id":"h_c","name":"H+","label_x":1421.7998931884765,"label_y":101.99993133544922,"node_is_primary":false},"116":{"node_type":"multimarker","x":1727.9998931884766,"y":-21.000064849853516},"117":{"node_type":"midmarker","x":1727.9998931884766,"y":-41.000064849853516},"118":{"node_type":"multimarker","x":1727.9998931884766,"y":-61.000064849853516},"119":{"node_type":"metabolite","x":1807.9998931884766,"y":63.999935150146484,"bigg_id":"h2o_c","name":"H2O","label_x":1827.290298461914,"label_y":70.43567276000977,"node_is_primary":false},"120":{"node_type":"metabolite","x":1807.9998931884766,"y":-146.00006484985352,"bigg_id":"ade_c","name":"Adenine","label_x":1829.4356842041016,"label_y":-139.56433486938477,"node_is_primary":false},"121":{"node_type":"metabolite","x":1727.9998931884766,"y":-232.00006484985352,"bigg_id":"rhcys_c","name":"S-Ribosyl-L-homocysteine","label_x":1752.9998931884766,"label_y":-232.00006484985352,"node_is_primary":true},"122":{"node_type":"multimarker","x":1336.9998931884766,"y":-236.00006484985352},"123":{"node_type":"midmarker","x":1316.9998931884766,"y":-236.00006484985352},"124":{"node_type":"multimarker","x":1296.9998931884766,"y":-236.00006484985352},"126":{"node_type":"metabolite","x":1025.9998931884766,"y":-236.00006484985346,"bigg_id":"dhptd_c","name":"4,5-dihydroxy-2,3-pentanedione","label_x":988.1998931884766,"label_y":-196.00006484985346,"node_is_primary":true},"127":{"node_type":"multimarker","x":870.9998931884766,"y":-236.00006484985346},"128":{"node_type":"midmarker","x":850.9998931884766,"y":-236.00006484985346},"129":{"node_type":"multimarker","x":830.9998931884766,"y":-236.00006484985346},"130":{"node_type":"metabolite","x":675.9998931884766,"y":-236.0000648498534,"bigg_id":"mdhdhf_c","name":"(2R,4S)-2-methyl-2,4-dihydroxydihydrofuran-3-one","label_x":632.7998931884765,"label_y":-196.0000648498534,"node_is_primary":true},"131":{"node_type":"multimarker","x":520.9998931884766,"y":-236.0000648498534},"132":{"node_type":"midmarker","x":500.99989318847656,"y":-236.0000648498534},"133":{"node_type":"multimarker","x":480.99989318847656,"y":-236.0000648498534},"134":{"node_type":"metabolite","x":605.9998931884766,"y":-316.0000648498534,"bigg_id":"h2o_c","name":"H2O","label_x":578.9998931884766,"label_y":-336.0000648498534,"node_is_primary":false},"135":{"node_type":"metabolite","x":281.99989318847656,"y":-236.00006484985335,"bigg_id":"mththf_c","name":"(2R,4S)-2-methyl-2,3,3,4-tetrahydroxytetrahydrofuran","label_x":238.79989318847652,"label_y":-196.00006484985335,"node_is_primary":true},"136":{"node_type":"multimarker","x":1345.1267481890627,"y":436.76996900978827},"137":{"node_type":"midmarker","x":1325.1267481890627,"y":436.76996900978827},"138":{"node_type":"multimarker","x":1305.1267481890627,"y":436.76996900978827},"139":{"node_type":"metabolite","x":1430.1267481890627,"y":516.7699690097883,"bigg_id":"h2o_c","name":"H2O","label_x":1403.1267481890627,"label_y":556.7699690097883,"node_is_primary":false},"140":{"node_type":"metabolite","x":1430.1267481890627,"y":356.76996900978827,"bigg_id":"atp_c","name":"ATP","label_x":1450.3221827593752,"label_y":362.5129194492414,"node_is_primary":false},"141":{"node_type":"metabolite","x":1150.1267481890627,"y":436.7699690097883,"bigg_id":"ppi_c","name":"Diphosphate","label_x":1117.7267481890626,"label_y":476.7699690097884,"node_is_primary":false},"143":{"node_type":"metabolite","x":1220.1267481890627,"y":516.7699690097883,"bigg_id":"pi_c","name":"Phosphate","label_x":1193.1267481890627,"label_y":556.7699690097883,"node_is_primary":false}},"text_labels":{"0":{"x":-238.0001220703125,"y":655.9999389648438,"text":"L-Cysteine"},"1":{"x":1973.999755859375,"y":635.9999389648438,"text":"L-Methionine"}},"canvas":{"x":-325.0484619140625,"y":-545.8677062988281,"width":3011.5863037109375,"height":2164.552764892578}}]