[{"map_name":"new_map","map_id":"tG9KFRtgw5dn","map_description":"\nLast Modified Tue Oct 10 2017 14:12:58 GMT-0600 (Mountain Daylight Time)","homepage":"https://escher.github.io","schema":"https://escher.github.io/escher/jsonschema/1-0-0#"},{"reactions":{"1":{"name":"ATP phosphoribosyltransferase","bigg_id":"ATPPRT","reversibility":false,"label_x":-51.21339416503906,"label_y":1285.4176940917969,"gene_reaction_rule":"b2019","genes":[{"notes":{"original_bigg_ids":["b2019"]},"name":"hisG","bigg_id":"b2019"}],"metabolites":[{"bigg_id":"ppi_c","coefficient":1},{"bigg_id":"atp_c","coefficient":-1},{"bigg_id":"prpp_c","coefficient":-1},{"bigg_id":"prbatp_c","coefficient":1}],"segments":{"7":{"from_node_id":"8","to_node_id":"9","b1":null,"b2":null},"8":{"from_node_id":"10","to_node_id":"9","b1":null,"b2":null},"9":{"from_node_id":"10","to_node_id":"11","b1":{"x":72.77062225341797,"y":1305.4576110839844},"b2":{"x":78.02062225341797,"y":1323.4576110839844}},"10":{"from_node_id":"8","to_node_id":"12","b1":{"x":-59.22937774658203,"y":1305.4576110839844},"b2":{"x":-64.47937774658203,"y":1323.4576110839844}},"11":{"from_node_id":"8","to_node_id":"6","b1":{"x":-55.22937774658203,"y":1305.4576110839844},"b2":{"x":-109.47937774658203,"y":1305.4576110839844}},"12":{"from_node_id":"10","to_node_id":"13","b1":{"x":68.77062225341797,"y":1305.4576110839844},"b2":{"x":123.02062225341797,"y":1305.4576110839844}}}},"2":{"name":"Phosphoribosyl-ATP pyrophosphatase","bigg_id":"PRATPP","reversibility":false,"label_x":298.78661346435547,"label_y":1281.4256896972656,"gene_reaction_rule":"b2026","genes":[{"notes":{"original_bigg_ids":["b2026"]},"name":"hisI","bigg_id":"b2026"}],"metabolites":[{"bigg_id":"ppi_c","coefficient":1},{"bigg_id":"prbamp_c","coefficient":1},{"bigg_id":"h_c","coefficient":1},{"bigg_id":"h2o_c","coefficient":-1},{"bigg_id":"prbatp_c","coefficient":-1}],"segments":{"13":{"from_node_id":"14","to_node_id":"15","b1":null,"b2":null},"14":{"from_node_id":"16","to_node_id":"15","b1":null,"b2":null},"15":{"from_node_id":"16","to_node_id":"17","b1":{"x":422.77062225341797,"y":1305.4576110839844},"b2":{"x":428.02062225341797,"y":1287.4576110839844}},"16":{"from_node_id":"16","to_node_id":"18","b1":{"x":418.77062225341797,"y":1305.4576110839844},"b2":{"x":473.02062225341797,"y":1305.4576110839844}},"17":{"from_node_id":"16","to_node_id":"19","b1":{"x":422.77062225341797,"y":1305.4576110839844},"b2":{"x":428.02062225341797,"y":1323.4576110839844}},"18":{"from_node_id":"14","to_node_id":"20","b1":{"x":290.77062225341797,"y":1305.4576110839844},"b2":{"x":285.52062225341797,"y":1323.4576110839844}},"19":{"from_node_id":"14","to_node_id":"13","b1":{"x":294.77062225341797,"y":1305.4576110839844},"b2":{"x":240.52062225341797,"y":1305.4576110839844}}}},"3":{"name":"Phosphoribosyl-AMP cyclohydrolase","bigg_id":"PRAMPC","reversibility":false,"label_x":648.7866134643555,"label_y":1281.4256896972656,"gene_reaction_rule":"b2026","genes":[{"notes":{"original_bigg_ids":["b2026"]},"name":"hisI","bigg_id":"b2026"}],"metabolites":[{"bigg_id":"prfp_c","coefficient":1},{"bigg_id":"h2o_c","coefficient":-1},{"bigg_id":"prbamp_c","coefficient":-1}],"segments":{"20":{"from_node_id":"21","to_node_id":"22","b1":null,"b2":null},"21":{"from_node_id":"23","to_node_id":"22","b1":null,"b2":null},"22":{"from_node_id":"23","to_node_id":"24","b1":{"x":768.770622253418,"y":1305.4576110839844},"b2":{"x":823.020622253418,"y":1305.4576110839844}},"23":{"from_node_id":"21","to_node_id":"25","b1":{"x":640.770622253418,"y":1305.4576110839844},"b2":{"x":635.520622253418,"y":1323.4576110839844}},"24":{"from_node_id":"21","to_node_id":"18","b1":{"x":644.770622253418,"y":1305.4576110839844},"b2":{"x":590.520622253418,"y":1305.4576110839844}}}},"7":{"name":"Histidinol-phosphate transaminase","bigg_id":"HSTPT","reversibility":false,"label_x":1081.4512252807617,"label_y":175.32913208007812,"gene_reaction_rule":"b2021","genes":[{"notes":{"original_bigg_ids":["b2021"]},"name":"hisC","bigg_id":"b2021"}],"metabolites":[{"bigg_id":"hisp_c","coefficient":1},{"bigg_id":"akg_c","coefficient":1},{"bigg_id":"glu__L_c","coefficient":-1},{"bigg_id":"imacp_c","coefficient":-1}],"segments":{"42":{"from_node_id":"43","to_node_id":"44","b1":null,"b2":null},"43":{"from_node_id":"45","to_node_id":"44","b1":null,"b2":null},"44":{"from_node_id":"45","to_node_id":"46","b1":{"x":1197.4431686401367,"y":195.36904907226562},"b2":{"x":1251.6931686401367,"y":195.36904907226562}},"45":{"from_node_id":"45","to_node_id":"47","b1":{"x":1201.4431686401367,"y":195.36904907226562},"b2":{"x":1222.5515670776367,"y":157.86463928222656}},"46":{"from_node_id":"43","to_node_id":"48","b1":{"x":1069.4431686401367,"y":195.36904907226562},"b2":{"x":1032.4763107299805,"y":165.7938117980957}},"47":{"from_node_id":"43","to_node_id":"79","b1":{"x":1073.4431686401367,"y":195.36904907226562},"b2":{"x":939.9011154174805,"y":195.36904907226562}}}},"8":{"name":"Histidinol-phosphatase","bigg_id":"HISTP","reversibility":false,"label_x":1431.4509811401367,"label_y":175.32913208007812,"gene_reaction_rule":"b2022","genes":[{"notes":{"original_bigg_ids":["b2022"]},"name":"hisB","bigg_id":"b2022"}],"metabolites":[{"bigg_id":"hisp_c","coefficient":-1},{"bigg_id":"histd_c","coefficient":1},{"bigg_id":"h2o_c","coefficient":-1},{"bigg_id":"pi_c","coefficient":1}],"segments":{"48":{"from_node_id":"49","to_node_id":"50","b1":null,"b2":null},"49":{"from_node_id":"51","to_node_id":"50","b1":null,"b2":null},"50":{"from_node_id":"49","to_node_id":"46","b1":{"x":1423.4431686401367,"y":195.36904907226562},"b2":{"x":1369.1931686401367,"y":195.36904907226562}},"51":{"from_node_id":"51","to_node_id":"52","b1":{"x":1547.4431686401367,"y":195.36904907226562},"b2":{"x":1601.6931686401367,"y":195.36904907226562}},"52":{"from_node_id":"49","to_node_id":"53","b1":{"x":1419.4431686401367,"y":195.36904907226562},"b2":{"x":1414.1931686401367,"y":213.36904907226562}},"53":{"from_node_id":"51","to_node_id":"54","b1":{"x":1551.4431686401367,"y":195.36904907226562},"b2":{"x":1556.6931686401367,"y":213.36904907226562}}}},"9":{"name":"Histidinol dehydrogenase","bigg_id":"HISTD","reversibility":false,"label_x":1789.4351119995117,"label_y":171.33712768554688,"gene_reaction_rule":"b2020","genes":[{"notes":{"original_bigg_ids":["b2020"]},"name":"hisD","bigg_id":"b2020"}],"metabolites":[{"bigg_id":"histd_c","coefficient":-1},{"bigg_id":"h2o_c","coefficient":-1},{"bigg_id":"his__L_c","coefficient":1},{"bigg_id":"h_c","coefficient":3},{"bigg_id":"nad_c","coefficient":-2},{"bigg_id":"nadh_c","coefficient":2}],"segments":{"54":{"from_node_id":"55","to_node_id":"56","b1":null,"b2":null},"55":{"from_node_id":"57","to_node_id":"56","b1":null,"b2":null},"56":{"from_node_id":"55","to_node_id":"52","b1":{"x":1773.4431686401367,"y":195.36904907226562},"b2":{"x":1719.1931686401367,"y":195.36904907226562}},"57":{"from_node_id":"55","to_node_id":"58","b1":{"x":1769.4431686401367,"y":195.36904907226562},"b2":{"x":1764.1931686401367,"y":177.36904907226562}},"58":{"from_node_id":"57","to_node_id":"59","b1":{"x":1897.4431686401367,"y":195.36904907226562},"b2":{"x":2123.3496627807617,"y":195.36904907226562}},"59":{"from_node_id":"57","to_node_id":"60","b1":{"x":1901.4431686401367,"y":195.36904907226562},"b2":{"x":1906.6931686401367,"y":177.36904907226562}},"60":{"from_node_id":"55","to_node_id":"61","b1":{"x":1769.4431686401367,"y":195.36904907226562},"b2":{"x":1764.1931686401367,"y":213.36904907226562}},"61":{"from_node_id":"57","to_node_id":"62","b1":{"x":1901.4431686401367,"y":195.36904907226562},"b2":{"x":1906.6931686401367,"y":213.36904907226562}}}},"10":{"name":"1-(5-phosphoribosyl)-5-[(5-phosphoribosylamino)methylideneamino)imidazole-4-carboxamide isomerase","bigg_id":"PRMICI","reversibility":true,"label_x":896.770622253418,"label_y":1180.1034851074219,"gene_reaction_rule":"b2024","genes":[{"notes":{"original_bigg_ids":["b2024"]},"name":"hisA","bigg_id":"b2024"}],"metabolites":[{"bigg_id":"prfp_c","coefficient":-1},{"bigg_id":"prlp_c","coefficient":1}],"segments":{"62":{"from_node_id":"63","to_node_id":"64","b1":null,"b2":null},"63":{"from_node_id":"65","to_node_id":"64","b1":null,"b2":null},"64":{"from_node_id":"63","to_node_id":"24","b1":{"x":881.770622253418,"y":1232.1034851074219},"b2":{"x":881.770622253418,"y":1246.7076110839844}},"65":{"from_node_id":"65","to_node_id":"66","b1":{"x":881.770622253418,"y":1108.1034851074219},"b2":{"x":881.770622253418,"y":1085.5704040527344}}}},"11":{"name":"Imidazole-glycerol-3-phosphate synthase","bigg_id":"IG3PS","reversibility":false,"label_x":896.770622253418,"label_y":861.8204040527344,"gene_reaction_rule":"b2023 and b2025","genes":[{"notes":{"original_bigg_ids":["b2023"]},"name":"hisH","bigg_id":"b2023"},{"notes":{"original_bigg_ids":["b2025"]},"name":"hisF","bigg_id":"b2025"}],"metabolites":[{"bigg_id":"aicar_c","coefficient":1},{"bigg_id":"glu__L_c","coefficient":1},{"bigg_id":"eig3p_c","coefficient":1},{"bigg_id":"h_c","coefficient":1},{"bigg_id":"prlp_c","coefficient":-1},{"bigg_id":"gln__L_c","coefficient":-1}],"segments":{"66":{"from_node_id":"67","to_node_id":"68","b1":null,"b2":null},"67":{"from_node_id":"69","to_node_id":"68","b1":null,"b2":null},"68":{"from_node_id":"69","to_node_id":"70","b1":{"x":881.770622253418,"y":785.8204040527344},"b2":{"x":933.629020690918,"y":763.8536071777344}},"69":{"from_node_id":"69","to_node_id":"71","b1":{"x":881.770622253418,"y":785.8204040527344},"b2":{"x":903.735221862793,"y":732.9952087402344}},"70":{"from_node_id":"69","to_node_id":"72","b1":{"x":881.770622253418,"y":789.8204040527344},"b2":{"x":881.770622253418,"y":672.1368103027344}},"71":{"from_node_id":"69","to_node_id":"73","b1":{"x":881.770622253418,"y":785.8204040527344},"b2":{"x":859.806022644043,"y":776.6058044433594}},"72":{"from_node_id":"67","to_node_id":"66","b1":{"x":881.770622253418,"y":913.8204040527344},"b2":{"x":881.770622253418,"y":968.0704040527344}},"73":{"from_node_id":"67","to_node_id":"74","b1":{"x":881.770622253418,"y":917.8204040527344},"b2":{"x":919.593620300293,"y":923.0704040527344}}}},"12":{"name":"Imidazoleglycerol-phosphate dehydratase","bigg_id":"IGPDH","reversibility":false,"label_x":896.770622253418,"label_y":436.4929504394531,"gene_reaction_rule":"b2022","genes":[{"notes":{"original_bigg_ids":["b2022"]},"name":"hisB","bigg_id":"b2022"}],"metabolites":[{"bigg_id":"h2o_c","coefficient":1},{"bigg_id":"imacp_c","coefficient":1},{"bigg_id":"eig3p_c","coefficient":-1}],"segments":{"74":{"from_node_id":"75","to_node_id":"76","b1":null,"b2":null},"75":{"from_node_id":"77","to_node_id":"76","b1":null,"b2":null},"76":{"from_node_id":"77","to_node_id":"78","b1":{"x":881.770622253418,"y":360.4929504394531},"b2":{"x":891.841423034668,"y":355.2429504394531}},"77":{"from_node_id":"77","to_node_id":"79","b1":{"x":881.770622253418,"y":364.4929504394531},"b2":{"x":877.806022644043,"y":258.7031555175781}},"78":{"from_node_id":"75","to_node_id":"72","b1":{"x":881.770622253418,"y":488.4929504394531},"b2":{"x":881.770622253418,"y":554.6368103027344}}}},"13":{"name":"Phosphoribosylpyrophosphate synthetase","bigg_id":"PRPPS","reversibility":true,"label_x":-153.22937774658203,"label_y":1140.4576110839844,"gene_reaction_rule":"b1207","genes":[{"notes":{"original_bigg_ids":["b1207"]},"name":"prs","bigg_id":"b1207"}],"metabolites":[{"bigg_id":"h_c","coefficient":1},{"bigg_id":"r5p_c","coefficient":-1},{"bigg_id":"amp_c","coefficient":1},{"bigg_id":"prpp_c","coefficient":1},{"bigg_id":"atp_c","coefficient":-1}],"segments":{"79":{"from_node_id":"80","to_node_id":"81","b1":null,"b2":null},"80":{"from_node_id":"82","to_node_id":"81","b1":null,"b2":null},"81":{"from_node_id":"82","to_node_id":"83","b1":{"x":-168.22937774658203,"y":1196.4576110839844},"b2":{"x":-186.22937774658203,"y":1201.7076110839844}},"82":{"from_node_id":"80","to_node_id":"84","b1":{"x":-168.229377746582,"y":1068.4576110839844},"b2":{"x":-172.19397735595703,"y":966.6323547363281}},"83":{"from_node_id":"82","to_node_id":"85","b1":{"x":-168.22937774658203,"y":1196.4576110839844},"b2":{"x":-150.22937774658203,"y":1201.7076110839844}},"84":{"from_node_id":"82","to_node_id":"6","b1":{"x":-168.22937774658203,"y":1192.4576110839844},"b2":{"x":-168.22937774658203,"y":1246.7076110839844}},"85":{"from_node_id":"80","to_node_id":"86","b1":{"x":-168.229377746582,"y":1064.4576110839844},"b2":{"x":-150.22937774658203,"y":1059.2076110839844}}}}},"nodes":{"6":{"node_type":"metabolite","x":-168.22937774658203,"y":1305.4576110839844,"bigg_id":"prpp_c","name":"5-Phospho-alpha-D-ribose 1-diphosphate","label_x":-195.22937774658203,"label_y":1345.4576110839844,"node_is_primary":true},"8":{"node_type":"multimarker","x":-13.229377746582031,"y":1305.4576110839844},"9":{"node_type":"midmarker","x":6.770622253417969,"y":1305.4576110839844},"10":{"node_type":"multimarker","x":26.77062225341797,"y":1305.4576110839844},"11":{"node_type":"metabolite","x":111.77062225341797,"y":1385.4576110839844,"bigg_id":"ppi_c","name":"Diphosphate","label_x":84.77062225341797,"label_y":1425.4576110839844,"node_is_primary":false},"12":{"node_type":"metabolite","x":-98.22937774658203,"y":1385.4576110839844,"bigg_id":"atp_c","name":"ATP","label_x":-125.22937774658203,"label_y":1425.4576110839844,"node_is_primary":false},"13":{"node_type":"metabolite","x":181.77062225341797,"y":1305.4576110839844,"bigg_id":"prbatp_c","name":"1-(5-Phosphoribosyl)-ATP","label_x":138.57062225341792,"label_y":1345.4576110839844,"node_is_primary":true},"14":{"node_type":"multimarker","x":336.77062225341797,"y":1305.4576110839844},"15":{"node_type":"midmarker","x":356.77062225341797,"y":1305.4576110839844},"16":{"node_type":"multimarker","x":376.77062225341797,"y":1305.4576110839844},"17":{"node_type":"metabolite","x":461.77062225341797,"y":1225.4576110839844,"bigg_id":"ppi_c","name":"Diphosphate","label_x":434.77062225341797,"label_y":1205.4576110839844,"node_is_primary":false},"18":{"node_type":"metabolite","x":531.770622253418,"y":1305.4576110839844,"bigg_id":"prbamp_c","name":"1-(5-Phosphoribosyl)-AMP","label_x":488.5706222534179,"label_y":1345.4576110839844,"node_is_primary":true},"19":{"node_type":"metabolite","x":461.77062225341797,"y":1385.4576110839844,"bigg_id":"h_c","name":"H+","label_x":445.5706222534179,"label_y":1425.4576110839844,"node_is_primary":false},"20":{"node_type":"metabolite","x":251.77062225341797,"y":1385.4576110839844,"bigg_id":"h2o_c","name":"H2O","label_x":224.77062225341797,"label_y":1425.4576110839844,"node_is_primary":false},"21":{"node_type":"multimarker","x":686.770622253418,"y":1305.4576110839844},"22":{"node_type":"midmarker","x":706.770622253418,"y":1305.4576110839844},"23":{"node_type":"multimarker","x":726.770622253418,"y":1305.4576110839844},"24":{"node_type":"metabolite","x":881.770622253418,"y":1305.4576110839844,"bigg_id":"prfp_c","name":"1-(5-Phosphoribosyl)-5-[(5-phosphoribosylamino)methylideneamino]imidazole-4-carboxamide","label_x":853.3626266479491,"label_y":1349.4496154785156,"node_is_primary":true},"25":{"node_type":"metabolite","x":601.770622253418,"y":1385.4576110839844,"bigg_id":"h2o_c","name":"H2O","label_x":574.770622253418,"label_y":1425.4576110839844,"node_is_primary":false},"43":{"node_type":"multimarker","x":1115.4431686401367,"y":195.36904907226562},"44":{"node_type":"midmarker","x":1135.4431686401367,"y":195.36904907226562},"45":{"node_type":"multimarker","x":1155.4431686401367,"y":195.36904907226562},"46":{"node_type":"metabolite","x":1310.4431686401367,"y":195.36904907226562,"bigg_id":"hisp_c","name":"L-Histidinol phosphate","label_x":1278.0431686401366,"label_y":235.36904907226562,"node_is_primary":true},"47":{"node_type":"metabolite","x":1244.4077682495117,"y":104.89118957519531,"bigg_id":"akg_c","name":"2-Oxoglutarate","label_x":1261.0183639526367,"label_y":109.20977783203125,"node_is_primary":false},"48":{"node_type":"metabolite","x":1006.6555099487305,"y":112.82035827636719,"bigg_id":"glu__L_c","name":"L-Glutamate","label_x":892.0926559448244,"label_y":125.06814575195312,"node_is_primary":false},"49":{"node_type":"multimarker","x":1465.4431686401367,"y":195.36904907226562},"50":{"node_type":"midmarker","x":1485.4431686401367,"y":195.36904907226562},"51":{"node_type":"multimarker","x":1505.4431686401367,"y":195.36904907226562},"52":{"node_type":"metabolite","x":1660.4431686401367,"y":195.36904907226562,"bigg_id":"histd_c","name":"L-Histidinol","label_x":1622.6431686401365,"label_y":235.36904907226562,"node_is_primary":true},"53":{"node_type":"metabolite","x":1380.4431686401367,"y":275.3690490722656,"bigg_id":"h2o_c","name":"H2O","label_x":1353.4431686401367,"label_y":315.3690490722656,"node_is_primary":false},"54":{"node_type":"metabolite","x":1590.4431686401367,"y":275.3690490722656,"bigg_id":"pi_c","name":"Phosphate","label_x":1568.8431686401368,"label_y":315.3690490722656,"node_is_primary":false},"55":{"node_type":"multimarker","x":1815.4431686401367,"y":195.36904907226562},"56":{"node_type":"midmarker","x":1835.4431686401367,"y":195.36904907226562},"57":{"node_type":"multimarker","x":1855.4431686401367,"y":195.36904907226562},"58":{"node_type":"metabolite","x":1730.4431686401367,"y":115.36904907226562,"bigg_id":"h2o_c","name":"H2O","label_x":1703.4431686401367,"label_y":95.36904907226562,"node_is_primary":false},"59":{"node_type":"metabolite","x":2182.0996627807617,"y":195.36904907226562,"bigg_id":"his__L_c","name":"L-Histidine","label_x":2142.891850280762,"label_y":247.34512329101562,"node_is_primary":true},"60":{"node_type":"metabolite","x":1940.4431686401367,"y":115.36904907226562,"bigg_id":"h_c","name":"H+","label_x":1924.243168640137,"label_y":95.36904907226562,"node_is_primary":false},"61":{"node_type":"metabolite","x":1730.4431686401367,"y":275.3690490722656,"bigg_id":"nad_c","name":"Nicotinamide adenine dinucleotide","label_x":1703.4431686401367,"label_y":315.3690490722656,"node_is_primary":false},"62":{"node_type":"metabolite","x":1940.4431686401367,"y":275.3690490722656,"bigg_id":"nadh_c","name":"Nicotinamide adenine dinucleotide - reduced","label_x":1908.0431686401366,"label_y":315.3690490722656,"node_is_primary":false},"63":{"node_type":"multimarker","x":881.770622253418,"y":1190.1034851074219},"64":{"node_type":"midmarker","x":881.770622253418,"y":1170.1034851074219},"65":{"node_type":"multimarker","x":881.770622253418,"y":1150.1034851074219},"66":{"node_type":"metabolite","x":881.770622253418,"y":1026.8204040527344,"bigg_id":"prlp_c","name":"5-[(5-phospho-1-deoxyribulos-1-ylamino)methylideneamino]-1-(5-phosphoribosyl)imidazole-4-carboxamide","label_x":906.770622253418,"label_y":1026.8204040527344,"node_is_primary":true},"67":{"node_type":"multimarker","x":881.770622253418,"y":871.8204040527344},"68":{"node_type":"midmarker","x":881.770622253418,"y":851.8204040527344},"69":{"node_type":"multimarker","x":881.770622253418,"y":831.8204040527344},"70":{"node_type":"metabolite","x":994.1953659057617,"y":750.9620056152344,"bigg_id":"aicar_c","name":"5-Amino-1-(5-Phospho-D-ribosyl)imidazole-4-carboxamide","label_x":1009.1953659057617,"label_y":750.9620056152344,"node_is_primary":false},"71":{"node_type":"metabolite","x":945.912223815918,"y":707.1744079589844,"bigg_id":"glu__L_c","name":"L-Glutamate","label_x":960.912223815918,"label_y":707.1744079589844,"node_is_primary":false},"72":{"node_type":"metabolite","x":881.770622253418,"y":613.3868103027344,"bigg_id":"eig3p_c","name":"D-erythro-1-(Imidazol-4-yl)glycerol 3-phosphate","label_x":906.770622253418,"label_y":613.3868103027344,"node_is_primary":true},"73":{"node_type":"metabolite","x":801.770622253418,"y":746.8204040527344,"bigg_id":"h_c","name":"H+","label_x":729.770622253418,"label_y":776.8204040527344,"node_is_primary":false},"74":{"node_type":"metabolite","x":961.770622253418,"y":944.9266052246094,"bigg_id":"gln__L_c","name":"L-Glutamine","label_x":929.1953659057617,"label_y":984.5726013183594,"node_is_primary":false},"75":{"node_type":"multimarker","x":881.770622253418,"y":446.4929504394531},"76":{"node_type":"midmarker","x":881.770622253418,"y":426.4929504394531},"77":{"node_type":"multimarker","x":881.770622253418,"y":406.4929504394531},"78":{"node_type":"metabolite","x":953.841423034668,"y":321.4929504394531,"bigg_id":"h2o_c","name":"H2O","label_x":968.841423034668,"label_y":321.4929504394531,"node_is_primary":false},"79":{"node_type":"metabolite","x":877.806022644043,"y":199.95315551757812,"bigg_id":"imacp_c","name":"3-(Imidazol-4-yl)-2-oxopropyl phosphate","label_x":760.0803146362305,"label_y":203.91775512695312,"node_is_primary":true},"80":{"node_type":"multimarker","x":-168.22937774658203,"y":1110.4576110839844},"81":{"node_type":"midmarker","x":-168.22937774658203,"y":1130.4576110839844},"82":{"node_type":"multimarker","x":-168.22937774658203,"y":1150.4576110839844},"83":{"node_type":"metabolite","x":-248.22937774658203,"y":1235.4576110839844,"bigg_id":"h_c","name":"H+","label_x":-275.22937774658203,"label_y":1265.4576110839844,"node_is_primary":false},"84":{"node_type":"metabolite","x":-172.19397735595703,"y":907.8823547363281,"bigg_id":"r5p_c","name":"Alpha-D-Ribose 5-phosphate","label_x":-143.22937774658203,"label_y":915.8115539550781,"node_is_primary":true},"85":{"node_type":"metabolite","x":-88.22937774658203,"y":1235.4576110839844,"bigg_id":"amp_c","name":"AMP","label_x":-73.22937774658203,"label_y":1235.4576110839844,"node_is_primary":false},"86":{"node_type":"metabolite","x":-88.22937774658203,"y":1025.4576110839844,"bigg_id":"atp_c","name":"ATP","label_x":-73.22937774658203,"label_y":1025.4576110839844,"node_is_primary":false}},"text_labels":{"1":{"x":2018.4269409179688,"y":151.675537109375,"text":"L-Histidine"},"2":{"x":839.0264892578125,"y":84.97967529296875,"text":"L-Glutamate"},"3":{"x":985.7166748046875,"y":957.1920776367188,"text":"L-Glutamine"},"4":{"x":-520.8319208621979,"y":866.0062255859375,"text":"Alpha-D-Ribose 5-phosphate"},"5":{"x":-302.7788391113281,"y":810.5018920898438,"text":"Precursor"}},"canvas":{"x":-598.6231079101562,"y":-144.62306213378906,"width":2965.6235961914062,"height":1669.524917602539}}]