[{"map_name":"new_map","map_id":"fMcGC4oJxq3a","map_description":"\nLast Modified Wed Mar 07 2018 07:11:57 GMT-0700 (Mountain Standard Time)","homepage":"https://escher.github.io","schema":"https://escher.github.io/escher/jsonschema/1-0-0#"},{"reactions":{"16":{"name":"Glutamate 5-kinase","bigg_id":"GLU5K","reversibility":false,"label_x":-785.1017913818359,"label_y":-69.77520751953125,"gene_reaction_rule":"b0242","genes":[{"notes":{"original_bigg_ids":["b0242"]},"name":"proB","bigg_id":"b0242"}],"metabolites":[{"bigg_id":"glu__L_c","coefficient":-1},{"bigg_id":"glu5p_c","coefficient":1},{"bigg_id":"adp_c","coefficient":1},{"bigg_id":"atp_c","coefficient":-1}],"segments":{"108":{"from_node_id":"110","to_node_id":"111","b1":null,"b2":null},"109":{"from_node_id":"112","to_node_id":"111","b1":null,"b2":null},"110":{"from_node_id":"110","to_node_id":"109","b1":{"x":-790.4412078857422,"y":-117.39614868164062},"b2":{"x":-1005.9710540771484,"y":-114.615478515625}},"111":{"from_node_id":"112","to_node_id":"113","b1":{"x":-666.4412078857422,"y":-117.39614868164062},"b2":{"x":-514.7363128662109,"y":-121.27603149414062}},"112":{"from_node_id":"112","to_node_id":"114","b1":{"x":-662.4412078857422,"y":-117.39614868164062},"b2":{"x":-657.1912078857422,"y":-99.39614868164062}},"113":{"from_node_id":"110","to_node_id":"115","b1":{"x":-794.4412078857422,"y":-117.39614868164062},"b2":{"x":-799.6912078857422,"y":-99.39614868164062}}}},"17":{"name":"Glutamate-5-semialdehyde dehydrogenase","bigg_id":"G5SD","reversibility":false,"label_x":-327.05088806152344,"label_y":-149.46975708007812,"gene_reaction_rule":"b0243","genes":[{"notes":{"original_bigg_ids":["b0243"]},"name":"proA","bigg_id":"b0243"}],"metabolites":[{"bigg_id":"glu5sa_c","coefficient":1},{"bigg_id":"nadp_c","coefficient":1},{"bigg_id":"nadph_c","coefficient":-1},{"bigg_id":"h_c","coefficient":-1},{"bigg_id":"pi_c","coefficient":1},{"bigg_id":"glu5p_c","coefficient":-1}],"segments":{"114":{"from_node_id":"116","to_node_id":"117","b1":null,"b2":null},"115":{"from_node_id":"118","to_node_id":"117","b1":null,"b2":null},"116":{"from_node_id":"118","to_node_id":"119","b1":{"x":-218.98631286621094,"y":-121.27603149414062},"b2":{"x":-125.93757629394531,"y":-117.39614868164062}},"117":{"from_node_id":"118","to_node_id":"120","b1":{"x":-214.98631286621094,"y":-121.27603149414062},"b2":{"x":-209.73631286621094,"y":-139.27603149414062}},"118":{"from_node_id":"116","to_node_id":"121","b1":{"x":-346.98631286621094,"y":-121.27603149414062},"b2":{"x":-352.23631286621094,"y":-139.27603149414062}},"119":{"from_node_id":"116","to_node_id":"122","b1":{"x":-346.98631286621094,"y":-121.27603149414062},"b2":{"x":-352.23631286621094,"y":-103.27603149414062}},"120":{"from_node_id":"118","to_node_id":"123","b1":{"x":-214.98631286621094,"y":-121.27603149414062},"b2":{"x":-218.07838439941406,"y":-111.61810302734375}},"121":{"from_node_id":"116","to_node_id":"113","b1":{"x":-342.98631286621094,"y":-121.27603149414062},"b2":{"x":-397.23631286621094,"y":-121.27603149414062}}}},"18":{"name":"L-glutamate 5-semialdehyde dehydratase (spontaneous)","bigg_id":"G5SADs","reversibility":false,"label_x":16.102096557617188,"label_y":-137.93133544921875,"gene_reaction_rule":"s0001","genes":[{"notes":{"original_bigg_ids":["s0001"]},"name":"None","bigg_id":"s0001"}],"metabolites":[{"bigg_id":"1pyr5c_c","coefficient":1},{"bigg_id":"glu5sa_c","coefficient":-1},{"bigg_id":"h2o_c","coefficient":1},{"bigg_id":"h_c","coefficient":1}],"segments":{"122":{"from_node_id":"124","to_node_id":"125","b1":null,"b2":null},"123":{"from_node_id":"126","to_node_id":"125","b1":null,"b2":null},"124":{"from_node_id":"126","to_node_id":"127","b1":{"x":142.0055389404297,"y":-117.39614868164062},"b2":{"x":318.6057586669922,"y":-117.39614868164062}},"125":{"from_node_id":"124","to_node_id":"119","b1":{"x":18.005538940429688,"y":-117.39614868164062},"b2":{"x":-8.437576293945312,"y":-117.39614868164062}},"126":{"from_node_id":"126","to_node_id":"128","b1":{"x":146.0055389404297,"y":-117.39614868164062},"b2":{"x":151.2555389404297,"y":-135.39614868164062}},"127":{"from_node_id":"126","to_node_id":"129","b1":{"x":146.0055389404297,"y":-117.39614868164062},"b2":{"x":151.2555389404297,"y":-99.39614868164062}}}},"19":{"name":"Pyrroline-5-carboxylate reductase","bigg_id":"P5CR","reversibility":false,"label_x":588.6952972412109,"label_y":-269.8846435546875,"gene_reaction_rule":"b0386","genes":[{"notes":{"original_bigg_ids":["b0386"]},"name":"proC","bigg_id":"b0386"}],"metabolites":[{"bigg_id":"1pyr5c_c","coefficient":-1},{"bigg_id":"pro__L_c","coefficient":1},{"bigg_id":"nadph_c","coefficient":-1},{"bigg_id":"h_c","coefficient":-2},{"bigg_id":"nadp_c","coefficient":1}],"segments":{"128":{"from_node_id":"130","to_node_id":"131","b1":null,"b2":null},"129":{"from_node_id":"132","to_node_id":"131","b1":null,"b2":null},"130":{"from_node_id":"130","to_node_id":"127","b1":{"x":473.8098602294922,"y":-243.78807830810547},"b2":{"x":436.1057586669922,"y":-151.59326171875}},"131":{"from_node_id":"132","to_node_id":"133","b1":{"x":792.4579925537109,"y":-252.1301498413086},"b2":{"x":854.9117889404296,"y":-156.3257446289058}},"132":{"from_node_id":"130","to_node_id":"134","b1":{"x":567.1338958740234,"y":-249.34945678710938},"b2":{"x":556.1843719482422,"y":-238.85183715820312}},"133":{"from_node_id":"130","to_node_id":"135","b1":{"x":567.1338958740234,"y":-249.34945678710938},"b2":{"x":561.8838958740234,"y":-231.34945678710938}},"134":{"from_node_id":"132","to_node_id":"136","b1":{"x":693.5725555419922,"y":-235.4460220336914},"b2":{"x":709.9452972412109,"y":-209.1039581298828}}}},"27":{"name":"N-acetylornithine deacetylase","bigg_id":"NACODA","reversibility":false,"label_x":-46.62620544433594,"label_y":181.61196899414062,"gene_reaction_rule":"b3957","genes":[{"notes":{"original_bigg_ids":["b3957"]},"name":"argE","bigg_id":"b3957"}],"metabolites":[{"bigg_id":"glu5sa_c","coefficient":1},{"bigg_id":"ac_c","coefficient":1},{"bigg_id":"h2o_c","coefficient":-1},{"bigg_id":"acg5sa_c","coefficient":-1}],"segments":{"179":{"from_node_id":"181","to_node_id":"182","b1":null,"b2":null},"180":{"from_node_id":"183","to_node_id":"182","b1":null,"b2":null},"181":{"from_node_id":"183","to_node_id":"119","b1":{"x":-61.62620544433594,"y":109.61196899414062},"b2":{"x":-67.18757629394531,"y":-58.646148681640625}},"182":{"from_node_id":"183","to_node_id":"184","b1":{"x":-61.62620544433594,"y":105.61196899414062},"b2":{"x":-82.40687561035156,"y":108.70407104492188}},"183":{"from_node_id":"181","to_node_id":"185","b1":{"x":-61.62620544433594,"y":237.61196899414062},"b2":{"x":-79.62620544433594,"y":242.86196899414062}},"184":{"from_node_id":"181","to_node_id":"186","b1":{"x":-61.62620544433594,"y":233.61196899414062},"b2":{"x":-79.46827697753906,"y":477.86517333984375}}}},"28":{"name":"N-acetyl-g-glutamyl-phosphate reductase","bigg_id":"AGPR","reversibility":true,"label_x":-298.90689849853516,"label_y":516.0799560546875,"gene_reaction_rule":"b3958","genes":[{"notes":{"original_bigg_ids":["b3958"]},"name":"argC","bigg_id":"b3958"}],"metabolites":[{"bigg_id":"nadp_c","coefficient":-1},{"bigg_id":"nadph_c","coefficient":1},{"bigg_id":"acg5p_c","coefficient":1},{"bigg_id":"acg5sa_c","coefficient":-1},{"bigg_id":"h_c","coefficient":1},{"bigg_id":"pi_c","coefficient":-1}],"segments":{"185":{"from_node_id":"187","to_node_id":"188","b1":null,"b2":null},"186":{"from_node_id":"189","to_node_id":"188","b1":null,"b2":null},"187":{"from_node_id":"187","to_node_id":"190","b1":{"x":-188.46827697753906,"y":536.6151733398438},"b2":{"x":-183.21827697753906,"y":554.6151733398438}},"188":{"from_node_id":"189","to_node_id":"191","b1":{"x":-320.46827697753906,"y":536.6151733398438},"b2":{"x":-325.71827697753906,"y":554.6151733398438}},"189":{"from_node_id":"189","to_node_id":"192","b1":{"x":-316.46827697753906,"y":536.6151733398438},"b2":{"x":-370.71827697753906,"y":536.6151733398438}},"190":{"from_node_id":"187","to_node_id":"186","b1":{"x":-192.46827697753906,"y":536.6151733398438},"b2":{"x":-138.21827697753906,"y":536.6151733398438}},"191":{"from_node_id":"189","to_node_id":"193","b1":{"x":-320.46827697753906,"y":536.6151733398438},"b2":{"x":-325.71827697753906,"y":518.6151733398438}},"192":{"from_node_id":"187","to_node_id":"194","b1":{"x":-188.46827697753906,"y":536.6151733398438},"b2":{"x":-183.21827697753906,"y":518.6151733398438}}}},"29":{"name":"Acetylglutamate kinase","bigg_id":"ACGK","reversibility":false,"label_x":-648.9069061279297,"label_y":513.2992553710938,"gene_reaction_rule":"b3959","genes":[{"notes":{"original_bigg_ids":["b3959"]},"name":"argB","bigg_id":"b3959"}],"metabolites":[{"bigg_id":"acg5p_c","coefficient":1},{"bigg_id":"acglu_c","coefficient":-1},{"bigg_id":"adp_c","coefficient":1},{"bigg_id":"atp_c","coefficient":-1}],"segments":{"193":{"from_node_id":"195","to_node_id":"196","b1":null,"b2":null},"194":{"from_node_id":"197","to_node_id":"196","b1":null,"b2":null},"195":{"from_node_id":"197","to_node_id":"192","b1":{"x":-542.4682769775391,"y":536.6151733398438},"b2":{"x":-488.21827697753906,"y":536.6151733398438}},"196":{"from_node_id":"195","to_node_id":"198","b1":{"x":-666.4682769775391,"y":536.6151733398438},"b2":{"x":-720.7182769775391,"y":536.6151733398438}},"197":{"from_node_id":"197","to_node_id":"199","b1":{"x":-538.4682769775391,"y":536.6151733398438},"b2":{"x":-533.2182769775391,"y":518.6151733398438}},"198":{"from_node_id":"195","to_node_id":"200","b1":{"x":-670.4682769775391,"y":536.6151733398438},"b2":{"x":-675.7182769775391,"y":518.6151733398438}}}},"30":{"name":"N-acetylglutamate synthase","bigg_id":"ACGS","reversibility":false,"label_x":-985.0034942626953,"label_y":517.2367248535156,"gene_reaction_rule":"b2818","genes":[{"notes":{"original_bigg_ids":["b2818"]},"name":"argA","bigg_id":"b2818"}],"metabolites":[{"bigg_id":"glu__L_c","coefficient":-1},{"bigg_id":"acglu_c","coefficient":1},{"bigg_id":"coa_c","coefficient":1},{"bigg_id":"h_c","coefficient":1},{"bigg_id":"accoa_c","coefficient":-1}],"segments":{"199":{"from_node_id":"201","to_node_id":"202","b1":null,"b2":null},"200":{"from_node_id":"203","to_node_id":"202","b1":null,"b2":null},"201":{"from_node_id":"201","to_node_id":"109","b1":{"x":-1091.3414459228516,"y":536.6151733398438},"b2":{"x":-1049.5865020751953,"y":-57.9034423828125}},"202":{"from_node_id":"203","to_node_id":"198","b1":{"x":-892.4682769775391,"y":536.6151733398438},"b2":{"x":-838.2182769775391,"y":536.6151733398438}},"203":{"from_node_id":"203","to_node_id":"205","b1":{"x":-888.4682769775391,"y":536.6151733398438},"b2":{"x":-875.4585723876953,"y":558.4950561523438}},"204":{"from_node_id":"203","to_node_id":"206","b1":{"x":-888.4682769775391,"y":536.6151733398438},"b2":{"x":-883.2182769775391,"y":518.6151733398438}},"205":{"from_node_id":"201","to_node_id":"207","b1":{"x":-1012.5308990478516,"y":548.4273681640625},"b2":{"x":-1026.2273712158203,"y":581.1060791015625}}}},"31":{"name":"1-pyrroline-5-carboxylate dehydrogenase","bigg_id":"P5CD","reversibility":false,"label_x":-317.56893157958984,"label_y":-374.23350524902344,"gene_reaction_rule":"b1014","genes":[{"notes":{"original_bigg_ids":["b1014"]},"name":"putA","bigg_id":"b1014"}],"metabolites":[{"bigg_id":"h2o_c","coefficient":-2},{"bigg_id":"glu__L_c","coefficient":1},{"bigg_id":"h_c","coefficient":1},{"bigg_id":"nad_c","coefficient":-1},{"bigg_id":"1pyr5c_c","coefficient":-1},{"bigg_id":"nadh_c","coefficient":1}],"segments":{"206":{"from_node_id":"208","to_node_id":"209","b1":null,"b2":null},"207":{"from_node_id":"210","to_node_id":"209","b1":null,"b2":null},"208":{"from_node_id":"208","to_node_id":"211","b1":{"x":-216.15589141845703,"y":-357.1625289916992},"b2":{"x":-208.12520599365234,"y":-364.03977966308594}},"209":{"from_node_id":"210","to_node_id":"109","b1":{"x":-547.1460113525391,"y":-346.03977966308594},"b2":{"x":-932.2535247802734,"y":-386.3372802734375}},"210":{"from_node_id":"210","to_node_id":"212","b1":{"x":-331.47177505493164,"y":-354.38184356689453},"b2":{"x":-350.62520599365234,"y":-364.03977966308594}},"211":{"from_node_id":"208","to_node_id":"213","b1":{"x":-224.4979476928711,"y":-332.1363525390625},"b2":{"x":-219.2479476928711,"y":-330.82047271728516}},"212":{"from_node_id":"208","to_node_id":"127","b1":{"x":2.2990341186523438,"y":-343.25909423828125},"b2":{"x":296.12503814697266,"y":-379.6766815185547}},"213":{"from_node_id":"210","to_node_id":"215","b1":{"x":-331.4717712402344,"y":-334.9170379638672},"b2":{"x":-350.62520599365234,"y":-328.03977966308594}}}},"32":{"name":"Proline dehydrogenase","bigg_id":"PROD2","reversibility":false,"label_x":594.2565765380859,"label_y":35.60107421875,"gene_reaction_rule":"b1014","genes":[{"notes":{"original_bigg_ids":["b1014"]},"name":"putA","bigg_id":"b1014"}],"metabolites":[{"bigg_id":"1pyr5c_c","coefficient":1},{"bigg_id":"fadh2_c","coefficient":1},{"bigg_id":"pro__L_c","coefficient":-1},{"bigg_id":"h_c","coefficient":1},{"bigg_id":"fad_c","coefficient":-1}],"segments":{"214":{"from_node_id":"216","to_node_id":"217","b1":null,"b2":null},"215":{"from_node_id":"218","to_node_id":"217","b1":null,"b2":null},"216":{"from_node_id":"218","to_node_id":"127","b1":{"x":493.13645935058594,"y":-14.5107421875},"b2":{"x":427.76365661621094,"y":-75.27142333984375}},"217":{"from_node_id":"218","to_node_id":"219","b1":{"x":578.1183929443359,"y":-36.7562255859375},"b2":{"x":575.6490325927734,"y":-32.5107421875}},"218":{"from_node_id":"216","to_node_id":"133","b1":{"x":792.3197479248047,"y":-22.852783203125},"b2":{"x":857.6924285888675,"y":-92.36999511718761}},"219":{"from_node_id":"218","to_node_id":"221","b1":{"x":578.1183929443359,"y":-17.291412353515625},"b2":{"x":567.3070526123047,"y":-7.63348388671875}},"220":{"from_node_id":"216","to_node_id":"222","b1":{"x":698.9956512451172,"y":-17.291412353515625},"b2":{"x":709.8070526123047,"y":-7.63348388671875}}}},"33":{"name":"Acetylornithine transaminase","bigg_id":"ACOTA","reversibility":true,"label_x":36.30794906616211,"label_y":584.6964416503906,"gene_reaction_rule":"b1748 or b3359","genes":[{"notes":{"original_bigg_ids":["b1748"]},"name":"astC","bigg_id":"b1748"},{"notes":{"original_bigg_ids":["b3359"]},"name":"argD","bigg_id":"b3359"}],"metabolites":[{"bigg_id":"akg_c","coefficient":-1},{"bigg_id":"glu__L_c","coefficient":1},{"bigg_id":"acg5sa_c","coefficient":1},{"bigg_id":"acorn_c","coefficient":-1}],"segments":{"221":{"from_node_id":"223","to_node_id":"224","b1":null,"b2":null},"222":{"from_node_id":"225","to_node_id":"224","b1":null,"b2":null},"223":{"from_node_id":"223","to_node_id":"226","b1":{"x":161.53172302246094,"y":536.6151733398438},"b2":{"x":166.78172302246094,"y":554.6151733398438}},"224":{"from_node_id":"225","to_node_id":"227","b1":{"x":29.531723022460938,"y":536.6151733398438},"b2":{"x":24.28172278404236,"y":509.01898193359375}},"225":{"from_node_id":"225","to_node_id":"186","b1":{"x":33.53172302246094,"y":536.6151733398438},"b2":{"x":-20.718276977539062,"y":536.6151733398438}},"226":{"from_node_id":"223","to_node_id":"228","b1":{"x":157.53172302246094,"y":536.6151733398438},"b2":{"x":211.78172302246094,"y":536.6151733398438}}}},"34":{"name":"Acetylornithine deacetylase","bigg_id":"ACODA","reversibility":false,"label_x":383.7195281982422,"label_y":516.3021850585938,"gene_reaction_rule":"b3957","genes":[{"notes":{"original_bigg_ids":["b3957"]},"name":"argE","bigg_id":"b3957"}],"metabolites":[{"bigg_id":"ac_c","coefficient":1},{"bigg_id":"orn_c","coefficient":1},{"bigg_id":"h2o_c","coefficient":-1},{"bigg_id":"acorn_c","coefficient":-1}],"segments":{"227":{"from_node_id":"229","to_node_id":"230","b1":null,"b2":null},"228":{"from_node_id":"231","to_node_id":"230","b1":null,"b2":null},"229":{"from_node_id":"231","to_node_id":"232","b1":{"x":511.53172302246094,"y":536.6151733398438},"b2":{"x":504.9695281982422,"y":554.615234375}},"230":{"from_node_id":"231","to_node_id":"233","b1":{"x":507.53172302246094,"y":536.6151733398438},"b2":{"x":561.7817230224609,"y":536.6151733398438}},"231":{"from_node_id":"229","to_node_id":"234","b1":{"x":379.53172302246094,"y":536.6151733398438},"b2":{"x":374.28172302246094,"y":554.6151733398438}},"232":{"from_node_id":"229","to_node_id":"228","b1":{"x":383.53172302246094,"y":536.6151733398438},"b2":{"x":329.28172302246094,"y":536.6151733398438}}}},"35":{"name":"Ornithine carbamoyltransferase","bigg_id":"OCBT","reversibility":true,"label_x":749.4691009521484,"label_y":512.36474609375,"gene_reaction_rule":"b4254 or b0273","genes":[{"notes":{"original_bigg_ids":["b4254"]},"name":"argI","bigg_id":"b4254"},{"notes":{"original_bigg_ids":["b0273"]},"name":"argF","bigg_id":"b0273"}],"metabolites":[{"bigg_id":"cbp_c","coefficient":-1},{"bigg_id":"citr__L_c","coefficient":1},{"bigg_id":"orn_c","coefficient":-1},{"bigg_id":"pi_c","coefficient":1},{"bigg_id":"h_c","coefficient":1}],"segments":{"233":{"from_node_id":"235","to_node_id":"236","b1":null,"b2":null},"234":{"from_node_id":"237","to_node_id":"236","b1":null,"b2":null},"235":{"from_node_id":"235","to_node_id":"238","b1":{"x":729.5317230224609,"y":536.6151733398438},"b2":{"x":715.0944061279297,"y":508.67889404296875}},"236":{"from_node_id":"237","to_node_id":"239","b1":{"x":857.5317230224609,"y":536.6151733398438},"b2":{"x":911.7817230224609,"y":536.6151733398438}},"237":{"from_node_id":"235","to_node_id":"233","b1":{"x":733.5317230224609,"y":536.6151733398438},"b2":{"x":679.2817230224609,"y":536.6151733398438}},"238":{"from_node_id":"237","to_node_id":"240","b1":{"x":861.5317230224609,"y":536.6151733398438},"b2":{"x":866.7817230224609,"y":518.6151733398438}},"239":{"from_node_id":"237","to_node_id":"241","b1":{"x":861.5317230224609,"y":536.6151733398438},"b2":{"x":866.7817230224609,"y":554.6151733398438}}}},"36":{"name":"Argininosuccinate synthase","bigg_id":"ARGSS","reversibility":false,"label_x":1087.6568450927734,"label_y":504.489990234375,"gene_reaction_rule":"b3172","genes":[{"notes":{"original_bigg_ids":["b3172"]},"name":"argG","bigg_id":"b3172"}],"metabolites":[{"bigg_id":"atp_c","coefficient":-1},{"bigg_id":"asp__L_c","coefficient":-1},{"bigg_id":"ppi_c","coefficient":1},{"bigg_id":"argsuc_c","coefficient":1},{"bigg_id":"h_c","coefficient":1},{"bigg_id":"citr__L_c","coefficient":-1},{"bigg_id":"amp_c","coefficient":1}],"segments":{"240":{"from_node_id":"242","to_node_id":"243","b1":null,"b2":null},"241":{"from_node_id":"244","to_node_id":"243","b1":null,"b2":null},"242":{"from_node_id":"242","to_node_id":"245","b1":{"x":1079.531723022461,"y":536.6151733398438},"b2":{"x":1074.281723022461,"y":518.6151733398438}},"243":{"from_node_id":"242","to_node_id":"246","b1":{"x":1062.1326751708984,"y":536.6151733398438},"b2":{"x":1047.3922576904297,"y":608.3941650390625}},"244":{"from_node_id":"244","to_node_id":"247","b1":{"x":1211.531723022461,"y":536.6151733398438},"b2":{"x":1216.781723022461,"y":518.6151733398438}},"245":{"from_node_id":"244","to_node_id":"248","b1":{"x":1207.531723022461,"y":536.6151733398438},"b2":{"x":1261.781723022461,"y":536.6151733398438}},"246":{"from_node_id":"244","to_node_id":"249","b1":{"x":1211.531723022461,"y":536.6151733398438},"b2":{"x":1216.781723022461,"y":554.6151733398438}},"247":{"from_node_id":"242","to_node_id":"239","b1":{"x":1083.531723022461,"y":536.6151733398438},"b2":{"x":1029.281723022461,"y":536.6151733398438}},"248":{"from_node_id":"244","to_node_id":"250","b1":{"x":1211.531723022461,"y":536.6151733398438},"b2":{"x":1201.781723022461,"y":572.6151733398438}}}},"37":{"name":"Argininosuccinate lyase","bigg_id":"ARGSL","reversibility":true,"label_x":1441.5943450927734,"label_y":516.3021545410156,"gene_reaction_rule":"b3960","genes":[{"notes":{"original_bigg_ids":["b3960"]},"name":"argH","bigg_id":"b3960"}],"metabolites":[{"bigg_id":"argsuc_c","coefficient":-1},{"bigg_id":"fum_c","coefficient":1},{"bigg_id":"arg__L_c","coefficient":1}],"segments":{"249":{"from_node_id":"251","to_node_id":"252","b1":null,"b2":null},"250":{"from_node_id":"253","to_node_id":"252","b1":null,"b2":null},"251":{"from_node_id":"251","to_node_id":"248","b1":{"x":1433.531723022461,"y":536.6151733398438},"b2":{"x":1379.281723022461,"y":536.6151733398438}},"252":{"from_node_id":"253","to_node_id":"254","b1":{"x":1561.531723022461,"y":536.6151733398438},"b2":{"x":1590.406234741211,"y":507.3663787841797}},"253":{"from_node_id":"253","to_node_id":"255","b1":{"x":1557.531723022461,"y":536.6151733398438},"b2":{"x":1656.405502319336,"y":536.6151733398438}}}},"41":{"name":"Arginine succinyltransferase","bigg_id":"AST","reversibility":false,"label_x":1991.480941772461,"label_y":512.4222717285156,"gene_reaction_rule":"b1747","genes":[{"notes":{"original_bigg_ids":["b1747"]},"name":"astA","bigg_id":"b1747"}],"metabolites":[{"bigg_id":"coa_c","coefficient":1},{"bigg_id":"arg__L_c","coefficient":-1},{"bigg_id":"sucarg_c","coefficient":1},{"bigg_id":"succoa_c","coefficient":-1},{"bigg_id":"h_c","coefficient":1}],"segments":{"277":{"from_node_id":"279","to_node_id":"280","b1":null,"b2":null},"278":{"from_node_id":"281","to_node_id":"280","b1":null,"b2":null},"279":{"from_node_id":"281","to_node_id":"282","b1":{"x":2099.606185913086,"y":532.7352905273438},"b2":{"x":2104.856185913086,"y":514.7352905273438}},"280":{"from_node_id":"279","to_node_id":"255","b1":{"x":1971.606185913086,"y":532.7352905273438},"b2":{"x":1773.905502319336,"y":536.6151733398438}},"281":{"from_node_id":"281","to_node_id":"283","b1":{"x":2095.606185913086,"y":532.7352905273438},"b2":{"x":2239.093246459961,"y":532.7352905273438}},"282":{"from_node_id":"279","to_node_id":"284","b1":{"x":1967.606185913086,"y":532.7352905273438},"b2":{"x":1957.1063079833984,"y":540.2355651855469}},"283":{"from_node_id":"281","to_node_id":"285","b1":{"x":2099.606185913086,"y":532.7352905273438},"b2":{"x":2174.694076538086,"y":531.3359375}}}},"44":{"name":"Arginine decarboxylase","bigg_id":"ARGDC","reversibility":false,"label_x":1730.155502319336,"label_y":721.6151733398438,"gene_reaction_rule":"b4117","genes":[{"notes":{"original_bigg_ids":["b4117"]},"name":"adiA","bigg_id":"b4117"}],"metabolites":[{"bigg_id":"agm_c","coefficient":1},{"bigg_id":"co2_c","coefficient":1},{"bigg_id":"arg__L_c","coefficient":-1},{"bigg_id":"h_c","coefficient":-1}],"segments":{"298":{"from_node_id":"300","to_node_id":"301","b1":null,"b2":null},"299":{"from_node_id":"302","to_node_id":"301","b1":null,"b2":null},"300":{"from_node_id":"302","to_node_id":"303","b1":{"x":1715.155502319336,"y":773.6151733398438},"b2":{"x":1715.155502319336,"y":827.8651733398438}},"301":{"from_node_id":"302","to_node_id":"304","b1":{"x":1715.155502319336,"y":777.6151733398438},"b2":{"x":1697.155502319336,"y":782.8651733398438}},"302":{"from_node_id":"300","to_node_id":"255","b1":{"x":1715.155502319336,"y":649.6151733398438},"b2":{"x":1715.155502319336,"y":595.3651733398438}},"303":{"from_node_id":"300","to_node_id":"305","b1":{"x":1715.155502319336,"y":645.6151733398438},"b2":{"x":1705.030258178711,"y":635.1153259277344}}}},"45":{"name":"Agmatinase","bigg_id":"AGMT","reversibility":false,"label_x":1730.155502319336,"label_y":1071.6151733398438,"gene_reaction_rule":"b2937","genes":[{"notes":{"original_bigg_ids":["b2937"]},"name":"speB","bigg_id":"b2937"}],"metabolites":[{"bigg_id":"ptrc_c","coefficient":1},{"bigg_id":"agm_c","coefficient":-1},{"bigg_id":"urea_c","coefficient":1},{"bigg_id":"h2o_c","coefficient":-1}],"segments":{"304":{"from_node_id":"306","to_node_id":"307","b1":null,"b2":null},"305":{"from_node_id":"308","to_node_id":"307","b1":null,"b2":null},"306":{"from_node_id":"308","to_node_id":"309","b1":{"x":1715.155502319336,"y":1123.6151733398438},"b2":{"x":1715.155502319336,"y":1177.8651733398438}},"307":{"from_node_id":"306","to_node_id":"303","b1":{"x":1715.155502319336,"y":999.6151733398438},"b2":{"x":1715.155502319336,"y":945.3651733398438}},"308":{"from_node_id":"308","to_node_id":"310","b1":{"x":1715.155502319336,"y":1127.6151733398438},"b2":{"x":1697.155502319336,"y":1132.8651733398438}},"309":{"from_node_id":"306","to_node_id":"311","b1":{"x":1715.155502319336,"y":995.6151733398438},"b2":{"x":1697.155502319336,"y":990.3651733398438}}}},"46":{"name":"Putrescine Transaminase","bigg_id":"PTRCTA","reversibility":false,"label_x":1730.155502319336,"label_y":1421.6151733398438,"gene_reaction_rule":"b3073","genes":[{"notes":{"original_bigg_ids":["b3073"]},"name":"patA","bigg_id":"b3073"}],"metabolites":[{"bigg_id":"akg_c","coefficient":-1},{"bigg_id":"ptrc_c","coefficient":-1},{"bigg_id":"glu__L_c","coefficient":1},{"bigg_id":"4abutn_c","coefficient":1}],"segments":{"310":{"from_node_id":"312","to_node_id":"313","b1":null,"b2":null},"311":{"from_node_id":"314","to_node_id":"313","b1":null,"b2":null},"312":{"from_node_id":"312","to_node_id":"315","b1":{"x":1715.155502319336,"y":1345.6151733398438},"b2":{"x":1697.155502319336,"y":1340.3651733398438}},"313":{"from_node_id":"312","to_node_id":"309","b1":{"x":1715.155502319336,"y":1349.6151733398438},"b2":{"x":1715.155502319336,"y":1295.3651733398438}},"314":{"from_node_id":"314","to_node_id":"316","b1":{"x":1715.155502319336,"y":1477.6151733398438},"b2":{"x":1697.155502319336,"y":1482.8651733398438}},"315":{"from_node_id":"314","to_node_id":"317","b1":{"x":1715.155502319336,"y":1473.6151733398438},"b2":{"x":1720.854965209961,"y":1607.6585083007812}}}},"47":{"name":"Succinylarginine dihydrolase","bigg_id":"SADH","reversibility":false,"label_x":2312.843246459961,"label_y":717.7352905273438,"gene_reaction_rule":"b1745","genes":[{"notes":{"original_bigg_ids":["b1745"]},"name":"astB","bigg_id":"b1745"}],"metabolites":[{"bigg_id":"h2o_c","coefficient":-2},{"bigg_id":"sucarg_c","coefficient":-1},{"bigg_id":"h_c","coefficient":-2},{"bigg_id":"sucorn_c","coefficient":1},{"bigg_id":"co2_c","coefficient":1},{"bigg_id":"nh4_c","coefficient":2}],"segments":{"316":{"from_node_id":"318","to_node_id":"319","b1":null,"b2":null},"317":{"from_node_id":"320","to_node_id":"319","b1":null,"b2":null},"318":{"from_node_id":"318","to_node_id":"321","b1":{"x":2297.843246459961,"y":641.7352905273438},"b2":{"x":2315.843246459961,"y":636.4852905273438}},"319":{"from_node_id":"318","to_node_id":"283","b1":{"x":2297.843246459961,"y":645.7352905273438},"b2":{"x":2297.843246459961,"y":591.4852905273438}},"320":{"from_node_id":"318","to_node_id":"285","b1":{"x":2297.843246459961,"y":641.7352905273438},"b2":{"x":2267.0638275146484,"y":646.9850158691406}},"321":{"from_node_id":"320","to_node_id":"323","b1":{"x":2297.843246459961,"y":769.7352905273438},"b2":{"x":2297.843246459961,"y":823.9852905273438}},"322":{"from_node_id":"320","to_node_id":"324","b1":{"x":2297.843246459961,"y":773.7352905273438},"b2":{"x":2315.843246459961,"y":778.9852905273438}},"323":{"from_node_id":"320","to_node_id":"325","b1":{"x":2297.843246459961,"y":773.7352905273438},"b2":{"x":2279.843246459961,"y":778.9852905273438}}}},"48":{"name":"Succinylornithine transaminase","bigg_id":"SOTA","reversibility":false,"label_x":2312.843246459961,"label_y":1067.7352905273438,"gene_reaction_rule":"b1748","genes":[{"notes":{"original_bigg_ids":["b1748"]},"name":"astC","bigg_id":"b1748"}],"metabolites":[{"bigg_id":"sucorn_c","coefficient":-1},{"bigg_id":"akg_c","coefficient":-1},{"bigg_id":"glu__L_c","coefficient":1},{"bigg_id":"sucgsa_c","coefficient":1}],"segments":{"324":{"from_node_id":"326","to_node_id":"327","b1":null,"b2":null},"325":{"from_node_id":"328","to_node_id":"327","b1":null,"b2":null},"326":{"from_node_id":"326","to_node_id":"323","b1":{"x":2297.843246459961,"y":995.7352905273438},"b2":{"x":2297.843246459961,"y":941.4852905273438}},"327":{"from_node_id":"326","to_node_id":"329","b1":{"x":2297.843246459961,"y":991.7352905273438},"b2":{"x":2279.843246459961,"y":986.4852905273438}},"328":{"from_node_id":"328","to_node_id":"330","b1":{"x":2297.843246459961,"y":1123.7352905273438},"b2":{"x":2279.843246459961,"y":1128.9852905273438}},"329":{"from_node_id":"328","to_node_id":"331","b1":{"x":2297.843246459961,"y":1119.7352905273438},"b2":{"x":2297.843246459961,"y":1173.9852905273438}}}},"49":{"name":"Succinylglutamic semialdehyde dehydrogenase","bigg_id":"SGSAD","reversibility":false,"label_x":2312.843246459961,"label_y":1417.7352905273438,"gene_reaction_rule":"b1746","genes":[{"notes":{"original_bigg_ids":["b1746"]},"name":"astD","bigg_id":"b1746"}],"metabolites":[{"bigg_id":"sucglu_c","coefficient":1},{"bigg_id":"h2o_c","coefficient":-1},{"bigg_id":"sucgsa_c","coefficient":-1},{"bigg_id":"h_c","coefficient":2},{"bigg_id":"nad_c","coefficient":-1},{"bigg_id":"nadh_c","coefficient":1}],"segments":{"330":{"from_node_id":"332","to_node_id":"333","b1":null,"b2":null},"331":{"from_node_id":"334","to_node_id":"333","b1":null,"b2":null},"332":{"from_node_id":"334","to_node_id":"335","b1":{"x":2297.843246459961,"y":1469.7352905273438},"b2":{"x":2297.843246459961,"y":1523.9852905273438}},"333":{"from_node_id":"332","to_node_id":"336","b1":{"x":2297.843246459961,"y":1341.7352905273438},"b2":{"x":2315.843246459961,"y":1336.4852905273438}},"334":{"from_node_id":"332","to_node_id":"331","b1":{"x":2297.843246459961,"y":1345.7352905273438},"b2":{"x":2297.843246459961,"y":1291.4852905273438}},"335":{"from_node_id":"334","to_node_id":"337","b1":{"x":2297.843246459961,"y":1473.7352905273438},"b2":{"x":2315.843246459961,"y":1478.9852905273438}},"336":{"from_node_id":"332","to_node_id":"338","b1":{"x":2297.843246459961,"y":1341.7352905273438},"b2":{"x":2279.843246459961,"y":1336.4852905273438}},"337":{"from_node_id":"334","to_node_id":"339","b1":{"x":2297.843246459961,"y":1473.7352905273438},"b2":{"x":2279.843246459961,"y":1478.9852905273438}}}},"50":{"name":"Succinylglutamate desuccinylase","bigg_id":"SGDS","reversibility":false,"label_x":2312.843246459961,"label_y":1767.7352905273438,"gene_reaction_rule":"b1744","genes":[{"notes":{"original_bigg_ids":["b1744"]},"name":"astE","bigg_id":"b1744"}],"metabolites":[{"bigg_id":"sucglu_c","coefficient":-1},{"bigg_id":"succ_c","coefficient":1},{"bigg_id":"glu__L_c","coefficient":1},{"bigg_id":"h2o_c","coefficient":-1}],"segments":{"338":{"from_node_id":"340","to_node_id":"341","b1":null,"b2":null},"339":{"from_node_id":"342","to_node_id":"341","b1":null,"b2":null},"340":{"from_node_id":"340","to_node_id":"335","b1":{"x":2297.843246459961,"y":1695.7352905273438},"b2":{"x":2297.843246459961,"y":1641.4852905273438}},"341":{"from_node_id":"342","to_node_id":"343","b1":{"x":2297.843246459961,"y":1823.7352905273438},"b2":{"x":2277.218246459961,"y":1844.7349243164062}},"342":{"from_node_id":"342","to_node_id":"344","b1":{"x":2297.843246459961,"y":1819.7352905273438},"b2":{"x":2298.146957397461,"y":1896.4069213867188}},"343":{"from_node_id":"340","to_node_id":"345","b1":{"x":2297.843246459961,"y":1691.7352905273438},"b2":{"x":2279.843246459961,"y":1686.4852905273438}}}},"58":{"name":"Ornithine Decarboxylase","bigg_id":"ORNDC","reversibility":false,"label_x":635.5317840576172,"label_y":812.1753540039062,"gene_reaction_rule":"b2965 or b0693","genes":[{"notes":{"original_bigg_ids":["b2965"]},"name":"speC","bigg_id":"b2965"},{"notes":{"original_bigg_ids":["b0693"]},"name":"speF","bigg_id":"b0693"}],"metabolites":[{"bigg_id":"ptrc_c","coefficient":1},{"bigg_id":"co2_c","coefficient":1},{"bigg_id":"orn_c","coefficient":-1},{"bigg_id":"h_c","coefficient":-1}],"segments":{"396":{"from_node_id":"398","to_node_id":"399","b1":null,"b2":null},"397":{"from_node_id":"400","to_node_id":"399","b1":null,"b2":null},"398":{"from_node_id":"400","to_node_id":"401","b1":{"x":620.5317840576172,"y":864.1753540039062},"b2":{"x":620.5317230224609,"y":959.7680053710938}},"399":{"from_node_id":"400","to_node_id":"402","b1":{"x":620.5317840576172,"y":868.1753540039062},"b2":{"x":614.3438568115234,"y":891.1436767578125}},"400":{"from_node_id":"398","to_node_id":"233","b1":{"x":620.5317840576172,"y":740.1753540039062},"b2":{"x":620.5317230224609,"y":595.3651733398438}},"401":{"from_node_id":"398","to_node_id":"403","b1":{"x":620.5317840576172,"y":736.1753540039062},"b2":{"x":610.4065399169922,"y":744.7062072753906}}}},"59":{"name":"Spermidine synthase","bigg_id":"SPMS","reversibility":false,"label_x":423.35572593858797,"label_y":1164.0428112878521,"gene_reaction_rule":"b0121","genes":[{"notes":{"original_bigg_ids":["b0121"]},"name":"speE","bigg_id":"b0121"}],"metabolites":[{"bigg_id":"ptrc_c","coefficient":-1},{"bigg_id":"spmd_c","coefficient":1},{"bigg_id":"5mta_c","coefficient":1},{"bigg_id":"h_c","coefficient":1},{"bigg_id":"ametam_c","coefficient":-1}],"segments":{"402":{"from_node_id":"404","to_node_id":"405","b1":null,"b2":null},"403":{"from_node_id":"406","to_node_id":"405","b1":null,"b2":null},"404":{"from_node_id":"404","to_node_id":"401","b1":{"x":567.2474845484442,"y":1193.8187156483773},"b2":{"x":620.5317230224609,"y":1077.2680053710938}},"405":{"from_node_id":"406","to_node_id":"407","b1":{"x":382.25248810012204,"y":1199.7674959479166},"b2":{"x":-111.47708129882812,"y":1239.0740356445312}},"406":{"from_node_id":"406","to_node_id":"408","b1":{"x":391.9520044381061,"y":1199.759826849201},"b2":{"x":298.255095821974,"y":1142.880480992921}},"407":{"from_node_id":"406","to_node_id":"409","b1":{"x":422.1491555805908,"y":1205.467080908854},"b2":{"x":426.6410989989365,"y":1230.3057896729042}},"408":{"from_node_id":"404","to_node_id":"410","b1":{"x":571.2474769606481,"y":1193.810924479349},"b2":{"x":566.9379942664438,"y":1222.1576575979013}}}},"60":{"name":"Glutathionylspermidine amidase","bigg_id":"GSPMDA","reversibility":false,"label_x":-921.0045518875122,"label_y":847.2922973632812,"gene_reaction_rule":"b2988","genes":[{"notes":{"original_bigg_ids":["b2988"]},"name":"gss","bigg_id":"b2988"}],"metabolites":[{"bigg_id":"gtspmd_c","coefficient":-1},{"bigg_id":"h2o_c","coefficient":-1},{"bigg_id":"gthrd_c","coefficient":1},{"bigg_id":"spmd_c","coefficient":1}],"segments":{"409":{"from_node_id":"411","to_node_id":"412","b1":null,"b2":null},"410":{"from_node_id":"413","to_node_id":"412","b1":null,"b2":null},"411":{"from_node_id":"411","to_node_id":"414","b1":{"x":-917.2549638748169,"y":874.1676025390625},"b2":{"x":-971.5049638748169,"y":874.1676025390625}},"412":{"from_node_id":"411","to_node_id":"415","b1":{"x":-921.2549638748169,"y":874.1676025390625},"b2":{"x":-926.5049638748169,"y":856.1676025390625}},"413":{"from_node_id":"413","to_node_id":"416","b1":{"x":-789.2549638748169,"y":874.1676025390625},"b2":{"x":-784.0049638748169,"y":856.1676025390625}},"414":{"from_node_id":"413","to_node_id":"407","b1":{"x":-677.7579755783081,"y":874.1676025390625},"b2":{"x":-203.1986083984375,"y":1211.9279174804688}}}},"61":{"name":"Glutathionylspermidine synthetase","bigg_id":"GSPMDS","reversibility":false,"label_x":-906.579225063324,"label_y":1187.108154296875,"gene_reaction_rule":"b2988","genes":[{"notes":{"original_bigg_ids":["b2988"]},"name":"gss","bigg_id":"b2988"}],"metabolites":[{"bigg_id":"spmd_c","coefficient":-1},{"bigg_id":"atp_c","coefficient":-1},{"bigg_id":"gtspmd_c","coefficient":1},{"bigg_id":"h_c","coefficient":1},{"bigg_id":"adp_c","coefficient":1},{"bigg_id":"pi_c","coefficient":1},{"bigg_id":"gthrd_c","coefficient":-1}],"segments":{"415":{"from_node_id":"417","to_node_id":"418","b1":null,"b2":null},"416":{"from_node_id":"419","to_node_id":"418","b1":null,"b2":null},"417":{"from_node_id":"417","to_node_id":"407","b1":{"x":-702.7066133022308,"y":1122.11083984375},"b2":{"x":-253.072265625,"y":1222.4276733398438}},"418":{"from_node_id":"417","to_node_id":"420","b1":{"x":-782.7044234275818,"y":1145.7352905273438},"b2":{"x":-772.2045607566833,"y":1153.2355346679688}},"419":{"from_node_id":"419","to_node_id":"421","b1":{"x":-905.4545607566833,"y":1135.2355346679688},"b2":{"x":-959.7045607566833,"y":1135.2355346679688}},"420":{"from_node_id":"419","to_node_id":"422","b1":{"x":-909.4545607566833,"y":1135.2355346679688},"b2":{"x":-914.7045607566833,"y":1153.2355346679688}},"421":{"from_node_id":"419","to_node_id":"423","b1":{"x":-909.4545607566833,"y":1135.2355346679688},"b2":{"x":-940.9407515525818,"y":1125.1063842773438}},"422":{"from_node_id":"419","to_node_id":"424","b1":{"x":-909.4545607566833,"y":1135.2355346679688},"b2":{"x":-904.951798915863,"y":1141.2133178710938}},"423":{"from_node_id":"417","to_node_id":"425","b1":{"x":-782.7044234275818,"y":1122.11083984375},"b2":{"x":-780.0636038780212,"y":1114.6303100585938}}}},"62":{"name":"Spermidine acetyltransferase (N8)","bigg_id":"SPMDAT2","reversibility":false,"label_x":-868.5302047729492,"label_y":1763.6409912109375,"gene_reaction_rule":"b1584","genes":[{"notes":{"original_bigg_ids":["b1584"]},"name":"speG","bigg_id":"b1584"}],"metabolites":[{"bigg_id":"n8aspmd_c","coefficient":1},{"bigg_id":"coa_c","coefficient":1},{"bigg_id":"spmd_c","coefficient":-1},{"bigg_id":"accoa_c","coefficient":-1},{"bigg_id":"h_c","coefficient":1}],"segments":{"424":{"from_node_id":"426","to_node_id":"427","b1":null,"b2":null},"425":{"from_node_id":"428","to_node_id":"427","b1":null,"b2":null},"426":{"from_node_id":"428","to_node_id":"429","b1":{"x":-876.5947723388672,"y":1720.9969482421875},"b2":{"x":-930.8447723388672,"y":1720.9969482421875}},"427":{"from_node_id":"428","to_node_id":"430","b1":{"x":-880.5947723388672,"y":1720.9969482421875},"b2":{"x":-885.8447723388672,"y":1738.9969482421875}},"428":{"from_node_id":"426","to_node_id":"407","b1":{"x":-610.8484687805176,"y":1757.7459716796875},"b2":{"x":-226.822998046875,"y":1280.1762084960938}},"429":{"from_node_id":"426","to_node_id":"431","b1":{"x":-732.8451862335205,"y":1705.247314453125},"b2":{"x":-732.8450469970703,"y":1679.37255859375}},"430":{"from_node_id":"428","to_node_id":"432","b1":{"x":-880.5947723388672,"y":1720.9969482421875},"b2":{"x":-885.8447723388672,"y":1702.9969482421875}}}},"63":{"name":"Spermidine acetyltransferase","bigg_id":"SPMDAT1","reversibility":false,"label_x":-890.1812438964844,"label_y":1461.8944091796875,"gene_reaction_rule":"b1584","genes":[{"notes":{"original_bigg_ids":["b1584"]},"name":"speG","bigg_id":"b1584"}],"metabolites":[{"bigg_id":"spmd_c","coefficient":-1},{"bigg_id":"coa_c","coefficient":1},{"bigg_id":"h_c","coefficient":1},{"bigg_id":"accoa_c","coefficient":-1},{"bigg_id":"N1aspmd_c","coefficient":1}],"segments":{"431":{"from_node_id":"433","to_node_id":"434","b1":null,"b2":null},"432":{"from_node_id":"435","to_node_id":"434","b1":null,"b2":null},"433":{"from_node_id":"433","to_node_id":"407","b1":{"x":-670.5511837005615,"y":1432.37109375},"b2":{"x":-263.572021484375,"y":1261.8016967773438}},"434":{"from_node_id":"435","to_node_id":"436","b1":{"x":-903.5484466552734,"y":1416.6214599609375},"b2":{"x":-908.7984466552734,"y":1434.6214599609375}},"435":{"from_node_id":"435","to_node_id":"437","b1":{"x":-903.5484466552734,"y":1416.6214599609375},"b2":{"x":-908.7984466552734,"y":1398.6214599609375}},"436":{"from_node_id":"433","to_node_id":"438","b1":{"x":-768.9235153198242,"y":1408.74658203125},"b2":{"x":-758.4236507415771,"y":1401.2464599609375}},"437":{"from_node_id":"435","to_node_id":"439","b1":{"x":-899.5484466552734,"y":1416.6214599609375},"b2":{"x":-953.7984466552734,"y":1416.6214599609375}}}},"64":{"name":"Methylthioadenosine nucleosidase","bigg_id":"MTAN","reversibility":false,"label_x":120.49300536334124,"label_y":1002.3829953720387,"gene_reaction_rule":"b0159","genes":[{"notes":{"original_bigg_ids":["b0159"]},"name":"mtn","bigg_id":"b0159"}],"metabolites":[{"bigg_id":"ade_c","coefficient":1},{"bigg_id":"h2o_c","coefficient":-1},{"bigg_id":"5mta_c","coefficient":-1},{"bigg_id":"5mtr_c","coefficient":1}],"segments":{"438":{"from_node_id":"440","to_node_id":"441","b1":null,"b2":null},"439":{"from_node_id":"442","to_node_id":"441","b1":null,"b2":null},"440":{"from_node_id":"442","to_node_id":"443","b1":{"x":104.52546933462241,"y":926.3900876164844},"b2":{"x":122.44657199294517,"y":920.8767783099152}},"441":{"from_node_id":"440","to_node_id":"444","b1":{"x":106.46054139206063,"y":1035.5778074244683},"b2":{"x":78.93938145312188,"y":1057.662002618783}},"442":{"from_node_id":"440","to_node_id":"408","b1":{"x":100.70238273378055,"y":1117.0710351090281},"b2":{"x":203.1037584617768,"y":1114.6013792123347}},"443":{"from_node_id":"442","to_node_id":"445","b1":{"x":104.58410788181851,"y":930.3896577834876},"b2":{"x":103.78882258548674,"y":876.1454873935063}}}},"65":{"name":"Adenosylmethionine decarboxylase","bigg_id":"ADMDC","reversibility":false,"label_x":834.8530500764591,"label_y":1251.934704256897,"gene_reaction_rule":"b0120","genes":[{"notes":{"original_bigg_ids":["b0120"]},"name":"speD","bigg_id":"b0120"}],"metabolites":[{"bigg_id":"amet_c","coefficient":-1},{"bigg_id":"co2_c","coefficient":1},{"bigg_id":"h_c","coefficient":-1},{"bigg_id":"ametam_c","coefficient":1}],"segments":{"444":{"from_node_id":"446","to_node_id":"447","b1":null,"b2":null},"445":{"from_node_id":"448","to_node_id":"447","b1":null,"b2":null},"446":{"from_node_id":"446","to_node_id":"449","b1":{"x":821.4802219703283,"y":1182.1637016862692},"b2":{"x":821.3614457262321,"y":1146.288402643495}},"447":{"from_node_id":"448","to_node_id":"450","b1":{"x":821.9517965281478,"y":1310.1628330014319},"b2":{"x":839.9710162945634,"y":1315.3464821995851}},"448":{"from_node_id":"446","to_node_id":"451","b1":{"x":821.4654852653955,"y":1178.1637288326729},"b2":{"x":839.446021181366,"y":1172.8474492901294}},"449":{"from_node_id":"448","to_node_id":"410","b1":{"x":822.4699392001259,"y":1426.9085104634903},"b2":{"x":674.4619850887434,"y":1363.691716781686}}}},"66":{"name":"Aminopropylcadaverine synthase","bigg_id":"APCS","reversibility":false,"label_x":351.90332677720073,"label_y":1398.330788950014,"gene_reaction_rule":"b0121","genes":[{"notes":{"original_bigg_ids":["b0121"]},"name":"speE","bigg_id":"b0121"}],"metabolites":[{"bigg_id":"15dap_c","coefficient":-1},{"bigg_id":"ametam_c","coefficient":-1},{"bigg_id":"5mta_c","coefficient":1},{"bigg_id":"h_c","coefficient":1},{"bigg_id":"na15dap_c","coefficient":1}],"segments":{"450":{"from_node_id":"452","to_node_id":"453","b1":null,"b2":null},"451":{"from_node_id":"454","to_node_id":"453","b1":null,"b2":null},"452":{"from_node_id":"452","to_node_id":"455","b1":{"x":464.5030422131488,"y":1349.033407840808},"b2":{"x":472.0090347960453,"y":1380.7723711389522}},"453":{"from_node_id":"452","to_node_id":"410","b1":{"x":511.8000883420299,"y":1349.136580529954},"b2":{"x":603.5684992430636,"y":1353.3300270495251}},"454":{"from_node_id":"454","to_node_id":"408","b1":{"x":279.5504189721372,"y":1352.3349338935109},"b2":{"x":266.97748210174984,"y":1169.150407393512}},"455":{"from_node_id":"454","to_node_id":"457","b1":{"x":332.5469585092228,"y":1363.8371544342215},"b2":{"x":327.7629822812497,"y":1370.5675321513352}},"456":{"from_node_id":"454","to_node_id":"458","b1":{"x":304.0493693978947,"y":1346.7385216217215},"b2":{"x":292.6372845242397,"y":1345.9785571745545}}}},"67":{"name":"Arginine decarboxylase","bigg_id":"ARGDCpp","reversibility":false,"label_x":1873.52001953125,"label_y":-139.92929077148438,"gene_reaction_rule":"b2938","genes":[{"notes":{"original_bigg_ids":["b2938"]},"name":"speA","bigg_id":"b2938"}],"metabolites":[{"bigg_id":"co2_p","coefficient":1},{"bigg_id":"agm_p","coefficient":1},{"bigg_id":"h_p","coefficient":-1},{"bigg_id":"arg__L_p","coefficient":-1}],"segments":{"457":{"from_node_id":"460","to_node_id":"461","b1":null,"b2":null},"458":{"from_node_id":"462","to_node_id":"461","b1":null,"b2":null},"459":{"from_node_id":"462","to_node_id":"463","b1":{"x":2006.4034423828125,"y":-119.62667846679688},"b2":{"x":2011.6534423828125,"y":-101.62667846679688}},"460":{"from_node_id":"462","to_node_id":"464","b1":{"x":2002.4034423828125,"y":-119.62667846679688},"b2":{"x":2056.6534423828125,"y":-119.62667846679688}},"461":{"from_node_id":"460","to_node_id":"459","b1":{"x":1878.4034423828125,"y":-119.62667846679688},"b2":{"x":1824.1534423828125,"y":-119.62667846679688}},"462":{"from_node_id":"460","to_node_id":"465","b1":{"x":1874.4034423828125,"y":-119.62667846679688},"b2":{"x":1869.1534423828125,"y":-101.62667846679688}}}},"68":{"name":"Aminopeptidase (pro-gly)","bigg_id":"AMPTASEPG","reversibility":false,"label_x":1144.4483489990232,"label_y":-128.89852905273415,"gene_reaction_rule":"b4260 or b0237 or b2523 or b0932","genes":[{"notes":{"original_bigg_ids":["b4260"]},"name":"pepA","bigg_id":"b4260"},{"notes":{"original_bigg_ids":["b0237"]},"name":"pepD","bigg_id":"b0237"},{"notes":{"original_bigg_ids":["b2523"]},"name":"pepB","bigg_id":"b2523"},{"notes":{"original_bigg_ids":["b0932"]},"name":"pepN","bigg_id":"b0932"}],"metabolites":[{"bigg_id":"h2o_c","coefficient":-1},{"bigg_id":"pro__L_c","coefficient":1},{"bigg_id":"gly_c","coefficient":1},{"bigg_id":"progly_c","coefficient":-1}],"segments":{"463":{"from_node_id":"466","to_node_id":"467","b1":null,"b2":null},"464":{"from_node_id":"468","to_node_id":"467","b1":null,"b2":null},"465":{"from_node_id":"466","to_node_id":"469","b1":{"x":1311.7440643310545,"y":-117.39614868164034},"b2":{"x":1316.9940643310545,"y":-99.39614868164034}},"466":{"from_node_id":"468","to_node_id":"133","b1":{"x":1183.7440643310545,"y":-117.39614868164034},"b2":{"x":958.508346557617,"y":-117.39614868164034}},"467":{"from_node_id":"468","to_node_id":"470","b1":{"x":1179.7440643310545,"y":-117.39614868164034},"b2":{"x":1174.4940643310545,"y":-99.39614868164034}},"468":{"from_node_id":"466","to_node_id":"471","b1":{"x":1307.7440643310545,"y":-117.39614868164034},"b2":{"x":1361.9940643310545,"y":-117.39614868164034}}}},"69":{"name":"Carbamoyl-phosphate synthase (glutamine-hydrolysing)","bigg_id":"CBPS","reversibility":false,"label_x":730.1337440672868,"label_y":267.81048001103306,"gene_reaction_rule":"b0032 and b0033","genes":[{"notes":{"original_bigg_ids":["b0032"]},"name":"carA","bigg_id":"b0032"},{"notes":{"original_bigg_ids":["b0033"]},"name":"carB","bigg_id":"b0033"}],"metabolites":[{"bigg_id":"cbp_c","coefficient":1},{"bigg_id":"atp_c","coefficient":-2},{"bigg_id":"hco3_c","coefficient":-1},{"bigg_id":"glu__L_c","coefficient":1},{"bigg_id":"h2o_c","coefficient":-1},{"bigg_id":"h_c","coefficient":2},{"bigg_id":"adp_c","coefficient":2},{"bigg_id":"pi_c","coefficient":1},{"bigg_id":"gln__L_c","coefficient":-1}],"segments":{"469":{"from_node_id":"473","to_node_id":"474","b1":null,"b2":null},"470":{"from_node_id":"475","to_node_id":"474","b1":null,"b2":null},"471":{"from_node_id":"475","to_node_id":"238","b1":{"x":708.434914166685,"y":289.114739755135},"b2":{"x":712.6503819853872,"y":336.4687036451926}},"472":{"from_node_id":"473","to_node_id":"472","b1":{"x":840.433526116326,"y":288.50939409505634},"b2":{"x":845.6009237743122,"y":270.4855071268064}},"473":{"from_node_id":"473","to_node_id":"477","b1":{"x":840.433526116326,"y":288.50939409505634},"b2":{"x":845.7660180452424,"y":306.4851285676176}},"474":{"from_node_id":"475","to_node_id":"478","b1":{"x":712.4348721045535,"y":289.096395947254},"b2":{"x":658.1854425722194,"y":289.34518384164187}},"475":{"from_node_id":"473","to_node_id":"479","b1":{"x":840.433526116326,"y":288.50939409505634},"b2":{"x":830.5185343718422,"y":252.5544856859558}},"476":{"from_node_id":"475","to_node_id":"480","b1":{"x":708.434914166685,"y":289.114739755135},"b2":{"x":703.2675165086988,"y":307.1386267233845}},"477":{"from_node_id":"475","to_node_id":"481","b1":{"x":708.434914166685,"y":289.114739755135},"b2":{"x":703.1024222377687,"y":271.1390052825738}},"478":{"from_node_id":"475","to_node_id":"482","b1":{"x":708.434914166685,"y":289.114739755135},"b2":{"x":718.0197173693075,"y":253.07040528261342}},"479":{"from_node_id":"473","to_node_id":"483","b1":{"x":836.433568178458,"y":288.52773790293764},"b2":{"x":890.6829977107909,"y":288.27895000854915}}}},"70":{"name":"Aminobutyraldehyde dehydrogenase","bigg_id":"ABUTD","reversibility":false,"label_x":1455.9583587646484,"label_y":1626.4086303710938,"gene_reaction_rule":"b1444","genes":[{"notes":{"original_bigg_ids":["b1444"]},"name":"patD","bigg_id":"b1444"}],"metabolites":[{"bigg_id":"h2o_c","coefficient":-1},{"bigg_id":"4abutn_c","coefficient":-1},{"bigg_id":"4abut_c","coefficient":1},{"bigg_id":"h_c","coefficient":2},{"bigg_id":"nad_c","coefficient":-1},{"bigg_id":"nadh_c","coefficient":1}],"segments":{"480":{"from_node_id":"484","to_node_id":"485","b1":null,"b2":null},"481":{"from_node_id":"486","to_node_id":"485","b1":null,"b2":null},"482":{"from_node_id":"484","to_node_id":"487","b1":{"x":1571.9583587646484,"y":1666.4086303710938},"b2":{"x":1577.2083587646484,"y":1684.4086303710938}},"483":{"from_node_id":"484","to_node_id":"317","b1":{"x":1567.9583587646484,"y":1666.4086303710938},"b2":{"x":1662.104965209961,"y":1666.4085083007812}},"484":{"from_node_id":"486","to_node_id":"488","b1":{"x":1443.9583587646484,"y":1666.4086303710938},"b2":{"x":1389.7083587646484,"y":1666.4086303710938}},"485":{"from_node_id":"486","to_node_id":"489","b1":{"x":1439.9583587646484,"y":1666.4086303710938},"b2":{"x":1434.7083587646484,"y":1684.4086303710938}},"486":{"from_node_id":"484","to_node_id":"490","b1":{"x":1571.9583587646484,"y":1666.4086303710938},"b2":{"x":1577.2083587646484,"y":1648.4086303710938}},"487":{"from_node_id":"486","to_node_id":"491","b1":{"x":1439.9583587646484,"y":1666.4086303710938},"b2":{"x":1434.7083587646484,"y":1648.4086303710938}}}},"71":{"name":"4-aminobutyrate transaminase","bigg_id":"ABTA","reversibility":false,"label_x":1117.3575286865234,"label_y":1711.9013061523438,"gene_reaction_rule":"b2662 or b1302","genes":[{"notes":{"original_bigg_ids":["b2662"]},"name":"gabT","bigg_id":"b2662"},{"notes":{"original_bigg_ids":["b1302"]},"name":"puuE","bigg_id":"b1302"}],"metabolites":[{"bigg_id":"akg_c","coefficient":-1},{"bigg_id":"glu__L_c","coefficient":1},{"bigg_id":"sucsal_c","coefficient":1},{"bigg_id":"4abut_c","coefficient":-1}],"segments":{"488":{"from_node_id":"492","to_node_id":"493","b1":null,"b2":null},"489":{"from_node_id":"494","to_node_id":"493","b1":null,"b2":null},"490":{"from_node_id":"492","to_node_id":"495","b1":{"x":1221.9583587646484,"y":1666.4086303710938},"b2":{"x":1244.3069915771484,"y":1694.0046997070312}},"491":{"from_node_id":"494","to_node_id":"496","b1":{"x":1089.9583587646484,"y":1666.4086303710938},"b2":{"x":1084.7083587646484,"y":1648.4086303710938}},"492":{"from_node_id":"494","to_node_id":"497","b1":{"x":1093.9583587646484,"y":1666.4086303710938},"b2":{"x":1039.7083587646484,"y":1666.4086303710938}},"493":{"from_node_id":"492","to_node_id":"488","b1":{"x":1217.9583587646484,"y":1666.4086303710938},"b2":{"x":1272.2083587646484,"y":1666.4086303710938}}}},"72":{"name":"Succinate-semialdehyde dehydrogenase (NAD)","bigg_id":"SSALx","reversibility":false,"label_x":522.2779312133789,"label_y":1563.7136840820312,"gene_reaction_rule":"b1525","genes":[{"notes":{"original_bigg_ids":["b1525"]},"name":"sad","bigg_id":"b1525"}],"metabolites":[{"bigg_id":"h2o_c","coefficient":-1},{"bigg_id":"sucsal_c","coefficient":-1},{"bigg_id":"succ_c","coefficient":1},{"bigg_id":"h_c","coefficient":2},{"bigg_id":"nad_c","coefficient":-1},{"bigg_id":"nadh_c","coefficient":1}],"segments":{"494":{"from_node_id":"498","to_node_id":"499","b1":null,"b2":null},"495":{"from_node_id":"500","to_node_id":"499","b1":null,"b2":null},"496":{"from_node_id":"498","to_node_id":"501","b1":{"x":638.2779312133789,"y":1592.3146362304688},"b2":{"x":643.5279312133789,"y":1610.3146362304688}},"497":{"from_node_id":"498","to_node_id":"497","b1":{"x":845.1602554321289,"y":1580.9155883789062},"b2":{"x":927.9078826904297,"y":1649.3099975585938}},"498":{"from_node_id":"500","to_node_id":"502","b1":{"x":350.69129180908203,"y":1592.3146362304688},"b2":{"x":245.1456069946289,"y":1706.3051147460938}},"499":{"from_node_id":"500","to_node_id":"503","b1":{"x":506.2779312133789,"y":1615.1127319335938},"b2":{"x":501.0279312133789,"y":1610.3146362304688}},"500":{"from_node_id":"498","to_node_id":"504","b1":{"x":638.2779312133789,"y":1580.9157104492188},"b2":{"x":643.5279312133789,"y":1574.3146362304688}},"501":{"from_node_id":"500","to_node_id":"505","b1":{"x":494.8788833618164,"y":1586.6151733398438},"b2":{"x":501.0279312133789,"y":1574.3146362304688}}}},"73":{"name":"Succinate-semialdehyde dehydrogenase (NADP)","bigg_id":"SSALy","reversibility":false,"label_x":545.0760345458984,"label_y":1808.7932739257812,"gene_reaction_rule":"b2661 or b1525","genes":[{"notes":{"original_bigg_ids":["b2661"]},"name":"gabD","bigg_id":"b2661"},{"notes":{"original_bigg_ids":["b1525"]},"name":"sad","bigg_id":"b1525"}],"metabolites":[{"bigg_id":"h2o_c","coefficient":-1},{"bigg_id":"nadp_c","coefficient":-1},{"bigg_id":"nadph_c","coefficient":1},{"bigg_id":"sucsal_c","coefficient":-1},{"bigg_id":"succ_c","coefficient":1},{"bigg_id":"h_c","coefficient":2}],"segments":{"502":{"from_node_id":"506","to_node_id":"507","b1":null,"b2":null},"503":{"from_node_id":"508","to_node_id":"507","b1":null,"b2":null},"504":{"from_node_id":"506","to_node_id":"509","b1":{"x":661.0760345458984,"y":1837.3942260742188},"b2":{"x":666.3260345458984,"y":1855.3942260742188}},"505":{"from_node_id":"506","to_node_id":"510","b1":{"x":661.0760345458984,"y":1837.3942260742188},"b2":{"x":666.3260345458984,"y":1819.3942260742188}},"506":{"from_node_id":"508","to_node_id":"511","b1":{"x":529.0760345458984,"y":1837.3942260742188},"b2":{"x":523.8260345458984,"y":1855.3942260742188}},"507":{"from_node_id":"506","to_node_id":"497","b1":{"x":816.6626434326172,"y":1854.4927368164062},"b2":{"x":939.3069305419922,"y":1694.9061889648438}},"508":{"from_node_id":"508","to_node_id":"502","b1":{"x":396.28749084472656,"y":1854.4928588867188},"b2":{"x":245.14561462402344,"y":1763.3004760742188}},"509":{"from_node_id":"508","to_node_id":"513","b1":{"x":540.4750823974609,"y":1831.6946411132812},"b2":{"x":523.8260345458984,"y":1819.3942260742188}}}},"74":{"name":"Gamma-hydroxybutyrate dehydrogenase (NADH)","bigg_id":"GHBDHx","reversibility":true,"label_x":994.0585784912109,"label_y":1885.6057739257812,"gene_reaction_rule":"b3882","genes":[{"notes":{"original_bigg_ids":["b3882"]},"name":"yihU","bigg_id":"b3882"}],"metabolites":[{"bigg_id":"h_c","coefficient":-1},{"bigg_id":"sucsal_c","coefficient":-1},{"bigg_id":"nadh_c","coefficient":-1},{"bigg_id":"nad_c","coefficient":1},{"bigg_id":"ghb_c","coefficient":1}],"segments":{"510":{"from_node_id":"514","to_node_id":"515","b1":null,"b2":null},"511":{"from_node_id":"516","to_node_id":"515","b1":null,"b2":null},"512":{"from_node_id":"514","to_node_id":"517","b1":{"x":980.9583587646484,"y":1809.6057739257812},"b2":{"x":998.9583587646484,"y":1804.3557739257812}},"513":{"from_node_id":"514","to_node_id":"497","b1":{"x":980.9583587646484,"y":1813.6057739257812},"b2":{"x":980.9583587646484,"y":1725.1586303710938}},"514":{"from_node_id":"514","to_node_id":"518","b1":{"x":980.9583587646484,"y":1809.6057739257812},"b2":{"x":962.9583587646484,"y":1804.3557739257812}},"515":{"from_node_id":"516","to_node_id":"519","b1":{"x":980.9583587646484,"y":1941.6057739257812},"b2":{"x":962.9583587646484,"y":1946.8557739257812}},"516":{"from_node_id":"516","to_node_id":"520","b1":{"x":980.9583587646484,"y":1937.6057739257812},"b2":{"x":980.9583587646484,"y":1991.8557739257812}}}}},"nodes":{"109":{"node_type":"metabolite","x":-1064.7210540771484,"y":-114.615478515625,"bigg_id":"glu__L_c","name":"L-Glutamate","label_x":-1036.6241180419922,"label_y":-69.95376586914062,"node_is_primary":true},"110":{"node_type":"multimarker","x":-748.4412078857422,"y":-117.39614868164062},"111":{"node_type":"midmarker","x":-728.4412078857422,"y":-117.39614868164062},"112":{"node_type":"multimarker","x":-708.4412078857422,"y":-117.39614868164062},"113":{"node_type":"metabolite","x":-455.98631286621094,"y":-121.27603149414062,"bigg_id":"glu5p_c","name":"L-Glutamate 5-phosphate","label_x":-493.7863128662109,"label_y":-67.9771499633789,"node_is_primary":true},"114":{"node_type":"metabolite","x":-623.4412078857422,"y":-37.396148681640625,"bigg_id":"adp_c","name":"ADP","label_x":-650.4412078857422,"label_y":2.603851318359375,"node_is_primary":false},"115":{"node_type":"metabolite","x":-833.4412078857422,"y":-37.396148681640625,"bigg_id":"atp_c","name":"ATP","label_x":-860.4412078857422,"label_y":2.603851318359375,"node_is_primary":false},"116":{"node_type":"multimarker","x":-300.98631286621094,"y":-121.27603149414062},"117":{"node_type":"midmarker","x":-280.98631286621094,"y":-121.27603149414062},"118":{"node_type":"multimarker","x":-260.98631286621094,"y":-121.27603149414062},"119":{"node_type":"metabolite","x":-67.18757629394531,"y":-117.39614868164062,"bigg_id":"glu5sa_c","name":"L-Glutamate 5-semialdehyde","label_x":-110.3875762939453,"label_y":-149.69400024414062,"node_is_primary":true},"120":{"node_type":"metabolite","x":-175.98631286621094,"y":-201.27603149414062,"bigg_id":"nadp_c","name":"Nicotinamide adenine dinucleotide phosphate","label_x":-151.39108886718748,"label_y":-198.47793579101562,"node_is_primary":false},"121":{"node_type":"metabolite","x":-385.98631286621094,"y":-201.27603149414062,"bigg_id":"nadph_c","name":"Nicotinamide adenine dinucleotide phosphate - reduced","label_x":-486.48107604980464,"label_y":-198.47793579101562,"node_is_primary":false},"122":{"node_type":"metabolite","x":-385.98631286621094,"y":-41.276031494140625,"bigg_id":"h_c","name":"H+","label_x":-402.186312866211,"label_y":-1.276031494140625,"node_is_primary":false},"123":{"node_type":"metabolite","x":-184.32838439941406,"y":-49.61810302734375,"bigg_id":"pi_c","name":"Phosphate","label_x":-205.92838439941409,"label_y":-9.61810302734375,"node_is_primary":false},"124":{"node_type":"multimarker","x":60.00553894042969,"y":-117.39614868164062},"125":{"node_type":"midmarker","x":80.00553894042969,"y":-117.39614868164062},"126":{"node_type":"multimarker","x":100.00553894042969,"y":-117.39614868164062},"127":{"node_type":"metabolite","x":377.3557586669922,"y":-117.39614868164062,"bigg_id":"1pyr5c_c","name":"1-Pyrroline-5-carboxylate","label_x":307.28649597167964,"label_y":-63.82575225830078,"node_is_primary":true},"128":{"node_type":"metabolite","x":185.0055389404297,"y":-197.39614868164062,"bigg_id":"h2o_c","name":"H2O","label_x":158.0055389404297,"label_y":-217.39614868164062,"node_is_primary":false},"129":{"node_type":"metabolite","x":185.0055389404297,"y":-37.396148681640625,"bigg_id":"h_c","name":"H+","label_x":168.80553894042964,"label_y":2.603851318359375,"node_is_primary":false},"130":{"node_type":"multimarker","x":613.1338958740234,"y":-249.34945678710938},"131":{"node_type":"midmarker","x":633.1338958740234,"y":-249.34945678710938},"132":{"node_type":"multimarker","x":653.1338958740234,"y":-249.34945678710938},"133":{"node_type":"metabolite","x":899.758346557617,"y":-117.39614868164034,"bigg_id":"pro__L_c","name":"L-Proline","label_x":865.7963226318357,"label_y":-66.27337646484347,"node_is_primary":true},"134":{"node_type":"metabolite","x":522.4343719482422,"y":-300.8518371582031,"bigg_id":"nadph_c","name":"Nicotinamide adenine dinucleotide phosphate - reduced","label_x":484.63437194824223,"label_y":-320.8518371582031,"node_is_primary":false},"135":{"node_type":"metabolite","x":528.1338958740234,"y":-169.34945678710938,"bigg_id":"h_c","name":"H+","label_x":546.1310394287109,"label_y":-157.8470458984375,"node_is_primary":false},"136":{"node_type":"metabolite","x":738.1338958740234,"y":-169.34945678710938,"bigg_id":"nadp_c","name":"Nicotinamide adenine dinucleotide phosphate","label_x":643.0391326904296,"label_y":-152.14752197265625,"node_is_primary":false},"181":{"node_type":"multimarker","x":-61.62620544433594,"y":191.61196899414062},"182":{"node_type":"midmarker","x":-61.62620544433594,"y":171.61196899414062},"183":{"node_type":"multimarker","x":-61.62620544433594,"y":151.61196899414062},"184":{"node_type":"metabolite","x":-144.40687561035156,"y":74.95407104492188,"bigg_id":"ac_c","name":"Acetate","label_x":-183.18756103515625,"label_y":107.7347412109375,"node_is_primary":false},"185":{"node_type":"metabolite","x":-141.62620544433594,"y":276.6119689941406,"bigg_id":"h2o_c","name":"H2O","label_x":-186.62620544433594,"label_y":306.6119689941406,"node_is_primary":false},"186":{"node_type":"metabolite","x":-79.46827697753906,"y":536.6151733398438,"bigg_id":"acg5sa_c","name":"N-Acetyl-L-glutamate 5-semialdehyde","label_x":-125.0378189086914,"label_y":583.1471862792969,"node_is_primary":true},"187":{"node_type":"multimarker","x":-234.46827697753906,"y":536.6151733398438},"188":{"node_type":"midmarker","x":-254.46827697753906,"y":536.6151733398438},"189":{"node_type":"multimarker","x":-274.46827697753906,"y":536.6151733398438},"190":{"node_type":"metabolite","x":-149.46827697753906,"y":616.6151733398438,"bigg_id":"nadp_c","name":"Nicotinamide adenine dinucleotide phosphate","label_x":-181.86827697753904,"label_y":656.6151733398438,"node_is_primary":false},"191":{"node_type":"metabolite","x":-359.46827697753906,"y":616.6151733398438,"bigg_id":"nadph_c","name":"Nicotinamide adenine dinucleotide phosphate - reduced","label_x":-397.268276977539,"label_y":656.6151733398438,"node_is_primary":false},"192":{"node_type":"metabolite","x":-429.46827697753906,"y":536.6151733398438,"bigg_id":"acg5p_c","name":"N-Acetyl-L-glutamyl 5-phosphate","label_x":-467.268276977539,"label_y":586.1143798828125,"node_is_primary":true},"193":{"node_type":"metabolite","x":-359.46827697753906,"y":456.61517333984375,"bigg_id":"h_c","name":"H+","label_x":-375.6682769775391,"label_y":436.61517333984375,"node_is_primary":false},"194":{"node_type":"metabolite","x":-149.46827697753906,"y":456.61517333984375,"bigg_id":"pi_c","name":"Phosphate","label_x":-171.06827697753909,"label_y":436.61517333984375,"node_is_primary":false},"195":{"node_type":"multimarker","x":-624.4682769775391,"y":536.6151733398438},"196":{"node_type":"midmarker","x":-604.4682769775391,"y":536.6151733398438},"197":{"node_type":"multimarker","x":-584.4682769775391,"y":536.6151733398438},"198":{"node_type":"metabolite","x":-779.4682769775391,"y":536.6151733398438,"bigg_id":"acglu_c","name":"N-Acetyl-L-glutamate","label_x":-815.3684356689453,"label_y":586.1143798828125,"node_is_primary":true},"199":{"node_type":"metabolite","x":-499.46827697753906,"y":456.61517333984375,"bigg_id":"adp_c","name":"ADP","label_x":-526.4682769775391,"label_y":436.61517333984375,"node_is_primary":false},"200":{"node_type":"metabolite","x":-709.4682769775391,"y":456.61517333984375,"bigg_id":"atp_c","name":"ATP","label_x":-736.4682769775391,"label_y":436.61517333984375,"node_is_primary":false},"201":{"node_type":"multimarker","x":-974.4682769775391,"y":536.6151733398438},"202":{"node_type":"midmarker","x":-954.4682769775391,"y":536.6151733398438},"203":{"node_type":"multimarker","x":-934.4682769775391,"y":536.6151733398438},"205":{"node_type":"metabolite","x":-841.7085723876953,"y":620.4950561523438,"bigg_id":"coa_c","name":"Coenzyme A","label_x":-826.9120635986328,"label_y":630.0975952148438,"node_is_primary":false},"206":{"node_type":"metabolite","x":-849.4682769775391,"y":456.61517333984375,"bigg_id":"h_c","name":"H+","label_x":-865.6682769775391,"label_y":436.61517333984375,"node_is_primary":false},"207":{"node_type":"metabolite","x":-1051.6090850830078,"y":614.474365234375,"bigg_id":"accoa_c","name":"Acetyl-CoA","label_x":-1032.4138458251953,"label_y":624.076904296875,"node_is_primary":false},"208":{"node_type":"multimarker","x":-259.37520599365234,"y":-346.03977966308594},"209":{"node_type":"midmarker","x":-279.37520599365234,"y":-346.03977966308594},"210":{"node_type":"multimarker","x":-299.37520599365234,"y":-346.03977966308594},"211":{"node_type":"metabolite","x":-174.37520599365234,"y":-426.03977966308594,"bigg_id":"h2o_c","name":"H2O","label_x":-201.37520599365234,"label_y":-446.03977966308594,"node_is_primary":false},"212":{"node_type":"metabolite","x":-384.37520599365234,"y":-426.03977966308594,"bigg_id":"h_c","name":"H+","label_x":-400.5752059936524,"label_y":-446.03977966308594,"node_is_primary":false},"213":{"node_type":"metabolite","x":-174.37520599365234,"y":-266.03977966308594,"bigg_id":"nad_c","name":"Nicotinamide adenine dinucleotide","label_x":-161.4785385131836,"label_y":-254.5373992919922,"node_is_primary":false},"215":{"node_type":"metabolite","x":-384.37520599365234,"y":-266.03977966308594,"bigg_id":"nadh_c","name":"Nicotinamide adenine dinucleotide - reduced","label_x":-473.7704147338867,"label_y":-260.23692321777344,"node_is_primary":false},"216":{"node_type":"multimarker","x":658.5570526123047,"y":-25.63348388671875},"217":{"node_type":"midmarker","x":638.5570526123047,"y":-25.63348388671875},"218":{"node_type":"multimarker","x":618.5570526123047,"y":-25.63348388671875},"219":{"node_type":"metabolite","x":541.8990325927734,"y":-94.5107421875,"bigg_id":"fadh2_c","name":"Flavin adenine dinucleotide reduced","label_x":561.0942413330079,"label_y":-91.712646484375,"node_is_primary":false},"221":{"node_type":"metabolite","x":533.5570526123047,"y":54.36651611328125,"bigg_id":"h_c","name":"H+","label_x":477.4603851318359,"label_y":65.8689079284668,"node_is_primary":false},"222":{"node_type":"metabolite","x":743.5570526123047,"y":54.36651611328125,"bigg_id":"fad_c","name":"Flavin adenine dinucleotide oxidized","label_x":757.3522308349609,"label_y":71.56842803955078,"node_is_primary":false},"223":{"node_type":"multimarker","x":115.53172302246094,"y":536.6151733398438},"224":{"node_type":"midmarker","x":95.53172302246094,"y":536.6151733398438},"225":{"node_type":"multimarker","x":75.53172302246094,"y":536.6151733398438},"226":{"node_type":"metabolite","x":200.53172302246094,"y":616.6151733398438,"bigg_id":"akg_c","name":"2-Oxoglutarate","label_x":122.23603057861328,"label_y":628.1175842285156,"node_is_primary":false},"227":{"node_type":"metabolite","x":13.329813003540039,"y":462.7280578613281,"bigg_id":"glu__L_c","name":"L-Glutamate","label_x":32.82456068992616,"label_y":468.5309143066406,"node_is_primary":false},"228":{"node_type":"metabolite","x":270.53172302246094,"y":536.6151733398438,"bigg_id":"acorn_c","name":"N2-Acetyl-L-ornithine","label_x":236.53140563964848,"label_y":588.0142211914062,"node_is_primary":true},"229":{"node_type":"multimarker","x":425.53172302246094,"y":536.6151733398438},"230":{"node_type":"midmarker","x":445.53172302246094,"y":536.6151733398438},"231":{"node_type":"multimarker","x":465.53172302246094,"y":536.6151733398438},"232":{"node_type":"metabolite","x":538.7195281982422,"y":616.615234375,"bigg_id":"ac_c","name":"Acetate","label_x":517.1195281982422,"label_y":656.615234375,"node_is_primary":false},"233":{"node_type":"metabolite","x":620.5317230224609,"y":536.6151733398438,"bigg_id":"orn_c","name":"Ornithine","label_x":636.8214569091797,"label_y":576.6151733398438,"node_is_primary":true},"234":{"node_type":"metabolite","x":340.53172302246094,"y":616.6151733398438,"bigg_id":"h2o_c","name":"H2O","label_x":313.53172302246094,"label_y":656.6151733398438,"node_is_primary":false},"235":{"node_type":"multimarker","x":775.5317230224609,"y":536.6151733398438},"236":{"node_type":"midmarker","x":795.5317230224609,"y":536.6151733398438},"237":{"node_type":"multimarker","x":815.5317230224609,"y":536.6151733398438},"238":{"node_type":"metabolite","x":686.5942840576172,"y":457.80682373046875,"bigg_id":"cbp_c","name":"Carbamoyl phosphate","label_x":609.7206878662109,"label_y":464.99517822265625,"node_is_primary":false},"239":{"node_type":"metabolite","x":970.5317230224609,"y":536.6151733398438,"bigg_id":"citr__L_c","name":"L-Citrulline","label_x":921.931723022461,"label_y":576.6151733398438,"node_is_primary":true},"240":{"node_type":"metabolite","x":900.5317230224609,"y":456.61517333984375,"bigg_id":"pi_c","name":"Phosphate","label_x":878.931723022461,"label_y":436.61517333984375,"node_is_primary":false},"241":{"node_type":"metabolite","x":900.5317230224609,"y":616.6151733398438,"bigg_id":"h_c","name":"H+","label_x":884.3317230224609,"label_y":656.6151733398438,"node_is_primary":false},"242":{"node_type":"multimarker","x":1125.531723022461,"y":536.6151733398438},"243":{"node_type":"midmarker","x":1145.531723022461,"y":536.6151733398438},"244":{"node_type":"multimarker","x":1165.531723022461,"y":536.6151733398438},"245":{"node_type":"metabolite","x":1040.531723022461,"y":456.61517333984375,"bigg_id":"atp_c","name":"ATP","label_x":1013.5317230224609,"label_y":436.61517333984375,"node_is_primary":false},"246":{"node_type":"metabolite","x":1019.9691619873047,"y":673.5576171875,"bigg_id":"asp__L_c","name":"L-Aspartate","label_x":1040.0385711669921,"label_y":678.7594604492188,"node_is_primary":false},"247":{"node_type":"metabolite","x":1250.531723022461,"y":456.61517333984375,"bigg_id":"ppi_c","name":"Diphosphate","label_x":1223.531723022461,"label_y":436.61517333984375,"node_is_primary":false},"248":{"node_type":"metabolite","x":1320.531723022461,"y":536.6151733398438,"bigg_id":"argsuc_c","name":"N(omega)-(L-Arginino)succinate","label_x":1277.331723022461,"label_y":576.6151733398438,"node_is_primary":true},"249":{"node_type":"metabolite","x":1250.531723022461,"y":616.6151733398438,"bigg_id":"h_c","name":"H+","label_x":1250.0735443115234,"label_y":652.6797485351562,"node_is_primary":false},"250":{"node_type":"metabolite","x":1230.531723022461,"y":696.6151733398438,"bigg_id":"amp_c","name":"AMP","label_x":1203.531723022461,"label_y":736.6151733398438,"node_is_primary":false},"251":{"node_type":"multimarker","x":1475.531723022461,"y":536.6151733398438},"252":{"node_type":"midmarker","x":1495.531723022461,"y":536.6151733398438},"253":{"node_type":"multimarker","x":1515.531723022461,"y":536.6151733398438},"254":{"node_type":"metabolite","x":1616.2813568115234,"y":445.9945983886719,"bigg_id":"fum_c","name":"Fumarate","label_x":1584.0316009521484,"label_y":425.6211853027344,"node_is_primary":false},"255":{"node_type":"metabolite","x":1715.155502319336,"y":536.6151733398438,"bigg_id":"arg__L_c","name":"L-Arginine","label_x":1736.999691772461,"label_y":585.9850463867188,"node_is_primary":true},"279":{"node_type":"multimarker","x":2013.606185913086,"y":532.7352905273438},"280":{"node_type":"midmarker","x":2033.606185913086,"y":532.7352905273438},"281":{"node_type":"multimarker","x":2053.606185913086,"y":532.7352905273438},"282":{"node_type":"metabolite","x":2138.606185913086,"y":452.73529052734375,"bigg_id":"coa_c","name":"Coenzyme A","label_x":2111.606185913086,"label_y":432.73529052734375,"node_is_primary":false},"283":{"node_type":"metabolite","x":2297.843246459961,"y":532.7352905273438,"bigg_id":"sucarg_c","name":"N2-Succinyl-L-arginine","label_x":2259.893002319336,"label_y":499.2372131347656,"node_is_primary":true},"284":{"node_type":"metabolite","x":1923.3563079833984,"y":602.2355651855469,"bigg_id":"succoa_c","name":"Succinyl-CoA","label_x":1880.1563079833984,"label_y":642.2355651855469,"node_is_primary":false},"285":{"node_type":"metabolite","x":2204.564193725586,"y":612.7352905273438,"bigg_id":"h_c","name":"H+","label_x":2151.615170288086,"label_y":629.1109008789062,"node_is_primary":false},"300":{"node_type":"multimarker","x":1715.155502319336,"y":691.6151733398438},"301":{"node_type":"midmarker","x":1715.155502319336,"y":711.6151733398438},"302":{"node_type":"multimarker","x":1715.155502319336,"y":731.6151733398438},"303":{"node_type":"metabolite","x":1715.155502319336,"y":886.6151733398438,"bigg_id":"agm_c","name":"Agmatine","label_x":1740.155502319336,"label_y":886.6151733398438,"node_is_primary":true},"304":{"node_type":"metabolite","x":1635.155502319336,"y":816.6151733398438,"bigg_id":"co2_c","name":"CO2","label_x":1590.155502319336,"label_y":846.6151733398438,"node_is_primary":false},"305":{"node_type":"metabolite","x":1643.030258178711,"y":601.3653259277344,"bigg_id":"h_c","name":"H+","label_x":1621.2801361083984,"label_y":578.86669921875,"node_is_primary":false},"306":{"node_type":"multimarker","x":1715.155502319336,"y":1041.6151733398438},"307":{"node_type":"midmarker","x":1715.155502319336,"y":1061.6151733398438},"308":{"node_type":"multimarker","x":1715.155502319336,"y":1081.6151733398438},"309":{"node_type":"metabolite","x":1715.155502319336,"y":1236.6151733398438,"bigg_id":"ptrc_c","name":"Putrescine","label_x":1740.155502319336,"label_y":1236.6151733398438,"node_is_primary":true},"310":{"node_type":"metabolite","x":1635.155502319336,"y":1166.6151733398438,"bigg_id":"urea_c","name":"Urea","label_x":1581.155502319336,"label_y":1196.6151733398438,"node_is_primary":false},"311":{"node_type":"metabolite","x":1635.155502319336,"y":956.6151733398438,"bigg_id":"h2o_c","name":"H2O","label_x":1590.155502319336,"label_y":986.6151733398438,"node_is_primary":false},"312":{"node_type":"multimarker","x":1715.155502319336,"y":1391.6151733398438},"313":{"node_type":"midmarker","x":1715.155502319336,"y":1411.6151733398438},"314":{"node_type":"multimarker","x":1715.155502319336,"y":1431.6151733398438},"315":{"node_type":"metabolite","x":1635.155502319336,"y":1306.6151733398438,"bigg_id":"akg_c","name":"2-Oxoglutarate","label_x":1557.858139038086,"label_y":1313.8170776367188,"node_is_primary":false},"316":{"node_type":"metabolite","x":1635.155502319336,"y":1516.6151733398438,"bigg_id":"glu__L_c","name":"L-Glutamate","label_x":1528.9583587646484,"label_y":1521.9172973632812,"node_is_primary":false},"317":{"node_type":"metabolite","x":1720.854965209961,"y":1666.4085083007812,"bigg_id":"4abutn_c","name":"4-Aminobutanal","label_x":1745.854965209961,"label_y":1666.4085083007812,"node_is_primary":true},"318":{"node_type":"multimarker","x":2297.843246459961,"y":687.7352905273438},"319":{"node_type":"midmarker","x":2297.843246459961,"y":707.7352905273438},"320":{"node_type":"multimarker","x":2297.843246459961,"y":727.7352905273438},"321":{"node_type":"metabolite","x":2377.843246459961,"y":602.7352905273438,"bigg_id":"h2o_c","name":"H2O","label_x":2392.843246459961,"label_y":602.7352905273438,"node_is_primary":false},"323":{"node_type":"metabolite","x":2297.843246459961,"y":882.7352905273438,"bigg_id":"sucorn_c","name":"N2-Succinyl-L-ornithine","label_x":2322.843246459961,"label_y":882.7352905273438,"node_is_primary":true},"324":{"node_type":"metabolite","x":2377.843246459961,"y":812.7352905273438,"bigg_id":"co2_c","name":"CO2","label_x":2395.468002319336,"label_y":817.9851684570312,"node_is_primary":false},"325":{"node_type":"metabolite","x":2217.843246459961,"y":812.7352905273438,"bigg_id":"nh4_c","name":"Ammonium","label_x":2138.7191009521484,"label_y":819.1109619140625,"node_is_primary":false},"326":{"node_type":"multimarker","x":2297.843246459961,"y":1037.7352905273438},"327":{"node_type":"midmarker","x":2297.843246459961,"y":1057.7352905273438},"328":{"node_type":"multimarker","x":2297.843246459961,"y":1077.7352905273438},"329":{"node_type":"metabolite","x":2217.843246459961,"y":952.7352905273438,"bigg_id":"akg_c","name":"2-Oxoglutarate","label_x":2172.843246459961,"label_y":982.7352905273438,"node_is_primary":false},"330":{"node_type":"metabolite","x":2217.843246459961,"y":1162.7352905273438,"bigg_id":"glu__L_c","name":"L-Glutamate","label_x":2145.843246459961,"label_y":1192.7352905273438,"node_is_primary":false},"331":{"node_type":"metabolite","x":2297.843246459961,"y":1232.7352905273438,"bigg_id":"sucgsa_c","name":"N2-Succinyl-L-glutamate 5-semialdehyde","label_x":2322.843246459961,"label_y":1232.7352905273438,"node_is_primary":true},"332":{"node_type":"multimarker","x":2297.843246459961,"y":1387.7352905273438},"333":{"node_type":"midmarker","x":2297.843246459961,"y":1407.7352905273438},"334":{"node_type":"multimarker","x":2297.843246459961,"y":1427.7352905273438},"335":{"node_type":"metabolite","x":2297.843246459961,"y":1582.7352905273438,"bigg_id":"sucglu_c","name":"N2-Succinyl-L-glutamate","label_x":2322.843246459961,"label_y":1582.7352905273438,"node_is_primary":true},"336":{"node_type":"metabolite","x":2377.843246459961,"y":1302.7352905273438,"bigg_id":"h2o_c","name":"H2O","label_x":2392.843246459961,"label_y":1302.7352905273438,"node_is_primary":false},"337":{"node_type":"metabolite","x":2377.843246459961,"y":1512.7352905273438,"bigg_id":"h_c","name":"H+","label_x":2392.843246459961,"label_y":1512.7352905273438,"node_is_primary":false},"338":{"node_type":"metabolite","x":2217.843246459961,"y":1302.7352905273438,"bigg_id":"nad_c","name":"Nicotinamide adenine dinucleotide","label_x":2172.843246459961,"label_y":1332.7352905273438,"node_is_primary":false},"339":{"node_type":"metabolite","x":2217.843246459961,"y":1512.7352905273438,"bigg_id":"nadh_c","name":"Nicotinamide adenine dinucleotide - reduced","label_x":2163.843246459961,"label_y":1542.7352905273438,"node_is_primary":false},"340":{"node_type":"multimarker","x":2297.843246459961,"y":1737.7352905273438},"341":{"node_type":"midmarker","x":2297.843246459961,"y":1757.7352905273438},"342":{"node_type":"multimarker","x":2297.843246459961,"y":1777.7352905273438},"343":{"node_type":"metabolite","x":2215.218246459961,"y":1878.4849243164062,"bigg_id":"succ_c","name":"Succinate","label_x":2182.116439819336,"label_y":1919.8840942382812,"node_is_primary":true},"344":{"node_type":"metabolite","x":2299.799545288086,"y":1951.7056274414062,"bigg_id":"glu__L_c","name":"L-Glutamate","label_x":2330.049545288086,"label_y":1959.5803833007812,"node_is_primary":true},"345":{"node_type":"metabolite","x":2217.843246459961,"y":1652.7352905273438,"bigg_id":"h2o_c","name":"H2O","label_x":2172.843246459961,"label_y":1682.7352905273438,"node_is_primary":false},"398":{"node_type":"multimarker","x":620.5317840576172,"y":782.1753540039062},"399":{"node_type":"midmarker","x":620.5317840576172,"y":802.1753540039062},"400":{"node_type":"multimarker","x":620.5317840576172,"y":822.1753540039062},"401":{"node_type":"metabolite","x":620.5317230224609,"y":1018.5180053710938,"bigg_id":"ptrc_c","name":"Putrescine","label_x":645.5317230224609,"label_y":1018.5180053710938,"node_is_primary":true},"402":{"node_type":"metabolite","x":552.3438568115234,"y":924.8936767578125,"bigg_id":"co2_c","name":"CO2","label_x":507.34385681152344,"label_y":954.8936767578125,"node_is_primary":false},"403":{"node_type":"metabolite","x":548.4065399169922,"y":710.9562072753906,"bigg_id":"h_c","name":"H+","label_x":521.4065399169922,"label_y":740.9562072753906,"node_is_primary":false},"404":{"node_type":"multimarker","x":525.2475642203079,"y":1193.9005229231766},"405":{"node_type":"midmarker","x":505.2476021592912,"y":1193.939478768321},"406":{"node_type":"multimarker","x":485.24764009827436,"y":1193.978434613463},"407":{"node_type":"metabolite","x":-183.82257080078125,"y":1243.4271850585938,"bigg_id":"spmd_c","name":"Spermidine","label_x":-180.47268676757812,"label_y":1217.5963745117188,"node_is_primary":false},"408":{"node_type":"metabolite","x":256.1541230902344,"y":1120.1865313781636,"bigg_id":"5mta_c","name":"5-Methylthioadenosine","label_x":227.23349931093776,"label_y":1083.2915728820699,"node_is_primary":true},"409":{"node_type":"metabolite","x":410.46416558973897,"y":1268.0847461315839,"bigg_id":"h_c","name":"H+","label_x":383.46416558973897,"label_y":1298.0847461315839,"node_is_primary":false},"410":{"node_type":"metabolite","x":600.7614544089988,"y":1259.8392845276924,"bigg_id":"ametam_c","name":"S-Adenosylmethioninamine","label_x":615.4572551902488,"label_y":1268.7668357972236,"node_is_primary":false},"411":{"node_type":"multimarker","x":-875.2549638748169,"y":874.1676025390625},"412":{"node_type":"midmarker","x":-855.2549638748169,"y":874.1676025390625},"413":{"node_type":"multimarker","x":-835.2549638748169,"y":874.1676025390625},"414":{"node_type":"metabolite","x":-1030.254963874817,"y":874.1676025390625,"bigg_id":"gtspmd_c","name":"Glutathionylspermidine","label_x":-1157.452766609192,"label_y":880.0435180664062,"node_is_primary":true},"415":{"node_type":"metabolite","x":-960.2549638748169,"y":794.1676025390625,"bigg_id":"h2o_c","name":"H2O","label_x":-987.2549638748169,"label_y":774.1676025390625,"node_is_primary":false},"416":{"node_type":"metabolite","x":-750.2549638748169,"y":794.1676025390625,"bigg_id":"gthrd_c","name":"Reduced glutathione","label_x":-788.0549638748168,"label_y":774.1676025390625,"node_is_primary":false},"417":{"node_type":"multimarker","x":-823.4545607566833,"y":1135.2355346679688},"418":{"node_type":"midmarker","x":-843.4545607566833,"y":1135.2355346679688},"419":{"node_type":"multimarker","x":-863.4545607566833,"y":1135.2355346679688},"420":{"node_type":"metabolite","x":-738.4545607566833,"y":1215.2355346679688,"bigg_id":"atp_c","name":"ATP","label_x":-715.5808615684509,"label_y":1223.7363891601562,"node_is_primary":false},"421":{"node_type":"metabolite","x":-1018.4545607566833,"y":1135.2355346679688,"bigg_id":"gtspmd_c","name":"Glutathionylspermidine","label_x":-1140.402516078949,"label_y":1141.1115112304688,"node_is_primary":true},"422":{"node_type":"metabolite","x":-948.4545607566833,"y":1215.2355346679688,"bigg_id":"h_c","name":"H+","label_x":-1001.4035994529725,"label_y":1242.1109008789062,"node_is_primary":false},"423":{"node_type":"metabolite","x":-974.6907515525818,"y":1063.1063842773438,"bigg_id":"adp_c","name":"ADP","label_x":-1043.6896529197693,"label_y":1045.7313232421875,"node_is_primary":false},"424":{"node_type":"metabolite","x":-933.701798915863,"y":1017.2133178710938,"bigg_id":"pi_c","name":"Phosphate","label_x":-952.6768599510193,"label_y":991.9634399414062,"node_is_primary":false},"425":{"node_type":"metabolite","x":-746.3136038780212,"y":1052.6303100585938,"bigg_id":"gthrd_c","name":"Reduced glutathione","label_x":-784.1136038780212,"label_y":1032.6303100585938,"node_is_primary":false},"426":{"node_type":"multimarker","x":-794.5947723388672,"y":1720.9969482421875},"427":{"node_type":"midmarker","x":-814.5947723388672,"y":1720.9969482421875},"428":{"node_type":"multimarker","x":-834.5947723388672,"y":1720.9969482421875},"429":{"node_type":"metabolite","x":-989.5947723388672,"y":1720.9969482421875,"bigg_id":"n8aspmd_c","name":"N8-Acetylspermidine","label_x":-1130.0673919677733,"label_y":1724.2479248046875,"node_is_primary":true},"430":{"node_type":"metabolite","x":-919.5947723388672,"y":1800.9969482421875,"bigg_id":"coa_c","name":"Coenzyme A","label_x":-946.5947723388672,"label_y":1840.9969482421875,"node_is_primary":false},"431":{"node_type":"metabolite","x":-709.5947723388672,"y":1640.9969482421875,"bigg_id":"accoa_c","name":"Acetyl-CoA","label_x":-747.3947723388671,"label_y":1620.9969482421875,"node_is_primary":false},"432":{"node_type":"metabolite","x":-919.5947723388672,"y":1640.9969482421875,"bigg_id":"h_c","name":"H+","label_x":-935.7947723388672,"label_y":1620.9969482421875,"node_is_primary":false},"433":{"node_type":"multimarker","x":-817.5484466552734,"y":1416.6214599609375},"434":{"node_type":"midmarker","x":-837.5484466552734,"y":1416.6214599609375},"435":{"node_type":"multimarker","x":-857.5484466552734,"y":1416.6214599609375},"436":{"node_type":"metabolite","x":-942.5484466552734,"y":1496.6214599609375,"bigg_id":"coa_c","name":"Coenzyme A","label_x":-969.5484466552734,"label_y":1536.6214599609375,"node_is_primary":false},"437":{"node_type":"metabolite","x":-942.5484466552734,"y":1336.6214599609375,"bigg_id":"h_c","name":"H+","label_x":-958.7484466552735,"label_y":1316.6214599609375,"node_is_primary":false},"438":{"node_type":"metabolite","x":-724.6736507415771,"y":1339.2464599609375,"bigg_id":"accoa_c","name":"Acetyl-CoA","label_x":-762.4736507415771,"label_y":1319.2464599609375,"node_is_primary":false},"439":{"node_type":"metabolite","x":-1012.5484466552734,"y":1416.6214599609375,"bigg_id":"N1aspmd_c","name":"N1-Acetylspermidine","label_x":-1153.0210662841796,"label_y":1422.497314453125,"node_is_primary":true},"440":{"node_type":"multimarker","x":105.78619809931652,"y":1012.3808462070563},"441":{"node_type":"midmarker","x":105.49300536334124,"y":992.3829953720387},"442":{"node_type":"multimarker","x":105.19981262736621,"y":972.3851445370219},"443":{"node_type":"metabolite","x":183.94514683953784,"y":886.2215075443016,"bigg_id":"ade_c","name":"Adenine","label_x":201.63989476434253,"label_y":893.4234118411765,"node_is_primary":false},"444":{"node_type":"metabolite","x":44.535601748233034,"y":1084.799954495571,"bigg_id":"h2o_c","name":"H2O","label_x":-0.4643982517669656,"label_y":1114.799954495571,"node_is_primary":false},"445":{"node_type":"metabolite","x":102.92756892355894,"y":817.4018005656442,"bigg_id":"5mtr_c","name":"5-Methylthio-D-ribose","label_x":127.92756892355894,"label_y":817.4018005656442,"node_is_primary":true},"446":{"node_type":"multimarker","x":821.6349573721111,"y":1224.1634166490567},"447":{"node_type":"midmarker","x":821.7086408967716,"y":1244.1632809170533},"448":{"node_type":"multimarker","x":821.7823244214306,"y":1264.163145185047},"449":{"node_type":"metabolite","x":821.1450003725447,"y":1087.5388013562583,"bigg_id":"amet_c","name":"S-Adenosyl-L-methionine","label_x":783.0454764467634,"label_y":1047.7455274304768,"node_is_primary":true},"450":{"node_type":"metabolite","x":902.0949364732109,"y":1348.8678342253847,"bigg_id":"co2_c","name":"CO2","label_x":872.4699975083671,"label_y":1389.2412473113222,"node_is_primary":false},"451":{"node_type":"metabolite","x":901.3212594642865,"y":1138.8692594114434,"bigg_id":"h_c","name":"H+","label_x":885.1212594642865,"label_y":1173.9928556028497,"node_is_primary":false},"452":{"node_type":"multimarker","x":418.5183463769322,"y":1350.2198937659966},"453":{"node_type":"midmarker","x":398.5250003611851,"y":1350.7357572117328},"454":{"node_type":"multimarker","x":378.5316543454388,"y":1351.2516206574678},"455":{"node_type":"metabolite","x":506.95756431698044,"y":1412.4148676153227,"bigg_id":"15dap_c","name":"1,5-Diaminopentane","label_x":474.85708824276173,"label_y":1455.1094476934477,"node_is_primary":false},"457":{"node_type":"metabolite","x":295.6233875614563,"y":1433.4174243648251,"bigg_id":"h_c","name":"H+","label_x":279.42338756145625,"label_y":1473.4174243648251,"node_is_primary":false},"458":{"node_type":"metabolite","x":240.2007646635475,"y":1313.3673847544812,"bigg_id":"na15dap_c","name":"N-3-aminopropyl-1,5-diaminopentane","label_x":116.15803089889914,"label_y":1321.7190693247937,"node_is_primary":false},"459":{"node_type":"metabolite","x":1765.4034423828125,"y":-119.62667846679688,"bigg_id":"h_p","name":"H+","label_x":1749.2034423828125,"label_y":-79.62667846679688,"node_is_primary":true},"460":{"node_type":"multimarker","x":1920.4034423828125,"y":-119.62667846679688},"461":{"node_type":"midmarker","x":1940.4034423828125,"y":-119.62667846679688},"462":{"node_type":"multimarker","x":1960.4034423828125,"y":-119.62667846679688},"463":{"node_type":"metabolite","x":2045.4034423828125,"y":-39.626678466796875,"bigg_id":"co2_p","name":"CO2","label_x":2018.4034423828125,"label_y":0.373321533203125,"node_is_primary":false},"464":{"node_type":"metabolite","x":2115.4034423828125,"y":-119.62667846679688,"bigg_id":"agm_p","name":"Agmatine","label_x":2088.4034423828125,"label_y":-79.62667846679688,"node_is_primary":true},"465":{"node_type":"metabolite","x":1835.4034423828125,"y":-39.626678466796875,"bigg_id":"arg__L_p","name":"L-Arginine","label_x":1792.2034423828125,"label_y":0.373321533203125,"node_is_primary":false},"466":{"node_type":"multimarker","x":1265.7440643310545,"y":-117.39614868164034},"467":{"node_type":"midmarker","x":1245.7440643310545,"y":-117.39614868164034},"468":{"node_type":"multimarker","x":1225.7440643310545,"y":-117.39614868164034},"469":{"node_type":"metabolite","x":1350.7440643310545,"y":-37.39614868164034,"bigg_id":"h2o_c","name":"H2O","label_x":1323.7440643310545,"label_y":2.603851318359659,"node_is_primary":false},"470":{"node_type":"metabolite","x":1140.7440643310545,"y":-37.39614868164034,"bigg_id":"gly_c","name":"Glycine","label_x":1113.7440643310545,"label_y":2.603851318359659,"node_is_primary":false},"471":{"node_type":"metabolite","x":1420.7440643310545,"y":-117.39614868164034,"bigg_id":"progly_c","name":"L-Prolinylglycine","label_x":1377.5440643310544,"label_y":-77.39614868164034,"node_is_primary":true},"472":{"node_type":"metabolite","x":879.0662398529144,"y":208.33138321085715,"bigg_id":"atp_c","name":"ATP","label_x":874.8643355560394,"label_y":191.33615539713648,"node_is_primary":false},"473":{"node_type":"multimarker","x":794.4340098308446,"y":288.7203478856901},"474":{"node_type":"midmarker","x":774.4342201415055,"y":288.81206692509556},"475":{"node_type":"multimarker","x":754.4344304521661,"y":288.90378596450137},"477":{"node_type":"metabolite","x":879.7999921681615,"y":368.3297007255729,"bigg_id":"hco3_c","name":"Bicarbonate","label_x":790.4047529103491,"label_y":376.8273203544791,"node_is_primary":false},"478":{"node_type":"metabolite","x":599.4360603597847,"y":289.6146085198966,"bigg_id":"glu__L_c","name":"L-Glutamate","label_x":539.1374885824409,"label_y":335.31413244567784,"node_is_primary":true},"479":{"node_type":"metabolite","x":858.6995740059517,"y":128.4239434929051,"bigg_id":"h2o_c","name":"H2O","label_x":764.2038586739204,"label_y":134.2268095941701,"node_is_primary":false},"480":{"node_type":"metabolite","x":669.8022004300968,"y":369.29275063933414,"bigg_id":"h_c","name":"H+","label_x":613.705532949628,"label_y":383.48989419402164,"node_is_primary":false},"481":{"node_type":"metabolite","x":669.0684481148498,"y":209.29443312461814,"bigg_id":"adp_c","name":"ADP","label_x":590.7727327828186,"label_y":209.39777327354398,"node_is_primary":false},"482":{"node_type":"metabolite","x":688.701361646566,"y":129.20355532785499,"bigg_id":"pi_c","name":"Phosphate","label_x":621.5051702403161,"label_y":135.0064198793992,"node_is_primary":false},"483":{"node_type":"metabolite","x":949.4323799232257,"y":288.00952533029437,"bigg_id":"gln__L_c","name":"L-Glutamine","label_x":905.3338081458819,"label_y":339.4085731818568,"node_is_primary":true},"484":{"node_type":"multimarker","x":1525.9583587646484,"y":1666.4086303710938},"485":{"node_type":"midmarker","x":1505.9583587646484,"y":1666.4086303710938},"486":{"node_type":"multimarker","x":1485.9583587646484,"y":1666.4086303710938},"487":{"node_type":"metabolite","x":1610.9583587646484,"y":1746.4086303710938,"bigg_id":"h2o_c","name":"H2O","label_x":1629.5545501708984,"label_y":1757.9109497070312,"node_is_primary":false},"488":{"node_type":"metabolite","x":1330.9583587646484,"y":1666.4086303710938,"bigg_id":"4abut_c","name":"4-Aminobutanoate","label_x":1293.1583587646485,"label_y":1706.4086303710938,"node_is_primary":true},"489":{"node_type":"metabolite","x":1400.9583587646484,"y":1746.4086303710938,"bigg_id":"h_c","name":"H+","label_x":1424.654965209961,"label_y":1757.9109497070312,"node_is_primary":false},"490":{"node_type":"metabolite","x":1610.9583587646484,"y":1586.4086303710938,"bigg_id":"nad_c","name":"Nicotinamide adenine dinucleotide","label_x":1583.9583587646484,"label_y":1566.4086303710938,"node_is_primary":false},"491":{"node_type":"metabolite","x":1400.9583587646484,"y":1586.4086303710938,"bigg_id":"nadh_c","name":"Nicotinamide adenine dinucleotide - reduced","label_x":1368.5583587646483,"label_y":1566.4086303710938,"node_is_primary":false},"492":{"node_type":"multimarker","x":1175.9583587646484,"y":1666.4086303710938},"493":{"node_type":"midmarker","x":1155.9583587646484,"y":1666.4086303710938},"494":{"node_type":"multimarker","x":1135.9583587646484,"y":1666.4086303710938},"495":{"node_type":"metabolite","x":1272.3575286865234,"y":1774.4928588867188,"bigg_id":"akg_c","name":"2-Oxoglutarate","label_x":1194.0618743896484,"label_y":1782.9905395507812,"node_is_primary":false},"496":{"node_type":"metabolite","x":1050.9583587646484,"y":1586.4086303710938,"bigg_id":"glu__L_c","name":"L-Glutamate","label_x":1070.453060913086,"label_y":1594.9063110351562,"node_is_primary":false},"497":{"node_type":"metabolite","x":980.9583587646484,"y":1666.4086303710938,"bigg_id":"sucsal_c","name":"Succinic semialdehyde","label_x":926.3593109130859,"label_y":1626.6152954101562,"node_is_primary":true},"498":{"node_type":"multimarker","x":592.2779312133789,"y":1592.3146362304688},"499":{"node_type":"midmarker","x":572.2779312133789,"y":1592.3146362304688},"500":{"node_type":"multimarker","x":552.2779312133789,"y":1592.3146362304688},"501":{"node_type":"metabolite","x":677.2779312133789,"y":1672.3146362304688,"bigg_id":"h2o_c","name":"H2O","label_x":695.8741226196289,"label_y":1683.8170776367188,"node_is_primary":false},"502":{"node_type":"metabolite","x":197.7946548461914,"y":1734.8026733398438,"bigg_id":"succ_c","name":"Succinate","label_x":233.7889114379882,"label_y":1746.3051147460938,"node_is_primary":true},"503":{"node_type":"metabolite","x":467.2779312133789,"y":1672.3146362304688,"bigg_id":"h_c","name":"H+","label_x":411.18129425048824,"label_y":1678.1176147460938,"node_is_primary":false},"504":{"node_type":"metabolite","x":677.2779312133789,"y":1512.3146362304688,"bigg_id":"nad_c","name":"Nicotinamide adenine dinucleotide","label_x":695.8741226196289,"label_y":1515.1127319335938,"node_is_primary":false},"505":{"node_type":"metabolite","x":467.2779312133789,"y":1512.3146362304688,"bigg_id":"nadh_c","name":"Nicotinamide adenine dinucleotide - reduced","label_x":377.8826919555663,"label_y":1515.1126098632812,"node_is_primary":false},"506":{"node_type":"multimarker","x":615.0760345458984,"y":1837.3942260742188},"507":{"node_type":"midmarker","x":595.0760345458984,"y":1837.3942260742188},"508":{"node_type":"multimarker","x":575.0760345458984,"y":1837.3942260742188},"509":{"node_type":"metabolite","x":700.0760345458984,"y":1917.3942260742188,"bigg_id":"h2o_c","name":"H2O","label_x":673.0760345458984,"label_y":1957.3942260742188,"node_is_primary":false},"510":{"node_type":"metabolite","x":700.0760345458984,"y":1757.3942260742188,"bigg_id":"nadp_c","name":"Nicotinamide adenine dinucleotide phosphate","label_x":690.4741302490235,"label_y":1737.3942260742188,"node_is_primary":false},"511":{"node_type":"metabolite","x":490.07603454589844,"y":1917.3942260742188,"bigg_id":"nadph_c","name":"Nicotinamide adenine dinucleotide phosphate - reduced","label_x":452.2760345458985,"label_y":1957.3942260742188,"node_is_primary":false},"513":{"node_type":"metabolite","x":490.07603454589844,"y":1757.3942260742188,"bigg_id":"h_c","name":"H+","label_x":433.97939758300777,"label_y":1760.1923217773438,"node_is_primary":false},"514":{"node_type":"multimarker","x":980.9583587646484,"y":1855.6057739257812},"515":{"node_type":"midmarker","x":980.9583587646484,"y":1875.6057739257812},"516":{"node_type":"multimarker","x":980.9583587646484,"y":1895.6057739257812},"517":{"node_type":"metabolite","x":1060.9583587646484,"y":1770.6057739257812,"bigg_id":"h_c","name":"H+","label_x":1075.9583587646484,"label_y":1770.6057739257812,"node_is_primary":false},"518":{"node_type":"metabolite","x":900.9583587646484,"y":1770.6057739257812,"bigg_id":"nadh_c","name":"Nicotinamide adenine dinucleotide - reduced","label_x":846.9583587646484,"label_y":1800.6057739257812,"node_is_primary":false},"519":{"node_type":"metabolite","x":900.9583587646484,"y":1980.6057739257812,"bigg_id":"nad_c","name":"Nicotinamide adenine dinucleotide","label_x":855.9583587646484,"label_y":2010.6057739257812,"node_is_primary":false},"520":{"node_type":"metabolite","x":980.9583587646484,"y":2050.6057739257812,"bigg_id":"ghb_c","name":"Gamma-hydroxybutyrate","label_x":1011.6579437255859,"label_y":2060.1050415039062,"node_is_primary":true}},"text_labels":{"0":{"x":328.9934844970703,"y":1036.7921752929688,"text":"Putrescine"},"1":{"x":-197.40068817138672,"y":1312.81640625,"text":"Spermidine"},"2":{"x":882.8041534423828,"y":-152.5239028930664,"text":"L-Proline"},"3":{"x":1665.323974609375,"y":496.81640625,"text":"L-Arginine"},"4":{"x":-1005.1484985351562,"y":-154.73223876953125,"text":"L-glutamate"},"5":{"x":-1182.7402954101562,"y":678.7921981811523,"text":"Acetyl-CoA"},"7":{"x":-42.32381463050842,"y":437.83319091796875,"text":"L-Glutamate"},"8":{"x":-51.317222595214844,"y":687.9953002929688,"text":"2-Oxoglutarate"},"9":{"x":978.6248168945312,"y":308.44654083251953,"text":"L-Glutamine"},"11":{"x":269.7497138977051,"y":308.8660125732422,"text":"L-Glutamate"},"12":{"x":1347.0150146484375,"y":1491.0234985351562,"text":"L-Glutamate"},"13":{"x":1302.4366607666016,"y":1369.0081787109375,"text":"2-Oxoglutarate"},"14":{"x":891.7749791145325,"y":1566.0919189453125,"text":"L-Glutamate"},"15":{"x":1936.755241394043,"y":1137.9554443359375,"text":"L-Glutamate"},"16":{"x":2177.2520713806152,"y":2030.461181640625,"text":"L-Glutamate"},"17":{"x":1141.1106324195862,"y":1835.6844482421875,"text":"2-Oxoglutarate"},"20":{"x":1882.43701171875,"y":1025.439208984375,"text":"2-Oxoglutarate"},"21":{"x":1941.9180450439453,"y":1891.66796875,"text":"Succinate"},"22":{"x":-79.4938735961914,"y":1741.6480712890625,"text":"Succinate"},"23":{"x":874.5798950195312,"y":735.9018096923828,"text":"L-Aspartate"},"24":{"x":37.020355224609375,"y":-514.4271240234375,"text":"ARGININE AND PROLINE METABOLISM SUBSYSTEM"}},"canvas":{"x":-1235.6007080078125,"y":-630.7744140625,"width":3773.5054931640625,"height":2764.229736328125}}]