[{"map_name":"new_map","map_id":"yKgycLH8dQJ1","map_description":"\nLast Modified Thu Oct 12 2017 06:59:51 GMT-0600 (Mountain Daylight Time)","homepage":"https://escher.github.io","schema":"https://escher.github.io/escher/jsonschema/1-0-0#"},{"reactions":{"44":{"name":"Glutamate dehydrogenase (NADP)","bigg_id":"GLUDy","reversibility":true,"label_x":-177.23503674265285,"label_y":630.1012869599601,"gene_reaction_rule":"b1761","genes":[{"notes":{"original_bigg_ids":["b1761"]},"name":"gdhA","bigg_id":"b1761"}],"metabolites":[{"bigg_id":"akg_c","coefficient":1},{"bigg_id":"h2o_c","coefficient":-1},{"bigg_id":"nadp_c","coefficient":-1},{"bigg_id":"nadph_c","coefficient":1},{"bigg_id":"glu__L_c","coefficient":-1},{"bigg_id":"h_c","coefficient":1},{"bigg_id":"nh4_c","coefficient":1}],"segments":{"308":{"from_node_id":"314","to_node_id":"315","b1":null,"b2":null},"309":{"from_node_id":"316","to_node_id":"315","b1":null,"b2":null},"310":{"from_node_id":"316","to_node_id":"317","b1":{"x":-194.72410744623113,"y":653.7468726554424},"b2":{"x":-474.0302915729097,"y":656.5904771800043}},"311":{"from_node_id":"314","to_node_id":"313","b1":{"x":-66.72432047452897,"y":653.5133449292861},"b2":{"x":-61.44148937552711,"y":671.5037366865383}},"312":{"from_node_id":"314","to_node_id":"318","b1":{"x":-66.72432047452897,"y":653.5133449292861},"b2":{"x":-61.50716904850832,"y":635.5037966007474}},"313":{"from_node_id":"316","to_node_id":"319","b1":{"x":-198.72410078909672,"y":653.7541703968845},"b2":{"x":-203.94125221511723,"y":671.7637187254228}},"314":{"from_node_id":"314","to_node_id":"320","b1":{"x":-70.72431381739472,"y":653.520642670729},"b2":{"x":178.3914101042058,"y":653.4216670524161}},"315":{"from_node_id":"316","to_node_id":"321","b1":{"x":-198.72410078909672,"y":653.7541703968845},"b2":{"x":-204.00693188809868,"y":635.7637786396315}},"316":{"from_node_id":"316","to_node_id":"322","b1":{"x":-198.72410078909672,"y":653.7541703968845},"b2":{"x":-189.03979668884304,"y":617.7364420663279}}}},"45":{"name":"Glutamate Decarboxylase","bigg_id":"GLUDC","reversibility":false,"label_x":252.1413123275455,"label_y":345.5958573599909,"gene_reaction_rule":"b3517 or b1493","genes":[{"notes":{"original_bigg_ids":["b3517"]},"name":"gadA","bigg_id":"b3517"},{"notes":{"original_bigg_ids":["b1493"]},"name":"gadB","bigg_id":"b1493"}],"metabolites":[{"bigg_id":"glu__L_c","coefficient":-1},{"bigg_id":"co2_c","coefficient":1},{"bigg_id":"h_c","coefficient":-1},{"bigg_id":"4abut_c","coefficient":1}],"segments":{"317":{"from_node_id":"323","to_node_id":"324","b1":null,"b2":null},"318":{"from_node_id":"325","to_node_id":"324","b1":null,"b2":null},"319":{"from_node_id":"323","to_node_id":"320","b1":{"x":237.1413123275455,"y":397.5958573599909},"b2":{"x":237.1413123275455,"y":594.5644814749811}},"320":{"from_node_id":"325","to_node_id":"326","b1":{"x":237.14131232754553,"y":269.5958573599909},"b2":{"x":255.1413123275455,"y":264.3458573599909}},"321":{"from_node_id":"323","to_node_id":"327","b1":{"x":237.1413123275455,"y":401.5958573599909},"b2":{"x":255.1413123275455,"y":406.8458573599909}},"322":{"from_node_id":"325","to_node_id":"328","b1":{"x":237.14131232754553,"y":273.5958573599909},"b2":{"x":234.39671393887363,"y":145.24195263586978}}}},"46":{"name":"Glutamine synthetase","bigg_id":"GLNS","reversibility":false,"label_x":606.4096839095768,"label_y":445.89457485877017,"gene_reaction_rule":"b3870 or b1297","genes":[{"notes":{"original_bigg_ids":["b3870"]},"name":"glnA","bigg_id":"b3870"},{"notes":{"original_bigg_ids":["b1297"]},"name":"puuA","bigg_id":"b1297"}],"metabolites":[{"bigg_id":"atp_c","coefficient":-1},{"bigg_id":"glu__L_c","coefficient":-1},{"bigg_id":"h_c","coefficient":1},{"bigg_id":"adp_c","coefficient":1},{"bigg_id":"pi_c","coefficient":1},{"bigg_id":"nh4_c","coefficient":-1},{"bigg_id":"gln__L_c","coefficient":1}],"segments":{"323":{"from_node_id":"329","to_node_id":"330","b1":null,"b2":null},"324":{"from_node_id":"331","to_node_id":"330","b1":null,"b2":null},"325":{"from_node_id":"329","to_node_id":"332","b1":{"x":593.1543128158268,"y":472.17164395056705},"b2":{"x":587.9043128158268,"y":454.17164395056705}},"326":{"from_node_id":"329","to_node_id":"320","b1":{"x":454.4357154037174,"y":472.17164395056705},"b2":{"x":284.91297980801426,"y":620.3794228812311}},"327":{"from_node_id":"331","to_node_id":"333","b1":{"x":722.409744944733,"y":461.19325039587955},"b2":{"x":744.127274241608,"y":429.47035000525455}},"328":{"from_node_id":"331","to_node_id":"334","b1":{"x":727.8989417220768,"y":485.89457485877017},"b2":{"x":730.4043128158268,"y":490.17164395056705}},"329":{"from_node_id":"331","to_node_id":"335","b1":{"x":727.8989417220768,"y":480.40540859900455},"b2":{"x":720.8935095931705,"y":543.851331450567}},"330":{"from_node_id":"329","to_node_id":"336","b1":{"x":593.1543128158268,"y":472.17164395056705},"b2":{"x":587.9043128158268,"y":490.17164395056705}},"331":{"from_node_id":"331","to_node_id":"337","b1":{"x":883.085037913483,"y":472.17164395056705},"b2":{"x":1025.1618811752019,"y":601.1673867484186}}}},"47":{"name":"Glutaminase","bigg_id":"GLUN","reversibility":false,"label_x":622.877274241608,"label_y":767.0114419241999,"gene_reaction_rule":"b1812 or b0485 or b1524","genes":[{"notes":{"original_bigg_ids":["b1812"]},"name":"pabB","bigg_id":"b1812"},{"notes":{"original_bigg_ids":["b0485"]},"name":"glsA","bigg_id":"b0485"},{"notes":{"original_bigg_ids":["b1524"]},"name":"glsB","bigg_id":"b1524"}],"metabolites":[{"bigg_id":"glu__L_c","coefficient":1},{"bigg_id":"gln__L_c","coefficient":-1},{"bigg_id":"h2o_c","coefficient":-1},{"bigg_id":"nh4_c","coefficient":1}],"segments":{"332":{"from_node_id":"338","to_node_id":"339","b1":null,"b2":null},"333":{"from_node_id":"340","to_node_id":"339","b1":null,"b2":null},"334":{"from_node_id":"340","to_node_id":"320","b1":{"x":498.34910651699863,"y":790.5439126273249},"b2":{"x":293.14671393887363,"y":688.9941079398249}},"335":{"from_node_id":"338","to_node_id":"337","b1":{"x":872.1067053939518,"y":790.5439126273249},"b2":{"x":1033.3955847884831,"y":675.2712075491999}},"336":{"from_node_id":"338","to_node_id":"342","b1":{"x":738.877274241608,"y":785.0547158499811},"b2":{"x":744.127274241608,"y":803.0547158499811}},"337":{"from_node_id":"340","to_node_id":"343","b1":{"x":606.877274241608,"y":785.0547158499811},"b2":{"x":601.627274241608,"y":803.0547158499811}}}},"48":{"name":"Glutamate synthase (NADPH)","bigg_id":"GLUSy","reversibility":false,"label_x":260.375076975983,"label_y":1066.11544583045,"gene_reaction_rule":"b3212 and b3213","genes":[{"notes":{"original_bigg_ids":["b3212"]},"name":"gltB","bigg_id":"b3212"},{"notes":{"original_bigg_ids":["b3213"]},"name":"gltD","bigg_id":"b3213"}],"metabolites":[{"bigg_id":"akg_c","coefficient":-1},{"bigg_id":"nadp_c","coefficient":1},{"bigg_id":"nadph_c","coefficient":-1},{"bigg_id":"glu__L_c","coefficient":2},{"bigg_id":"h_c","coefficient":-1},{"bigg_id":"gln__L_c","coefficient":-1}],"segments":{"338":{"from_node_id":"344","to_node_id":"345","b1":null,"b2":null},"339":{"from_node_id":"346","to_node_id":"345","b1":null,"b2":null},"340":{"from_node_id":"344","to_node_id":"317","b1":{"x":-281.58596733554043,"y":1377.3621499320125},"b2":{"x":-556.3651345108334,"y":933.9670693656062}},"341":{"from_node_id":"346","to_node_id":"348","b1":{"x":245.375076975983,"y":992.8599526663874},"b2":{"x":197.18460151211582,"y":976.6316201468561}},"342":{"from_node_id":"344","to_node_id":"349","b1":{"x":264.5871894027408,"y":1116.62618801795},"b2":{"x":290.8209693099674,"y":1143.8328530570125}},"343":{"from_node_id":"346","to_node_id":"320","b1":{"x":245.375076975983,"y":996.8599526663875},"b2":{"x":237.1413123275455,"y":712.0644814749811}},"344":{"from_node_id":"344","to_node_id":"350","b1":{"x":231.65213080899082,"y":1123.604459502325},"b2":{"x":220.67376777188144,"y":1142.17501614295}},"345":{"from_node_id":"344","to_node_id":"337","b1":{"x":574.7257239486393,"y":1182.49630520545},"b2":{"x":1130.3447920943913,"y":1292.040494658575}}}},"49":{"name":"Glutaminase","bigg_id":"GLUNpp","reversibility":false,"label_x":763.5974731445312,"label_y":64.29436492919922,"gene_reaction_rule":"b2957","genes":[{"notes":{"original_bigg_ids":["b2957"]},"name":"ansB","bigg_id":"b2957"}],"metabolites":[{"bigg_id":"glu__L_p","coefficient":1},{"bigg_id":"gln__L_p","coefficient":-1},{"bigg_id":"nh4_p","coefficient":1},{"bigg_id":"h2o_p","coefficient":-1}],"segments":{"346":{"from_node_id":"353","to_node_id":"354","b1":null,"b2":null},"347":{"from_node_id":"355","to_node_id":"354","b1":null,"b2":null},"348":{"from_node_id":"355","to_node_id":"356","b1":{"x":875.5974731445312,"y":104.29436492919922},"b2":{"x":929.8474731445312,"y":104.29436492919922}},"349":{"from_node_id":"353","to_node_id":"352","b1":{"x":751.5974731445312,"y":104.29436492919922},"b2":{"x":697.3474731445312,"y":104.29436492919922}},"350":{"from_node_id":"355","to_node_id":"357","b1":{"x":879.5974731445312,"y":104.29436492919922},"b2":{"x":884.8474731445312,"y":122.29436492919922}},"351":{"from_node_id":"353","to_node_id":"358","b1":{"x":747.5974731445312,"y":104.29436492919922},"b2":{"x":742.3474731445312,"y":122.29436492919922}}}}},"nodes":{"313":{"node_type":"metabolite","x":-27.57843055274097,"y":733.4420588075367,"bigg_id":"h2o_c","name":"H2O","label_x":-109.38102988745769,"label_y":740.8879206239429,"node_is_primary":false},"314":{"node_type":"multimarker","x":-112.72424391748429,"y":653.5972689558735},"315":{"node_type":"midmarker","x":-132.72421063181298,"y":653.6337576630851},"316":{"node_type":"multimarker","x":-152.7241773461413,"y":653.6702463702973},"317":{"node_type":"metabolite","x":-532.7801937962496,"y":656.6976627574389,"bigg_id":"akg_c","name":"2-Oxoglutarate","label_x":-625.6503109837496,"label_y":663.7626041636889,"node_is_primary":true},"318":{"node_type":"metabolite","x":-27.870340210435785,"y":573.4423250929093,"bigg_id":"nadp_c","name":"Nicotinamide adenine dinucleotide phosphate","label_x":-68.3257513585071,"label_y":553.0613436475968,"node_is_primary":false},"319":{"node_type":"metabolite","x":-237.57808105319003,"y":733.8251902332613,"bigg_id":"nadph_c","name":"Nicotinamide adenine dinucleotide phosphate - reduced","label_x":-338.5036303695962,"label_y":741.2710520496676,"node_is_primary":false},"320":{"node_type":"metabolite","x":237.1413123275455,"y":653.3144814749811,"bigg_id":"glu__L_c","name":"L-Glutamate","label_x":284.245194163483,"label_y":654.8902261038872,"node_is_primary":true},"321":{"node_type":"metabolite","x":-237.86999071088465,"y":573.8254565186332,"bigg_id":"h_c","name":"H+","label_x":-297.98342760053333,"label_y":589.1241625733207,"node_is_primary":false},"322":{"node_type":"metabolite","x":-218.01597882540375,"y":493.7891009541078,"bigg_id":"nh4_c","name":"Ammonium","label_x":-198.35795880587258,"label_y":498.1094439716858,"node_is_primary":false},"323":{"node_type":"multimarker","x":237.1413123275455,"y":355.5958573599909},"324":{"node_type":"midmarker","x":237.1413123275455,"y":335.5958573599909},"325":{"node_type":"multimarker","x":237.1413123275455,"y":315.5958573599909},"326":{"node_type":"metabolite","x":317.1413123275455,"y":230.59585735999087,"bigg_id":"co2_c","name":"CO2","label_x":332.1413123275455,"label_y":230.59585735999087,"node_is_primary":false},"327":{"node_type":"metabolite","x":317.1413123275455,"y":440.5958573599909,"bigg_id":"h_c","name":"H+","label_x":332.1413123275455,"label_y":440.5958573599909,"node_is_primary":false},"328":{"node_type":"metabolite","x":234.39671393887363,"y":86.49195263586978,"bigg_id":"4abut_c","name":"4-Aminobutanoate","label_x":259.39671393887363,"label_y":86.49195263586978,"node_is_primary":true},"329":{"node_type":"multimarker","x":639.1543128158268,"y":472.17164395056705},"330":{"node_type":"midmarker","x":659.1543128158268,"y":472.17164395056705},"331":{"node_type":"multimarker","x":679.1543128158268,"y":472.17164395056705},"332":{"node_type":"metabolite","x":554.1543128158268,"y":392.17164395056705,"bigg_id":"atp_c","name":"ATP","label_x":527.1543128158268,"label_y":372.17164395056705,"node_is_primary":false},"333":{"node_type":"metabolite","x":764.1543128158268,"y":392.17164395056705,"bigg_id":"h_c","name":"H+","label_x":747.9543128158268,"label_y":372.17164395056705,"node_is_primary":false},"334":{"node_type":"metabolite","x":764.1543128158268,"y":552.171643950567,"bigg_id":"adp_c","name":"ADP","label_x":781.0677649642643,"label_y":556.4920174857233,"node_is_primary":false},"335":{"node_type":"metabolite","x":744.1543128158268,"y":632.171643950567,"bigg_id":"pi_c","name":"Phosphate","label_x":681.3854895736392,"label_y":636.4920174857233,"node_is_primary":false},"336":{"node_type":"metabolite","x":554.1543128158268,"y":552.171643950567,"bigg_id":"nh4_c","name":"Ammonium","label_x":527.1543128158268,"label_y":592.171643950567,"node_is_primary":false},"337":{"node_type":"metabolite","x":1075.6780554916081,"y":647.8253457327936,"bigg_id":"gln__L_c","name":"L-Glutamine","label_x":1106.5819373275453,"label_y":649.4010903616999,"node_is_primary":true},"338":{"node_type":"multimarker","x":692.877274241608,"y":785.0547158499811},"339":{"node_type":"midmarker","x":672.877274241608,"y":785.0547158499811},"340":{"node_type":"multimarker","x":652.877274241608,"y":785.0547158499811},"342":{"node_type":"metabolite","x":777.877274241608,"y":865.0547158499811,"bigg_id":"h2o_c","name":"H2O","label_x":750.877274241608,"label_y":905.0547158499811,"node_is_primary":false},"343":{"node_type":"metabolite","x":567.877274241608,"y":865.0547158499811,"bigg_id":"nh4_c","name":"Ammonium","label_x":540.877274241608,"label_y":905.0547158499811,"node_is_primary":false},"344":{"node_type":"multimarker","x":245.375076975983,"y":1078.8599526663875},"345":{"node_type":"midmarker","x":245.375076975983,"y":1058.8599526663875},"346":{"node_type":"multimarker","x":245.375076975983,"y":1038.8599526663875},"348":{"node_type":"metabolite","x":165.375076975983,"y":953.8599526663874,"bigg_id":"nadp_c","name":"Nicotinamide adenine dinucleotide phosphate","label_x":111.375076975983,"label_y":983.8599526663874,"node_is_primary":false},"349":{"node_type":"metabolite","x":325.375076975983,"y":1163.8599526663875,"bigg_id":"nadph_c","name":"Nicotinamide adenine dinucleotide phosphate - reduced","label_x":340.375076975983,"label_y":1163.8599526663875,"node_is_primary":false},"350":{"node_type":"metabolite","x":187.73870917813144,"y":1178.968229033575,"bigg_id":"h_c","name":"H+","label_x":212.73870917813144,"label_y":1178.968229033575,"node_is_primary":false},"352":{"node_type":"metabolite","x":638.5974731445312,"y":104.29436492919922,"bigg_id":"gln__L_p","name":"L-Glutamine","label_x":595.3974731445312,"label_y":144.29436492919922,"node_is_primary":true},"353":{"node_type":"multimarker","x":793.5974731445312,"y":104.29436492919922},"354":{"node_type":"midmarker","x":813.5974731445312,"y":104.29436492919922},"355":{"node_type":"multimarker","x":833.5974731445312,"y":104.29436492919922},"356":{"node_type":"metabolite","x":988.5974731445312,"y":104.29436492919922,"bigg_id":"glu__L_p","name":"L-Glutamate","label_x":945.3974731445312,"label_y":144.29436492919922,"node_is_primary":true},"357":{"node_type":"metabolite","x":918.5974731445312,"y":184.29436492919922,"bigg_id":"nh4_p","name":"Ammonium","label_x":891.5974731445312,"label_y":224.29436492919922,"node_is_primary":false},"358":{"node_type":"metabolite","x":708.5974731445312,"y":184.29436492919922,"bigg_id":"h2o_p","name":"H2O","label_x":681.5974731445312,"label_y":224.29436492919922,"node_is_primary":false}},"text_labels":{"2":{"x":1064.0086669921875,"y":598.3203430175781,"text":"L-Glutamine"},"3":{"x":-77.74015045166016,"y":817.887451171875,"text":"L-Glutamate"}},"canvas":{"x":-680.7698364257812,"y":-211.02413940429688,"width":2104.4846801757812,"height":1486.5663757324219}}]