[{"map_name":"iJO1366.Central metabolism","map_id":"c50080dc494c0686982966090cefc2de","map_description":"Central metabolism (iJO1366)\nLast Modified Fri Mar 09 2018 15:02:14 GMT-0700 (Mountain Standard Time)","homepage":"https://escher.github.io","schema":"https://escher.github.io/escher/jsonschema/1-0-0#"},{"reactions":{"2075845":{"name":"Glucose-1-phosphatase","bigg_id":"G1PPpp","reversibility":false,"label_x":1037.4625142578125,"label_y":667.3326169921875,"gene_reaction_rule":"b1002","genes":[{"bigg_id":"b1002","name":"agp"}],"metabolites":[{"coefficient":1,"bigg_id":"pi_p"},{"coefficient":-1,"bigg_id":"g1p_p"},{"coefficient":-1,"bigg_id":"h2o_p"},{"coefficient":1,"bigg_id":"glc__D_p"}],"segments":{"717":{"from_node_id":"2076067","to_node_id":"2076065","b1":null,"b2":null},"718":{"from_node_id":"2076065","to_node_id":"2076066","b1":null,"b2":null},"719":{"from_node_id":"2075320","to_node_id":"2076067","b1":{"y":624.7302,"x":972.8579},"b2":{"y":624.7302,"x":1039.3579}},"720":{"from_node_id":"2075321","to_node_id":"2076067","b1":{"y":624.7302,"x":1003.8266576256715},"b2":{"y":624.7302,"x":1048.6485272877014}},"721":{"from_node_id":"2076066","to_node_id":"2075322","b1":{"y":624.7302,"x":1122.8579},"b2":{"y":624.7302,"x":1157.8579}},"722":{"from_node_id":"2076066","to_node_id":"2075323","b1":{"y":624.7302,"x":1183.4592392738514},"b2":{"y":624.7302,"x":1359.8623642461716}}}},"2075859":{"name":"Glycogen phosphorylase","bigg_id":"GLCP","reversibility":false,"label_x":1093.5948995117187,"label_y":1569.96115703125,"gene_reaction_rule":"b3428 or b3417","genes":[{"bigg_id":"b3417","name":"malP"},{"bigg_id":"b3428","name":"glgP"}],"metabolites":[{"coefficient":-1,"bigg_id":"glycogen_c"},{"coefficient":-1,"bigg_id":"pi_c"},{"coefficient":1,"bigg_id":"g1p_c"}],"segments":{"792":{"from_node_id":"2076099","to_node_id":"2076098","b1":null,"b2":null},"793":{"from_node_id":"2076098","to_node_id":"2075368","b1":{"x":1185.0369405273436,"y":1642.3491208984374},"b2":{"y":1635.7302,"x":1176.3579}},"794":{"from_node_id":"2075366","to_node_id":"2076099","b1":{"x":995.5108648541268,"y":1515.9094634787343},"b2":{"x":1023.9841178253787,"y":1535.0472236725266}},"795":{"from_node_id":"2075367","to_node_id":"2076099","b1":{"y":1453.4053334940731,"x":900.3989522716697},"b2":{"x":1016.8492562088446,"y":1530.2516609466595}}}},"2075865":{"name":"Glucose-1-phosphate adenylyltransferase","bigg_id":"GLGC","reversibility":false,"label_x":1009.2306416992187,"label_y":1899.99728984375,"gene_reaction_rule":"b3430","genes":[{"bigg_id":"b3430","name":"glgC"}],"metabolites":[{"coefficient":1,"bigg_id":"ppi_c"},{"coefficient":-1,"bigg_id":"atp_c"},{"coefficient":-1,"bigg_id":"g1p_c"},{"coefficient":1,"bigg_id":"adpglc_c"},{"coefficient":-1,"bigg_id":"h_c"}],"segments":{"833":{"from_node_id":"2076117","to_node_id":"2076115","b1":null,"b2":null},"834":{"from_node_id":"2076115","to_node_id":"2076116","b1":null,"b2":null},"835":{"from_node_id":"2075368","to_node_id":"2076117","b1":{"x":1253.9153951171875,"y":1904.4937498046875},"b2":{"x":1143.0204732421876,"y":1937.72971171875}},"836":{"from_node_id":"2075387","to_node_id":"2076117","b1":{"x":1165.5192395914132,"y":1937.72971171875},"b2":{"x":1130.7651031469552,"y":1937.72971171875}},"837":{"from_node_id":"2075388","to_node_id":"2076117","b1":{"x":1170.9522306578692,"y":1937.72971171875},"b2":{"x":1132.395000466892,"y":1937.72971171875}},"838":{"from_node_id":"2076116","to_node_id":"2075389","b1":{"x":977.345946017483,"y":1937.72971171875},"b2":{"x":938.7887158265058,"y":1937.72971171875}},"839":{"from_node_id":"2076116","to_node_id":"2075390","b1":{"x":974.9704732421875,"y":1937.72971171875},"b2":{"x":898.9698995117187,"y":1934.6285154296875}}}},"2075868":{"name":"Glucose-6-phosphate isomerase","bigg_id":"PGI","reversibility":true,"label_x":1631.5208638671875,"label_y":1867.371069140625,"gene_reaction_rule":"b4025","genes":[{"bigg_id":"b4025","name":"pgi"}],"metabolites":[{"coefficient":-1,"bigg_id":"g6p_c"},{"coefficient":1,"bigg_id":"f6p_c"}],"segments":{"848":{"from_node_id":"2075395","to_node_id":"2076122","b1":{"y":1713.4302,"x":1614.8579},"b2":{"y":1761.7302,"x":1614.8579}},"849":{"from_node_id":"2076122","to_node_id":"2075396","b1":{"y":1853.2302,"x":1614.8579},"b2":{"y":1905.7302,"x":1614.8579}}}},"2075872":{"name":"Phosphoglycerate kinase","bigg_id":"PGK","reversibility":true,"label_x":1628.8579,"label_y":3150.7302,"gene_reaction_rule":"b2926","genes":[{"bigg_id":"b2926","name":"pgk"}],"metabolites":[{"coefficient":-1,"bigg_id":"atp_c"},{"coefficient":1,"bigg_id":"13dpg_c"},{"coefficient":-1,"bigg_id":"3pg_c"},{"coefficient":1,"bigg_id":"adp_c"}],"segments":{"866":{"from_node_id":"2076130","to_node_id":"2076131","b1":null,"b2":null},"867":{"from_node_id":"2076131","to_node_id":"2076132","b1":null,"b2":null},"868":{"from_node_id":"2075405","to_node_id":"2076130","b1":{"y":3258.1643649025254,"x":1618.8579},"b2":{"y":3224.960449470758,"x":1618.8579}},"869":{"from_node_id":"2075406","to_node_id":"2076130","b1":{"y":3260.7302,"x":1618.8579},"b2":{"y":3225.7302,"x":1618.8579}},"870":{"from_node_id":"2076132","to_node_id":"2075407","b1":{"y":3086.499950529242,"x":1618.8579},"b2":{"y":3053.2960350974745,"x":1618.8579}},"871":{"from_node_id":"2076132","to_node_id":"2075408","b1":{"y":3085.7302,"x":1618.8579},"b2":{"y":3050.7302,"x":1618.8579}}}},"2075880":{"name":"Phosphoglucomutase","bigg_id":"PGMT","reversibility":true,"label_x":1370.9058736328125,"label_y":1742.22629375,"gene_reaction_rule":"b2690 or b0688","genes":[{"bigg_id":"b0688","name":"pgm"},{"bigg_id":"b2690","name":"yqaB"}],"metabolites":[{"coefficient":1,"bigg_id":"g6p_c"},{"coefficient":-1,"bigg_id":"g1p_c"}],"segments":{"894":{"from_node_id":"2075368","to_node_id":"2076144","b1":{"y":1692.7302,"x":1287.3079},"b2":{"y":1692.7302,"x":1337.3579}},"895":{"from_node_id":"2076144","to_node_id":"2075395","b1":{"y":1692.7302,"x":1439.7579},"b2":{"y":1692.7302,"x":1511.8579}}}},"2075892":{"name":"Glycogen debranching enzyme (bglycogen -> glycogen)","bigg_id":"GLDBRAN2","reversibility":false,"label_x":600.5721944335937,"label_y":1308.6915037109375,"gene_reaction_rule":"b3431","genes":[{"bigg_id":"b3431","name":"glgX"}],"metabolites":[{"coefficient":-1,"bigg_id":"bglycogen_c"},{"coefficient":1,"bigg_id":"glycogen_c"}],"segments":{"962":{"from_node_id":"2075463","to_node_id":"2076174","b1":{"y":1227.430151171875,"x":789.3978780273437},"b2":{"y":1251.7222654296875,"x":785.2178853515625}},"963":{"from_node_id":"2076174","to_node_id":"2075367","b1":{"y":1346.310278125,"x":789.0298970703125},"b2":{"y":1367.9383298828125,"x":795.8738912109375}}}},"2075895":{"name":"D-glucose 1-phosphate transport via diffusion","bigg_id":"G1Ptex","reversibility":true,"label_x":749.5331319335937,"label_y":538.6266233398437,"gene_reaction_rule":"b0241 or b0929 or b1377 or b2215","genes":[{"bigg_id":"b2215","name":"ompC"},{"bigg_id":"b1377","name":"ompN"},{"bigg_id":"b0929","name":"ompF"},{"bigg_id":"b0241","name":"phoE"}],"metabolites":[{"coefficient":1,"bigg_id":"g1p_p"},{"coefficient":-1,"bigg_id":"g1p_e"}],"segments":{"972":{"from_node_id":"2075470","to_node_id":"2076179","b1":{"y":491.19023897265623,"x":877.8579},"b2":{"y":489.73020999999994,"x":877.8579}},"973":{"from_node_id":"2076179","to_node_id":"2075320","b1":{"y":556.7302,"x":877.8579},"b2":{"y":558.9781858398437,"x":877.8579}}}},"2075902":{"name":"Pyruvate kinase","bigg_id":"PYK","reversibility":false,"label_x":1678.718983984375,"label_y":4097.091572265625,"gene_reaction_rule":"b1854 or b1676","genes":[{"bigg_id":"b1676","name":"pykF"},{"bigg_id":"b1854","name":"pykA"}],"metabolites":[{"coefficient":-1,"bigg_id":"pep_c"},{"coefficient":-1,"bigg_id":"h_c"},{"coefficient":1,"bigg_id":"pyr_c"},{"coefficient":-1,"bigg_id":"adp_c"},{"coefficient":1,"bigg_id":"atp_c"}],"segments":{"1009":{"from_node_id":"2076196","to_node_id":"2076198","b1":null,"b2":null},"1010":{"from_node_id":"2076198","to_node_id":"2076197","b1":null,"b2":null},"1011":{"from_node_id":"2075491","to_node_id":"2076196","b1":{"y":4012.3553596505585,"x":1667.8745015625},"b2":{"y":4037.88310434048,"x":1669.796620703125}},"1012":{"from_node_id":"2075492","to_node_id":"2076196","b1":{"y":4027.3890142539067,"x":1665.95213828125},"b2":{"y":4046.7181518933594,"x":1669.796620703125}},"1013":{"from_node_id":"2075338","to_node_id":"2076196","b1":{"y":3892.980444140625,"x":1675.5633443359375},"b2":{"y":4017.35217265625,"x":1669.796620703125}},"1014":{"from_node_id":"2076197","to_node_id":"2076584","b1":{"y":4154.836236257042,"x":1670.75780234375},"b2":{"y":4274.520807054726,"x":1663.9233296875}},"1015":{"from_node_id":"2076197","to_node_id":"2075493","b1":{"y":4137.757899149445,"x":1670.75780234375},"b2":{"x":1687.406483984375,"y":4172.216551852315}}}},"2075909":{"name":"Dihydroxyacetone phosphotransferase","bigg_id":"DHAPT","reversibility":false,"label_x":1270.0496724609375,"label_y":2510.70627421875,"gene_reaction_rule":"b1200 and b1199 and b1198 and b2415 and b2416","genes":[{"bigg_id":"b1199","name":"dhaL"},{"bigg_id":"b1200","name":"dhaK"},{"bigg_id":"b2416","name":"ptsI"},{"bigg_id":"b2415","name":"ptsH"},{"bigg_id":"b1198","name":"dhaM"}],"metabolites":[{"coefficient":-1,"bigg_id":"pep_c"},{"coefficient":-1,"bigg_id":"dha_c"},{"coefficient":1,"bigg_id":"dhap_c"},{"coefficient":1,"bigg_id":"pyr_c"}],"segments":{"1055":{"from_node_id":"2076217","to_node_id":"2076218","b1":null,"b2":null},"1056":{"from_node_id":"2076218","to_node_id":"2076219","b1":null,"b2":null},"1057":{"from_node_id":"2075511","to_node_id":"2076217","b1":{"y":2419.192089024516,"x":1387.8579},"b2":{"y":2439.8687667073546,"x":1387.8579}},"1058":{"from_node_id":"2075506","to_node_id":"2076217","b1":{"y":2392.7302,"x":1387.8579},"b2":{"y":2431.9302,"x":1387.8579}},"1059":{"from_node_id":"2076219","to_node_id":"2075512","b1":{"y":2564.1931839047256,"x":1387.8579},"b2":{"y":2590.9401463490854,"x":1387.8579}},"1060":{"from_node_id":"2076219","to_node_id":"2075355","b1":{"y":2576.1302,"x":1387.8579},"b2":{"y":2630.7302,"x":1387.8579}}}},"2075916":{"name":"Pyruvate dehydrogenase","bigg_id":"PDH","reversibility":false,"label_x":2025.8589765625002,"label_y":4291.5766796875,"gene_reaction_rule":"b0114 and b0115 and b0116","genes":[{"bigg_id":"b0114","name":"aceE"},{"bigg_id":"b0115","name":"aceF"},{"bigg_id":"b0116","name":"lpd"}],"metabolites":[{"coefficient":1,"bigg_id":"co2_c"},{"coefficient":-1,"bigg_id":"coa_c"},{"coefficient":1,"bigg_id":"nadh_c"},{"coefficient":-1,"bigg_id":"pyr_c"},{"coefficient":1,"bigg_id":"accoa_c"},{"coefficient":-1,"bigg_id":"nad_c"}],"segments":{"1094":{"from_node_id":"2076234","to_node_id":"2076235","b1":null,"b2":null},"1095":{"from_node_id":"2076235","to_node_id":"2076236","b1":null,"b2":null},"1096":{"from_node_id":"2075530","to_node_id":"2076234","b1":{"y":4394.1391796875,"x":1924.3440298902908},"b2":{"y":4379.73,"x":1977.3265661155247}},"1097":{"from_node_id":"2075531","to_node_id":"2076234","b1":{"y":4379.73,"x":1933.1413454205444},"b2":{"y":4379.73,"x":1975.6429336261633}},"1098":{"from_node_id":"2076584","to_node_id":"2076234","b1":{"y":4385.8969921875,"x":1700.2132466796875},"b2":{"y":4379.73,"x":1937.4578999999999}},"1099":{"from_node_id":"2076236","to_node_id":"2075532","b1":{"y":4379.73,"x":2136.274156292363},"b2":{"y":4379.73,"x":2176.9118543078753}},"1100":{"from_node_id":"2076236","to_node_id":"2075533","b1":{"y":4379.73,"x":2134.1704948979586},"b2":{"y":4379.73,"x":2169.899649659861}},"1101":{"from_node_id":"2076236","to_node_id":"2075382","b1":{"y":4379.73,"x":2161.458},"b2":{"y":4379.73,"x":2260.858}}}},"2075935":{"name":"Glycogen phosphorylase","bigg_id":"GLCP2","reversibility":false,"label_x":984.1069234375,"label_y":1157.8132078125,"gene_reaction_rule":"b3417 or b3428","genes":[{"bigg_id":"b3417","name":"malP"},{"bigg_id":"b3428","name":"glgP"}],"metabolites":[{"coefficient":-1,"bigg_id":"bglycogen_c"},{"coefficient":-1,"bigg_id":"pi_c"},{"coefficient":1,"bigg_id":"g1p_c"}],"segments":{"68":{"from_node_id":"2076282","to_node_id":"2076283","b1":null,"b2":null},"69":{"from_node_id":"2076283","to_node_id":"2075368","b1":{"y":1264.3301999999999,"x":1140.0579},"b2":{"y":1440.7302,"x":1191.8579}},"70":{"from_node_id":"2075587","to_node_id":"2076282","b1":{"y":1188.7302,"x":951.4314931288071},"b2":{"y":1188.7302,"x":981.1299779386421}},"71":{"from_node_id":"2075463","to_node_id":"2076282","b1":{"y":1188.7302,"x":915.3579},"b2":{"y":1188.7302,"x":970.3079}}}},"2075940":{"name":"Phosphoglycerate mutase","bigg_id":"PGM","reversibility":true,"label_x":1628.8579,"label_y":3420.7302,"gene_reaction_rule":"b3612 or b4395 or b0755","genes":[{"bigg_id":"b3612","name":"gpmM"},{"bigg_id":"b4395","name":"ytjC"},{"bigg_id":"b0755","name":"gpmA"}],"metabolites":[{"coefficient":-1,"bigg_id":"2pg_c"},{"coefficient":1,"bigg_id":"3pg_c"}],"segments":{"101":{"from_node_id":"2075602","to_node_id":"2076296","b1":{"y":3541.2302,"x":1618.8579},"b2":{"y":3495.7302,"x":1618.8579}},"102":{"from_node_id":"2076296","to_node_id":"2075406","b1":{"y":3412.7302,"x":1618.8579},"b2":{"y":3370.7302,"x":1618.8579}}}},"2075945":{"name":"Phosphoenolpyruvate synthase","bigg_id":"PPS","reversibility":false,"label_x":1467.5074361328125,"label_y":4103.775121875,"gene_reaction_rule":"b1702","genes":[{"bigg_id":"b1702","name":"ppsA"}],"metabolites":[{"coefficient":2,"bigg_id":"h_c"},{"coefficient":-1,"bigg_id":"pyr_c"},{"coefficient":1,"bigg_id":"amp_c"},{"coefficient":-1,"bigg_id":"atp_c"},{"coefficient":1,"bigg_id":"pep_c"},{"coefficient":-1,"bigg_id":"h2o_c"},{"coefficient":1,"bigg_id":"pi_c"}],"segments":{"120":{"from_node_id":"2076307","to_node_id":"2076306","b1":null,"b2":null},"121":{"from_node_id":"2076306","to_node_id":"2076305","b1":null,"b2":null},"122":{"from_node_id":"2076584","to_node_id":"2076307","b1":{"x":1577.39647421875,"y":4303.983711593329},"b2":{"x":1556.7281392578125,"y":4163.393613477998}},"123":{"from_node_id":"2075610","to_node_id":"2076307","b1":{"x":1555.766835546875,"y":4195.443611943351},"b2":{"x":1556.7281392578125,"y":4145.002482020505}},"124":{"from_node_id":"2075611","to_node_id":"2076307","b1":{"x":1556.7280171875,"y":4183.045725526745},"b2":{"x":1556.7281392578125,"y":4141.2829696111485}},"125":{"from_node_id":"2076305","to_node_id":"2075612","b1":{"x":1556.7281392578125,"y":4029.3842436963037},"b2":{"x":1550.0003560546875,"y":3990.7247173991377}},"126":{"from_node_id":"2076305","to_node_id":"2075613","b1":{"x":1556.7281392578125,"y":4024.7444620228885},"b2":{"x":1549.039296484375,"y":3998.3251847377533}},"127":{"from_node_id":"2076305","to_node_id":"2075614","b1":{"x":1556.7281392578125,"y":4036.2852911258083},"b2":{"x":1546.1558736328125,"y":4005.1766951589448}},"128":{"from_node_id":"2076305","to_node_id":"2075338","b1":{"x":1547.6199849609375,"y":3946.039195999341},"b2":{"x":1604.2943013671875,"y":3862.31536244572}}}},"2075946":{"name":"1,4-alpha-glucan branching enzyme (glycogen -> bglycogen)","bigg_id":"GLBRAN2","reversibility":false,"label_x":895.1750997070312,"label_y":1303.701147265625,"gene_reaction_rule":"b3432","genes":[{"bigg_id":"b3432","name":"glgB"}],"metabolites":[{"coefficient":1,"bigg_id":"bglycogen_c"},{"coefficient":-1,"bigg_id":"glycogen_c"}],"segments":{"129":{"from_node_id":"2075367","to_node_id":"2076308","b1":{"y":1368.25412578125,"x":871.273915625},"b2":{"y":1349.29025859375,"x":872.8419087890625}},"130":{"from_node_id":"2076308","to_node_id":"2075463","b1":{"y":1252.0381833984375,"x":875.2979024414062},"b2":{"y":1239.29025859375,"x":872.8419087890625}}}},"2075948":{"name":"D-glucose transport via PEP:Pyr PTS (periplasm)","bigg_id":"GLCptspp","reversibility":false,"label_x":1436.7718404296875,"label_y":798.7682249023437,"gene_reaction_rule":"(b2417 and b1621 and b2415 and b2416) or (b2417 and b1101 and b2415 and b2416) or (b1817 and b1818 and b1819 and b2415 and b2416)","genes":[{"bigg_id":"b2417","name":"crr"},{"bigg_id":"b2416","name":"ptsI"},{"bigg_id":"b1818","name":"manY"},{"bigg_id":"b1817","name":"manX"},{"bigg_id":"b2415","name":"ptsH"},{"bigg_id":"b1101","name":"ptsG"},{"bigg_id":"b1621","name":"malX"},{"bigg_id":"b1819","name":"manZ"}],"metabolites":[{"coefficient":1,"bigg_id":"g6p_c"},{"coefficient":-1,"bigg_id":"glc__D_p"},{"coefficient":1,"bigg_id":"pyr_c"},{"coefficient":-1,"bigg_id":"pep_c"}],"segments":{"137":{"from_node_id":"2076314","to_node_id":"2076313","b1":null,"b2":null},"138":{"from_node_id":"2076313","to_node_id":"2076312","b1":null,"b2":null},"139":{"from_node_id":"2075617","to_node_id":"2076314","b1":{"y":638.7868977674909,"x":1675.4695943359375},"b2":{"y":724.1815538126691,"x":1613.8579}},"140":{"from_node_id":"2075323","to_node_id":"2076314","b1":{"y":693.7232558904212,"x":1613.8579},"b2":{"y":744.1281167671264,"x":1613.8579}},"141":{"from_node_id":"2076312","to_node_id":"2075395","b1":{"y":1046.781835615155,"x":1612.5743306640625},"b2":{"y":1308.2305250973918,"x":1613.8579}},"142":{"from_node_id":"2076312","to_node_id":"2075618","b1":{"y":944.1324057631032,"x":1613.8579},"b2":{"y":1316.4822424850836,"x":1620.2757466796875}}}},"2075955":{"name":"Fructose-bisphosphatase","bigg_id":"FBP","reversibility":false,"label_x":1579.8579,"label_y":2148.7302,"gene_reaction_rule":"b3925 or b4232 or b2930","genes":[{"bigg_id":"b2930","name":"yggF"},{"bigg_id":"b3925","name":"glpX"},{"bigg_id":"b4232","name":"fbp"}],"metabolites":[{"coefficient":1,"bigg_id":"f6p_c"},{"coefficient":-1,"bigg_id":"h2o_c"},{"coefficient":-1,"bigg_id":"fdp_c"},{"coefficient":1,"bigg_id":"pi_c"}],"segments":{"183":{"from_node_id":"2076333","to_node_id":"2076335","b1":null,"b2":null},"184":{"from_node_id":"2076335","to_node_id":"2076334","b1":null,"b2":null},"185":{"from_node_id":"2075638","to_node_id":"2076333","b1":{"y":2296.832949727361,"x":1567.76543409504},"b2":{"y":2246.3610249182084,"x":1568.530160228512}},"186":{"from_node_id":"2075639","to_node_id":"2076333","b1":{"y":2259.7297540809,"x":1568.3276037260468},"b2":{"y":2235.23006622427,"x":1568.698811117814}},"187":{"from_node_id":"2076334","to_node_id":"2075640","b1":{"y":2083.5438522899713,"x":1571.070583027581},"b2":{"y":2052.7757076332377,"x":1571.5668434252702}},"188":{"from_node_id":"2076334","to_node_id":"2075396","b1":{"y":2078.122945237974,"x":1571.1580170122907},"b2":{"y":2034.7060174599137,"x":1571.858290040969}}}},"2075957":{"name":"Triose-phosphate isomerase","bigg_id":"TPI","reversibility":true,"label_x":1500.1951802734375,"label_y":2746.65842265625,"gene_reaction_rule":"b3919","genes":[{"bigg_id":"b3919","name":"tpiA"}],"metabolites":[{"coefficient":1,"bigg_id":"g3p_c"},{"coefficient":-1,"bigg_id":"dhap_c"}],"segments":{"196":{"from_node_id":"2075355","to_node_id":"2076339","b1":{"y":2708.7302,"x":1448.873280859375},"b2":{"y":2710.061498828125,"x":1456.3338521484375}},"197":{"from_node_id":"2076339","to_node_id":"2075576","b1":{"y":2708.8802,"x":1511.6079},"b2":{"y":2709.2302,"x":1555.3579}}}},"2075964":{"name":"Enolase","bigg_id":"ENO","reversibility":true,"label_x":1628.8579,"label_y":3650.7302,"gene_reaction_rule":"b2779","genes":[{"bigg_id":"b2779","name":"eno"}],"metabolites":[{"coefficient":1,"bigg_id":"pep_c"},{"coefficient":1,"bigg_id":"h2o_c"},{"coefficient":-1,"bigg_id":"2pg_c"}],"segments":{"221":{"from_node_id":"2075602","to_node_id":"2076352","b1":{"y":3575.7302,"x":1618.8579},"b2":{"y":3610.7302,"x":1618.8579}},"222":{"from_node_id":"2076352","to_node_id":"2076351","b1":null,"b2":null},"223":{"from_node_id":"2076351","to_node_id":"2075653","b1":{"y":3716.955180739588,"x":1618.8579},"b2":{"y":3754.8134691319597,"x":1618.8579}},"224":{"from_node_id":"2076351","to_node_id":"2075338","b1":{"y":3717.2302,"x":1618.8579},"b2":{"y":3755.7302,"x":1618.8579}}}},"2075968":{"name":"D-glucose transport in via proton symport (periplasm)","bigg_id":"GLCt2pp","reversibility":false,"label_x":1191.1190083984375,"label_y":858.256811328125,"gene_reaction_rule":"b2943","genes":[{"bigg_id":"b2943","name":"galP"}],"metabolites":[{"coefficient":1,"bigg_id":"glc__D_c"},{"coefficient":1,"bigg_id":"h_c"},{"coefficient":-1,"bigg_id":"h_p"},{"coefficient":-1,"bigg_id":"glc__D_p"}],"segments":{"245":{"from_node_id":"2076363","to_node_id":"2076364","b1":null,"b2":null},"246":{"from_node_id":"2076364","to_node_id":"2076362","b1":null,"b2":null},"247":{"from_node_id":"2075662","to_node_id":"2076363","b1":{"y":705.6324777135355,"x":1345.8579},"b2":{"y":726.3568769664043,"x":1345.8579}},"248":{"from_node_id":"2075323","to_node_id":"2076363","b1":{"y":704.0405362821658,"x":1518.1299947265625},"b2":{"y":677.128049419806,"x":1344.9698384765625}},"249":{"from_node_id":"2076362","to_node_id":"2075663","b1":{"y":921.2878072156079,"x":1345.8579},"b2":{"y":966.9222240520264,"x":1345.8579}},"250":{"from_node_id":"2076362","to_node_id":"2075664","b1":{"y":951.2302,"x":1345.8579},"b2":{"y":1066.7302,"x":1345.8579}}}},"2075971":{"name":"Glyceraldehyde-3-phosphate dehydrogenase","bigg_id":"GAPD","reversibility":true,"label_x":1491.8499654296875,"label_y":2894.698217578125,"gene_reaction_rule":"b1779","genes":[{"bigg_id":"b1779","name":"gapA"}],"metabolites":[{"coefficient":-1,"bigg_id":"g3p_c"},{"coefficient":-1,"bigg_id":"nad_c"},{"coefficient":1,"bigg_id":"h_c"},{"coefficient":1,"bigg_id":"nadh_c"},{"coefficient":-1,"bigg_id":"pi_c"},{"coefficient":1,"bigg_id":"13dpg_c"}],"segments":{"264":{"from_node_id":"2076372","to_node_id":"2076371","b1":null,"b2":null},"265":{"from_node_id":"2076371","to_node_id":"2076373","b1":null,"b2":null},"266":{"from_node_id":"2075670","to_node_id":"2076372","b1":{"y":2772.381550626507,"x":1617.8579},"b2":{"y":2804.125605187952,"x":1617.8579}},"267":{"from_node_id":"2075671","to_node_id":"2076372","b1":{"y":2797.864445726291,"x":1620.5206197265625},"b2":{"y":2808.5752832882,"x":1617.8579}},"268":{"from_node_id":"2075576","to_node_id":"2076372","b1":{"y":2763.7302,"x":1617.8579},"b2":{"y":2801.5302,"x":1617.8579}},"269":{"from_node_id":"2076373","to_node_id":"2075672","b1":{"y":2884.120710496809,"x":1619.3042503498937},"b2":{"y":2915.365234989363,"x":1620.3457344996455}},"270":{"from_node_id":"2076373","to_node_id":"2075673","b1":{"y":2888.3273853515684,"x":1619.4444728450521},"b2":{"y":2929.3874845052273,"x":1620.8131428168408}},"271":{"from_node_id":"2076373","to_node_id":"2075408","b1":{"y":2890.2193756860934,"x":1619.5075391895364},"b2":{"y":2935.694118953645,"x":1621.0233639651215}}}},"2075976":{"name":"Phosphofructokinase","bigg_id":"PFK","reversibility":false,"label_x":1673.8579,"label_y":2148.7302,"gene_reaction_rule":"b3916 or b1723","genes":[{"bigg_id":"b3916","name":"pfkA"},{"bigg_id":"b1723","name":"pfkB"}],"metabolites":[{"coefficient":1,"bigg_id":"adp_c"},{"coefficient":-1,"bigg_id":"f6p_c"},{"coefficient":-1,"bigg_id":"atp_c"},{"coefficient":1,"bigg_id":"fdp_c"},{"coefficient":1,"bigg_id":"h_c"}],"segments":{"292":{"from_node_id":"2076384","to_node_id":"2076385","b1":null,"b2":null},"293":{"from_node_id":"2076385","to_node_id":"2076383","b1":null,"b2":null},"294":{"from_node_id":"2075396","to_node_id":"2076384","b1":{"y":2045.5015441634719,"x":1663.8579},"b2":{"y":2079.564801491229,"x":1663.8579}},"295":{"from_node_id":"2075682","to_node_id":"2076384","b1":{"y":2066.7262939883894,"x":1663.8579},"b2":{"y":2089.1290281965166,"x":1663.8579}},"296":{"from_node_id":"2076383","to_node_id":"2075683","b1":{"y":2238.8333911282516,"x":1663.8579},"b2":{"y":2271.7408370941725,"x":1663.8579}},"297":{"from_node_id":"2076383","to_node_id":"2075638","b1":{"y":2246.3140481277087,"x":1663.8579},"b2":{"y":2296.676360425696,"x":1663.8579}},"298":{"from_node_id":"2076383","to_node_id":"2075684","b1":{"y":2238.4073707600655,"x":1663.8579},"b2":{"y":2270.3207692002193,"x":1663.8579}}}},"2075988":{"name":"Fructose 6-phosphate aldolase","bigg_id":"F6PA","reversibility":true,"label_x":1344.275624609375,"label_y":2143.7096921875,"gene_reaction_rule":"b0825 or b3946","genes":[{"bigg_id":"b3946","name":"fsaB"},{"bigg_id":"b0825","name":"fsaA"}],"metabolites":[{"coefficient":1,"bigg_id":"g3p_c"},{"coefficient":-1,"bigg_id":"f6p_c"},{"coefficient":1,"bigg_id":"dha_c"}],"segments":{"359":{"from_node_id":"2075396","to_node_id":"2076414","b1":{"y":2013.52561015625,"x":1539.6865376953124},"b2":{"y":2001.736303515625,"x":1425.9717916015625}},"360":{"from_node_id":"2076414","to_node_id":"2076413","b1":null,"b2":null},"361":{"from_node_id":"2076413","to_node_id":"2075576","b1":{"y":2317.374967184121,"x":1428.7979634765625},"b2":{"y":2487.9787078012364,"x":1388.8579}},"362":{"from_node_id":"2076413","to_node_id":"2075506","b1":{"y":2229.8869233397522,"x":1427.4666646484375},"b2":{"y":2276.232266080424,"x":1388.8579}}}},"2076006":{"name":"Glucose transport via diffusion (extracellular to periplasm)","bigg_id":"GLCtex_copy1","reversibility":true,"label_x":1633.9351705078125,"label_y":523.2718259765625,"gene_reaction_rule":"b0241 or b0929 or b1377 or b2215","genes":[{"bigg_id":"b2215","name":"ompC"},{"bigg_id":"b1377","name":"ompN"},{"bigg_id":"b0929","name":"ompF"},{"bigg_id":"b0241","name":"phoE"}],"metabolites":[{"coefficient":1,"bigg_id":"glc__D_p"},{"coefficient":-1,"bigg_id":"glc__D_e"}],"segments":{"464":{"from_node_id":"2075757","to_node_id":"2076461","b1":{"y":506.3542404375,"x":1611.7078999999999},"b2":{"y":505.93821781249994,"x":1611.3579}},"465":{"from_node_id":"2076461","to_node_id":"2075323","b1":{"y":545.2302,"x":1611.0079},"b2":{"y":562.5221921875,"x":1610.4698384765625}}}},"2076031":{"name":"Hexokinase (D-glucose:ATP)","bigg_id":"HEX1","reversibility":false,"label_x":1455.8579,"label_y":1421.7302,"gene_reaction_rule":"b2388","genes":[{"bigg_id":"b2388","name":"glk"}],"metabolites":[{"coefficient":1,"bigg_id":"g6p_c"},{"coefficient":1,"bigg_id":"h_c"},{"coefficient":-1,"bigg_id":"atp_c"},{"coefficient":1,"bigg_id":"adp_c"},{"coefficient":-1,"bigg_id":"glc__D_c"}],"segments":{"589":{"from_node_id":"2076518","to_node_id":"2076517","b1":null,"b2":null},"590":{"from_node_id":"2076517","to_node_id":"2076519","b1":null,"b2":null},"591":{"from_node_id":"2075801","to_node_id":"2076518","b1":{"y":1330.8498868896531,"x":1395.4177434448266},"b2":{"y":1359.466106066896,"x":1409.725853033448}},"592":{"from_node_id":"2075664","to_node_id":"2076518","b1":{"y":1301.7302,"x":1380.8579},"b2":{"y":1350.7302,"x":1405.3579}},"593":{"from_node_id":"2076519","to_node_id":"2075802","b1":{"y":1501.094164092702,"x":1487.4762784556212},"b2":{"y":1522.94341364234,"x":1500.585828185404}},"594":{"from_node_id":"2076519","to_node_id":"2075395","b1":{"y":1522.7309708632808,"x":1500.4583625179685},"b2":{"y":1595.066102877603,"x":1543.8594417265617}},"595":{"from_node_id":"2076519","to_node_id":"2075803","b1":{"y":1508.1013546899524,"x":1491.6805928139715},"b2":{"y":1546.3007156331748,"x":1514.600209379905}}}},"2076036":{"name":"Fructose-bisphosphate aldolase","bigg_id":"FBA","reversibility":true,"label_x":1626.8579,"label_y":2459.7302,"gene_reaction_rule":"b2097 or b1773 or b2925","genes":[{"bigg_id":"b2925","name":"fbaA"},{"bigg_id":"b2097","name":"fbaB"},{"bigg_id":"b1773","name":"ydjI"}],"metabolites":[{"coefficient":1,"bigg_id":"g3p_c"},{"coefficient":1,"bigg_id":"dhap_c"},{"coefficient":-1,"bigg_id":"fdp_c"}],"segments":{"617":{"from_node_id":"2075638","to_node_id":"2076529","b1":{"y":2377.0802,"x":1616.8579},"b2":{"y":2415.2302,"x":1616.8579}},"618":{"from_node_id":"2076529","to_node_id":"2076530","b1":null,"b2":null},"619":{"from_node_id":"2076530","to_node_id":"2075355","b1":{"y":2590.6339289510133,"x":1616.8579},"b2":{"y":2597.878534784628,"x":1616.8579}},"620":{"from_node_id":"2076530","to_node_id":"2075576","b1":{"y":2572.8806658340163,"x":1616.8579},"b2":{"y":2629.231752780055,"x":1616.8579}}}},"2076037":{"name":"Glucose-6-phosphate phosphatase","bigg_id":"G6PP","reversibility":false,"label_x":1295.090321875,"label_y":1462.6817380859375,"gene_reaction_rule":"b0822","genes":[{"bigg_id":"b0822","name":"ybiV"}],"metabolites":[{"coefficient":-1,"bigg_id":"g6p_c"},{"coefficient":1,"bigg_id":"glc__D_c"},{"coefficient":-1,"bigg_id":"h2o_c"},{"coefficient":1,"bigg_id":"pi_c"}],"segments":{"621":{"from_node_id":"2076532","to_node_id":"2076533","b1":null,"b2":null},"622":{"from_node_id":"2076533","to_node_id":"2076531","b1":null,"b2":null},"623":{"from_node_id":"2075395","to_node_id":"2076532","b1":{"y":1626.280889179666,"x":1491.3433900714008},"b2":{"y":1546.0954067538999,"x":1452.5035470214202}},"624":{"from_node_id":"2075817","to_node_id":"2076532","b1":{"y":1548.0096070066015,"x":1453.4307377688226},"b2":{"y":1522.6140221019805,"x":1441.1297513306467}},"625":{"from_node_id":"2076531","to_node_id":"2075818","b1":{"y":1366.7142854099538,"x":1369.2599981346766},"b2":{"y":1331.6771513665126,"x":1353.8648937822554}},"626":{"from_node_id":"2076531","to_node_id":"2075664","b1":{"y":1360.7230679748823,"x":1366.627493504115},"b2":{"y":1311.706426582941,"x":1345.08987834705}}}},"2076043":{"name":"Glycogen synthase (ADPGlc)","bigg_id":"GLCS1","reversibility":false,"label_x":708.329823828125,"label_y":1862.40451640625,"gene_reaction_rule":"b3429","genes":[{"bigg_id":"b3429","name":"glgA"}],"metabolites":[{"coefficient":1,"bigg_id":"glycogen_c"},{"coefficient":-1,"bigg_id":"adpglc_c"},{"coefficient":1,"bigg_id":"adp_c"},{"coefficient":1,"bigg_id":"h_c"}],"segments":{"655":{"from_node_id":"2075390","to_node_id":"2076547","b1":{"x":836.8579,"y":1896.6124998046876},"b2":{"x":836.8579,"y":1902.6285154296875}},"656":{"from_node_id":"2076547","to_node_id":"2076548","b1":null,"b2":null},"657":{"from_node_id":"2076548","to_node_id":"2075367","b1":{"x":836.8579,"y":1786.6285154296875},"b2":{"y":1488.7302,"x":836.8579}},"658":{"from_node_id":"2076548","to_node_id":"2075832","b1":{"x":836.8579,"y":1798.5351288072397},"b2":{"x":836.8579,"y":1770.3172266881948}},"659":{"from_node_id":"2076548","to_node_id":"2075833","b1":{"x":836.8579,"y":1793.8580055984391},"b2":{"x":836.8579,"y":1754.7268159921928}}}}},"nodes":{"2075320":{"node_type":"metabolite","x":877.8579,"y":624.7302,"bigg_id":"g1p_p","name":"D-Glucose 1-phosphate","label_x":877.8579,"label_y":654.7302,"node_is_primary":true},"2075321":{"node_type":"metabolite","x":967.8579,"y":544.7302,"bigg_id":"h2o_p","name":"H2O","label_x":956.1685079101562,"label_y":520.5748655273437,"node_is_primary":false},"2075322":{"node_type":"metabolite","x":1167.8579,"y":544.7302,"bigg_id":"pi_p","name":"Phosphate","label_x":1191.23680625,"label_y":520.833715625,"node_is_primary":false},"2075323":{"node_type":"metabolite","x":1611.8579,"y":621.7302,"bigg_id":"glc__D_p","name":"D-Glucose","label_x":1503.5084126953125,"label_y":595.8699094726562,"node_is_primary":true},"2075338":{"node_type":"metabolite","x":1618.8579,"y":3810.7302,"bigg_id":"pep_c","name":"Phosphoenolpyruvate","label_x":1528.8360494140625,"label_y":3814.796850390625,"node_is_primary":true},"2075355":{"node_type":"metabolite","x":1387.8579,"y":2708.7302,"bigg_id":"dhap_c","name":"Dihydroxyacetone phosphate","label_x":1351.359608984375,"label_y":2756.946264453125,"node_is_primary":true},"2075366":{"node_type":"metabolite","x":1034.1869405273437,"y":1445.2491208984375,"bigg_id":"pi_c","name":"Phosphate","label_x":1048.1869405273437,"label_y":1455.2491208984375,"node_is_primary":false},"2075367":{"node_type":"metabolite","x":836.8579,"y":1408.7302,"bigg_id":"glycogen_c","name":"Glycogen","label_x":869.7336934570312,"label_y":1410.533178515625,"node_is_primary":true},"2075368":{"node_type":"metabolite","x":1265.8579,"y":1692.7302,"bigg_id":"g1p_c","name":"D-Glucose 1-phosphate","label_x":1287.8579,"label_y":1672.7302,"node_is_primary":true},"2075382":{"node_type":"metabolite","x":2402.858,"y":4379.73,"bigg_id":"accoa_c","name":"Acetyl-CoA","label_x":2364.23446484375,"label_y":4343.81740234375,"node_is_primary":true},"2075387":{"node_type":"metabolite","x":1197.8704732421875,"y":1993.72971171875,"bigg_id":"atp_c","name":"ATP","label_x":1207.8704732421875,"label_y":2013.72971171875,"node_is_primary":false},"2075388":{"node_type":"metabolite","x":1145.8704732421875,"y":2043.72971171875,"bigg_id":"h_c","name":"H+","label_x":1165.406483984375,"label_y":2054.8497068359375,"node_is_primary":false},"2075389":{"node_type":"metabolite","x":963.8704732421875,"y":2043.72971171875,"bigg_id":"ppi_c","name":"Diphosphate","label_x":982.5424703125,"label_y":2055.2737791015625,"node_is_primary":false},"2075390":{"node_type":"metabolite","x":835.9698995117187,"y":1934.6285154296875,"bigg_id":"adpglc_c","name":"ADPglucose","label_x":798.6738790039062,"label_y":1978.8365232421875,"node_is_primary":true},"2075395":{"node_type":"metabolite","x":1614.8579,"y":1692.7302,"bigg_id":"g6p_c","name":"D-Glucose 6-phosphate","label_x":1534.79393515625,"label_y":1733.56223125,"node_is_primary":true},"2075396":{"node_type":"metabolite","x":1614.8579,"y":1980.7302,"bigg_id":"f6p_c","name":"D-Fructose 6-phosphate","label_x":1638.9291890625,"label_y":1969.7981931640625,"node_is_primary":true},"2075405":{"node_type":"metabolite","x":1708.8579,"y":3240.7302,"bigg_id":"atp_c","name":"ATP","label_x":1724.3890279296875,"label_y":3231.9010984375,"node_is_primary":false},"2075406":{"node_type":"metabolite","x":1618.8579,"y":3310.7302,"bigg_id":"3pg_c","name":"3-Phospho-D-glycerate","label_x":1526.0268453125,"label_y":3315.5612546875,"node_is_primary":true},"2075407":{"node_type":"metabolite","x":1708.8579,"y":3070.7302,"bigg_id":"adp_c","name":"ADP","label_x":1728.8579,"label_y":3070.7302,"node_is_primary":false},"2075408":{"node_type":"metabolite","x":1618.8579,"y":3000.7302,"bigg_id":"13dpg_c","name":"3-Phospho-D-glyceroyl phosphate","label_x":1507.4092916015625,"label_y":3006.645971484375,"node_is_primary":true},"2075463":{"node_type":"metabolite","x":836.8579,"y":1188.7302,"bigg_id":"bglycogen_c","name":"Branching glycogen","label_x":762.8291524414062,"label_y":1157.1940671875,"node_is_primary":true},"2075470":{"node_type":"metabolite","x":877.8579,"y":434.73022,"bigg_id":"g1p_e","name":"D-Glucose 1-phosphate","label_x":901.2367452148437,"label_y":406.9372817675781,"node_is_primary":true},"2075491":{"node_type":"metabolite","x":1723.4018453125,"y":3954.040991015625,"bigg_id":"adp_c","name":"ADP","label_x":1690.642323828125,"label_y":3936.32248515625,"node_is_primary":false},"2075492":{"node_type":"metabolite","x":1741.012929296875,"y":4001.974584765625,"bigg_id":"h_c","name":"H+","label_x":1706.410634375,"label_y":4043.120580859375,"node_is_primary":false},"2075493":{"node_type":"metabolite","x":1726.241444921875,"y":4186.685078125,"bigg_id":"atp_c","name":"ATP","label_x":1747.418202734375,"label_y":4193.88234375,"node_is_primary":false},"2075506":{"node_type":"metabolite","x":1387.8579,"y":2336.7302,"bigg_id":"dha_c","name":"Dihydroxyacetone","label_x":1298.0565083984375,"label_y":2346.89963359375,"node_is_primary":true},"2075511":{"node_type":"metabolite","x":1338.8579,"y":2415.7302,"bigg_id":"pep_c","name":"Phosphoenolpyruvate","label_x":1262.9417623046875,"label_y":2426.380834765625,"node_is_primary":false},"2075512":{"node_type":"metabolite","x":1439.8579,"y":2608.7302,"bigg_id":"pyr_c","name":"Pyruvate","label_x":1416.255116796875,"label_y":2640.6823484375,"node_is_primary":false},"2075530":{"node_type":"metabolite","x":1914.448476171875,"y":4305.1391796875,"bigg_id":"nad_c","name":"Nicotinamide adenine dinucleotide","label_x":1897.292226171875,"label_y":4283.33986328125,"node_is_primary":false},"2075531":{"node_type":"metabolite","x":1878.8579,"y":4340.73,"bigg_id":"coa_c","name":"Coenzyme A","label_x":1804.475819921875,"label_y":4339.05763671875,"node_is_primary":false},"2075532":{"node_type":"metabolite","x":2218.858,"y":4320.73,"bigg_id":"nadh_c","name":"Nicotinamide adenine dinucleotide - reduced","label_x":2228.858,"label_y":4300.73,"node_is_primary":false},"2075533":{"node_type":"metabolite","x":2168.858,"y":4290.73,"bigg_id":"co2_c","name":"CO2","label_x":2158.858,"label_y":4270.73,"node_is_primary":false},"2075576":{"node_type":"metabolite","x":1617.8579,"y":2709.7302,"bigg_id":"g3p_c","name":"Glyceraldehyde 3-phosphate","label_x":1642.086659765625,"label_y":2718.5749265625,"node_is_primary":true},"2075587":{"node_type":"metabolite","x":933.8579,"y":1128.7302,"bigg_id":"pi_c","name":"Phosphate","label_x":933.8579,"label_y":1108.7302,"node_is_primary":false},"2075602":{"node_type":"metabolite","x":1618.8579,"y":3560.7302,"bigg_id":"2pg_c","name":"D-Glycerate 2-phosphate","label_x":1533.236562109375,"label_y":3565.937475390625,"node_is_primary":true},"2075610":{"node_type":"metabolite","x":1482.6778462890625,"y":4217.5805859375,"bigg_id":"atp_c","name":"ATP","label_x":1411.9907125,"label_y":4221.52833984375,"node_is_primary":false},"2075611":{"node_type":"metabolite","x":1489.327870703125,"y":4172.464375,"bigg_id":"h2o_c","name":"H2O","label_x":1412.5190328125,"label_y":4158.65431640625,"node_is_primary":false},"2075612":{"node_type":"metabolite","x":1503.6114400390625,"y":3933.09201640625,"bigg_id":"amp_c","name":"AMP","label_x":1416.40428671875,"label_y":3927.677709765625,"node_is_primary":false},"2075613":{"node_type":"metabolite","x":1445.4947408203125,"y":3966.002905078125,"bigg_id":"pi_c","name":"Phosphate","label_x":1378.9737447265625,"label_y":3976.814428515625,"node_is_primary":false},"2075614":{"node_type":"metabolite","x":1472.53368125,"y":4008.897436328125,"bigg_id":"h_c","name":"H+","label_x":1417.1671041015625,"label_y":4022.95432109375,"node_is_primary":false},"2075617":{"node_type":"metabolite","x":1682.5743306640625,"y":1026.0287229492187,"bigg_id":"pep_c","name":"Phosphoenolpyruvate","label_x":1706.9622701171875,"label_y":1047.3123533203125,"node_is_primary":false},"2075618":{"node_type":"metabolite","x":1533.8579,"y":1033.7302,"bigg_id":"pyr_c","name":"Pyruvate","label_x":1533.9776509765625,"label_y":1012.59592265625,"node_is_primary":false},"2075638":{"node_type":"metabolite","x":1616.8579,"y":2360.7302,"bigg_id":"fdp_c","name":"D-Fructose 1,6-bisphosphate","label_x":1643.3038228515625,"label_y":2370.5612546875,"node_is_primary":true},"2075639":{"node_type":"metabolite","x":1519.8579,"y":2274.7302,"bigg_id":"h2o_c","name":"H2O","label_x":1465.309071875,"label_y":2253.42893046875,"node_is_primary":false},"2075640":{"node_type":"metabolite","x":1497.8579,"y":2047.7302,"bigg_id":"pi_c","name":"Phosphate","label_x":1474.7047017578125,"label_y":2077.223119921875,"node_is_primary":false},"2075653":{"node_type":"metabolite","x":1528.8579,"y":3760.7302,"bigg_id":"h2o_c","name":"H2O","label_x":1453.1136373046875,"label_y":3760.7302,"node_is_primary":false},"2075662":{"node_type":"metabolite","x":1285.8579,"y":681.7302,"bigg_id":"h_p","name":"H+","label_x":1285.8579,"label_y":661.7302,"node_is_primary":false},"2075663":{"node_type":"metabolite","x":1275.8579,"y":1011.7302,"bigg_id":"h_c","name":"H+","label_x":1214.9449361328125,"label_y":1011.7302,"node_is_primary":false},"2075664":{"node_type":"metabolite","x":1345.8579,"y":1231.7302,"bigg_id":"glc__D_c","name":"D-Glucose","label_x":1365.8579,"label_y":1201.7302,"node_is_primary":true},"2075670":{"node_type":"metabolite","x":1692.8579,"y":2766.7302,"bigg_id":"pi_c","name":"Phosphate","label_x":1714.1893208984375,"label_y":2774.718237109375,"node_is_primary":false},"2075671":{"node_type":"metabolite","x":1696.0213521484375,"y":2805.00754375,"bigg_id":"nad_c","name":"Nicotinamide adenine dinucleotide","label_x":1720.9615376953125,"label_y":2811.66428203125,"node_is_primary":false},"2075672":{"node_type":"metabolite","x":1701.8579,"y":2903.7302,"bigg_id":"h_c","name":"H+","label_x":1721.8579,"label_y":2903.7302,"node_is_primary":false},"2075673":{"node_type":"metabolite","x":1701.8579,"y":2953.7302,"bigg_id":"nadh_c","name":"Nicotinamide adenine dinucleotide - reduced","label_x":1715.8579,"label_y":2971.7302,"node_is_primary":false},"2075682":{"node_type":"metabolite","x":1694.8579,"y":2042.7302,"bigg_id":"atp_c","name":"ATP","label_x":1700.87596640625,"label_y":2074.356908984375,"node_is_primary":false},"2075683":{"node_type":"metabolite","x":1749.8579,"y":2262.7302,"bigg_id":"adp_c","name":"ADP","label_x":1769.8579,"label_y":2262.7302,"node_is_primary":false},"2075684":{"node_type":"metabolite","x":1696.8579,"y":2309.7302,"bigg_id":"h_c","name":"H+","label_x":1716.8579,"label_y":2309.7302,"node_is_primary":false},"2075757":{"node_type":"metabolite","x":1611.8579,"y":451.73022,"bigg_id":"glc__D_e","name":"D-Glucose","label_x":1611.8579,"label_y":411.73022,"node_is_primary":true},"2075801":{"node_type":"metabolite","x":1431.8579,"y":1281.7302,"bigg_id":"atp_c","name":"ATP","label_x":1451.8579,"label_y":1281.7302,"node_is_primary":false},"2075802":{"node_type":"metabolite","x":1551.8579,"y":1511.7302,"bigg_id":"adp_c","name":"ADP","label_x":1529.2338765625,"label_y":1491.3062498046875,"node_is_primary":false},"2075803":{"node_type":"metabolite","x":1571.8579,"y":1581.7302,"bigg_id":"h_c","name":"H+","label_x":1566.1058248046875,"label_y":1561.3062498046875,"node_is_primary":false},"2075817":{"node_type":"metabolite","x":1425.8579,"y":1591.7302,"bigg_id":"h2o_c","name":"H2O","label_x":1349.02586875,"label_y":1587.0582029296875,"node_is_primary":false},"2075818":{"node_type":"metabolite","x":1291.8579,"y":1311.7302,"bigg_id":"pi_c","name":"Phosphate","label_x":1253.2098287109375,"label_y":1292.1941892578125,"node_is_primary":false},"2075832":{"node_type":"metabolite","x":766.8579,"y":1770.6285154296875,"bigg_id":"h_c","name":"H+","label_x":712.2258809570312,"label_y":1766.1885740234375,"node_is_primary":false},"2075833":{"node_type":"metabolite","x":786.8579,"y":1710.6285154296875,"bigg_id":"adp_c","name":"ADP","label_x":711.8018697265625,"label_y":1707.9644529296875,"node_is_primary":false},"2076065":{"node_type":"midmarker","x":1087.8579,"y":624.7302},"2076066":{"node_type":"multimarker","x":1107.8579,"y":624.7302},"2076067":{"node_type":"multimarker","x":1067.8579,"y":624.7302},"2076098":{"node_type":"midmarker","x":1158.1869405273437,"y":1625.2491208984375},"2076099":{"node_type":"multimarker","x":1036.1869405273437,"y":1543.2491208984375},"2076115":{"node_type":"midmarker","x":1033.8704732421875,"y":1937.72971171875},"2076116":{"node_type":"multimarker","x":993.8704732421875,"y":1937.72971171875},"2076117":{"node_type":"multimarker","x":1115.8704732421875,"y":1937.72971171875},"2076122":{"node_type":"midmarker","x":1614.8579,"y":1830.7302},"2076130":{"node_type":"multimarker","x":1618.8579,"y":3210.7302},"2076131":{"node_type":"midmarker","x":1618.8579,"y":3160.7302},"2076132":{"node_type":"multimarker","x":1618.8579,"y":3100.7302},"2076144":{"node_type":"midmarker","x":1408.8579,"y":1692.7302},"2076174":{"node_type":"midmarker","x":786.8579,"y":1298.7302},"2076179":{"node_type":"midmarker","x":877.8579,"y":544.7302},"2076196":{"node_type":"multimarker","x":1669.796620703125,"y":4055.00217265625},"2076197":{"node_type":"multimarker","x":1670.75780234375,"y":4124.985859375},"2076198":{"node_type":"midmarker","x":1669.7967427734375,"y":4094.5971874999996},"2076217":{"node_type":"multimarker","x":1387.8579,"y":2448.7302},"2076218":{"node_type":"midmarker","x":1387.8579,"y":2504.7302},"2076219":{"node_type":"multimarker","x":1387.8579,"y":2552.7302},"2076234":{"node_type":"multimarker","x":1993.8579,"y":4379.73},"2076235":{"node_type":"midmarker","x":2058.858,"y":4379.73},"2076236":{"node_type":"multimarker","x":2118.858,"y":4379.73},"2076282":{"node_type":"multimarker","x":993.8579,"y":1188.7302},"2076283":{"node_type":"midmarker","x":1117.8579,"y":1188.7302},"2076296":{"node_type":"midmarker","x":1618.8579,"y":3430.7302},"2076305":{"node_type":"multimarker","x":1556.7281392578125,"y":4049.247778125},"2076306":{"node_type":"midmarker","x":1555.7669576171875,"y":4092.41428203125},"2076307":{"node_type":"multimarker","x":1556.7281392578125,"y":4124.62013671875},"2076308":{"node_type":"midmarker","x":876.8579,"y":1298.7302},"2076312":{"node_type":"multimarker","x":1613.8579,"y":923.7302},"2076313":{"node_type":"midmarker","x":1613.8579,"y":845.7302},"2076314":{"node_type":"multimarker","x":1613.8579,"y":765.7302},"2076333":{"node_type":"multimarker","x":1568.8579,"y":2224.7302},"2076334":{"node_type":"multimarker","x":1570.8579,"y":2096.7302},"2076335":{"node_type":"midmarker","x":1569.8579,"y":2158.7302},"2076339":{"node_type":"midmarker","x":1492.8579,"y":2708.7302},"2076351":{"node_type":"multimarker","x":1618.8579,"y":3700.7302},"2076352":{"node_type":"midmarker","x":1618.8579,"y":3660.7302},"2076362":{"node_type":"multimarker","x":1345.8579,"y":901.7302},"2076363":{"node_type":"multimarker","x":1345.8579,"y":751.7302},"2076364":{"node_type":"midmarker","x":1345.8579,"y":831.7302},"2076371":{"node_type":"midmarker","x":1617.8579,"y":2840.7302},"2076372":{"node_type":"multimarker","x":1617.8579,"y":2817.7302},"2076373":{"node_type":"multimarker","x":1618.8579,"y":2870.7302},"2076383":{"node_type":"multimarker","x":1663.8579,"y":2224.7302},"2076384":{"node_type":"multimarker","x":1663.8579,"y":2098.7302},"2076385":{"node_type":"midmarker","x":1663.8579,"y":2158.7302},"2076413":{"node_type":"multimarker","x":1427.4666646484375,"y":2211.736303515625},"2076414":{"node_type":"midmarker","x":1428.7979634765625,"y":2083.9837400390625},"2076461":{"node_type":"midmarker","x":1610.8579,"y":531.7302},"2076517":{"node_type":"midmarker","x":1445.8579,"y":1431.7302},"2076518":{"node_type":"multimarker","x":1415.8579,"y":1371.7302},"2076519":{"node_type":"multimarker","x":1481.8579,"y":1491.7302},"2076529":{"node_type":"midmarker","x":1616.8579,"y":2469.7302},"2076530":{"node_type":"multimarker","x":1616.8579,"y":2548.7302},"2076531":{"node_type":"multimarker","x":1375.8579,"y":1381.7302},"2076532":{"node_type":"multimarker","x":1435.8579,"y":1511.7302},"2076533":{"node_type":"midmarker","x":1404.8579,"y":1447.7302},"2076547":{"node_type":"midmarker","x":836.8579,"y":1870.6285154296875},"2076548":{"node_type":"multimarker","x":836.8579,"y":1810.6285154296875},"2076584":{"node_type":"metabolite","x":1618.3294576171875,"y":4379.5415234375,"bigg_id":"pyr_c","name":"Pyruvate","label_x":1591.4029439453125,"label_y":4426.7270703125,"node_is_primary":true}},"text_labels":{"2076603":{"x":946.220703125,"y":318.4467315673828,"text":"GLYCOLYSIS/GLUCONEOGENESIS SUBSYSTEM"},"2076605":{"x":447.61716175079346,"y":1478.72705078125,"text":"Biomass (Wild)"},"2076607":{"x":509.6424255371094,"y":1419.8031005859375,"text":"Glycogen"},"2076608":{"x":2252.550537109375,"y":4517.962158203125,"text":"Biomass (Wild)"},"2076609":{"x":2280.4618530273438,"y":4455.9365234375,"text":"Acetyl-CoA"}},"canvas":{"x":343.7755580390625,"y":209.6299319277344,"width":2359.2671874765615,"height":4395.679939884765}}]