[{"map_name":"new_map","map_id":"YKsUlgqnYetQ","map_description":"","homepage":"https://escher.github.io","schema":"https://escher.github.io/escher/jsonschema/1-0-0#"},{"reactions":{"0":{"name":"Murein D,D-carboxypeptidase (murein5px4p) (periplasm)","bigg_id":"MDDCP1pp","reversibility":false,"label_x":-1620.3143310546875,"label_y":-1539.1842041015625,"gene_reaction_rule":"b0632 or b3182 or b0839 or b2010","genes":[{"notes":{"original_bigg_ids":["b0632"]},"name":"dacA","bigg_id":"b0632"},{"notes":{"original_bigg_ids":["b3182"]},"name":"dacB","bigg_id":"b3182"},{"notes":{"original_bigg_ids":["b0839"]},"name":"dacC","bigg_id":"b0839"},{"notes":{"original_bigg_ids":["b2010"]},"name":"dacD","bigg_id":"b2010"}],"metabolites":[{"bigg_id":"murein4px4p_p","coefficient":1},{"bigg_id":"h2o_p","coefficient":-1},{"bigg_id":"ala__D_p","coefficient":1},{"bigg_id":"murein5px4p_p","coefficient":-1}],"segments":{"0":{"from_node_id":"1","to_node_id":"2","b1":null,"b2":null},"1":{"from_node_id":"3","to_node_id":"2","b1":null,"b2":null},"2":{"from_node_id":"3","to_node_id":"4","b1":{"x":-1492.322265625,"y":-1507.18017578125},"b2":{"x":-1266.082275390625,"y":-1505.1812133789062}},"3":{"from_node_id":"1","to_node_id":"0","b1":{"x":-1620.322265625,"y":-1507.18017578125},"b2":{"x":-1625.572265625,"y":-1489.18017578125}},"4":{"from_node_id":"3","to_node_id":"5","b1":{"x":-1488.322265625,"y":-1507.18017578125},"b2":{"x":-1483.072265625,"y":-1489.18017578125}},"5":{"from_node_id":"1","to_node_id":"41","b1":{"x":-1674.989013671875,"y":-1515.18017578125},"b2":{"x":-1838.58203125,"y":-1438.5144653320312}}}},"2":{"name":"Murein D,D-carboxypeptidase (murein5p5p) (periplasm)","bigg_id":"MDDCP3pp","reversibility":false,"label_x":-1660.3334045410156,"label_y":-789.9999589920044,"gene_reaction_rule":"b0632 or b3182 or b0839 or b2010","genes":[{"notes":{"original_bigg_ids":["b0632"]},"name":"dacA","bigg_id":"b0632"},{"notes":{"original_bigg_ids":["b3182"]},"name":"dacB","bigg_id":"b3182"},{"notes":{"original_bigg_ids":["b0839"]},"name":"dacC","bigg_id":"b0839"},{"notes":{"original_bigg_ids":["b2010"]},"name":"dacD","bigg_id":"b2010"}],"metabolites":[{"bigg_id":"h2o_p","coefficient":-1},{"bigg_id":"ala__D_p","coefficient":1},{"bigg_id":"murein5p4p_p","coefficient":1},{"bigg_id":"murein5p5p_p","coefficient":-1}],"segments":{"12":{"from_node_id":"15","to_node_id":"16","b1":null,"b2":null},"13":{"from_node_id":"17","to_node_id":"16","b1":null,"b2":null},"14":{"from_node_id":"15","to_node_id":"14","b1":{"x":-1649.6667785644531,"y":-767.3333330154419},"b2":{"x":-1654.9167785644531,"y":-749.3333330154419}},"15":{"from_node_id":"17","to_node_id":"18","b1":{"x":-1517.6667785644531,"y":-767.3333330154419},"b2":{"x":-1512.4167785644531,"y":-749.3333330154419}},"16":{"from_node_id":"17","to_node_id":"19","b1":{"x":-1521.6667785644531,"y":-767.3333330154419},"b2":{"x":-1286.7350845336914,"y":-768.6687002182007}},"17":{"from_node_id":"15","to_node_id":"53","b1":{"x":-1697.6667785644531,"y":-768.6666460037231},"b2":{"x":-1847.9166870117188,"y":-618.0000200271606}}}},"3":{"name":"Murein D,D-carboxypeptidase (murein5p4p) (periplasm)","bigg_id":"MDDCP4pp","reversibility":false,"label_x":-879.0000228881836,"label_y":-818,"gene_reaction_rule":"b0632 or b3182 or b0839 or b2010","genes":[{"notes":{"original_bigg_ids":["b0632"]},"name":"dacA","bigg_id":"b0632"},{"notes":{"original_bigg_ids":["b3182"]},"name":"dacB","bigg_id":"b3182"},{"notes":{"original_bigg_ids":["b0839"]},"name":"dacC","bigg_id":"b0839"},{"notes":{"original_bigg_ids":["b2010"]},"name":"dacD","bigg_id":"b2010"}],"metabolites":[{"bigg_id":"h2o_p","coefficient":-1},{"bigg_id":"ala__D_p","coefficient":1},{"bigg_id":"murein5p4p_p","coefficient":-1},{"bigg_id":"murein4p4p_p","coefficient":1}],"segments":{"18":{"from_node_id":"22","to_node_id":"23","b1":null,"b2":null},"19":{"from_node_id":"24","to_node_id":"23","b1":null,"b2":null},"20":{"from_node_id":"22","to_node_id":"21","b1":{"x":-895.0000228881836,"y":-778},"b2":{"x":-900.2500228881836,"y":-760}},"21":{"from_node_id":"24","to_node_id":"25","b1":{"x":-763.0000228881836,"y":-778},"b2":{"x":-757.7500228881836,"y":-760}},"22":{"from_node_id":"22","to_node_id":"19","b1":{"x":-891.0000228881836,"y":-778},"b2":{"x":-1125.2500228881836,"y":-774}},"23":{"from_node_id":"24","to_node_id":"27","b1":{"x":-767.0000228881836,"y":-778},"b2":{"x":-507.41669845581055,"y":-782}}}},"4":{"name":"Murein D,D-carboxypeptidase (murein5p3p) (periplasm)","bigg_id":"MDDCP5pp","reversibility":false,"label_x":-925.6485290527344,"label_y":-426.00390625,"gene_reaction_rule":"b0632 or b3182 or b0839 or b2010","genes":[{"notes":{"original_bigg_ids":["b0632"]},"name":"dacA","bigg_id":"b0632"},{"notes":{"original_bigg_ids":["b3182"]},"name":"dacB","bigg_id":"b3182"},{"notes":{"original_bigg_ids":["b0839"]},"name":"dacC","bigg_id":"b0839"},{"notes":{"original_bigg_ids":["b2010"]},"name":"dacD","bigg_id":"b2010"}],"metabolites":[{"bigg_id":"h2o_p","coefficient":-1},{"bigg_id":"ala__D_p","coefficient":1},{"bigg_id":"murein4p3p_p","coefficient":1},{"bigg_id":"murein5p3p_p","coefficient":-1}],"segments":{"24":{"from_node_id":"29","to_node_id":"30","b1":null,"b2":null},"25":{"from_node_id":"31","to_node_id":"30","b1":null,"b2":null},"26":{"from_node_id":"29","to_node_id":"28","b1":{"x":-905.6665344238281,"y":-393.9999084472656},"b2":{"x":-910.9165344238281,"y":-375.9999084472656}},"27":{"from_node_id":"31","to_node_id":"32","b1":{"x":-773.6665344238281,"y":-393.9999084472656},"b2":{"x":-768.4165344238281,"y":-375.9999084472656}},"28":{"from_node_id":"31","to_node_id":"33","b1":{"x":-777.6665344238281,"y":-393.9999084472656},"b2":{"x":-503.4165229797363,"y":-400.6665954589844}},"29":{"from_node_id":"29","to_node_id":"55","b1":{"x":-901.6665344238281,"y":-393.9999084472656},"b2":{"x":-1126.5832214355469,"y":-391.3332214355469}}}},"5":{"name":"Murein L,D-carboxypeptidase (murein5px4p) (periplasm)","bigg_id":"MLDCP1App","reversibility":false,"label_x":-1656.9889831542969,"label_y":-1314.5135498046875,"gene_reaction_rule":"","genes":[],"metabolites":[{"bigg_id":"h2o_p","coefficient":-1},{"bigg_id":"murein3px4p_p","coefficient":1},{"bigg_id":"alaala_p","coefficient":1},{"bigg_id":"murein5px4p_p","coefficient":-1}],"segments":{"30":{"from_node_id":"36","to_node_id":"37","b1":null,"b2":null},"31":{"from_node_id":"38","to_node_id":"37","b1":null,"b2":null},"32":{"from_node_id":"36","to_node_id":"35","b1":{"x":-1652.9889831542969,"y":-1291.8468627929688},"b2":{"x":-1658.2389831542969,"y":-1273.8468627929688}},"33":{"from_node_id":"38","to_node_id":"39","b1":{"x":-1524.9889831542969,"y":-1291.8468627929688},"b2":{"x":-1208.7820129394531,"y":-1294.5115356445312}},"34":{"from_node_id":"38","to_node_id":"40","b1":{"x":-1520.9889831542969,"y":-1291.8468627929688},"b2":{"x":-1515.7389831542969,"y":-1273.8468627929688}},"35":{"from_node_id":"36","to_node_id":"41","b1":{"x":-1710.3223571777344,"y":-1285.1802062988281},"b2":{"x":-1836.5822448730469,"y":-1367.1811828613281}}}},"7":{"name":"Murein L,D-carboxypeptidase (murein5p5p) (periplasm)","bigg_id":"MLDCP2App","reversibility":false,"label_x":-1681.6666564941406,"label_y":-403.33331298828125,"gene_reaction_rule":"","genes":[],"metabolites":[{"bigg_id":"h2o_p","coefficient":-1},{"bigg_id":"murein5p5p_p","coefficient":-1},{"bigg_id":"alaala_p","coefficient":1},{"bigg_id":"murein5p3p_p","coefficient":1}],"segments":{"42":{"from_node_id":"50","to_node_id":"51","b1":null,"b2":null},"43":{"from_node_id":"52","to_node_id":"51","b1":null,"b2":null},"44":{"from_node_id":"50","to_node_id":"49","b1":{"x":-1668.3332824707031,"y":-379.33331298828125},"b2":{"x":-1673.5832824707031,"y":-361.33331298828125}},"45":{"from_node_id":"50","to_node_id":"53","b1":{"x":-1718.9999084472656,"y":-375.33331298828125},"b2":{"x":-1859.91650390625,"y":-520.6666870117188}},"46":{"from_node_id":"52","to_node_id":"54","b1":{"x":-1536.3332824707031,"y":-379.33331298828125},"b2":{"x":-1531.0832824707031,"y":-361.33331298828125}},"47":{"from_node_id":"52","to_node_id":"55","b1":{"x":-1540.3332824707031,"y":-379.33331298828125},"b2":{"x":-1267.4165954589844,"y":-387.33331298828125}}}},"8":{"name":"Murein L,D-carboxypeptidase (murein4p3p) (periplasm)","bigg_id":"MLDCP2Bpp","reversibility":false,"label_x":-247.2777328491211,"label_y":-426.289852142334,"gene_reaction_rule":"","genes":[],"metabolites":[{"bigg_id":"h2o_p","coefficient":-1},{"bigg_id":"ala__D_p","coefficient":1},{"bigg_id":"murein4p3p_p","coefficient":-1},{"bigg_id":"murein3p3p_p","coefficient":1}],"segments":{"48":{"from_node_id":"57","to_node_id":"58","b1":null,"b2":null},"49":{"from_node_id":"59","to_node_id":"58","b1":null,"b2":null},"50":{"from_node_id":"57","to_node_id":"56","b1":{"x":-227.29571533203125,"y":-402.28185653686523},"b2":{"x":-232.54571533203125,"y":-384.28185653686523}},"51":{"from_node_id":"59","to_node_id":"60","b1":{"x":-95.29571533203125,"y":-402.28185653686523},"b2":{"x":-90.04571533203125,"y":-384.28185653686523}},"52":{"from_node_id":"57","to_node_id":"33","b1":{"x":-223.29571533203125,"y":-402.28185653686523},"b2":{"x":-352.92205810546875,"y":-402.2818260192871}},"53":{"from_node_id":"59","to_node_id":"62","b1":{"x":-99.29571533203125,"y":-402.28185653686523},"b2":{"x":43.693931579589844,"y":-400.95055770874023}}}},"9":{"name":"Murein L,D-carboxypeptidase (murein5px3p) (periplasm)","bigg_id":"MLDCP3App","reversibility":false,"label_x":-1682.3005676269531,"label_y":25.884121417999268,"gene_reaction_rule":"","genes":[],"metabolites":[{"bigg_id":"h2o_p","coefficient":-1},{"bigg_id":"murein3px3p_p","coefficient":1},{"bigg_id":"murein5px3p_p","coefficient":-1},{"bigg_id":"alaala_p","coefficient":1}],"segments":{"54":{"from_node_id":"64","to_node_id":"65","b1":null,"b2":null},"55":{"from_node_id":"66","to_node_id":"65","b1":null,"b2":null},"56":{"from_node_id":"64","to_node_id":"63","b1":{"x":-1680.3096008300781,"y":45.89411544799805},"b2":{"x":-1685.5596008300781,"y":63.89411544799805}},"57":{"from_node_id":"66","to_node_id":"67","b1":{"x":-1552.3096008300781,"y":45.89411544799805},"b2":{"x":-1267.3929138183594,"y":39.2274284362793}},"58":{"from_node_id":"64","to_node_id":"68","b1":{"x":-1800.2475891113281,"y":57.888118743896484},"b2":{"x":-1857.9117736816406,"y":-20.072994232177734}},"59":{"from_node_id":"66","to_node_id":"69","b1":{"x":-1548.3096008300781,"y":45.89411544799805},"b2":{"x":-1543.0596008300781,"y":63.89411544799805}}}},"15":{"name":"Murein crosslinking transpeptidase 1A:(A2pm->D-ala) (periplasm)","bigg_id":"MCTP1App","reversibility":false,"label_x":-1888.3343505859375,"label_y":-824.9669647216797,"gene_reaction_rule":"b0084 or b0635 or b0149 or b3396","genes":[{"notes":{"original_bigg_ids":["b0084"]},"name":"ftsI","bigg_id":"b0084"},{"notes":{"original_bigg_ids":["b0635"]},"name":"mrdA","bigg_id":"b0635"},{"notes":{"original_bigg_ids":["b0149"]},"name":"mrcB","bigg_id":"b0149"},{"notes":{"original_bigg_ids":["b3396"]},"name":"mrcA","bigg_id":"b3396"}],"metabolites":[{"bigg_id":"murein5px4p_p","coefficient":1},{"bigg_id":"murein5p5p_p","coefficient":-1},{"bigg_id":"ala__D_p","coefficient":1}],"segments":{"88":{"from_node_id":"104","to_node_id":"105","b1":null,"b2":null},"89":{"from_node_id":"106","to_node_id":"105","b1":null,"b2":null},"90":{"from_node_id":"106","to_node_id":"41","b1":{"x":-1903.3343505859375,"y":-896.9669647216797},"b2":{"x":-1904.66552734375,"y":-1331.7645721435547}},"91":{"from_node_id":"104","to_node_id":"53","b1":{"x":-1903.3343505859375,"y":-772.9669647216797},"b2":{"x":-1909.333251953125,"y":-618.0832977294922}},"92":{"from_node_id":"106","to_node_id":"108","b1":{"x":-1903.3343505859375,"y":-900.9669647216797},"b2":{"x":-1950.6678466796875,"y":-932.8836517333984}}}},"16":{"name":"Murein crosslinking transpeptidase 1B:(A2pm->A2pm) (periplasm)","bigg_id":"MCTP1Bpp","reversibility":false,"label_x":-1891.6667785644531,"label_y":-331.0000305175781,"gene_reaction_rule":"b0149 or b3396","genes":[{"notes":{"original_bigg_ids":["b0149"]},"name":"mrcB","bigg_id":"b0149"},{"notes":{"original_bigg_ids":["b3396"]},"name":"mrcA","bigg_id":"b3396"}],"metabolites":[{"bigg_id":"murein5p5p_p","coefficient":-1},{"bigg_id":"murein5px3p_p","coefficient":1},{"bigg_id":"alaala_p","coefficient":1}],"segments":{"93":{"from_node_id":"109","to_node_id":"110","b1":null,"b2":null},"94":{"from_node_id":"111","to_node_id":"110","b1":null,"b2":null},"95":{"from_node_id":"109","to_node_id":"53","b1":{"x":-1906.6667785644531,"y":-403.0000305175781},"b2":{"x":-1906.6667785644531,"y":-495.9167175292969}},"96":{"from_node_id":"111","to_node_id":"68","b1":{"x":-1906.6667785644531,"y":-279.0000305175781},"b2":{"x":-1904.6678771972656,"y":-150.78701782226562}},"97":{"from_node_id":"111","to_node_id":"113","b1":{"x":-1906.6667785644531,"y":-275.0000305175781},"b2":{"x":-1966.0001525878906,"y":-263.08335876464844}}}},"17":{"name":"Murein polymerizing transglycosylase","bigg_id":"MPTG","reversibility":false,"label_x":-2256.392333984375,"label_y":-667.4881286621094,"gene_reaction_rule":"(b3396 and b1069) or (b0149 and b1069) or (b1069 and b2519)","genes":[{"notes":{"original_bigg_ids":["b3396"]},"name":"mrcA","bigg_id":"b3396"},{"notes":{"original_bigg_ids":["b1069"]},"name":"murJ","bigg_id":"b1069"},{"notes":{"original_bigg_ids":["b0149"]},"name":"mrcB","bigg_id":"b0149"},{"notes":{"original_bigg_ids":["b2519"]},"name":"pbpC","bigg_id":"b2519"}],"metabolites":[{"bigg_id":"udcpdp_c","coefficient":2},{"bigg_id":"uaagmda_c","coefficient":-2},{"bigg_id":"h_c","coefficient":2},{"bigg_id":"murein5p5p_p","coefficient":1}],"segments":{"98":{"from_node_id":"114","to_node_id":"115","b1":null,"b2":null},"99":{"from_node_id":"116","to_node_id":"115","b1":null,"b2":null},"100":{"from_node_id":"116","to_node_id":"117","b1":{"x":-2067.666748046875,"y":-562.0000305175781},"b2":{"x":-2062.416748046875,"y":-544.0000305175781}},"101":{"from_node_id":"114","to_node_id":"118","b1":{"x":-2195.666748046875,"y":-562.0000305175781},"b2":{"x":-2249.916748046875,"y":-562.0000305175781}},"102":{"from_node_id":"116","to_node_id":"119","b1":{"x":-2067.666748046875,"y":-562.0000305175781},"b2":{"x":-2062.416748046875,"y":-580.0000305175781}},"103":{"from_node_id":"116","to_node_id":"53","b1":{"x":-2071.666748046875,"y":-562.0000305175781},"b2":{"x":-1964.083251953125,"y":-563.3333435058594}}}},"19":{"name":"Murein L,D-carboxypeptidase (murein4p4p) (periplasm)","bigg_id":"MLDCP1Bpp","reversibility":false,"label_x":-433.66669845581055,"label_y":-597,"gene_reaction_rule":"","genes":[],"metabolites":[{"bigg_id":"h2o_p","coefficient":-1},{"bigg_id":"ala__D_p","coefficient":1},{"bigg_id":"murein4p3p_p","coefficient":1},{"bigg_id":"murein4p4p_p","coefficient":-1}],"segments":{"111":{"from_node_id":"127","to_node_id":"128","b1":null,"b2":null},"112":{"from_node_id":"129","to_node_id":"128","b1":null,"b2":null},"113":{"from_node_id":"127","to_node_id":"130","b1":{"x":-448.66669845581055,"y":-673},"b2":{"x":-466.66669845581055,"y":-678.25}},"114":{"from_node_id":"129","to_node_id":"131","b1":{"x":-448.66669845581055,"y":-541},"b2":{"x":-466.66669845581055,"y":-535.75}},"115":{"from_node_id":"129","to_node_id":"33","b1":{"x":-448.66669845581055,"y":-545},"b2":{"x":-447.3333549499512,"y":-460.0833435058594}},"116":{"from_node_id":"127","to_node_id":"27","b1":{"x":-448.66669845581055,"y":-669},"b2":{"x":-448.66669845581055,"y":-723.25}}}},"20":{"name":"Murein L,D-endopeptidase (murein5px3p) (periplasm)","bigg_id":"MLDEP2pp","reversibility":false,"label_x":-1683.7158508300781,"label_y":-204.00102996826172,"gene_reaction_rule":"","genes":[],"metabolites":[{"bigg_id":"h2o_p","coefficient":-1},{"bigg_id":"murein5px3p_p","coefficient":-1},{"bigg_id":"murein5p3p_p","coefficient":1}],"segments":{"117":{"from_node_id":"133","to_node_id":"134","b1":null,"b2":null},"118":{"from_node_id":"135","to_node_id":"134","b1":null,"b2":null},"119":{"from_node_id":"133","to_node_id":"136","b1":{"x":-1667.7318420410156,"y":-171.99703216552734},"b2":{"x":-1662.9868469238281,"y":-159.99404525756836}},"120":{"from_node_id":"133","to_node_id":"68","b1":{"x":-1731.6979064941406,"y":-179.99303436279297},"b2":{"x":-1843.9188537597656,"y":-120.02302551269531}},"121":{"from_node_id":"135","to_node_id":"55","b1":{"x":-1467.7677307128906,"y":-173.99602508544922},"b2":{"x":-1291.5788879394531,"y":-225.9700469970703}}}},"21":{"name":"Murein L,D-endopeptidase (murein3px3p) (periplasm)","bigg_id":"MLDEP1pp","reversibility":false,"label_x":-919.7248229980469,"label_y":9.222431182861328,"gene_reaction_rule":"","genes":[],"metabolites":[{"bigg_id":"h2o_p","coefficient":-1},{"bigg_id":"murein3px3p_p","coefficient":-1},{"bigg_id":"murein3p3p_p","coefficient":1}],"segments":{"122":{"from_node_id":"138","to_node_id":"139","b1":null,"b2":null},"123":{"from_node_id":"140","to_node_id":"139","b1":null,"b2":null},"124":{"from_node_id":"138","to_node_id":"141","b1":{"x":-919.7328186035156,"y":35.229427337646484},"b2":{"x":-924.9828186035156,"y":53.229427337646484}},"125":{"from_node_id":"138","to_node_id":"67","b1":{"x":-915.7328186035156,"y":35.229427337646484},"b2":{"x":-1149.8929138183594,"y":39.2274284362793}},"126":{"from_node_id":"140","to_node_id":"62","b1":{"x":-707.7748107910156,"y":29.232425689697266},"b2":{"x":52.12242889404297,"y":69.21246337890625}}}},"22":{"name":"Murein D,D-endopeptidase (murein4px4p) (periplasm)","bigg_id":"MDDEP1pp","reversibility":false,"label_x":-950.398193359375,"label_y":-1529.1892700195312,"gene_reaction_rule":"b3182 or b2328 or b2134","genes":[{"notes":{"original_bigg_ids":["b3182"]},"name":"dacB","bigg_id":"b3182"},{"notes":{"original_bigg_ids":["b2328"]},"name":"mepA","bigg_id":"b2328"},{"notes":{"original_bigg_ids":["b2134"]},"name":"pbpG","bigg_id":"b2134"}],"metabolites":[{"bigg_id":"murein4px4p_p","coefficient":-1},{"bigg_id":"h2o_p","coefficient":-1},{"bigg_id":"murein4p4p_p","coefficient":1}],"segments":{"127":{"from_node_id":"143","to_node_id":"144","b1":null,"b2":null},"128":{"from_node_id":"145","to_node_id":"144","b1":null,"b2":null},"129":{"from_node_id":"143","to_node_id":"4","b1":{"x":-922.418212890625,"y":-1503.1821899414062},"b2":{"x":-1148.582275390625,"y":-1505.1812133789062}},"130":{"from_node_id":"143","to_node_id":"146","b1":{"x":-926.418212890625,"y":-1503.1821899414062},"b2":{"x":-931.668212890625,"y":-1485.1821899414062}},"131":{"from_node_id":"145","to_node_id":"27","b1":{"x":-640.4971923828125,"y":-1505.1810913085938},"b2":{"x":-484.2982482910156,"y":-935.466064453125}}}},"23":{"name":"Murein D,D-endopeptidase (murein5px4p) (periplasm)","bigg_id":"MDDEP3pp","reversibility":false,"label_x":-1650.3921203613281,"label_y":-994.0698547363281,"gene_reaction_rule":"b3182 or b2328 or b2134","genes":[{"notes":{"original_bigg_ids":["b3182"]},"name":"dacB","bigg_id":"b3182"},{"notes":{"original_bigg_ids":["b2328"]},"name":"mepA","bigg_id":"b2328"},{"notes":{"original_bigg_ids":["b2134"]},"name":"pbpG","bigg_id":"b2134"}],"metabolites":[{"bigg_id":"h2o_p","coefficient":-1},{"bigg_id":"murein5p4p_p","coefficient":1},{"bigg_id":"murein5px4p_p","coefficient":-1}],"segments":{"132":{"from_node_id":"148","to_node_id":"149","b1":null,"b2":null},"133":{"from_node_id":"150","to_node_id":"149","b1":null,"b2":null},"134":{"from_node_id":"148","to_node_id":"151","b1":{"x":-1662.3941955566406,"y":-974.0597839355469},"b2":{"x":-1661.6471862792969,"y":-956.0597839355469}},"135":{"from_node_id":"150","to_node_id":"19","b1":{"x":-1378.4720764160156,"y":-984.0548400878906},"b2":{"x":-1240.2640686035156,"y":-860.1167297363281}},"136":{"from_node_id":"148","to_node_id":"41","b1":{"x":-1842.3022766113281,"y":-958.0677795410156},"b2":{"x":-1842.5791931152344,"y":-1319.8868103027344}}}},"25":{"name":"Murein polymerizing transglycosylase 2 (three linked units)","bigg_id":"MPTG2","reversibility":false,"label_x":-2289.668701171875,"label_y":-868.9291076660156,"gene_reaction_rule":"(b3396 and b1069) or (b0149 and b1069) or (b1069 and b2519)","genes":[{"notes":{"original_bigg_ids":["b3396"]},"name":"mrcA","bigg_id":"b3396"},{"notes":{"original_bigg_ids":["b1069"]},"name":"murJ","bigg_id":"b1069"},{"notes":{"original_bigg_ids":["b0149"]},"name":"mrcB","bigg_id":"b0149"},{"notes":{"original_bigg_ids":["b2519"]},"name":"pbpC","bigg_id":"b2519"}],"metabolites":[{"bigg_id":"udcpdp_c","coefficient":1},{"bigg_id":"murein5p5p_p","coefficient":-1},{"bigg_id":"murein5p5p5p_p","coefficient":1},{"bigg_id":"h_c","coefficient":1},{"bigg_id":"uaagmda_c","coefficient":-1}],"segments":{"144":{"from_node_id":"160","to_node_id":"161","b1":null,"b2":null},"145":{"from_node_id":"162","to_node_id":"161","b1":null,"b2":null},"146":{"from_node_id":"162","to_node_id":"163","b1":{"x":-2304.668701171875,"y":-944.9291076660156},"b2":{"x":-2322.668701171875,"y":-950.1791076660156}},"147":{"from_node_id":"160","to_node_id":"53","b1":{"x":-2252.694580078125,"y":-661.0050354003906},"b2":{"x":-2024.7996826171875,"y":-867.6491394042969}},"148":{"from_node_id":"162","to_node_id":"165","b1":{"x":-2304.668701171875,"y":-940.9291076660156},"b2":{"x":-2304.668701171875,"y":-1081.1361389160156}},"149":{"from_node_id":"162","to_node_id":"166","b1":{"x":-2304.668701171875,"y":-944.9291076660156},"b2":{"x":-2286.668701171875,"y":-950.1791076660156}},"150":{"from_node_id":"160","to_node_id":"118","b1":{"x":-2306.667724609375,"y":-774.9501037597656},"b2":{"x":-2308.666748046875,"y":-620.7500305175781}}}},"29":{"name":"Murein D,D-endopeptidase (murein4px4px4p) (periplasm)","bigg_id":"MDDEP4pp","reversibility":false,"label_x":-2073.3717041015625,"label_y":-1861.5455017089844,"gene_reaction_rule":"b3182 or b2328 or b2134","genes":[{"notes":{"original_bigg_ids":["b3182"]},"name":"dacB","bigg_id":"b3182"},{"notes":{"original_bigg_ids":["b2328"]},"name":"mepA","bigg_id":"b2328"},{"notes":{"original_bigg_ids":["b2134"]},"name":"pbpG","bigg_id":"b2134"}],"metabolites":[{"bigg_id":"h2o_p","coefficient":-1},{"bigg_id":"murein4px4p4p_p","coefficient":1},{"bigg_id":"murein4px4px4p_p","coefficient":-1}],"segments":{"167":{"from_node_id":"183","to_node_id":"184","b1":null,"b2":null},"168":{"from_node_id":"185","to_node_id":"184","b1":null,"b2":null},"169":{"from_node_id":"183","to_node_id":"186","b1":{"x":-2067.3826904296875,"y":-1841.5354919433594},"b2":{"x":-2072.6326904296875,"y":-1823.5354919433594}},"170":{"from_node_id":"185","to_node_id":"187","b1":{"x":-1939.3826904296875,"y":-1841.5354919433594},"b2":{"x":-1813.1688232421875,"y":-1841.5353698730469}},"171":{"from_node_id":"183","to_node_id":"202","b1":{"x":-2063.3826904296875,"y":-1841.5354919433594},"b2":{"x":-2243.56982421875,"y":-1841.5352478027344}}}},"30":{"name":"Murein lytic transglycosylase (murein4px4p4p) (periplasm)","bigg_id":"MLTGY4pp","reversibility":false,"label_x":-1591.437744140625,"label_y":-1867.5423278808594,"gene_reaction_rule":"b2701 or b1193 or b2963 or b2558 or b4392 or b2813","genes":[{"notes":{"original_bigg_ids":["b2701"]},"name":"mltB","bigg_id":"b2701"},{"notes":{"original_bigg_ids":["b1193"]},"name":"emtA","bigg_id":"b1193"},{"notes":{"original_bigg_ids":["b2963"]},"name":"mltC","bigg_id":"b2963"},{"notes":{"original_bigg_ids":["b2558"]},"name":"mltF","bigg_id":"b2558"},{"notes":{"original_bigg_ids":["b4392"]},"name":"slt","bigg_id":"b4392"},{"notes":{"original_bigg_ids":["b2813"]},"name":"mltA","bigg_id":"b2813"}],"metabolites":[{"bigg_id":"murein4px4p_p","coefficient":1},{"bigg_id":"murein4px4p4p_p","coefficient":-1},{"bigg_id":"anhgm4p_p","coefficient":1}],"segments":{"172":{"from_node_id":"188","to_node_id":"189","b1":null,"b2":null},"173":{"from_node_id":"190","to_node_id":"189","b1":null,"b2":null},"174":{"from_node_id":"190","to_node_id":"4","b1":{"x":-1375.4876708984375,"y":-1845.5334167480469},"b2":{"x":-1250.2977294921875,"y":-1659.6172790527344}},"175":{"from_node_id":"188","to_node_id":"187","b1":{"x":-1593.4427490234375,"y":-1841.5353698730469},"b2":{"x":-1695.6688232421875,"y":-1841.5353698730469}},"176":{"from_node_id":"190","to_node_id":"192","b1":{"x":-1431.4617919921875,"y":-1839.5363464355469},"b2":{"x":-1251.2747802734375,"y":-1839.5363464355469}}}},"31":{"name":"Murein crosslinking transpeptidase 1A:(A2pm->D-ala) (periplasm)","bigg_id":"MCTP2App","reversibility":false,"label_x":-2289.668701171875,"label_y":-1304.8861389160156,"gene_reaction_rule":"b0084 or b0635 or b3396 or b0149","genes":[{"notes":{"original_bigg_ids":["b0084"]},"name":"ftsI","bigg_id":"b0084"},{"notes":{"original_bigg_ids":["b0635"]},"name":"mrdA","bigg_id":"b0635"},{"notes":{"original_bigg_ids":["b3396"]},"name":"mrcA","bigg_id":"b3396"},{"notes":{"original_bigg_ids":["b0149"]},"name":"mrcB","bigg_id":"b0149"}],"metabolites":[{"bigg_id":"murein5p5p5p_p","coefficient":-1},{"bigg_id":"murein5px4px4p_p","coefficient":1},{"bigg_id":"ala__D_p","coefficient":2}],"segments":{"177":{"from_node_id":"193","to_node_id":"194","b1":null,"b2":null},"178":{"from_node_id":"195","to_node_id":"194","b1":null,"b2":null},"179":{"from_node_id":"193","to_node_id":"165","b1":{"x":-2304.668701171875,"y":-1252.8861389160156},"b2":{"x":-2304.668701171875,"y":-1198.6361389160156}},"180":{"from_node_id":"195","to_node_id":"196","b1":{"x":-2304.668701171875,"y":-1376.8861389160156},"b2":{"x":-2304.668701171875,"y":-1431.1361389160156}},"181":{"from_node_id":"195","to_node_id":"197","b1":{"x":-2304.668701171875,"y":-1380.8861389160156},"b2":{"x":-2286.668701171875,"y":-1386.1361389160156}}}},"32":{"name":"Murein D,D-carboxypeptidase (murein5px4px4p) (periplasm)","bigg_id":"MDDCP2pp","reversibility":false,"label_x":-2289.668701171875,"label_y":-1654.8861389160156,"gene_reaction_rule":"b0632 or b3182 or b0839 or b2010","genes":[{"notes":{"original_bigg_ids":["b0632"]},"name":"dacA","bigg_id":"b0632"},{"notes":{"original_bigg_ids":["b3182"]},"name":"dacB","bigg_id":"b3182"},{"notes":{"original_bigg_ids":["b0839"]},"name":"dacC","bigg_id":"b0839"},{"notes":{"original_bigg_ids":["b2010"]},"name":"dacD","bigg_id":"b2010"}],"metabolites":[{"bigg_id":"h2o_p","coefficient":-1},{"bigg_id":"murein4px4px4p_p","coefficient":1},{"bigg_id":"murein5px4px4p_p","coefficient":-1},{"bigg_id":"ala__D_p","coefficient":1}],"segments":{"182":{"from_node_id":"198","to_node_id":"199","b1":null,"b2":null},"183":{"from_node_id":"200","to_node_id":"199","b1":null,"b2":null},"184":{"from_node_id":"198","to_node_id":"201","b1":{"x":-2304.668701171875,"y":-1598.8861389160156},"b2":{"x":-2286.668701171875,"y":-1593.6361389160156}},"185":{"from_node_id":"200","to_node_id":"202","b1":{"x":-2304.668701171875,"y":-1726.8861389160156},"b2":{"x":-2304.668701171875,"y":-1781.1361389160156}},"186":{"from_node_id":"198","to_node_id":"196","b1":{"x":-2304.668701171875,"y":-1602.8861389160156},"b2":{"x":-2304.668701171875,"y":-1548.6361389160156}},"187":{"from_node_id":"200","to_node_id":"203","b1":{"x":-2304.668701171875,"y":-1730.8861389160156},"b2":{"x":-2286.668701171875,"y":-1736.1361389160156}}}},"33":{"name":"Murein D,D-endopeptidase (murein3px4p) (periplasm)","bigg_id":"MDDEP2pp","reversibility":false,"label_x":-1133.0331115722656,"label_y":-1039.5465698242188,"gene_reaction_rule":"b3182 or b2328 or b2134","genes":[{"notes":{"original_bigg_ids":["b3182"]},"name":"dacB","bigg_id":"b3182"},{"notes":{"original_bigg_ids":["b2328"]},"name":"mepA","bigg_id":"b2328"},{"notes":{"original_bigg_ids":["b2134"]},"name":"pbpG","bigg_id":"b2134"}],"metabolites":[{"bigg_id":"h2o_p","coefficient":-1},{"bigg_id":"murein3px4p_p","coefficient":-1},{"bigg_id":"murein4p3p_p","coefficient":1}],"segments":{"188":{"from_node_id":"204","to_node_id":"205","b1":null,"b2":null},"189":{"from_node_id":"206","to_node_id":"205","b1":null,"b2":null},"190":{"from_node_id":"204","to_node_id":"207","b1":{"x":-1148.0331115722656,"y":-1115.5465698242188},"b2":{"x":-1166.0331115722656,"y":-1120.7965698242188}},"191":{"from_node_id":"204","to_node_id":"39","b1":{"x":-1148.0331115722656,"y":-1111.5465698242188},"b2":{"x":-1150.0320129394531,"y":-1235.7615356445312}},"192":{"from_node_id":"206","to_node_id":"33","b1":{"x":-1148.0331115722656,"y":-783.6485595703125},"b2":{"x":-1098.0578918457031,"y":-547.4894409179688}}}}},"nodes":{"0":{"node_type":"metabolite","x":-1659.322265625,"y":-1427.18017578125,"bigg_id":"h2o_p","name":"H2O","label_x":-1729.522265625,"label_y":-1387.18017578125,"node_is_primary":false},"1":{"node_type":"multimarker","x":-1574.322265625,"y":-1507.18017578125},"2":{"node_type":"midmarker","x":-1554.322265625,"y":-1507.18017578125},"3":{"node_type":"multimarker","x":-1534.322265625,"y":-1507.18017578125},"4":{"node_type":"metabolite","x":-1207.332275390625,"y":-1505.1812133789062,"bigg_id":"murein4px4p_p","name":"Two disacharide linked murein units, tetrapeptide corsslinked tetrapeptide (A2pm->D-ala) (middle of chain)","label_x":-1183.5792724609375,"label_y":-1527.1502075195312,"node_is_primary":true},"5":{"node_type":"metabolite","x":-1449.322265625,"y":-1427.18017578125,"bigg_id":"ala__D_p","name":"D-Alanine","label_x":-1492.522265625,"label_y":-1387.18017578125,"node_is_primary":false},"14":{"node_type":"metabolite","x":-1688.6667785644531,"y":-687.3333330154419,"bigg_id":"h2o_p","name":"H2O","label_x":-1670.8001525878906,"label_y":-678.0000200271606,"node_is_primary":false},"15":{"node_type":"multimarker","x":-1603.6667785644531,"y":-767.3333330154419},"16":{"node_type":"midmarker","x":-1583.6667785644531,"y":-767.3333330154419},"17":{"node_type":"multimarker","x":-1563.6667785644531,"y":-767.3333330154419},"18":{"node_type":"metabolite","x":-1478.6667785644531,"y":-687.3333330154419,"bigg_id":"ala__D_p","name":"D-Alanine","label_x":-1459.2001525878907,"label_y":-680.6666460037231,"node_is_primary":false},"19":{"node_type":"metabolite","x":-1198.000099182129,"y":-772.6666860580444,"bigg_id":"murein5p4p_p","name":"Two linked disacharide pentapeptide and tetrapeptide murein units (uncrosslinked, middle of chain)","label_x":-1262.8000991821289,"label_y":-732.6666860580444,"node_is_primary":true},"21":{"node_type":"metabolite","x":-934.0000228881836,"y":-698,"bigg_id":"h2o_p","name":"H2O","label_x":-958.8200424194335,"label_y":-663.9970092773438,"node_is_primary":false},"22":{"node_type":"multimarker","x":-849.0000228881836,"y":-778},"23":{"node_type":"midmarker","x":-829.0000228881836,"y":-778},"24":{"node_type":"multimarker","x":-809.0000228881836,"y":-778},"25":{"node_type":"metabolite","x":-724.0000228881836,"y":-698,"bigg_id":"ala__D_p","name":"D-Alanine","label_x":-765.2010604858399,"label_y":-661.998046875,"node_is_primary":false},"27":{"node_type":"metabolite","x":-448.66669845581055,"y":-782,"bigg_id":"murein4p4p_p","name":"Two linked disacharide tetrapeptide murein units (uncrosslinked, middle of chain)","label_x":-631.4136894226074,"label_y":-802.6796875,"node_is_primary":true},"28":{"node_type":"metabolite","x":-944.6665344238281,"y":-313.9999084472656,"bigg_id":"h2o_p","name":"H2O","label_x":-1009.4665344238281,"label_y":-273.9999084472656,"node_is_primary":false},"29":{"node_type":"multimarker","x":-859.6665344238281,"y":-393.9999084472656},"30":{"node_type":"midmarker","x":-839.6665344238281,"y":-393.9999084472656},"31":{"node_type":"multimarker","x":-819.6665344238281,"y":-393.9999084472656},"32":{"node_type":"metabolite","x":-734.6665344238281,"y":-313.9999084472656,"bigg_id":"ala__D_p","name":"D-Alanine","label_x":-777.8665344238282,"label_y":-273.9999084472656,"node_is_primary":false},"33":{"node_type":"metabolite","x":-444.6665229797363,"y":-400.6665954589844,"bigg_id":"murein4p3p_p","name":"Two linked disacharide tetrapeptide and tripeptide murein units (uncrosslinked, middle of chain)","label_x":-512.1331794738769,"label_y":-349.99993896484375,"node_is_primary":true},"35":{"node_type":"metabolite","x":-1691.9889831542969,"y":-1211.8468627929688,"bigg_id":"h2o_p","name":"H2O","label_x":-1678.188983154297,"label_y":-1199.8468627929688,"node_is_primary":false},"36":{"node_type":"multimarker","x":-1606.9889831542969,"y":-1291.8468627929688},"37":{"node_type":"midmarker","x":-1586.9889831542969,"y":-1291.8468627929688},"38":{"node_type":"multimarker","x":-1566.9889831542969,"y":-1291.8468627929688},"39":{"node_type":"metabolite","x":-1150.0320129394531,"y":-1294.5115356445312,"bigg_id":"murein3px4p_p","name":"Two disacharide linked murein units, tripeptide crosslinked tetrapeptide (A2pm->D-ala) (middle of chain)","label_x":-1328.1780578613282,"label_y":-1316.4805297851562,"node_is_primary":true},"40":{"node_type":"metabolite","x":-1481.9889831542969,"y":-1211.8468627929688,"bigg_id":"alaala_p","name":"D-Alanyl-D-alanine","label_x":-1463.855731201172,"label_y":-1206.5135498046875,"node_is_primary":false},"41":{"node_type":"metabolite","x":-1895.3322448730469,"y":-1397.8478698730469,"bigg_id":"murein5px4p_p","name":"Two disacharide linked murein units, pentapeptide crosslinked tetrapeptide (A2pm->D-ala) (middle of chain)","label_x":-2078.3062438964844,"label_y":-1394.5374145507812,"node_is_primary":true},"49":{"node_type":"metabolite","x":-1707.3332824707031,"y":-299.33331298828125,"bigg_id":"h2o_p","name":"H2O","label_x":-1689.466534423828,"label_y":-292.6666564941406,"node_is_primary":false},"50":{"node_type":"multimarker","x":-1622.3332824707031,"y":-379.33331298828125},"51":{"node_type":"midmarker","x":-1602.3332824707031,"y":-379.33331298828125},"52":{"node_type":"multimarker","x":-1582.3332824707031,"y":-379.33331298828125},"53":{"node_type":"metabolite","x":-1905.333251953125,"y":-563.3333435058594,"bigg_id":"murein5p5p_p","name":"Two linked disacharide pentapeptide murein units (uncrosslinked, middle of chain)","label_x":-1875,"label_y":-558.0000305175781,"node_is_primary":true},"54":{"node_type":"metabolite","x":-1497.3332824707031,"y":-299.33331298828125,"bigg_id":"alaala_p","name":"D-Alanyl-D-alanine","label_x":-1480.5332824707032,"label_y":-295.33331298828125,"node_is_primary":false},"55":{"node_type":"metabolite","x":-1208.6665954589844,"y":-387.33331298828125,"bigg_id":"murein5p3p_p","name":"Two linked disacharide pentapeptide and tripeptide murein units (uncrosslinked, middle of chain)","label_x":-1285.4604919433593,"label_y":-431.29132080078125,"node_is_primary":true},"56":{"node_type":"metabolite","x":-266.29571533203125,"y":-322.28185653686523,"bigg_id":"h2o_p","name":"H2O","label_x":-331.0957153320312,"label_y":-282.28185653686523,"node_is_primary":false},"57":{"node_type":"multimarker","x":-181.29571533203125,"y":-402.28185653686523},"58":{"node_type":"midmarker","x":-161.29571533203125,"y":-402.28185653686523},"59":{"node_type":"multimarker","x":-141.29571533203125,"y":-402.28185653686523},"60":{"node_type":"metabolite","x":-56.29571533203125,"y":-322.28185653686523,"bigg_id":"ala__D_p","name":"D-Alanine","label_x":-99.4957153320313,"label_y":-282.28185653686523,"node_is_primary":false},"62":{"node_type":"metabolite","x":102.44393157958984,"y":-400.95055770874023,"bigg_id":"murein3p3p_p","name":"Two linked disacharide tripeptide murein units (uncrosslinked, middle of chain)","label_x":-64.30509548187251,"label_y":-370.94555282592773,"node_is_primary":true},"63":{"node_type":"metabolite","x":-1719.3096008300781,"y":125.89411544799805,"bigg_id":"h2o_p","name":"H2O","label_x":-1789.5096008300782,"label_y":165.89411544799805,"node_is_primary":false},"64":{"node_type":"multimarker","x":-1634.3096008300781,"y":45.89411544799805},"65":{"node_type":"midmarker","x":-1614.3096008300781,"y":45.89411544799805},"66":{"node_type":"multimarker","x":-1594.3096008300781,"y":45.89411544799805},"67":{"node_type":"metabolite","x":-1208.6429138183594,"y":39.2274284362793,"bigg_id":"murein3px3p_p","name":"Two disacharide linked murein units, tripeptide crosslinked tripeptide (A2pm->A2pm) (middle of chain)","label_x":-1278.8429138183594,"label_y":79.2274284362793,"node_is_primary":true},"68":{"node_type":"metabolite","x":-1904.6678771972656,"y":-92.03701782226562,"bigg_id":"murein5px3p_p","name":"Two disacharide linked murein units, pentapeptide corsslinked tripeptide (A2pm->A2pm) (middle of chain)","label_x":-2089.588897705078,"label_y":-84.02102661132812,"node_is_primary":true},"69":{"node_type":"metabolite","x":-1509.3096008300781,"y":125.89411544799805,"bigg_id":"alaala_p","name":"D-Alanyl-D-alanine","label_x":-1552.5096008300782,"label_y":165.89411544799805,"node_is_primary":false},"104":{"node_type":"multimarker","x":-1903.3343505859375,"y":-814.9669647216797},"105":{"node_type":"midmarker","x":-1903.3343505859375,"y":-834.9669647216797},"106":{"node_type":"multimarker","x":-1903.3343505859375,"y":-854.9669647216797},"108":{"node_type":"metabolite","x":-1990.0010986328125,"y":-947.9670257568359,"bigg_id":"ala__D_p","name":"D-Alanine","label_x":-2029.667724609375,"label_y":-973.3003997802734,"node_is_primary":false},"109":{"node_type":"multimarker","x":-1906.6667785644531,"y":-361.0000305175781},"110":{"node_type":"midmarker","x":-1906.6667785644531,"y":-341.0000305175781},"111":{"node_type":"multimarker","x":-1906.6667785644531,"y":-321.0000305175781},"113":{"node_type":"metabolite","x":-2012.0001525878906,"y":-248.0000457763672,"bigg_id":"alaala_p","name":"D-Alanyl-D-alanine","label_x":-2046.3334045410156,"label_y":-285.33338928222656,"node_is_primary":false},"114":{"node_type":"multimarker","x":-2153.666748046875,"y":-562.0000305175781},"115":{"node_type":"midmarker","x":-2133.666748046875,"y":-562.0000305175781},"116":{"node_type":"multimarker","x":-2113.666748046875,"y":-562.0000305175781},"117":{"node_type":"metabolite","x":-2028.666748046875,"y":-482.0000305175781,"bigg_id":"udcpdp_c","name":"Undecaprenyl diphosphate","label_x":-2070.4991943359373,"label_y":-438.3094787597656,"node_is_primary":false},"118":{"node_type":"metabolite","x":-2308.666748046875,"y":-562.0000305175781,"bigg_id":"uaagmda_c","name":"Undecaprenyl-diphospho-N-acetylmuramoyl-(N-acetylglucosamine)-L-ala-D-glu-meso-2,6-diaminopimeloyl-D-ala-D-ala","label_x":-2359.271875,"label_y":-501.3863830566406,"node_is_primary":true},"119":{"node_type":"metabolite","x":-2028.666748046875,"y":-642.0000305175781,"bigg_id":"h_c","name":"H+","label_x":-2011.312060546875,"label_y":-634.0378112792969,"node_is_primary":false},"127":{"node_type":"multimarker","x":-448.66669845581055,"y":-627},"128":{"node_type":"midmarker","x":-448.66669845581055,"y":-607},"129":{"node_type":"multimarker","x":-448.66669845581055,"y":-587},"130":{"node_type":"metabolite","x":-528.6666984558105,"y":-712,"bigg_id":"h2o_p","name":"H2O","label_x":-573.6666984558105,"label_y":-682,"node_is_primary":false},"131":{"node_type":"metabolite","x":-528.6666984558105,"y":-502,"bigg_id":"ala__D_p","name":"D-Alanine","label_x":-600.6666984558105,"label_y":-472,"node_is_primary":false},"133":{"node_type":"multimarker","x":-1621.7318420410156,"y":-171.99703216552734},"134":{"node_type":"midmarker","x":-1601.7318420410156,"y":-171.99703216552734},"135":{"node_type":"multimarker","x":-1581.7318420410156,"y":-171.99703216552734},"136":{"node_type":"metabolite","x":-1696.7368469238281,"y":-97.99404525756836,"bigg_id":"h2o_p","name":"H2O","label_x":-1723.7368469238281,"label_y":-57.99404525756836,"node_is_primary":false},"138":{"node_type":"multimarker","x":-873.7328186035156,"y":35.229427337646484},"139":{"node_type":"midmarker","x":-853.7328186035156,"y":35.229427337646484},"140":{"node_type":"multimarker","x":-833.7328186035156,"y":35.229427337646484},"141":{"node_type":"metabolite","x":-958.7328186035156,"y":115.22942733764648,"bigg_id":"h2o_p","name":"H2O","label_x":-985.7328186035156,"label_y":155.22942733764648,"node_is_primary":false},"143":{"node_type":"multimarker","x":-880.418212890625,"y":-1503.1821899414062},"144":{"node_type":"midmarker","x":-860.418212890625,"y":-1503.1821899414062},"145":{"node_type":"multimarker","x":-840.418212890625,"y":-1503.1821899414062},"146":{"node_type":"metabolite","x":-965.418212890625,"y":-1423.1821899414062,"bigg_id":"h2o_p","name":"H2O","label_x":-942.4432373046875,"label_y":-1413.1671752929688,"node_is_primary":false},"148":{"node_type":"multimarker","x":-1616.3941955566406,"y":-974.0597839355469},"149":{"node_type":"midmarker","x":-1596.3941955566406,"y":-974.0597839355469},"150":{"node_type":"multimarker","x":-1576.3941955566406,"y":-974.0597839355469},"151":{"node_type":"metabolite","x":-1695.3971862792969,"y":-894.0597839355469,"bigg_id":"h2o_p","name":"H2O","label_x":-1678.4191589355469,"label_y":-892.0408020019531,"node_is_primary":false},"160":{"node_type":"multimarker","x":-2304.668701171875,"y":-858.9291076660156},"161":{"node_type":"midmarker","x":-2304.668701171875,"y":-878.9291076660156},"162":{"node_type":"multimarker","x":-2304.668701171875,"y":-898.9291076660156},"163":{"node_type":"metabolite","x":-2384.668701171875,"y":-983.9291076660156,"bigg_id":"udcpdp_c","name":"Undecaprenyl diphosphate","label_x":-2430.681640625,"label_y":-1015.8981628417969,"node_is_primary":false},"165":{"node_type":"metabolite","x":-2304.668701171875,"y":-1139.8861389160156,"bigg_id":"murein5p5p5p_p","name":"Three linked disacharide pentapeptide murein units (uncrosslinked, middle of chain)","label_x":-2279.668701171875,"label_y":-1129.8911437988281,"node_is_primary":true},"166":{"node_type":"metabolite","x":-2224.668701171875,"y":-983.9291076660156,"bigg_id":"h_c","name":"H+","label_x":-2235.65576171875,"label_y":-1009.9161682128906,"node_is_primary":false},"183":{"node_type":"multimarker","x":-2021.3826904296875,"y":-1841.5354919433594},"184":{"node_type":"midmarker","x":-2001.3826904296875,"y":-1841.5354919433594},"185":{"node_type":"multimarker","x":-1981.3826904296875,"y":-1841.5354919433594},"186":{"node_type":"metabolite","x":-2106.3826904296875,"y":-1761.5354919433594,"bigg_id":"h2o_p","name":"H2O","label_x":-2133.3826904296875,"label_y":-1721.5354919433594,"node_is_primary":false},"187":{"node_type":"metabolite","x":-1754.4188232421875,"y":-1841.5353698730469,"bigg_id":"murein4px4p4p_p","name":"Three disacharide linked murein units (tetrapeptide crosslinked tetrapeptide (A2pm->D-ala), one uncrosslinked tetrapaptide) (middle of chain)","label_x":-1835.4188232421875,"label_y":-1801.5353698730469,"node_is_primary":true},"188":{"node_type":"multimarker","x":-1551.4427490234375,"y":-1841.5353698730469},"189":{"node_type":"midmarker","x":-1531.4427490234375,"y":-1841.5353698730469},"190":{"node_type":"multimarker","x":-1511.4427490234375,"y":-1841.5353698730469},"192":{"node_type":"metabolite","x":-1192.5247802734375,"y":-1839.5363464355469,"bigg_id":"anhgm4p_p","name":"N-Acetyl-D-glucosamine(anhydrous)N-Acetylmuramyl-tetrapeptide","label_x":-1262.7247802734375,"label_y":-1799.5363464355469,"node_is_primary":true},"193":{"node_type":"multimarker","x":-2304.668701171875,"y":-1294.8861389160156},"194":{"node_type":"midmarker","x":-2304.668701171875,"y":-1314.8861389160156},"195":{"node_type":"multimarker","x":-2304.668701171875,"y":-1334.8861389160156},"196":{"node_type":"metabolite","x":-2304.668701171875,"y":-1489.8861389160156,"bigg_id":"murein5px4px4p_p","name":"Three disacharide linked murein units (pentapeptide crosslinked tetrapeptide (A2pm->D-ala) tetrapeptide corsslinked tetrapeptide (A2pm->D-ala)) (middle of chain)","label_x":-2279.668701171875,"label_y":-1489.8861389160156,"node_is_primary":true},"197":{"node_type":"metabolite","x":-2224.668701171875,"y":-1419.8861389160156,"bigg_id":"ala__D_p","name":"D-Alanine","label_x":-2209.668701171875,"label_y":-1419.8861389160156,"node_is_primary":false},"198":{"node_type":"multimarker","x":-2304.668701171875,"y":-1644.8861389160156},"199":{"node_type":"midmarker","x":-2304.668701171875,"y":-1664.8861389160156},"200":{"node_type":"multimarker","x":-2304.668701171875,"y":-1684.8861389160156},"201":{"node_type":"metabolite","x":-2224.668701171875,"y":-1559.8861389160156,"bigg_id":"h2o_p","name":"H2O","label_x":-2209.668701171875,"label_y":-1559.8861389160156,"node_is_primary":false},"202":{"node_type":"metabolite","x":-2304.668701171875,"y":-1839.8861389160156,"bigg_id":"murein4px4px4p_p","name":"Three disacharide linked murein units (tetrapeptide crosslinked tetrapeptide (A2pm->D-ala) & tetrapeptide corsslinked tetrapeptide (A2pm->D-ala)) (middle of chain)","label_x":-2385.61572265625,"label_y":-1877.8670959472656,"node_is_primary":true},"203":{"node_type":"metabolite","x":-2224.668701171875,"y":-1769.8861389160156,"bigg_id":"ala__D_p","name":"D-Alanine","label_x":-2269.638671875,"label_y":-1789.8761291503906,"node_is_primary":false},"204":{"node_type":"multimarker","x":-1148.0331115722656,"y":-1069.5465698242188},"205":{"node_type":"midmarker","x":-1148.0331115722656,"y":-1049.5465698242188},"206":{"node_type":"multimarker","x":-1148.0331115722656,"y":-1029.5465698242188},"207":{"node_type":"metabolite","x":-1228.0331115722656,"y":-1154.5465698242188,"bigg_id":"h2o_p","name":"H2O","label_x":-1273.0331115722656,"label_y":-1124.5465698242188,"node_is_primary":false}},"text_labels":{"0":{"x":-1294.5605773925781,"y":-1437.5343170166016,"text":"BF_WT"},"1":{"x":-2080.1680603027344,"y":-1433.5365600585938,"text":"BF_Core"},"2":{"x":-1118.648696899414,"y":-1273.6161804199219,"text":"BF_WT"},"4":{"x":-418.9985046386719,"y":-761.8721618652344,"text":"BF_WT"},"5":{"x":130.7266387939453,"y":-386.06002044677734,"text":"BF_WT"},"6":{"x":-2388.014190673828,"y":-1907.2994918823242,"text":"BF_WT"},"7":{"x":-1643.852294921875,"y":-1989.7847900390625,"text":"MUREIN BIOSYNTHESIS SUBSYSTEM (PLUS)"},"8":{"x":-2379.51611328125,"y":-379.4295349121094,"text":"Murein"},"9":{"x":-2414.934814453125,"y":-323.50511169433594,"text":"Precursor"},"10":{"x":-2444.760986328125,"y":-440.946533203125,"text":"Cytoplasmic"}},"canvas":{"x":-2490.02685546875,"y":-2139.1865234375,"width":2830.8317260742188,"height":2348.8283081054688}}]