[{"map_name":"new_map","map_id":"wTbtZNSCk6lo","map_description":"","homepage":"https://escher.github.io","schema":"https://escher.github.io/escher/jsonschema/1-0-0#"},{"reactions":{"0":{"name":"Glutaminase","bigg_id":"GLUN","reversibility":false,"label_x":-138.00003051757812,"label_y":401.9999694824219,"gene_reaction_rule":"b1812 or b0485 or b1524","genes":[{"notes":{"original_bigg_ids":["b1812"]},"name":"pabB","bigg_id":"b1812"},{"notes":{"original_bigg_ids":["b0485"]},"name":"glsA","bigg_id":"b0485"},{"notes":{"original_bigg_ids":["b1524"]},"name":"glsB","bigg_id":"b1524"}],"metabolites":[{"bigg_id":"glu__L_c","coefficient":1},{"bigg_id":"gln__L_c","coefficient":-1},{"bigg_id":"h2o_c","coefficient":-1},{"bigg_id":"nh4_c","coefficient":1}],"segments":{"0":{"from_node_id":"1","to_node_id":"2","b1":null,"b2":null},"1":{"from_node_id":"3","to_node_id":"2","b1":null,"b2":null},"2":{"from_node_id":"3","to_node_id":"4","b1":{"x":33.99996376037598,"y":447.9999694824219},"b2":{"x":172.24996185302734,"y":357.9999084472656}},"3":{"from_node_id":"1","to_node_id":"0","b1":{"x":-234.00003051757812,"y":444.9999694824219},"b2":{"x":-375.2500305175781,"y":414.9999084472656}},"4":{"from_node_id":"1","to_node_id":"5","b1":{"x":-157.00003051757812,"y":450.9999694824219},"b2":{"x":-159.25003051757812,"y":459.9999694824219}},"5":{"from_node_id":"3","to_node_id":"6","b1":{"x":-19.00003147125244,"y":444.9999694824219},"b2":{"x":-16.750030517578125,"y":459.9999694824219}}}},"1":{"name":"Glutamine synthetase","bigg_id":"GLNS","reversibility":false,"label_x":-123.00002241134644,"label_y":164.99994659423828,"gene_reaction_rule":"b3870 or b1297","genes":[{"notes":{"original_bigg_ids":["b3870"]},"name":"glnA","bigg_id":"b3870"},{"notes":{"original_bigg_ids":["b1297"]},"name":"puuA","bigg_id":"b1297"}],"metabolites":[{"bigg_id":"atp_c","coefficient":-1},{"bigg_id":"glu__L_c","coefficient":-1},{"bigg_id":"h_c","coefficient":1},{"bigg_id":"adp_c","coefficient":1},{"bigg_id":"pi_c","coefficient":1},{"bigg_id":"nh4_c","coefficient":-1},{"bigg_id":"gln__L_c","coefficient":1}],"segments":{"6":{"from_node_id":"7","to_node_id":"8","b1":null,"b2":null},"7":{"from_node_id":"9","to_node_id":"8","b1":null,"b2":null},"8":{"from_node_id":"7","to_node_id":"10","b1":{"x":-28.000022411346436,"y":201.99994659423828},"b2":{"x":-22.750022411346436,"y":219.99994659423828}},"9":{"from_node_id":"7","to_node_id":"4","b1":{"x":9.999974727630615,"y":198.99994659423828},"b2":{"x":154.24996185302734,"y":258.99993896484375}},"10":{"from_node_id":"9","to_node_id":"11","b1":{"x":-160.00002241134644,"y":201.99994659423834},"b2":{"x":-165.25002241134644,"y":219.99994659423828}},"11":{"from_node_id":"9","to_node_id":"12","b1":{"x":-160.00002241134644,"y":201.99994659423834},"b2":{"x":-165.25002241134644,"y":183.99994659423828}},"12":{"from_node_id":"9","to_node_id":"13","b1":{"x":-160.00002241134644,"y":201.99994659423834},"b2":{"x":-150.25002241134644,"y":165.99994659423828}},"13":{"from_node_id":"7","to_node_id":"14","b1":{"x":-31.000022411346436,"y":186.99994659423828},"b2":{"x":-22.750022411346436,"y":183.99994659423828}},"14":{"from_node_id":"9","to_node_id":"0","b1":{"x":-228.00002241134644,"y":195.99994659423834},"b2":{"x":-360.2500228881836,"y":285.99993896484375}}}},"2":{"name":"Glutamate dehydrogenase (NADP)","bigg_id":"GLUDy","reversibility":true,"label_x":655.9999618530273,"label_y":284.99993896484375,"gene_reaction_rule":"b1761","genes":[{"notes":{"original_bigg_ids":["b1761"]},"name":"gdhA","bigg_id":"b1761"}],"metabolites":[{"bigg_id":"akg_c","coefficient":1},{"bigg_id":"h2o_c","coefficient":-1},{"bigg_id":"nadp_c","coefficient":-1},{"bigg_id":"nadph_c","coefficient":1},{"bigg_id":"glu__L_c","coefficient":-1},{"bigg_id":"h_c","coefficient":1},{"bigg_id":"nh4_c","coefficient":1}],"segments":{"15":{"from_node_id":"16","to_node_id":"17","b1":null,"b2":null},"16":{"from_node_id":"18","to_node_id":"17","b1":null,"b2":null},"17":{"from_node_id":"18","to_node_id":"19","b1":{"x":767.9999618530273,"y":324.99993896484375},"b2":{"x":900.2499618530273,"y":330.99993896484375}},"18":{"from_node_id":"16","to_node_id":"20","b1":{"x":639.9999618530273,"y":324.99993896484375},"b2":{"x":634.7499618530273,"y":306.99993896484375}},"19":{"from_node_id":"16","to_node_id":"21","b1":{"x":639.9999618530273,"y":324.99993896484375},"b2":{"x":634.7499618530273,"y":342.99993896484375}},"20":{"from_node_id":"18","to_node_id":"22","b1":{"x":771.9999618530273,"y":324.99993896484375},"b2":{"x":777.2499618530273,"y":306.99993896484375}},"21":{"from_node_id":"16","to_node_id":"4","b1":{"x":643.9999618530273,"y":324.99993896484375},"b2":{"x":268.74996185302734,"y":324.99993896484375}},"22":{"from_node_id":"18","to_node_id":"23","b1":{"x":771.9999618530273,"y":324.99993896484375},"b2":{"x":777.2499618530273,"y":342.99993896484375}},"23":{"from_node_id":"18","to_node_id":"24","b1":{"x":771.9999618530273,"y":324.99993896484375},"b2":{"x":762.2499618530273,"y":360.99993896484375}}}},"5":{"name":"Glutamate synthase (NADPH)","bigg_id":"GLUSy","reversibility":false,"label_x":227.00000762939453,"label_y":666.9998168945312,"gene_reaction_rule":"b3212 and b3213","genes":[{"notes":{"original_bigg_ids":["b3212"]},"name":"gltB","bigg_id":"b3212"},{"notes":{"original_bigg_ids":["b3213"]},"name":"gltD","bigg_id":"b3213"}],"metabolites":[{"bigg_id":"akg_c","coefficient":-1},{"bigg_id":"nadp_c","coefficient":1},{"bigg_id":"nadph_c","coefficient":-1},{"bigg_id":"glu__L_c","coefficient":2},{"bigg_id":"h_c","coefficient":-1},{"bigg_id":"gln__L_c","coefficient":-1}],"segments":{"40":{"from_node_id":"41","to_node_id":"42","b1":null,"b2":null},"41":{"from_node_id":"43","to_node_id":"42","b1":null,"b2":null},"42":{"from_node_id":"41","to_node_id":"19","b1":{"x":212.00000762939453,"y":718.9998168945312},"b2":{"x":925.9999618530273,"y":758.2498779296875}},"43":{"from_node_id":"43","to_node_id":"44","b1":{"x":212.00000762939453,"y":590.9998168945312},"b2":{"x":230.00000762939453,"y":585.7498168945312}},"44":{"from_node_id":"41","to_node_id":"45","b1":{"x":212.00000762939453,"y":722.9998168945312},"b2":{"x":194.00000762939453,"y":728.2498168945312}},"45":{"from_node_id":"43","to_node_id":"4","b1":{"x":212.00000762939453,"y":594.9998168945312},"b2":{"x":209.00000762939453,"y":384.7498779296875}},"46":{"from_node_id":"41","to_node_id":"47","b1":{"x":212.00000762939453,"y":722.9998168945312},"b2":{"x":230.00000762939453,"y":728.2498168945312}},"47":{"from_node_id":"41","to_node_id":"0","b1":{"x":212.00000762939453,"y":722.9998168945312},"b2":{"x":-354.999960899353,"y":779.2498168945312}}}},"6":{"name":"Glutamate Decarboxylase","bigg_id":"GLUDC","reversibility":false,"label_x":221.99996185302734,"label_y":51.99994659423828,"gene_reaction_rule":"b3517 or b1493","genes":[{"notes":{"original_bigg_ids":["b3517"]},"name":"gadA","bigg_id":"b3517"},{"notes":{"original_bigg_ids":["b1493"]},"name":"gadB","bigg_id":"b1493"}],"metabolites":[{"bigg_id":"glu__L_c","coefficient":-1},{"bigg_id":"co2_c","coefficient":1},{"bigg_id":"h_c","coefficient":-1},{"bigg_id":"4abut_c","coefficient":1}],"segments":{"48":{"from_node_id":"49","to_node_id":"50","b1":null,"b2":null},"49":{"from_node_id":"51","to_node_id":"50","b1":null,"b2":null},"50":{"from_node_id":"49","to_node_id":"4","b1":{"x":206.99996185302734,"y":103.99994659423828},"b2":{"x":209.99996185302734,"y":266.24993896484375}},"51":{"from_node_id":"51","to_node_id":"52","b1":{"x":206.99996185302737,"y":-24.00005340576172},"b2":{"x":224.99996185302734,"y":-29.25005340576172}},"52":{"from_node_id":"49","to_node_id":"53","b1":{"x":206.99996185302734,"y":107.99994659423828},"b2":{"x":224.99996185302734,"y":113.24994659423828}},"53":{"from_node_id":"51","to_node_id":"54","b1":{"x":206.99996185302737,"y":-20.00005340576172},"b2":{"x":206.99996185302734,"y":-134.2500457763672}}}},"7":{"name":"Glutaminase","bigg_id":"GLUNpp","reversibility":false,"label_x":173.99993515014648,"label_y":881.9998779296875,"gene_reaction_rule":"b2957","genes":[{"notes":{"original_bigg_ids":["b2957"]},"name":"ansB","bigg_id":"b2957"}],"metabolites":[{"bigg_id":"glu__L_p","coefficient":1},{"bigg_id":"gln__L_p","coefficient":-1},{"bigg_id":"nh4_p","coefficient":1},{"bigg_id":"h2o_p","coefficient":-1}],"segments":{"54":{"from_node_id":"56","to_node_id":"57","b1":null,"b2":null},"55":{"from_node_id":"58","to_node_id":"57","b1":null,"b2":null},"56":{"from_node_id":"58","to_node_id":"59","b1":{"x":285.9999351501465,"y":921.9998779296875},"b2":{"x":340.2499351501465,"y":921.9998779296875}},"57":{"from_node_id":"56","to_node_id":"55","b1":{"x":161.99993515014648,"y":921.9998779296875},"b2":{"x":107.74993515014648,"y":921.9998779296875}},"58":{"from_node_id":"58","to_node_id":"60","b1":{"x":289.9999351501465,"y":921.9998779296875},"b2":{"x":295.2499351501465,"y":939.9998779296875}},"59":{"from_node_id":"56","to_node_id":"61","b1":{"x":157.99993515014648,"y":921.9998779296875},"b2":{"x":152.74993515014648,"y":939.9998779296875}}}}},"nodes":{"0":{"node_type":"metabolite","x":-434.0000305175781,"y":348.99993896484375,"bigg_id":"gln__L_c","name":"L-Glutamine","label_x":-399.2000610351563,"label_y":358.9999694824219,"node_is_primary":true},"1":{"node_type":"multimarker","x":-108.00003051757812,"y":441.9999694824219},"2":{"node_type":"midmarker","x":-88.00003051757812,"y":441.9999694824219},"3":{"node_type":"multimarker","x":-68.00003051757812,"y":441.9999694824219},"4":{"node_type":"metabolite","x":209.99996185302734,"y":324.99993896484375,"bigg_id":"glu__L_c","name":"L-Glutamate","label_x":238.7999465942383,"label_y":286.9999694824219,"node_is_primary":true},"5":{"node_type":"metabolite","x":-193.00003051757812,"y":521.9999694824219,"bigg_id":"h2o_c","name":"H2O","label_x":-220.00003051757812,"label_y":561.9999694824219,"node_is_primary":false},"6":{"node_type":"metabolite","x":16.999969482421875,"y":521.9999694824219,"bigg_id":"nh4_c","name":"Ammonium","label_x":-10.000030517578125,"label_y":561.9999694824219,"node_is_primary":false},"7":{"node_type":"multimarker","x":-74.00002241134644,"y":201.99994659423828},"8":{"node_type":"midmarker","x":-94.00002241134644,"y":201.99994659423828},"9":{"node_type":"multimarker","x":-114.00002241134644,"y":201.99994659423828},"10":{"node_type":"metabolite","x":10.999977588653564,"y":281.9999465942383,"bigg_id":"atp_c","name":"ATP","label_x":-16.000022411346436,"label_y":321.9999465942383,"node_is_primary":false},"11":{"node_type":"metabolite","x":-199.00002241134644,"y":281.9999465942383,"bigg_id":"h_c","name":"H+","label_x":-215.20002241134642,"label_y":321.9999465942383,"node_is_primary":false},"12":{"node_type":"metabolite","x":-199.00002241134644,"y":121.99994659423831,"bigg_id":"adp_c","name":"ADP","label_x":-259.00002241134644,"label_y":98.99994659423831,"node_is_primary":false},"13":{"node_type":"metabolite","x":-179.00002241134644,"y":41.99994659423828,"bigg_id":"pi_c","name":"Phosphate","label_x":-200.60002241134646,"label_y":21.99994659423828,"node_is_primary":false},"14":{"node_type":"metabolite","x":10.999977588653564,"y":121.99994659423828,"bigg_id":"nh4_c","name":"Ammonium","label_x":-16.000022411346436,"label_y":101.99994659423828,"node_is_primary":false},"16":{"node_type":"multimarker","x":685.9999618530273,"y":324.99993896484375},"17":{"node_type":"midmarker","x":705.9999618530273,"y":324.99993896484375},"18":{"node_type":"multimarker","x":725.9999618530273,"y":324.99993896484375},"19":{"node_type":"metabolite","x":1000.9999618530273,"y":321.99993896484375,"bigg_id":"akg_c","name":"2-Oxoglutarate","label_x":961.9999618530273,"label_y":280.99993896484375,"node_is_primary":true},"20":{"node_type":"metabolite","x":600.9999618530273,"y":244.99993896484375,"bigg_id":"h2o_c","name":"H2O","label_x":573.9999618530273,"label_y":224.99993896484375,"node_is_primary":false},"21":{"node_type":"metabolite","x":600.9999618530273,"y":404.99993896484375,"bigg_id":"nadp_c","name":"Nicotinamide adenine dinucleotide phosphate","label_x":568.5999618530274,"label_y":444.99993896484375,"node_is_primary":false},"22":{"node_type":"metabolite","x":810.9999618530273,"y":244.99993896484375,"bigg_id":"nadph_c","name":"Nicotinamide adenine dinucleotide phosphate - reduced","label_x":773.1999618530274,"label_y":224.99993896484375,"node_is_primary":false},"23":{"node_type":"metabolite","x":810.9999618530273,"y":404.99993896484375,"bigg_id":"h_c","name":"H+","label_x":794.7999618530273,"label_y":444.99993896484375,"node_is_primary":false},"24":{"node_type":"metabolite","x":790.9999618530273,"y":484.99993896484375,"bigg_id":"nh4_c","name":"Ammonium","label_x":763.9999618530273,"label_y":524.9999389648438,"node_is_primary":false},"41":{"node_type":"multimarker","x":212.00000762939453,"y":676.9998168945312},"42":{"node_type":"midmarker","x":212.00000762939453,"y":656.9998168945312},"43":{"node_type":"multimarker","x":212.00000762939453,"y":636.9998168945312},"44":{"node_type":"metabolite","x":292.00000762939453,"y":551.9998168945312,"bigg_id":"nadp_c","name":"Nicotinamide adenine dinucleotide phosphate","label_x":307.00000762939453,"label_y":551.9998168945312,"node_is_primary":false},"45":{"node_type":"metabolite","x":132.00000762939453,"y":761.9998168945312,"bigg_id":"nadph_c","name":"Nicotinamide adenine dinucleotide phosphate - reduced","label_x":69.00000762939453,"label_y":791.9998168945312,"node_is_primary":false},"47":{"node_type":"metabolite","x":292.00000762939453,"y":761.9998168945312,"bigg_id":"h_c","name":"H+","label_x":307.00000762939453,"label_y":761.9998168945312,"node_is_primary":false},"49":{"node_type":"multimarker","x":206.99996185302734,"y":61.99994659423828},"50":{"node_type":"midmarker","x":206.99996185302734,"y":41.99994659423828},"51":{"node_type":"multimarker","x":206.99996185302734,"y":21.99994659423828},"52":{"node_type":"metabolite","x":286.99996185302734,"y":-63.00005340576172,"bigg_id":"co2_c","name":"CO2","label_x":301.99996185302734,"label_y":-63.00005340576172,"node_is_primary":false},"53":{"node_type":"metabolite","x":286.99996185302734,"y":146.99994659423828,"bigg_id":"h_c","name":"H+","label_x":301.99996185302734,"label_y":146.99994659423828,"node_is_primary":false},"54":{"node_type":"metabolite","x":206.99996185302734,"y":-193.0000457763672,"bigg_id":"4abut_c","name":"4-Aminobutanoate","label_x":231.99996185302734,"label_y":-193.0000457763672,"node_is_primary":true},"55":{"node_type":"metabolite","x":48.999935150146484,"y":921.9998779296875,"bigg_id":"gln__L_p","name":"L-Glutamine","label_x":5.799935150146439,"label_y":961.9998779296875,"node_is_primary":true},"56":{"node_type":"multimarker","x":203.99993515014648,"y":921.9998779296875},"57":{"node_type":"midmarker","x":223.99993515014648,"y":921.9998779296875},"58":{"node_type":"multimarker","x":243.99993515014648,"y":921.9998779296875},"59":{"node_type":"metabolite","x":398.9999351501465,"y":921.9998779296875,"bigg_id":"glu__L_p","name":"L-Glutamate","label_x":355.79993515014644,"label_y":961.9998779296875,"node_is_primary":true},"60":{"node_type":"metabolite","x":328.9999351501465,"y":1001.9998779296875,"bigg_id":"nh4_p","name":"Ammonium","label_x":301.9999351501465,"label_y":1041.9998779296875,"node_is_primary":false},"61":{"node_type":"metabolite","x":118.99993515014648,"y":1001.9998779296875,"bigg_id":"h2o_p","name":"H2O","label_x":91.99993515014648,"label_y":1041.9998779296875,"node_is_primary":false}},"text_labels":{"0":{"x":-266.0000457763672,"y":-365.0000305175781,"text":"GLUTAMATE METABOLISM SUBSYSTEM"},"2":{"x":-764,"y":366.99993896484375,"text":"L-Glutamine"},"3":{"x":1032.9998779296875,"y":339.99993896484375,"text":"2-Oxoglutarate"},"4":{"x":243.99990844726562,"y":402.9999084472656,"text":" L-Glutamate"},"6":{"x":-20.000076293945312,"y":-230.00003051757812,"text":"4-Aminobutanoate"},"8":{"x":-434.0000457763672,"y":840.9998779296875,"text":"-----------------------------------------------------------------------------------------"},"9":{"x":-434,"y":897.9998779296875,"text":"Periplasm"},"10":{"x":-446,"y":798.9998779296875,"text":"Cytoplasm"}},"canvas":{"x":-827.1708984375,"y":-467.22039794921875,"width":2261.1229248046875,"height":1550.0869750976562}}]