[{"map_name":"new_map","map_id":"S8yyKwdc8sjE","map_description":"","homepage":"https://escher.github.io","schema":"https://escher.github.io/escher/jsonschema/1-0-0#"},{"reactions":{"0":{"name":"Glyoxalate carboligase","bigg_id":"GLXCL","reversibility":false,"label_x":1127.0000610351562,"label_y":418.9999694824219,"gene_reaction_rule":"b0507","genes":[{"notes":{"original_bigg_ids":["b0507"]},"name":"gcl","bigg_id":"b0507"}],"metabolites":[{"bigg_id":"co2_c","coefficient":1},{"bigg_id":"glx_c","coefficient":-2},{"bigg_id":"2h3oppan_c","coefficient":1},{"bigg_id":"h_c","coefficient":-1}],"segments":{"0":{"from_node_id":"1","to_node_id":"2","b1":null,"b2":null},"1":{"from_node_id":"3","to_node_id":"2","b1":null,"b2":null},"2":{"from_node_id":"3","to_node_id":"4","b1":{"x":1243.0000610351562,"y":458.9999694824219},"b2":{"x":1248.2500610351562,"y":476.9999694824219}},"3":{"from_node_id":"1","to_node_id":"0","b1":{"x":1115.0000610351562,"y":458.9999694824219},"b2":{"x":1060.7500610351562,"y":458.9999694824219}},"4":{"from_node_id":"3","to_node_id":"5","b1":{"x":1239.0000610351562,"y":458.9999694824219},"b2":{"x":1293.2500610351562,"y":458.9999694824219}},"5":{"from_node_id":"1","to_node_id":"6","b1":{"x":1111.0000610351562,"y":458.9999694824219},"b2":{"x":1105.7500610351562,"y":476.9999694824219}}}},"1":{"name":"Glycolate dehydrogenase (NAD)","bigg_id":"GLYCLTDx","reversibility":false,"label_x":688.3334350585938,"label_y":187.6666259765625,"gene_reaction_rule":"b3553 or b1033","genes":[{"notes":{"original_bigg_ids":["b3553"]},"name":"ghrB","bigg_id":"b3553"},{"notes":{"original_bigg_ids":["b1033"]},"name":"ghrA","bigg_id":"b1033"}],"metabolites":[{"bigg_id":"glyclt_c","coefficient":1},{"bigg_id":"nadh_c","coefficient":-1},{"bigg_id":"glx_c","coefficient":-1},{"bigg_id":"h_c","coefficient":-1},{"bigg_id":"nad_c","coefficient":1}],"segments":{"6":{"from_node_id":"7","to_node_id":"8","b1":null,"b2":null},"7":{"from_node_id":"9","to_node_id":"8","b1":null,"b2":null},"8":{"from_node_id":"9","to_node_id":"10","b1":{"x":575.0000610351562,"y":315.6666259765625},"b2":{"x":546.0833435058594,"y":363.6666564941406}},"9":{"from_node_id":"7","to_node_id":"11","b1":{"x":823.0000610351562,"y":316.9999694824219},"b2":{"x":828.2500610351562,"y":334.9999694824219}},"10":{"from_node_id":"7","to_node_id":"0","b1":{"x":951.0000610351562,"y":328.9999694824219},"b2":{"x":968.5834350585938,"y":396.3332824707031}},"11":{"from_node_id":"7","to_node_id":"12","b1":{"x":823.0000610351562,"y":316.9999694824219},"b2":{"x":828.2500610351562,"y":298.9999694824219}},"12":{"from_node_id":"9","to_node_id":"13","b1":{"x":691.0000610351562,"y":316.9999694824219},"b2":{"x":685.7500610351562,"y":298.9999694824219}}}},"2":{"name":"Glycolate dehydrogenase (NADP)","bigg_id":"GLYCLTDy","reversibility":false,"label_x":683,"label_y":522.3332214355469,"gene_reaction_rule":"b1033 or b3553","genes":[{"notes":{"original_bigg_ids":["b1033"]},"name":"ghrA","bigg_id":"b1033"},{"notes":{"original_bigg_ids":["b3553"]},"name":"ghrB","bigg_id":"b3553"}],"metabolites":[{"bigg_id":"glyclt_c","coefficient":1},{"bigg_id":"nadp_c","coefficient":1},{"bigg_id":"nadph_c","coefficient":-1},{"bigg_id":"glx_c","coefficient":-1},{"bigg_id":"h_c","coefficient":-1}],"segments":{"13":{"from_node_id":"14","to_node_id":"15","b1":null,"b2":null},"14":{"from_node_id":"16","to_node_id":"15","b1":null,"b2":null},"15":{"from_node_id":"16","to_node_id":"10","b1":{"x":561.6666870117188,"y":655.6665954589844},"b2":{"x":514.0832824707031,"y":567.6666564941406}},"16":{"from_node_id":"16","to_node_id":"18","b1":{"x":685.6666870117188,"y":647.6665954589844},"b2":{"x":680.4166870117188,"y":629.6665954589844}},"17":{"from_node_id":"14","to_node_id":"19","b1":{"x":817.6666870117188,"y":647.6665954589844},"b2":{"x":822.9166870117188,"y":665.6665954589844}},"18":{"from_node_id":"14","to_node_id":"0","b1":{"x":961.6666870117188,"y":655.6665344238281},"b2":{"x":992.5834350585938,"y":528.3332824707031}},"19":{"from_node_id":"14","to_node_id":"20","b1":{"x":817.6666870117188,"y":647.6665954589844},"b2":{"x":822.9166870117188,"y":629.6665954589844}}}},"3":{"name":"Glycerate kinase","bigg_id":"GLYCK","reversibility":false,"label_x":911.5,"label_y":870.8333740234375,"gene_reaction_rule":"b0514","genes":[{"notes":{"original_bigg_ids":["b0514"]},"name":"glxK","bigg_id":"b0514"}],"metabolites":[{"bigg_id":"h_c","coefficient":1},{"bigg_id":"glyc__R_c","coefficient":-1},{"bigg_id":"atp_c","coefficient":-1},{"bigg_id":"adp_c","coefficient":1},{"bigg_id":"3pg_c","coefficient":1}],"segments":{"20":{"from_node_id":"22","to_node_id":"23","b1":null,"b2":null},"21":{"from_node_id":"24","to_node_id":"23","b1":null,"b2":null},"22":{"from_node_id":"24","to_node_id":"25","b1":{"x":1027.5,"y":910.8333740234375},"b2":{"x":1032.75,"y":892.8333740234375}},"23":{"from_node_id":"22","to_node_id":"21","b1":{"x":899.5,"y":910.8333740234375},"b2":{"x":845.25,"y":910.8333740234375}},"24":{"from_node_id":"22","to_node_id":"26","b1":{"x":895.5,"y":910.8333740234375},"b2":{"x":890.25,"y":928.8333740234375}},"25":{"from_node_id":"24","to_node_id":"27","b1":{"x":1027.5,"y":910.8333740234375},"b2":{"x":1032.75,"y":928.8333740234375}},"26":{"from_node_id":"24","to_node_id":"28","b1":{"x":1023.5,"y":910.8333740234375},"b2":{"x":1077.75,"y":910.8333740234375}}}}},"nodes":{"0":{"node_type":"metabolite","x":1002.0000610351562,"y":458.9999694824219,"bigg_id":"glx_c","name":"Glyoxylate","label_x":923.0000610351562,"label_y":472.3332824707031,"node_is_primary":true},"1":{"node_type":"multimarker","x":1157.0000610351562,"y":458.9999694824219},"2":{"node_type":"midmarker","x":1177.0000610351562,"y":458.9999694824219},"3":{"node_type":"multimarker","x":1197.0000610351562,"y":458.9999694824219},"4":{"node_type":"metabolite","x":1282.0000610351562,"y":538.9999694824219,"bigg_id":"co2_c","name":"CO2","label_x":1255.0000610351562,"label_y":578.9999694824219,"node_is_primary":false},"5":{"node_type":"metabolite","x":1352.0000610351562,"y":458.9999694824219,"bigg_id":"2h3oppan_c","name":"2-Hydroxy-3-oxopropanoate","label_x":1298.0000610351562,"label_y":498.9999694824219,"node_is_primary":true},"6":{"node_type":"metabolite","x":1072.0000610351562,"y":538.9999694824219,"bigg_id":"h_c","name":"H+","label_x":1055.8000610351562,"label_y":578.9999694824219,"node_is_primary":false},"7":{"node_type":"multimarker","x":777.0000610351562,"y":316.9999694824219},"8":{"node_type":"midmarker","x":757.0000610351562,"y":316.9999694824219},"9":{"node_type":"multimarker","x":737.0000610351562,"y":316.9999694824219},"10":{"node_type":"metabolite","x":500.6667175292969,"y":467.6666564941407,"bigg_id":"glyclt_c","name":"Glycolate","label_x":528.1334045410156,"label_y":472.9999694824219,"node_is_primary":true},"11":{"node_type":"metabolite","x":862.0000610351562,"y":396.9999694824219,"bigg_id":"nadh_c","name":"Nicotinamide adenine dinucleotide - reduced","label_x":829.6000610351563,"label_y":436.9999694824219,"node_is_primary":false},"12":{"node_type":"metabolite","x":862.0000610351562,"y":236.99996948242188,"bigg_id":"h_c","name":"H+","label_x":845.8000610351562,"label_y":216.99996948242188,"node_is_primary":false},"13":{"node_type":"metabolite","x":652.0000610351562,"y":236.99996948242188,"bigg_id":"nad_c","name":"Nicotinamide adenine dinucleotide","label_x":625.0000610351562,"label_y":216.99996948242188,"node_is_primary":false},"14":{"node_type":"multimarker","x":771.6666870117188,"y":647.6665954589844},"15":{"node_type":"midmarker","x":751.6666870117188,"y":647.6665954589844},"16":{"node_type":"multimarker","x":731.6666870117188,"y":647.6665954589844},"18":{"node_type":"metabolite","x":646.6666870117188,"y":567.6665954589844,"bigg_id":"nadp_c","name":"Nicotinamide adenine dinucleotide phosphate","label_x":614.2666870117187,"label_y":547.6665954589844,"node_is_primary":false},"19":{"node_type":"metabolite","x":856.6666870117188,"y":727.6665954589844,"bigg_id":"nadph_c","name":"Nicotinamide adenine dinucleotide phosphate - reduced","label_x":818.8666870117188,"label_y":767.6665954589844,"node_is_primary":false},"20":{"node_type":"metabolite","x":856.6666870117188,"y":567.6665954589844,"bigg_id":"h_c","name":"H+","label_x":840.4666870117187,"label_y":547.6665954589844,"node_is_primary":false},"21":{"node_type":"metabolite","x":786.5,"y":910.8333740234375,"bigg_id":"glyc__R_c","name":"(R)-Glycerate","label_x":737.9,"label_y":950.8333740234375,"node_is_primary":true},"22":{"node_type":"multimarker","x":941.5,"y":910.8333740234375},"23":{"node_type":"midmarker","x":961.5,"y":910.8333740234375},"24":{"node_type":"multimarker","x":981.5,"y":910.8333740234375},"25":{"node_type":"metabolite","x":1066.5,"y":830.8333740234375,"bigg_id":"h_c","name":"H+","label_x":1050.3,"label_y":810.8333740234375,"node_is_primary":false},"26":{"node_type":"metabolite","x":856.5,"y":990.8333740234375,"bigg_id":"atp_c","name":"ATP","label_x":829.5,"label_y":1030.8333740234375,"node_is_primary":false},"27":{"node_type":"metabolite","x":1066.5,"y":990.8333740234375,"bigg_id":"adp_c","name":"ADP","label_x":1039.5,"label_y":1030.8333740234375,"node_is_primary":false},"28":{"node_type":"metabolite","x":1136.5,"y":910.8333740234375,"bigg_id":"3pg_c","name":"3-Phospho-D-glycerate","label_x":1109.5,"label_y":950.8333740234375,"node_is_primary":true}},"text_labels":{"0":{"x":365.1666259765625,"y":76.16666984558105,"text":"GLYCOXYLATE METABOLISM SUBSYSTEM"}},"canvas":{"x":302.97357177734375,"y":-53.56663513183594,"width":1173.8672485351562,"height":1175.1612396240234}}]