,Strain,Hour,Replicate,OD600,pyr_c,oaa_c,lac__D_c,succ_c,mal__L_c,akg_c,acon__C_c,cit_c,mev_R_c,ip_c,dxyl5p_c,2me4p_c,5dpmev_c,ex_con.id,h2mb4p_c,2mecdp_c,4c2me_c,gly_c,ala__L_c,pro__L_c,val__L_c,Betaine,thr__L_c,cys__L_c,leu__L_c,ile__L_c,asn__L_c,asp__L_c,gln__L_c,lys__L_p,glu__L_c,met__L_c,his__L_c,phe__L_c,arg__L_c,tyr__L_c,trp__L_c
0,WT,0.0,1,0.7140000000000001,12.24240079,0.17586807899999998,10.84712526,3.3823824719999998,1.256920681,0.09699787900000001,0.0,0.234362173,0.0,0.0,0.049294064000000005,0.0,0.0,0.00250577,0,0.0,0.022746593,8.819183147999999,3.407569193,6.860138095,2.471777741,1.585751898,1.6098436230000002,0.044088039,7.432403588,7.830419406,8.354223559,2.845883819,3.249181971,32.05671957,9.400371936,2.499142037,3.4832828080000002,9.084695637000001,20.91903527,2.078610608,1.8986478830000002
1,WT,0.0,2,0.708,19.63925628,0.29906350600000003,18.74476825,6.009116421,1.83430476,0.180045812,0.0,0.495638764,0.0,0.0,0.084176305,0.0,0.0,0.005734473,0,0.0,0.042219405999999994,11.61122871,4.1486470419999995,8.531186645,2.790606152,2.060548855,2.120695544,0.06880837,8.79632526,9.894229166,10.48457022,7.396885972000001,3.19693927,33.74627289,10.69193994,3.258966828,3.9090776710000004,11.44133019,21.57684756,2.841407732,2.3965095819999997
2,WT,0.0,3,0.71,12.12525512,0.319584947,11.32296741,4.436076068,1.5034478009999999,0.181691629,0.0,0.46822590799999997,0.0,0.0,0.076919005,0.0,0.0,0.004394717,0,0.0,0.042485485999999996,8.236483595,3.31738934,6.283968053,2.23786185,1.670353896,1.439967143,0.048274698,6.548267397999999,7.292914828,6.705951263999999,5.018182438,2.596924167,34.15223899,9.396631722999999,2.519143691,3.4543213639999997,8.043481839,19.59746542,1.8963996490000001,1.657994244
3,I1,0.0,1,0.501,8.884179496,0.255788167,9.970514961000001,2.038937422,1.045831945,0.09768473400000001,0.0,0.155485428,0.0,0.09234199900000001,0.015492258,0.0,0.0,0.41965538399999996,0,0.0,0.009216614,12.79421891,4.335353977,8.959002712,3.003761087,2.585598265,2.797889811,0.052734043,9.999377546,10.75133415,12.69406967,14.57747192,3.9387555869999997,36.41764123,11.57448243,3.595405907,4.0478584060000005,12.17138099,22.39110704,2.58016431,2.492775958
4,I1,0.0,2,0.47100000000000003,15.92590236,0.254929529,17.84571681,3.7403008939999998,1.6099941580000001,0.23448286,0.0,0.355984249,0.0,0.161644531,0.036200247000000005,0.0,0.009257857,0.854812665,0,0.0,0.013670716000000001,12.55665027,4.291882351,8.922588227,3.0244705919999997,2.56251386,2.68887373,0.047560075,10.32911369,10.47707741,13.66542412,14.43508685,3.900333204,35.77990067,11.72747205,3.635643876,3.959911726,12.18674374,21.52903966,2.5843788919999997,2.4806269380000003
5,I1,0.0,3,0.502,12.25891765,0.308794733,15.10970065,3.3356488630000003,1.483206845,0.212018553,0.0,0.38447102,0.0,0.183409748,0.038443751,0.0,0.009188205,0.836711185,0,0.0,0.01999068,9.08088131,3.3710360410000004,6.784542997999999,2.4181530330000003,2.200824098,1.9563231909999999,0.043239423,7.461991241000001,7.811303693999999,8.821349665,7.833351241,3.6194758360000003,34.35187604,10.37815032,2.728219984,3.46716559,9.03395573,19.96217524,1.9692834190000001,1.880825585
6,I2,0.0,1,0.519,15.11795771,0.290295861,17.62138927,4.161145778,1.711616786,0.181208856,0.0,0.376086309,0.0,0.070144266,0.06153882,0.034512516,0.0,0.058753503,0,0.0,0.030550342,11.8976916,4.037003633,8.406654899,2.9476579889999996,2.3383595980000003,2.461263163,0.045343330999999994,9.656411311,9.934450127,10.90700296,11.143435499999999,3.697995638,34.75273477,10.79011344,3.386348115,3.8071084930000003,11.34893629,21.77983516,2.373883334,2.4542467
7,I2,0.0,2,0.5720000000000001,16.61700888,0.38281884200000005,24.91193642,4.726266155,1.821713214,0.160401339,0.0,0.40929130399999997,0.0,0.062098189000000005,0.054748917,0.037371747000000004,0.005037507,0.066410838,0,0.0,0.035227093,11.25909355,4.0561042480000005,8.158431507000001,2.796388719,2.375777749,2.3707383419999997,0.057444916,8.704590922000001,9.490351577,10.18013371,9.134029831,3.375684628,35.732636600000006,10.52661762,3.212245507,3.702152073,11.05220752,21.38710478,2.596738807,2.355603167
8,I2,0.0,3,0.588,12.67112823,0.207647214,21.04464818,4.077328476,1.525438606,0.14477704800000002,0.0,0.317634967,0.0,0.058492635,0.047831965,0.029199752000000002,0.0,0.04844363,0,0.0,0.029519554,10.95129606,3.8809763360000002,7.808138812999999,2.9695086739999996,2.412824426,2.330665058,0.050599575,8.478966285,9.195663807,9.750013486,8.409284138,3.694700669,35.71835839,10.35247419,3.131477947,3.6871523280000003,10.61757716,20.64281713,2.506094939,2.213810945
9,I3,0.0,1,0.44299999999999995,13.34310121,0.229695121,17.66453584,3.5011576360000003,1.6105224390000001,0.181744295,0.0,0.32467261399999997,0.0,0.072362837,0.045100407,0.029257235,0.003616892,0.068596098,0,0.0,0.019707007,13.26637494,4.243495888,8.896175353,3.1787024039999996,2.611944839,2.78315684,0.036798409,10.58515943,10.6551452,13.14518078,12.43957802,4.679609838999999,36.16801589,10.80934865,3.692073915,3.8751083060000004,12.05337117,22.0862694,2.419362204,2.224774203
10,I3,0.0,2,0.41200000000000003,11.98396438,0.449897526,15.89713894,3.27479821,1.526588488,0.147987489,0.0,0.408376141,0.0,0.074618985,0.043924943,0.026047025,0.0,0.065512577,0,0.0,0.019466765,11.825175999999999,3.885537647,8.039942181,2.973184327,2.572645828,2.395397306,0.0335732,9.793138298999999,9.495915816,11.52001221,9.839437739,4.351275107,35.47270084,10.22087766,3.355756061,3.56862577,10.86736475,20.92028923,2.165770012,1.967781952
11,I3,0.0,3,0.408,13.31963679,0.213982052,16.96768105,3.510994164,1.6594164759999999,0.18362711,0.0,0.318404217,0.0,0.071846899,0.047246815,0.028467948,0.0,0.073942428,0,0.0,0.018820805,11.73623809,4.041081384,8.234278182999999,3.013143675,2.534973401,2.523741029,0.04383886099999999,10.16701847,9.709717704,11.85102798,10.75712444,3.88206524,34.91579665,10.25591614,3.4521947639999997,3.5946020539999997,11.20130781,20.90621898,2.271798485,2.061091334
12,WT,0.5,1,1.0490000000000002,7.022433026,0.705886042,14.43512768,6.012889046000001,1.1649733999999998,0.353299886,0.039576566,0.762935118,0.0,0.0,0.08154958799999999,0.034997806,0.0,0.003540883,0,0.0,0.060799418,10.28341057,3.8818439,7.5446138629999995,2.323704602,2.7248158539999996,2.161462029,0.057908010999999995,8.338433691,7.871083115,6.6527101470000005,2.648317029,1.73369609,34.45048427,11.76646125,2.666989625,3.4252197860000004,9.543266095,20.45143411,1.8045064259999999,1.6666165119999998
13,WT,0.5,2,1.09,10.60934425,0.565975801,14.21448956,7.7672731939999995,1.41290098,0.330578831,0.041605649,0.76354795,0.0,0.0,0.093967358,0.048472062999999996,0.0,0.003203514,0,0.0,0.067752149,14.07153359,4.635380527,9.633198004,2.794426896,3.0049430160000004,2.575866318,0.069483031,10.4644455,10.29010538,9.020611564,3.490466243,2.285519732,35.87229519,11.88793185,3.26441076,3.7825083889999997,12.53070957,23.0398698,2.3089033619999997,2.13097184
14,WT,0.5,3,1.088,6.660216694,0.555891578,10.81182149,6.886093027,1.158196814,0.266260297,0.042223015999999995,0.699439875,0.0,0.0,0.083903097,0.040908615,0.0,0.002967693,0,0.0,0.065018225,12.15654402,4.194845295,8.588787904,2.4765528999999997,3.072223953,2.341099596,0.0,9.380332418,8.908389638,7.47600666,3.0795909710000005,1.562143438,35.97194735,13.51874996,3.164796349,3.6946060569999997,11.05037616,21.7860919,2.035252822,1.8757576390000001
15,I1,0.5,1,0.745,14.44483016,0.0,9.325513197000001,3.173162422,1.3339333820000001,0.084924165,0.0,0.131435561,0.045861560999999995,0.654553554,0.017081922,0.0,0.007578194,1.4196180569999999,0,0.0,0.009330413000000001,14.63176364,4.729721432,10.48100813,3.229157737,3.642154338,3.063938421,0.065073052,10.95709982,11.31258673,13.30520006,8.444152996,2.93876209,36.70444481,13.42817593,3.9109840460000003,3.711381485,13.4485041,22.62277099,2.8445838410000004,2.62941812
16,I1,0.5,2,0.778,21.16049127,0.15152093,13.46381124,4.714267245,1.786458565,0.168099374,0.0,0.24135896399999998,0.06521266099999999,1.157495749,0.016021629,0.0,0.01009102,2.434107216,0,0.0,0.015601998999999998,15.30321478,4.836023333,10.54063505,3.297783472,3.7836444210000004,3.132364773,0.072350928,11.86341955,12.00850812,13.57274769,8.524788204,3.011271665,37.98736657,13.66257748,4.133456442,3.7005333539999996,13.68161338,23.02341187,2.553712671,2.6065841990000003
17,I1,0.5,3,0.7709999999999999,17.60033171,0.0,20.37369754,5.46383455,1.7120498080000002,0.169473083,0.0,0.25315218899999997,0.071721958,1.4514127959999998,0.031545908,0.0,0.013153952,3.0896358010000005,0,0.0,0.012453562,12.60646769,4.385300836,9.210764243,2.965901966,3.647787402,2.638534765,0.0,9.641033952999999,10.09261406,10.70601362,7.784940473,2.679257925,36.31259887,12.96389083,3.497680952,3.519420362,11.85902651,21.56908513,2.5969392680000003,2.30944116
18,I2,0.5,1,0.836,21.09860851,0.27773113,13.59464848,5.19980274,1.7279014519999998,0.195158802,0.0,0.323856672,0.015048889,0.953374079,0.08543027,0.051995665999999996,0.009165086,0.511845267,0,0.0,0.053643829000000004,14.28997817,4.671489039,9.935108524,3.1337075569999997,3.171179248,2.9322057189999997,0.087496715,11.48961918,10.92989276,12.53424309,3.19940489,2.8721114880000003,37.50411597,11.85066414,3.839542542,3.7224210939999995,12.63302205,22.90192422,2.368423075,2.484620584
19,I2,0.5,2,0.8690000000000001,24.57854836,0.34451406100000004,16.8677147,6.120094314,1.958318924,0.218619377,0.0,0.39720975700000005,0.019593201,0.9116744170000001,0.09840116900000001,0.050115859000000006,0.012102644,0.638798792,0,0.0,0.064786779,15.95488969,4.90334787,10.87688383,3.210290175,3.423511862,3.108800908,0.073352341,12.20139988,11.9910406,12.85642893,3.2524102339999996,2.690229724,37.89813713,12.15542332,4.062033925,3.5910060560000003,13.42855661,23.2472775,2.38096935,2.672729852
20,I2,0.5,3,0.917,13.90497693,0.163627722,10.18362333,4.348032118,1.322485906,0.138522943,0.0,0.280610569,0.013793302,0.838117745,0.065852812,0.039533996,0.008843499,0.423466399,0,0.0,0.048031947,11.710795800000001,4.240996818,8.683864789,2.809637328,3.404948207,2.503137582,0.060742998,9.170563175,9.803726449,9.645038466,2.982824041,2.3291330969999997,36.41384397,11.72324223,3.3381886460000003,3.4190434260000004,11.47815131,21.12297341,2.40492473,2.365363767
21,I3,0.5,1,0.665,12.46519688,0.235915474,17.65488467,4.049769652,1.527398669,0.152655026,0.0,0.31450427,0.010290984,1.082609964,0.083432085,0.047000165,0.009990839,0.419732139,0,0.0,0.048763669,8.825611476,3.4300384719999997,6.778338615,2.514142418,3.07965851,1.8861470519999999,0.038084261,7.997081802,7.530768499,8.824900908,3.5634958269999997,2.629404921,35.16168711,10.65287268,2.800857185,3.098633325,8.674158373,19.27142686,1.635539984,1.535695355
22,I3,0.5,2,0.654,16.53970837,0.225392393,21.98000681,4.641615836000001,1.724181208,0.165415595,0.0,0.350676539,0.011625071,0.952559025,0.09584004300000001,0.055649159000000004,0.008744207,0.43443930799999997,0,0.0,0.048213915999999996,12.63539093,4.241750603,8.918994767000001,2.965533577,3.463737825,2.646436456,0.032835069,10.62280325,9.980700294,12.83440572,4.811430395,2.98553098,37.19820131,11.43679543,3.549719625,3.500076959,11.27297799,21.49817066,2.052483875,1.979531666
23,I3,0.5,3,0.701,12.48986629,0.0,13.07484641,4.411651158,1.519397286,0.172411415,0.0,0.368645944,0.009980236,1.0576397690000001,0.090372795,0.056246099,0.009795812,0.41721149399999996,0,0.0,0.052735637,9.501331221000001,3.45903581,6.990521011,2.494947114,3.1949885989999998,1.980525946,0.02874479,8.431419955,7.956882041,9.770254194,3.6948195889999997,2.883745093,35.21051916,10.57156365,2.8836320189999998,3.104859044,9.09320136,19.50635333,1.683111125,1.621117346
24,WT,1.0,1,1.445,0.9626818009999999,0.8899779609999999,13.99180548,10.03553081,0.923860186,0.389931386,0.068726203,1.327848423,0.010179808,0.0,0.155189587,0.085676888,0.0,0.0040513979999999995,0,0.0,0.137095283,12.29044635,4.221189149,8.891235627999999,2.246510747,3.4503288739999998,1.729205369,0.07239794299999999,8.909927429,8.498119676,5.431316536000001,2.099304137,0.837848376,35.40914555,12.56290473,2.8815809289999996,3.2142407239999997,10.39479448,21.28477529,1.685040944,1.60009942
25,WT,1.0,2,1.5419999999999998,0.8782673409999999,1.2895497790000001,12.59602758,10.96262311,0.817341922,0.375145365,0.072639491,1.553082315,0.011382533,0.0,0.170349245,0.08950669900000001,0.0,0.003377653,0,0.0,0.150864955,10.51535549,4.232589378,8.85084518,2.299691434,3.9942760489999998,1.8621575890000002,0.051871323,8.047947138,7.943063547,4.420705717,1.9128532580000002,0.8434678179999999,38.41331302,14.04616654,2.858800348,3.609408619,9.969248218999999,21.18964988,1.921867987,1.672540875
26,WT,1.0,3,1.53,1.1002970840000001,0.933520433,14.54809082,11.2308758,0.909957303,0.356600298,0.078041871,1.313427608,0.012373501,0.0,0.163126548,0.101300129,0.0,0.003360992,0,0.0,0.17910743199999998,13.04158673,4.600844599999999,9.615531095,2.421796786,3.958896883,1.721007439,0.066685656,9.7839614,9.061028517999999,5.581322144,2.116126216,0.767000343,36.36101085,13.71165595,3.099896132,3.501770094,11.37117198,19.35782531,1.7713181980000001,1.690864454
27,I1,1.0,1,0.997,7.04662851,0.146225998,16.19503395,5.283770099999999,1.2456692109999998,0.146545753,0.0,0.23585865,0.10004202300000001,2.4854866380000002,0.034985016,0.0,0.011655386,1.02863702,0,0.0,0.027714713999999998,8.715178053999999,3.334608542,7.044993669,2.1623406640000002,4.1454080189999996,1.805469227,0.0,7.565585398,6.893326155,6.746432682000001,2.915055988,1.575342434,35.10880408,12.52385955,2.6939897160000004,3.025398843,7.981765697,18.16120644,1.4896124419999999,1.525115394
28,I1,1.0,2,1.064,9.717932994,0.0,16.88629873,5.456204651,1.32305229,0.165062293,0.0,0.22871944800000002,0.093954286,1.932366188,0.04079003,0.0,0.010498561000000002,0.890611023,0,0.0,0.029702622,11.55315355,4.2043884910000004,8.69877208,2.463644896,4.481172515,2.3590082519999998,0.053286466,9.618419482,8.908366208,9.596663103,3.00660039,1.681865543,37.18079129,13.07259747,3.232484743,3.380136207,10.23164446,20.78128062,1.690062275,1.8592476830000002
29,I1,1.0,3,1.031,13.22470014,0.18298523100000003,14.51948109,6.6789257,1.5138658409999999,0.189576191,0.0,0.30327952,0.098203619,1.7522579919999999,0.038230969,0.0,0.011624561,0.9713543729999999,0,0.0,0.028571779,14.02083535,4.450573291,9.79676392,2.648225026,4.492517868999999,2.619002717,0.064943761,10.99008239,10.27326966,11.22653913,2.847876883,2.0410948330000003,37.51176873,13.01157381,3.6013581080000003,3.265923238,11.90085123,21.74588363,1.9577137009999999,2.150178515
30,I2,1.0,1,1.045,10.34347626,0.225048937,12.84017174,7.349762302999999,1.4700043530000002,0.271871437,0.0,0.46614578100000004,0.051146738,1.180602856,0.130140233,0.086224636,0.016750393,1.0853201000000001,0,0.0,0.10554219199999999,13.29453592,4.611810031,10.00090528,2.73444337,4.499277827,3.127802687,0.0,11.52650818,9.80373978,11.33750171,2.086429182,1.534495494,35.8992254,12.75970112,3.630329446,3.0505680839999996,11.78654971,19.5274641,1.811261405,2.15272731
31,I2,1.0,2,1.0759999999999998,6.118684547000001,0.0,11.75673905,6.954261917999999,1.160083899,0.168981532,0.0,0.0,0.068391142,1.230296738,0.105954916,0.058278458,0.008613201,0.8230361540000001,0,0.0,0.070852757,11.822652099999999,4.313494227,8.947616536,2.710902522,4.623438035,2.8343815610000003,0.072019474,10.04346473,9.14193985,9.08527034,2.320892996,1.254665414,36.90650662,12.86850751,3.388915263,2.8665643939999996,10.76113345,18.82414601,1.77421967,1.8475904580000002
32,I2,1.0,3,1.065,7.277410777,0.38445979399999997,13.37085478,8.354052017999999,1.453077098,0.247570398,0.0,0.5356000870000001,0.081614104,1.4853978140000001,0.161670647,0.08946690300000001,0.020143508,1.46078476,0,0.0,0.149593375,11.98358897,4.218708365,8.684867353,2.521611032,4.468151962,2.557566626,0.05860853,9.979353347,8.563832967,7.708303377999999,2.242519974,1.162388832,35.82538048,12.36015308,3.2357587939999997,3.067264085,10.41714737,20.77684136,1.657865317,1.794250144
33,I3,1.0,1,0.9159999999999999,9.489601031,0.21025174800000002,17.35438192,5.513446204,1.171737069,0.16954111,0.0,0.349162552,0.03740248,2.043673135,0.127580656,0.070746208,0.016836051,0.802681781,0,0.0,0.11492977900000001,8.272190881,3.40731319,6.358966367000001,2.247444067,3.6367951460000003,1.7322112109999999,0.045042437000000005,7.233052659,6.65003509,7.034372423,2.000524642,1.486257925,35.57443671,10.22768952,2.579647186,2.795994808,7.790095552,18.46883673,1.488670215,1.327228334
34,I3,1.0,2,0.909,20.0137443,0.265920091,24.17566359,7.07640378,1.647440396,0.225637141,0.0,0.41213601200000005,0.040123254,1.3497880469999999,0.139393651,0.104563953,0.015274353000000001,0.889716332,0,0.0,0.114331098,13.04587228,4.555008,9.803434915,2.9314427210000003,3.939538336,2.838227735,0.05304434,11.8879921,10.58857953,13.60598897,2.127589255,2.345435888,38.71064745,11.2018834,3.770959322,3.169179555,12.22480156,19.30933851,1.863884528,1.917547445
35,I3,1.0,3,0.925,18.46951377,0.284447585,24.11173052,6.929848551,1.605126616,0.21637009399999999,0.0,0.37290075,0.033733689,1.501937516,0.139860014,0.085584584,0.014377465,0.808488051,0,0.0,0.0834597,11.75320244,4.280333804,8.820090865,2.656874953,3.4318623539999997,2.5134072130000003,0.052717587999999996,10.93623283,9.604107434,11.83980302,2.0387087719999997,2.11969729,36.28456234,10.65827644,3.442825379,2.759439219,11.09918813,18.57482839,1.754416956,1.83954862
36,WT,2.0,1,2.117,3.665346134,1.8046656069999998,78.74310517,20.13275684,0.9546996879999999,0.353016805,0.10674700300000001,2.253459532,0.00924042,0.0,0.21971922800000002,0.0,0.0,0.0,0,0.0,0.064967648,7.74254409,4.574858336,9.953180214,1.473386774,8.415456528,0.141990483,0.048227683,6.526958184,4.978904958,1.156879362,1.933337736,0.6880217190000001,32.40991078,8.912003687,1.569106013,2.7364312639999997,8.699540263,18.33002147,1.091417466,1.187386394
37,WT,2.0,2,2.186,4.324749968,1.9551752530000002,117.5591033,23.06005415,1.180401385,0.521186401,0.14901940800000002,2.1641214509999998,0.013219843,0.0,0.237812379,0.0,0.0,0.005926461,0,0.0,0.067717514,10.76307055,5.078557052,11.64079423,1.865098996,9.349110364,0.128107719,0.045665382000000004,9.026054082,6.87695055,0.5876206079999999,1.3805064319999998,0.544038291,32.53297455,8.533943739,1.879613145,3.021413177,11.85789543,19.92567565,1.246610959,1.413919683
38,WT,2.0,3,2.1790000000000003,4.638252658,1.8830210669999998,126.74411129999999,24.95723629,1.162518639,0.486701046,0.156076333,2.400640792,0.012520763999999998,0.0,0.262405183,0.0,0.0,0.006154745,0,0.0,0.07575051,12.69857318,5.143333757,12.22258088,1.742438489,9.966383472,0.13828749099999998,0.071394179,9.144964479,7.118086452000001,1.110121329,1.700215632,0.527402068,33.88213422,9.143652105,1.953565323,3.1861326560000003,12.28838379,23.07108113,1.288922915,1.457048511
39,I1,2.0,1,1.465,1.171663427,0.255511495,12.60197536,8.727849709,1.503594725,0.24795442199999998,0.02931756,0.413466733,0.36575897799999996,0.46667547600000003,0.105547429,0.03965062,0.01530251,0.610365621,0,0.0,0.10614857,11.90470433,4.202368918,10.06095875,2.329751112,8.610766045,1.576728014,0.067407332,9.839501216,8.173733879,7.60992844,1.5241045,0.387341679,36.26713569,10.09834981,3.0890613339999997,3.123188608,10.33403941,18.56940393,1.5087506309999998,1.622934822
40,I1,2.0,2,1.53,0.9551090529999999,0.595226725,20.18144274,8.260402036,1.466079385,0.237059112,0.034260618,0.424922608,0.33172415899999996,0.452509916,0.103388109,0.045951097999999996,0.015840168,0.5375178070000001,0,0.0,0.079511922,10.75034094,4.1073778480000005,9.322300954,1.99102252,8.225423884,1.322172503,0.041643274,9.033641937,6.8512089739999995,6.417763761000001,1.521510787,0.323442883,34.87272079,10.08862241,2.762849953,2.572940173,9.263190681000001,17.89694464,1.3707360830000002,1.317503011
41,I1,2.0,3,1.504,0.970027669,0.251437736,10.91927566,7.286518409,1.3559458219999998,0.17954548399999998,0.022617885,0.35190687299999995,0.304191234,0.417892845,0.076169622,0.03866788,0.013932578000000001,0.47191161600000003,0,0.0,0.072881347,8.636547492,3.677436235,8.104364631000001,1.9109396969999999,7.627748597,1.192883776,0.042113421,7.4060395670000005,6.2361451820000005,5.292818058,1.297105897,0.29539346899999996,25.27464133,8.985812978,2.341674531,1.510346421,7.310853816,16.28356991,1.077846817,1.018586369
42,I2,2.0,1,1.6569999999999998,1.216590696,0.482859673,20.59943935,9.959306857,1.305443049,0.265266224,0.069249731,0.844145294,0.552521288,1.025223608,0.18663271899999997,0.08820006400000001,0.06475668700000001,3.701500243,0,1.712411382,0.134237666,11.49702637,4.279598305,11.19356922,2.327996637,9.386176964,1.0774659629999999,0.051923039000000004,9.059916034,7.5755999339999995,7.205348258,1.3660401469999999,0.307795151,31.84945471,9.902048926,2.782954332,1.8756969430000001,9.548721116,17.57520321,1.358859236,1.582793818
43,I2,2.0,2,1.645,1.2027812709999999,0.40352155100000003,16.54546398,9.479100362,1.181153765,0.215935598,0.05986409400000001,0.64130487,0.478711654,0.46366853,0.143806287,0.06584466900000001,0.043646639,2.326902546,0,0.897898874,0.09344322099999999,12.25574693,4.18855089,10.56551942,2.23461324,8.547423096000001,0.713741315,0.044544081,9.113853572,7.310139572000001,5.822834200000001,1.311517578,0.256191202,28.70240535,8.289202208999999,2.566239885,1.664422674,9.540317034,19.74070549,1.352312074,1.454395962
44,I2,2.0,3,1.6909999999999998,1.118089513,0.427410759,16.84413879,10.265811,1.183099943,0.238884872,0.056670245,0.8569949240000001,0.511030599,0.902451415,0.17386943800000002,0.081060554,0.054709534000000004,2.795804421,0,1.2336518890000001,0.118052928,10.62307868,4.099886734,10.27263799,1.9735359000000001,8.465009535,0.83535053,0.032017013,8.493308157000001,6.969040049,5.071237009,1.297316515,0.265105613,29.23405129,9.154545555,2.5585214,1.621432489,8.836705773,17.04106088,1.2484200109999999,1.404296039
45,I3,2.0,1,1.49,0.5388347960000001,0.470342644,15.45696673,6.751394345,1.037765012,0.182687897,0.031787032,0.492147372,0.318395472,1.977899875,0.106934125,0.07667359900000001,0.049445878,2.5862539030000002,0,0.0,0.10690283099999999,10.25191261,3.921859495,9.539479901,2.184863814,6.7181825779999995,1.818757537,0.03763292,8.434635022,7.175709094,8.042760273999999,1.6831868369999998,0.37654812299999996,32.78305739,9.594611915,2.70329143,1.869544884,9.081756342,17.00623283,1.558312895,1.3591075430000001
46,I3,2.0,2,1.46,1.037496719,0.39521184600000003,17.34082333,8.123919966,1.156883217,0.22739926300000002,0.049772189,0.599498048,0.34257580600000004,1.423461209,0.122462535,0.081963149,0.050599442,2.625313292,0,0.0,0.13955433,12.43700206,4.415927648,10.34318697,2.327302564,6.580848193,1.9413324930000002,0.063441642,10.48332522,8.894037099,10.16316207,1.423487954,0.446444776,32.21966499,9.072567949,3.10718619,1.647593065,10.54119312,18.368489800000003,1.448609306,1.396565761
47,I3,2.0,3,1.454,0.959626485,0.466679123,11.51220079,9.047489742,1.212740481,0.199214096,0.051622645999999994,0.698706811,0.39190966,1.965794685,0.160391891,0.10515094300000001,0.069173546,3.2636654330000003,0,0.0,0.13913102,10.3237676,3.8894345710000002,9.424883677999999,2.406449495,6.946334741,1.7905328390000002,0.032945554,9.264231069,7.425586435,8.265229133,1.5181370109999999,0.38897398200000005,31.72704809,8.936982461,2.7031565730000002,1.728986102,9.284116606,17.0292228,1.4362665559999999,1.297373221
48,WT,3.0,1,2.661,6.769754325,2.047936745,97.73319987,21.30028136,0.777318863,0.42618105799999995,0.165145877,2.588180257,0.012733483,0.0,0.196744494,0.0,0.0,0.0,0,0.0,0.029717465,5.275395875,3.2645817580000003,16.54096228,1.10897749,12.89382207,0.147993279,0.039779141000000004,5.777472949,3.510660316,1.1808158420000001,1.558622329,0.967565035,23.14556208,7.503485037999999,0.48270129700000003,1.501686714,8.124245521,18.55745518,0.5800779629999999,0.73404294
49,WT,3.0,2,2.7,6.790193686,2.022215776,101.4720714,22.51581114,0.8511935270000001,0.4264005,0.181294572,2.712867661,0.011971556999999999,0.0,0.19981433399999998,0.0,0.0,0.007267209,0,0.0,0.034526158,7.341006505,3.6147258339999997,19.74185228,1.170443831,12.96033892,0.201793308,0.041861892000000005,6.559117424,4.508826893999999,0.9828959820000001,2.1101743280000003,0.955509719,24.16788263,8.574967823,0.5192475000000001,1.542521002,10.46658148,18.42166135,0.86383737,0.9279820059999999
50,WT,3.0,3,2.688,7.475991218,2.147309746,106.4501946,21.51718133,0.8165152729999999,0.405704898,0.17066679199999998,2.2708382830000002,0.011379618000000001,0.0,0.189170605,0.0,0.0,0.006119838000000001,0,0.0,0.032970905,8.714102431,3.9937148660000004,20.1870316,1.17407575,13.227507500000002,0.200271625,0.056488167,8.372765506,4.9368455430000004,1.112998111,1.632985823,1.265703,20.83134858,8.829618474,0.549432062,1.303634711,12.18776378,20.05096228,0.7525055740000001,0.982771913
51,I1,3.0,1,1.84,1.463874696,0.40746174399999996,30.27904962,11.27215344,1.708421594,0.21951909100000003,0.038991302,0.591944454,0.49601991,0.269515398,0.142276015,0.0,0.018484296,1.058589242,0,0.0,0.062284302,9.423937202000001,4.27059759,15.61036688,1.717699864,12.40330247,0.071225814,0.03120601,8.077385307,6.291270096,5.798532961,0.409447754,0.313839677,25.12537936,9.106458113,2.234414662,1.754089721,8.168196764,17.087560999999997,1.099091378,0.6657300110000001
52,I1,3.0,2,1.879,2.096814246,0.69377925,46.09359042,16.15134461,2.267251597,0.30623171,0.052635129,1.071693941,0.704513788,0.57637223,0.27560435699999997,0.0,0.026723152000000003,1.722146049,0,0.0,0.131775321,11.87266432,4.764115136,19.67974736,1.918714958,14.18646034,0.10448263099999999,0.070966345,9.369460982,7.501345977000001,5.774341838,1.090498166,0.366116114,32.208547700000004,10.51474536,2.677806409,2.091064389,10.43263455,18.295492899999996,1.3984137819999998,0.887883689
53,I1,3.0,3,1.791,1.504662666,0.370530783,31.10670253,11.52282427,1.6255283809999999,0.20686385399999999,0.040030948999999996,0.634944257,0.527081941,0.505121309,0.1779252,0.0,0.020650638,1.0890950179999999,0,0.0,0.072136431,11.573836,4.758828485,19.54215174,2.280237846,15.8243215,0.106746887,0.049786221,9.071528661,7.112654714,6.053348413999999,1.0998355309999999,0.408015646,32.57871639,11.63992788,2.641288444,2.3937634219999997,10.51622539,18.17367234,1.546581336,0.9092775009999999
54,I2,3.0,1,2.0709999999999997,1.7291578380000001,0.9937586359999999,31.90544943,15.31652291,1.394273604,0.26975820699999997,0.090915224,1.286368444,1.155821242,1.295629216,0.34598032799999995,0.06327617,0.078963726,2.9982838839999997,0,4.261709933000001,0.160187672,10.72537294,4.106867875,16.69174394,1.819178032,12.33931567,0.111065069,0.062654145,8.563337771,6.669238867000001,4.469962009,0.401276584,0.306942732,33.80389729,10.33580525,2.3789578209999998,2.0921366630000002,9.977601299,17.74772693,1.305086682,1.638604666
55,I2,3.0,2,2.036,1.9555184669999999,1.173958065,47.94654539,17.14433184,1.600846446,0.362584489,0.112056365,1.6205522119999998,1.268189237,1.38695437,0.38994039,0.069517507,0.081131846,3.0687147830000003,0,4.773146007,0.166330065,9.574304177,4.020869394,15.86364415,1.7390334680000001,12.06357992,0.098708926,0.061622172999999995,7.798740277,6.330552642000001,3.391313228,0.394583636,0.28906611600000004,29.19554214,9.859130689,2.217050749,1.9320067859999999,9.256205968,17.1849806,1.336335282,1.541165275
56,I2,3.0,3,2.082,1.665354159,1.32943827,44.97642754,16.08865093,1.55264828,0.31389024600000004,0.101836871,1.522306471,1.23884219,1.613098286,0.383974242,0.06837945299999999,0.08288205,2.9513370919999997,0,4.69552241,0.16339658199999998,11.22944193,4.278393469,18.06645903,1.821306556,13.21933829,0.115395101,0.070040155,9.192003966,6.824300337,3.9762497569999997,1.1156708290000001,0.340835375,29.92576872,10.66538986,2.431714107,2.0898650290000003,10.05112634,17.73027802,1.17170235,1.608542341
57,I3,3.0,1,1.851,1.396793863,0.7609342579999999,33.44773060000001,13.16677112,1.555061385,0.24659826899999998,0.069034064,1.11862404,0.938061787,1.243944106,0.265512724,0.076708421,0.076321969,3.289536903,0,0.0,0.147958959,12.82807985,4.693261424,15.6545891,2.036379582,12.67220161,0.157991357,0.0,8.799146375,7.485645804,7.9043306179999995,1.282826827,0.291877523,31.09259738,11.02273751,2.645901814,2.237993372,10.32477083,17.96196674,1.597212111,1.3626624569999999
58,I3,3.0,2,1.824,1.302815153,0.633188051,21.29883202,11.31177273,1.5381428469999998,0.231518195,0.061030508,0.855166933,0.85685964,0.94982151,0.225443673,0.059148995,0.062115523,2.673253943,0,0.0,0.125404229,11.40535283,4.433603997,13.822506200000001,1.92077711,12.697524099999999,0.128012923,0.048514472999999995,9.039097314,6.771549131,7.062713545,1.238866325,0.24126825100000002,31.547653399999998,9.089287743,2.492030652,1.9060589630000002,8.896696536,17.27611367,1.0525090540000002,1.105700442
59,I3,3.0,3,1.828,1.855686255,1.1171925740000002,31.03642478,16.29266895,1.7551769990000001,0.318632393,0.09244382599999999,1.4764689640000002,1.247582899,1.6709667609999999,0.36795932600000003,0.076051787,0.083262027,4.026270563,0,0.0,0.23618392100000002,13.53060547,4.986562834,17.06368176,2.154210392,13.482447,0.19197001100000002,0.060956915,9.959498096,8.362481338,8.098362004,1.283922817,0.348938976,37.11057728,10.48132825,3.0327958489999998,2.314692323,11.93655682,18.74066714,1.795645688,1.64251768
