,Hour,avg_conc,metabolite,std_conc,strain,var_conc,%RSD
0,0.0,0.7106666666666667,OD600,0.002494438257849346,WT,6.22222222222248e-06,0.003509997548568498
1,0.0,14.66897073,pyr_c,3.514847992294408,WT,12.354156408936031,0.23961108498949252
2,0.0,0.264838844,oaa_c,0.06346721018863753,WT,0.004028086769128696,0.23964464287058104
3,0.0,13.638286973333331,lac__D_c,3.6160493829260294,WT,13.075813139759719,0.2651395582155162
4,0.0,4.609191653666667,succ_c,1.0793237278369632,WT,1.164939709471879,0.2341676825215867
5,0.0,1.5315577473333333,mal__L_c,0.23655263048324887,WT,0.05595714698854448,0.1544523090266245
6,0.0,0.15291177333333336,akg_c,0.039542802657700306,WT,0.0015636332420258304,0.25859881025315623
7,0.0,0.0,acon__C_c,0.0,WT,0.0,0.0
8,0.0,0.39940894833333335,cit_c,0.11724104714779729,WT,0.013745463136312027,0.2935363557502268
9,0.0,0.0,mev_R_c,0.0,WT,0.0,0.0
10,0.0,0.0,ip_c,0.0,WT,0.0,0.0
11,0.0,0.07012979133333334,dxyl5p_c,0.015028034933733248,WT,0.00022584183396950685,0.214288887048068
12,0.0,0.0,2me4p_c,0.0,WT,0.0,0.0
13,0.0,0.0,5dpmev_c,0.0,WT,0.0,0.0
14,0.0,0.004211653333333333,ex_con.id,0.0013244533451182375,WT,1.7541766633948893e-06,0.3144734953933145
15,0.0,0.0,h2mb4p_c,0.0,WT,0.0,0.0
16,0.0,0.0,2mecdp_c,0.0,WT,0.0,0.0
17,0.0,0.03581716166666666,4c2me_c,0.009242926073278465,WT,8.543168239609086e-05,0.25805858541494703
18,0.0,9.555631817666667,gly_c,1.4728642458589423,WT,2.169329086729631,0.1541357258173005
19,0.0,3.6245351916666664,ala__L_c,0.3724271966587545,WT,0.13870201681109862,0.10275171214091638
20,0.0,7.225097597666667,pro__L_c,0.953028306329405,WT,0.9082629526650943,0.13190525019858332
21,0.0,2.5000819143333333,val__L_c,0.22654272668296577,WT,0.05132160701295293,0.09061412163504058
22,0.0,1.7722182163333333,Betaine,0.20678538377078123,WT,0.042760194941229276,0.11668167151481719
23,0.0,1.7235021033333335,thr__L_c,0.2892939411691463,WT,0.08369098439717748,0.16785238649238565
24,0.0,0.05372370233333334,cys__L_c,0.010802543754625705,WT,0.00011669495157060282,0.20107593642002541
25,0.0,7.5923320819999995,leu__L_c,0.9247067571649707,WT,0.8550825867465561,0.12179482498628816
26,0.0,8.3391878,ile__L_c,1.1212620955337487,WT,1.2572286868807334,0.13445699058771032
27,0.0,8.514915014333333,asn__L_c,1.5467938047293164,WT,2.3925710743489947,0.181656986843153
28,0.0,5.086984076333334,asp__L_c,1.8585756909043143,WT,3.454303598820449,0.3653590542087885
29,0.0,3.0143484693333336,gln__L_c,0.2959331130349068,WT,0.08757640739053094,0.09817481822211374
30,0.0,33.31841048333333,lys__L_p,0.907413940521168,WT,0.8234000594521538,0.02723461075596863
31,0.0,9.829647866333334,glu__L_c,0.6097344845802917,WT,0.37177614168639395,0.06203014521696549
32,0.0,2.7590841853333337,met__L_c,0.3535647124834357,WT,0.12500800591349454,0.12814567759943882
33,0.0,3.6155606143333334,his__L_c,0.20788440413739367,WT,0.04321592548355922,0.057497142576802045
34,0.0,9.523169222,phe__L_c,1.4213931353090223,WT,2.0203584451036125,0.14925631396167816
35,0.0,20.69778275,arg__L_c,0.8230848163028762,WT,0.6774686148283395,0.039766811075591
36,0.0,2.272139329666667,tyr__L_c,0.40934915318204357,WT,0.16756672921085616,0.18016023394221028
37,0.0,1.9843839030000001,trp__L_c,0.30753235597726813,WT,0.09457614997292917,0.15497623998679863
38,0.0,0.49133333333333334,OD600,0.014383632673594264,I1,0.00020688888888888848,0.029274693365524282
39,0.0,12.356333168666666,pyr_c,2.8755964669152165,I1,8.269055040535276,0.23272247742616617
40,0.0,0.2731708096666667,oaa_c,0.02519235664572582,I1,0.0006346548333654459,0.09222199354486844
41,0.0,14.308644140333334,lac__D_c,3.2645540470721524,I1,10.657313126255168,0.2281525779140735
42,0.0,3.0382957263333332,succ_c,0.7257059008891975,I1,0.5266490545854018,0.23885295121189262
43,0.0,1.3796776493333331,mal__L_c,0.24167260417184872,I1,0.05840564760720307,0.17516599206244016
44,0.0,0.18139538233333333,akg_c,0.05989861298081291,I1,0.0035878438370252085,0.3302102413541202
45,0.0,0.0,acon__C_c,0.0,I1,0.0,0.0
46,0.0,0.298646899,cit_c,0.10189628424584313,I1,0.010382852743109659,0.3411931769157366
47,0.0,0.0,mev_R_c,0.0,I1,0.0,0.0
48,0.0,0.14579875933333333,ip_c,0.038829971986991806,I1,0.0015077667245105683,0.2663258052711994
49,0.0,0.030045418666666667,dxyl5p_c,0.010331317811775492,I1,0.00010673612772790954,0.34385667666656217
50,0.0,0.0,2me4p_c,0.0,I1,0.0,0.0
51,0.0,0.006148687333333333,5dpmev_c,0.004347871494006872,I1,1.8903986528397552e-05,0.7071219039608897
52,0.0,0.7037264113333332,ex_con.id,0.2010044399546258,I1,0.04040278488147277,0.285628671480139
53,0.0,0.0,h2mb4p_c,0.0,I1,0.0,0.0
54,0.0,0.0,2mecdp_c,0.0,I1,0.0,0.0
55,0.0,0.01429267,4c2me_c,0.004420425667789322,I1,1.954016308445067e-05,0.3092792086985372
56,0.0,11.477250163333332,gly_c,1.6972620060158552,I1,2.8806983170649647,0.14788054471777062
57,0.0,3.9994241229999994,ala__L_c,0.4446917522408075,I1,0.19775075451099972,0.1111889458493441
58,0.0,8.222044645666665,pro__L_c,1.0165758682829142,I1,1.033426495975161,0.1236402758793932
59,0.0,2.815461570666667,val__L_c,0.281066749458149,I1,0.07899851765096992,0.0998297232633141
60,0.0,2.4496454076666665,Betaine,0.17619545122151029,I1,0.03104483703115161,0.07192692079844314
61,0.0,2.4810289106666668,thr__L_c,0.373682749282807,I1,0.1396387971115572,0.15061603985194846
62,0.0,0.047844513666666665,cys__L_c,0.0038813770110122294,I1,1.5065087501614228e-05,0.0811248085423928
63,0.0,9.263494158999999,leu__L_c,1.2809478401654721,I1,1.640827369224588,0.1382791221302774
64,0.0,9.679905084666666,ile__L_c,1.3260360874324921,I1,1.758371705173272,0.1369885423290961
65,0.0,11.726947818333334,asn__L_c,2.0924878077501052,I1,4.378505225582841,0.17843413650044665
66,0.0,12.281970003666666,asp__L_c,3.1461855262843987,I1,9.89848336580144,0.2561629384655014
67,0.0,3.8195215423333337,gln__L_c,0.1423207254657621,I1,0.020255188897100825,0.037261401431661734
68,0.0,35.51647264666667,lys__L_p,0.8636713100332848,I1,0.7459281317746104,0.02431748554045507
69,0.0,11.226701599999998,glu__L_c,0.6032583261197284,I1,0.3639206080327766,0.05373424426990457
70,0.0,3.3197565889999994,met__L_c,0.4186019906215655,I1,0.1752276265523372,0.1260941817266367
71,0.0,3.8249785740000006,his__L_c,0.25554680363225557,I1,0.06530416884666258,0.06680999610542016
72,0.0,11.130693486666667,phe__L_c,1.4826307516698292,I1,2.1981939457970427,0.13320201058863546
73,0.0,21.294107313333335,arg__L_c,1.0054260549291332,I1,1.0108815519303602,0.04721616361440915
74,0.0,2.377942207,tyr__L_c,0.2889705226403785,I1,0.0835039629550535,0.12152125555857905
75,0.0,2.284742827,trp__L_c,0.28565568255087,I1,0.0815991689736034,0.1250274994520729
76,0.0,0.5596666666666668,OD600,0.02948822740612862,I2,0.000869555555555555,0.05268891138676941
77,0.0,14.802031606666667,pyr_c,1.626314955779198,I2,2.6449003353910947,0.10987106358067256
78,0.0,0.29358730566666663,oaa_c,0.07155138023377744,I2,0.0051196000133585965,0.24371414857771642
79,0.0,21.192657956666665,lac__D_c,2.978192920445211,I2,8.869633071389975,0.14052946669241875
80,0.0,4.321580136333333,succ_c,0.2881948592033386,I2,0.08305627687123215,0.06668738056720591
81,0.0,1.686256202,mal__L_c,0.12227572735966916,I2,0.014951353501336145,0.07251313721760838
82,0.0,0.162129081,akg_c,0.01492331459721418,I2,0.0002227053185674258,0.09204588408919791
83,0.0,0.0,acon__C_c,0.0,I2,0.0,0.0
84,0.0,0.36767086,cit_c,0.03788874823715779,I2,0.0014355572429787277,0.10305072378365203
85,0.0,0.0,mev_R_c,0.0,I2,0.0,0.0
86,0.0,0.06357836333333333,ip_c,0.004870545026506055,I2,2.3722208855222865e-05,0.07660695826613846
87,0.0,0.05470656733333334,dxyl5p_c,0.005595880247614093,I2,3.131387574563757e-05,0.1022890033205293
88,0.0,0.03369467166666667,2me4p_c,0.0033859540836796488,I2,1.1464685056786889e-05,0.10048930338826516
89,0.0,0.001679169,5dpmev_c,0.002374703573316468,I2,5.639217061122001e-06,1.4142135623730951
90,0.0,0.057869323666666674,ex_con.id,0.007361678732867766,I2,5.419431376595755e-05,0.1272121093944661
91,0.0,0.0,h2mb4p_c,0.0,I2,0.0,0.0
92,0.0,0.0,2mecdp_c,0.0,I2,0.0,0.0
93,0.0,0.031765663,4c2me_c,0.0024835128627156335,I2,6.167836139274001e-06,0.0781823084478241
94,0.0,11.369360403333332,gly_c,0.3941532813014067,I2,0.15535680916066583,0.03466802593273819
95,0.0,3.9913614056666673,ala__L_c,0.07844257380330621,I2,0.006153237384887143,0.019653087212783766
96,0.0,8.124408406333332,pro__L_c,0.2455246828520784,I2,0.060282369889613684,0.030220622914608915
97,0.0,2.9045184606666665,val__L_c,0.07697789242554139,I2,0.005925595922278222,0.026502807080755426
98,0.0,2.3756539243333332,Betaine,0.03040026481988203,I2,0.000924176101118957,0.012796588134533564
99,0.0,2.387555521,thr__L_c,0.054626485575749055,I2,0.0029840529263575194,0.022879671318750898
100,0.0,0.051129274,cys__L_c,0.0049546291923820785,I2,2.4548350434004686e-05,0.09690396136628261
101,0.0,8.946656172666666,leu__L_c,0.5102554174125421,I2,0.26036059099884756,0.05703308672702171
102,0.0,9.540155170333334,ile__L_c,0.30365726851882346,I2,0.09220773672431286,0.03182938464807105
103,0.0,10.279050052,asn__L_c,0.4774896108975878,I2,0.2279963285151298,0.04645269830208506
104,0.0,9.562249823,asp__L_c,1.1565538433187252,I2,1.3376167924953144,0.1209499714739596
105,0.0,3.5894603116666666,gln__L_c,0.15116822064737628,I2,0.02285183093369384,0.04211447056707684
106,0.0,35.40124325333334,lys__L_p,0.4586017927982661,I2,0.21031560435778376,0.012954397943498345
107,0.0,10.556401750000001,glu__L_c,0.17990247188413572,I2,0.03236489939002224,0.017042025885774543
108,0.0,3.2433571896666664,met__L_c,0.10635053120961391,I2,0.011310435488567062,0.032790261753607226
109,0.0,3.7321376313333334,his__L_c,0.053364911454363693,I2,0.002847813774532077,0.014298752277069345
110,0.0,11.006240323333335,phe__L_c,0.3003401201256481,I2,0.09020418775708873,0.02728816664932567
111,0.0,21.269919023333333,arg__L_c,0.47152368361191555,I2,0.22233458420694982,0.02216856975781849
112,0.0,2.4922390266666667,tyr__L_c,0.09150639391669199,I2,0.008373420127636805,0.03671654000181534
113,0.0,2.341220270666667,trp__L_c,0.09868295648458102,I2,0.009738325900537711,0.04215022299310643
114,0.0,0.421,OD600,0.0156418242755334,I3,0.000244666666666666,0.037153976901504515
115,0.0,12.882234126666667,pyr_c,0.6352448599209247,I3,0.4035360320559553,0.049311699638026764
116,0.0,0.297858233,oaa_c,0.10769922654103131,I3,0.011599123397536383,0.36157881370709444
117,0.0,16.84311861,lac__D_c,0.7268928401658057,I3,0.5283732010843115,0.04315666575750639
118,0.0,3.4289833366666667,succ_c,0.10909927981640002,I3,0.01190265285645715,0.03181680081375258
119,0.0,1.5988424676666666,mal__L_c,0.05485213394082096,I3,0.0030087565978617627,0.03430740366865009
120,0.0,0.17111963133333333,akg_c,0.016374945389796988,I3,0.00026813883651883365,0.0956929679090959
121,0.0,0.0,acon__C_c,0.0,I3,0.0,0.0
122,0.0,0.35048432399999996,cit_c,0.0410156072482051,I3,0.0016822800379390145,0.11702551138408433
123,0.0,0.0,mev_R_c,0.0,I3,0.0,0.0
124,0.0,0.072942907,ip_c,0.001203737541029049,I3,1.4489840676826613e-06,0.01650246186416794
125,0.0,0.045424055,dxyl5p_c,0.0013753228510726715,I3,1.891512944682662e-06,0.03027741250913578
126,0.0,0.027924069333333332,2me4p_c,0.0013658245529267487,I3,1.865476709377553e-06,0.04891208858647066
127,0.0,0.0012056306666666666,5dpmev_c,0.0017050192400129163,I3,2.9070906088142226e-06,1.4142135623730954
128,0.0,0.06935036766666668,ex_con.id,0.0034825554810694543,I3,1.2128192678726898e-05,0.05021682794543205
129,0.0,0.0,h2mb4p_c,0.0,I3,0.0,0.0
130,0.0,0.0,2mecdp_c,0.0,I3,0.0,0.0
131,0.0,0.019331525666666665,4c2me_c,0.0003742154051357169,I3,1.4003716944088875e-07,0.01935777918351143
132,0.0,12.275929676666665,gly_c,0.701291120103185,I3,0.4918092351355798,0.05712733280283905
133,0.0,4.0567049729999995,ala__L_c,0.146552830007667,I3,0.021477731983256143,0.036126075468408736
134,0.0,8.390131905666665,pro__L_c,0.36651657384997766,I3,0.13433439890672613,0.04368424453522997
135,0.0,3.055010135333333,val__L_c,0.08897198199087317,I3,0.007916013579384259,0.02912330174026261
136,0.0,2.573188022666667,Betaine,0.03142579670949106,I3,0.0009875806988262593,0.012212786797026837
137,0.0,2.567431725,thr__L_c,0.16128860620989866,I3,0.02601401449313176,0.06282099135855254
138,0.0,0.03807015666666667,cys__L_c,0.004286331418006491,I3,1.837263702498954e-05,0.11259032778710633
139,0.0,10.181772066333332,leu__L_c,0.32350952530150234,I3,0.10465841296080339,0.03177340085732295
140,0.0,9.953592906666666,ile__L_c,0.5036927152137075,I3,0.25370635135935704,0.05060411048922313
141,0.0,12.172073656666667,asn__L_c,0.7012350842661965,I3,0.49173064340581973,0.057610157812521025
142,0.0,11.012046733,asp__L_c,1.0766990919227697,I3,1.159280934547317,0.0977746569760012
143,0.0,4.304316728666667,gln__L_c,0.3272849561878148,I3,0.10711544254685984,0.07603644824928966
144,0.0,35.51883779333334,lys__L_p,0.5122562640604195,I3,0.2624064800691382,0.014422100943757983
145,0.0,10.42871415,glu__L_c,0.26952908403715964,I3,0.07264592714191026,0.02584490093029922
146,0.0,3.500008246666667,met__L_c,0.14140254965482538,I3,0.019994681048885358,0.04040063328121988
147,0.0,3.6794453766666666,his__L_c,0.13876041286833937,I3,0.019254452179392003,0.037712317662953625
148,0.0,11.374014576666667,phe__L_c,0.4993485940099996,I3,0.2493490183397634,0.04390258080329817
149,0.0,21.304259203333334,arg__L_c,0.5529945471411353,I3,0.3058029691678293,0.025956994883662134
150,0.0,2.2856435669999997,tyr__L_c,0.10399043123458132,I3,0.010814009788354187,0.045497221323564895
151,0.0,2.084549163,trp__L_c,0.10621976142117398,I3,0.01128263771637112,0.05095574779743104
152,0.5,1.0756666666666668,OD600,0.01887385022252272,WT,0.00035622222222222094,0.01754618861715778
153,0.5,8.097331323333334,pyr_c,1.7824060284901804,WT,3.1769712503981378,0.2201226499592508
154,0.5,0.6092511403333333,oaa_c,0.06845509989997428,WT,0.004686100702315459,0.11235941201935404
155,0.5,13.15381291,lac__D_c,1.658485886486928,WT,2.750575435676332,0.12608404101795365
156,0.5,6.888751755666667,succ_c,0.7162267966303284,WT,0.5129808242113418,0.10397047564403265
157,0.5,1.2453570646666667,mal__L_c,0.11850373609685969,WT,0.014043135468914164,0.09515643300949876
158,0.5,0.3167130046666667,akg_c,0.03686161841492993,WT,0.0013587789121679013,0.11638807965503643
159,0.5,0.041135077,acon__C_c,0.0011304874777466562,WT,1.2780019373419963e-06,0.02748232312161847
160,0.5,0.7419743143333334,cit_c,0.030077431049607216,WT,0.0009046518585438762,0.04053702462278886
161,0.5,0.0,mev_R_c,0.0,WT,0.0,0.0
162,0.5,0.0,ip_c,0.0,WT,0.0,0.0
163,0.5,0.08647334766666666,dxyl5p_c,0.005385467748818753,WT,2.900326287356693e-05,0.06227893211187333
164,0.5,0.04145949466666667,2me4p_c,0.005514617045082539,WT,3.0411001153914872e-05,0.1330121625798849
165,0.5,0.0,5dpmev_c,0.0,WT,0.0,0.0
166,0.5,0.003237363333333333,ex_con.id,0.00023522475358733443,WT,5.5330684700222205e-08,0.07265936176065124
167,0.5,0.0,h2mb4p_c,0.0,WT,0.0,0.0
168,0.5,0.0,2mecdp_c,0.0,WT,0.0,0.0
169,0.5,0.06452326400000001,4c2me_c,0.0028599366989767437,WT,8.179237922153993e-06,0.044324116941398733
170,0.5,12.17049606,gly_c,1.5465262145053997,WT,2.3917433321524015,0.1270717485040129
171,0.5,4.237356574,ala__L_c,0.30909520506288035,WT,0.09553984579286405,0.07294529022161078
172,0.5,8.588866590333334,pro__L_c,0.8526609068685442,WT,0.7270306221018883,0.0992751369346223
173,0.5,2.531561466,val__L_c,0.19606857009251966,WT,0.038442884178125296,0.07744965813621674
174,0.5,2.933994274333333,Betaine,0.15044022017789682,WT,0.022632259847174076,0.05127488539904533
175,0.5,2.3594759809999997,thr__L_c,0.16967812141355582,WT,0.02879066488643339,0.07191347688211785
176,0.5,0.04246368066666667,cys__L_c,0.030395925207397787,WT,0.0009239122692137203,0.7158099517091112
177,0.5,9.394403869666668,leu__L_c,0.8679977178602365,WT,0.7534200382105787,0.09239518865724843
178,0.5,9.023192711,ile__L_c,0.9908925232062641,WT,0.9818679925460766,0.10981617648465893
179,0.5,7.716442790333333,asn__L_c,0.9815282063309578,WT,0.9633976198232673,0.12719957019062642
180,0.5,3.072791414333334,asp__L_c,0.3438395945188704,WT,0.11822566675890123,0.11189812393870838
181,0.5,1.8604530866666664,gln__L_c,0.30861931008202603,WT,0.09524587855550573,0.16588395176089743
182,0.5,35.43157560333333,lys__L_p,0.6949281936548093,WT,0.4829251943363361,0.01961324558170176
183,0.5,12.391047686666667,glu__L_c,0.7989464269177523,WT,0.6383153930846434,0.06447771383992454
184,0.5,3.0320655779999997,met__L_c,0.26133133032463207,WT,0.06829406420924196,0.08618920785249326
185,0.5,3.6341114106666663,his__L_c,0.15200545633774482,WT,0.023105658756446046,0.04182740680200002
186,0.5,11.041450608333333,phe__L_c,1.2196350214126728,WT,1.4875095854562908,0.11045967279808103
187,0.5,21.759131936666666,arg__L_c,1.0568963872375399,WT,1.1170299733557638,0.048572543716992066
188,0.5,2.049554203333333,tyr__L_c,0.20616735013507517,WT,0.04250497626171868,0.10059131385731143
189,0.5,1.8911153303333332,trp__L_c,0.18988305466402977,WT,0.03605557444854292,0.1004079717499622
190,0.5,0.7646666666666667,OD600,0.014197026292697899,I1,0.00020155555555555543,0.01856629419271739
191,0.5,17.735217713333334,pyr_c,2.743315720256911,I1,7.525781141008694,0.1546818180976987
192,0.5,0.05050697666666667,oaa_c,0.07142765139646146,I1,0.005101909384014422,1.414213562373095
193,0.5,14.387673992333333,lac__D_c,4.557465385356885,I1,20.770490738726178,0.3167617912238901
194,0.5,4.450421405666667,succ_c,0.9535916909939828,I1,0.9093371131327636,0.2142699767217069
195,0.5,1.6108139183333332,mal__L_c,0.19812670916990974,I1,0.03925419288649799,0.12299788753682128
196,0.5,0.14083220733333332,akg_c,0.039536933511705355,I1,0.00156316911150901,0.2807378671423226
197,0.5,0.0,acon__C_c,0.0,I1,0.0,0.0
198,0.5,0.20864890466666663,cit_c,0.05480994659801105,I1,0.003004130246076823,0.2626898362374551
199,0.5,0.06093205999999999,mev_R_c,0.01098279539219723,I1,0.0001206217946268687,0.1802465794230038
200,0.5,1.0878206996666666,ip_c,0.3290259587174497,I1,0.10825808150993693,0.3024634103931566
201,0.5,0.021549819666666664,dxyl5p_c,0.007081543701167344,I1,5.014826119154288e-05,0.3286126664030094
202,0.5,0.0,2me4p_c,0.0,I1,0.0,0.0
203,0.5,0.010274388666666667,5dpmev_c,0.002279983533504476,I1,5.198324913051556e-06,0.22190941062035704
204,0.5,2.3144536913333336,ex_con.id,0.6870116645261953,I1,0.47198502719505353,0.29683534697573266
205,0.5,0.0,h2mb4p_c,0.0,I1,0.0,0.0
206,0.5,0.0,2mecdp_c,0.0,I1,0.0,0.0
207,0.5,0.012461991333333334,4c2me_c,0.002560371200834536,I1,6.555500686062885e-06,0.20545441995181424
208,0.5,14.180482036666668,gly_c,1.146255506998387,I1,1.3139016873241294,0.08083332456784603
209,0.5,4.650348533666667,ala__L_c,0.1923759081726088,I1,0.037008490045236014,0.04136806236777395
210,0.5,10.077469141,pro__L_c,0.6133361653340766,I1,0.3761812517067098,0.06086212289539341
211,0.5,3.1642810583333336,val__L_c,0.14304561296388507,I1,0.020462047388213604,0.04520635503826862
212,0.5,3.6911953870000005,Betaine,0.06541177655517862,I1,0.004278700512104615,0.017721027931913866
213,0.5,2.944945986333334,thr__L_c,0.2184588730650015,I1,0.04772427922083044,0.07418094392182664
214,0.5,0.04580799333333333,cys__L_c,0.032527127751953724,I1,0.0010580140397919182,0.7100753686209726
215,0.5,10.820517774333332,leu__L_c,0.9124108821640723,I1,0.8324936178914206,0.08432229410762067
216,0.5,11.13790297,ile__L_c,0.7918536583197779,I1,0.6270322161944156,0.07109539923741838
217,0.5,12.527987123333332,asn__L_c,1.2929516667213328,I1,1.6717240124774724,0.10320506031756808
218,0.5,8.251293891,asp__L_c,0.33140070614741995,I1,0.10982642803500858,0.04016348351243328
219,0.5,2.8764305599999997,gln__L_c,0.1425299865789713,I1,0.02031479707420174,0.049550991621703296
220,0.5,37.00147008333333,lys__L_p,0.7152527394750644,I1,0.5115864813265844,0.019330387086356267
221,0.5,13.35154808,glu__L_c,0.290338456826709,I1,0.08429641951251476,0.02174567736168531
222,0.5,3.847373813333333,met__L_c,0.2634227460390308,I1,0.06939154313074372,0.06846819644249841
223,0.5,3.6437784003333333,his__L_c,0.08804586592655131,I1,0.007752074506756248,0.024163342622179455
224,0.5,12.99638133,phe__L_c,0.8098423608079348,I1,0.6558446493589692,0.062312911590132206
225,0.5,22.40508933,arg__L_c,0.6133544627673967,I1,0.3762036969966818,0.027375675844600468
226,0.5,2.6650785933333334,tyr__L_c,0.1281502636931964,I1,0.016422490084635772,0.048084984815743505
227,0.5,2.5151478263333336,trp__L_c,0.14575498028664083,I1,0.021244514278359057,0.05795086028765446
228,0.5,0.874,OD600,0.033256578296631804,I2,0.0011060000000000015,0.0380510049160547
229,0.5,19.860711266666666,pyr_c,4.444515268404213,I2,19.75371597107817,0.22378429496952051
230,0.5,0.26195763766666663,oaa_c,0.0746840866784798,I2,0.0055777128029986835,0.2850998632592385
231,0.5,13.54866217,lac__D_c,2.72896261317467,I2,7.447236944105122,0.2014193415507289
232,0.5,5.222643057333333,succ_c,0.7236216169126889,I2,0.5236282444633342,0.13855467604599578
233,0.5,1.6695687606666665,mal__L_c,0.26283446482959516,I2,0.0690819559022597,0.157426558894552
234,0.5,0.184100374,akg_c,0.03362118684453278,I2,0.0011303842048349842,0.18262421805038148
235,0.5,0.0,acon__C_c,0.0,I2,0.0,0.0
236,0.5,0.3338923326666667,cit_c,0.04812745941301563,I2,0.002316252349551467,0.14414065464948103
237,0.5,0.016145130666666667,mev_R_c,0.002491454253557192,I2,6.207344297568224e-06,0.15431614057488324
238,0.5,0.9010554136666666,ip_c,0.0476485610529489,I2,0.002270385370416599,0.05288083322095865
239,0.5,0.08322808366666667,dxyl5p_c,0.01337874195218924,I2,0.00017899073622326835,0.16074792741560506
240,0.5,0.047215173666666665,2me4p_c,0.005485361510389041,I2,3.008919089965754e-05,0.1161779378196302
241,0.5,0.010037076333333332,5dpmev_c,0.001466465567007134,I2,2.1505212592175555e-06,0.14610485347580476
242,0.5,0.524703486,ex_con.id,0.0883780146705638,I2,0.007810673477110391,0.16843420527715686
243,0.5,0.0,h2mb4p_c,0.0,I2,0.0,0.0
244,0.5,0.0,2mecdp_c,0.0,I2,0.0,0.0
245,0.5,0.05548751833333334,4c2me_c,0.0069632603285837,I2,4.848699440362758e-05,0.1254923726585303
246,0.5,13.98522122,gly_c,1.7459936685096746,I2,3.0484938904758714,0.12484562389422645
247,0.5,4.605277909000001,ala__L_c,0.2744268746840517,I2,0.07531010954885621,0.05958964477425887
248,0.5,9.831952381,pro__L_c,0.8982627755566551,I2,0.8068760139507458,0.09136158727665578
249,0.5,3.0512116866666665,val__L_c,0.1736564662753102,I2,0.030156568279227948,0.05691393587477483
250,0.5,3.3332131056666667,Betaine,0.11482560862599688,I2,0.013184920396330608,0.03444892510196432
251,0.5,2.848048069666666,thr__L_c,0.2543211861293114,I2,0.06467926571421986,0.0892966621027141
252,0.5,0.07386401799999999,cys__L_c,0.010928150296162323,I2,0.00011942446889551267,0.14794957804979314
253,0.5,10.953860745,leu__L_c,1.2940300379303544,I2,1.6745137390660345,0.11813460733659842
254,0.5,10.908219936333333,ile__L_c,0.8930987561128494,I2,0.7976253881703188,0.08187392272300055
255,0.5,11.678570162,asn__L_c,1.4439273522472433,I2,2.0849261985677345,0.12363905274513205
256,0.5,3.144879721666667,asp__L_c,0.11661596331661168,I2,0.013599282900261323,0.03708121570220487
257,0.5,2.630491436333333,gln__L_c,0.22565885835813673,I2,0.05092192035549761,0.08578581752491267
258,0.5,37.272032356666664,lys__L_p,0.6277890563393027,I2,0.3941190992593922,0.016843435054246864
259,0.5,11.909776563333333,glu__L_c,0.18132077024369742,I2,0.032877221721767706,0.01522453165090689
260,0.5,3.746588371,met__L_c,0.3027301938606605,I2,0.0916455702749131,0.08080156235040546
261,0.5,3.5774901920000004,his__L_c,0.12422160653452978,I2,0.015431007530019532,0.034723115890663986
262,0.5,12.513243323333333,phe__L_c,0.8007414964012787,I2,0.641186944058959,0.06399152287785718
263,0.5,22.424058376666665,arg__L_c,0.9307465784219284,I2,0.866289193244127,0.04150660700163071
264,0.5,2.3847723849999998,tyr__L_c,0.015142435093541438,I2,0.00022929334056211528,0.006349635373499782
265,0.5,2.507571401,trp__L_c,0.12652676278896471,I2,0.016009021701854947,0.05045789034701338
266,0.5,0.6733333333333333,OD600,0.020072092289766096,I3,0.0004028888888888876,0.029810038054108062
267,0.5,13.831590513333333,pyr_c,1.9149549845266303,I3,3.667052592763387,0.13844792344601714
268,0.5,0.153769289,oaa_c,0.10881614306743058,I3,0.01184095299207152,0.7076584913352274
269,0.5,17.56991263,lac__D_c,3.636012983394344,I3,13.22059041541224,0.20694542198155166
270,0.5,4.367678882000001,succ_c,0.24361259843079505,I3,0.05934709811420381,0.05577621547105189
271,0.5,1.5903257210000001,mal__L_c,0.09470647314196129,I3,0.008969316054989036,0.05955162008095402
272,0.5,0.163494012,akg_c,0.008179164077061792,I3,6.689872499949807e-05,0.050027300553746226
273,0.5,0.0,acon__C_c,0.0,I3,0.0,0.0
274,0.5,0.3446089176666667,cit_c,0.022515805372583814,I3,0.0005069614915760741,0.06533726847534138
275,0.5,0.010632097,mev_R_c,0.000713507347957025,I3,5.090927355886672e-07,0.06710880722373254
276,0.5,1.0309362526666666,ip_c,0.05635080609964027,I3,0.0031754133480792553,0.05465983561435609
277,0.5,0.08988164100000001,dxyl5p_c,0.005077419267123018,I3,2.5780186414152043e-05,0.056490059712227744
278,0.5,0.052965141,2me4p_c,0.004224909336410427,I3,1.7849858900887995e-05,0.07976773509222655
279,0.5,0.009510286,5dpmev_c,0.0005475196546627341,I3,2.9977777224199956e-07,0.05757131327730145
280,0.5,0.42379431366666664,ex_con.id,0.0075971635527798675,I3,5.7716894047686816e-05,0.017926534896254835
281,0.5,0.0,h2mb4p_c,0.0,I3,0.0,0.0
282,0.5,0.0,2mecdp_c,0.0,I3,0.0,0.0
283,0.5,0.04990440733333334,4c2me_c,0.0020145227986320307,I3,4.058302106208229e-06,0.04036763296628598
284,0.5,10.320777875666666,gly_c,1.659763936410522,I3,2.7548163246089508,0.1608177170757403
285,0.5,3.7102749616666664,ala__L_c,0.3759964356220947,I3,0.14137331960052002,0.10133923752464859
286,0.5,7.562618131000001,pro__L_c,0.9630069318920066,I3,0.9273823508720558,0.1273377704930698
287,0.5,2.658207703,val__L_c,0.21745345792653503,I3,0.04728600636420734,0.08180453983378402
288,0.5,3.246128311333333,Betaine,0.1609154699127659,I3,0.025893788457246266,0.04957150626207704
289,0.5,2.1710364846666668,thr__L_c,0.33835946710164766,I3,0.11448712897731099,0.155851580335647
290,0.5,0.03322137333333333,cys__L_c,0.0038225953590394,I3,1.461223527894956e-05,0.11506433887258725
291,0.5,9.017101669,leu__L_c,1.1491650833561113,I3,1.3205803888048584,0.12744284422419672
292,0.5,8.489450278,ile__L_c,1.0687260781990076,I3,1.1421754302226312,0.125888725795186
293,0.5,10.476520274,asn__L_c,1.7113622334623204,I3,2.9287606941211415,0.16335216166282582
294,0.5,4.023248603666667,asp__L_c,0.559901410820706,I3,0.313489589839017,0.1391664960277197
295,0.5,2.832893664666667,gln__L_c,0.14976836180665348,I3,0.02243056219824866,0.052867625662990074
296,0.5,35.85680252666666,lys__L_p,0.9487216536733041,I3,0.9000727761486087,0.02645862393803075
297,0.5,10.887077253333333,glu__L_c,0.3901242066386711,I3,0.15219689660545255,0.035833695082785
298,0.5,3.0780696096666667,met__L_c,0.3352145790473937,I3,0.11236881400592137,0.10890415798091554
299,0.5,3.2345231093333333,his__L_c,0.18779212833850203,I3,0.03526588346590442,0.05805867572768952
300,0.5,9.680112574333334,phe__L_c,1.139243734693818,I3,1.2978762870391185,0.11768909978531704
301,0.5,20.091983616666667,arg__L_c,0.9989391413579951,I3,0.9978794081370486,0.049718293644702996
302,0.5,1.790378328,tyr__L_c,0.18635135575955689,I3,0.03472682779342494,0.10408490364588287
303,0.5,1.7121147890000001,trp__L_c,0.1922811634298861,I3,0.03697204580995057,0.11230623359207843
304,1.0,1.5056666666666667,OD600,0.04317663977456115,WT,0.0018642222222222157,0.028676094603427814
305,1.0,0.9804154086666667,pyr_c,0.09150651096986846,WT,0.008373441549878657,0.09333442759158016
306,1.0,1.0376827243333333,oaa_c,0.17898183639094775,WT,0.032034497757875986,0.17248223584519623
307,1.0,13.711974626666667,lac__D_c,0.8211239058338563,WT,0.6742444687318477,0.05988370954515605
308,1.0,10.743009906666666,succ_c,0.5121099364968889,WT,0.2622565870588475,0.0476691300618735
309,1.0,0.8837198036666667,mal__L_c,0.047278183269124766,WT,0.002235226613228949,0.053499065057681774
310,1.0,0.3738923496666667,akg_c,0.013636174741842927,WT,0.000185945261590075,0.0364708578659068
311,1.0,0.07313585499999999,acon__C_c,0.003819266987868047,WT,1.4586800324618664e-05,0.052221540144270516
312,1.0,1.3981194486666666,cit_c,0.1097333356611926,WT,0.012041404955331963,0.07848638094966859
313,1.0,0.011311947333333334,mev_R_c,0.000896961164828717,WT,8.045393312108889e-07,0.07929325856969015
314,1.0,0.0,ip_c,0.0,WT,0.0,0.0
315,1.0,0.16288846,dxyl5p_c,0.006191193858540755,WT,3.8330881394032765e-05,0.0380087936158323
316,1.0,0.09216123866666669,2me4p_c,0.006648626447994117,WT,4.420423364496687e-05,0.07214124445572175
317,1.0,0.0,5dpmev_c,0.0,WT,0.0,0.0
318,1.0,0.0035966809999999996,ex_con.id,0.0003216054101918475,WT,1.0343003986466648e-07,0.08941727392333307
319,1.0,0.0,h2mb4p_c,0.0,WT,0.0,0.0
320,1.0,0.0,2mecdp_c,0.0,WT,0.0,0.0
321,1.0,0.15568922333333335,4c2me_c,0.017487335219400955,WT,0.00030580689307570106,0.11232206600427484
322,1.0,11.949129523333333,gly_c,1.0591927591684587,WT,1.1218893010748925,0.08864183429430146
323,1.0,4.351541042333333,ala__L_c,0.17634566284101558,WT,0.031097792802837143,0.040524876388723555
324,1.0,9.119203967666666,pro__L_c,0.35134343129159673,WT,0.12344220671175295,0.03852786192055041
325,1.0,2.3226663223333333,val__L_c,0.07338111922251855,WT,0.005384788658349482,0.03159348310901603
326,1.0,3.8011672686666667,Betaine,0.24850030949132537,WT,0.061752403817284494,0.0653747367393521
327,1.0,1.7707901323333335,thr__L_c,0.06469317644271634,WT,0.004185207078248428,0.03653350855161559
328,1.0,0.06365164066666666,cys__L_c,0.008650220380170527,WT,7.482631262551753e-05,0.13589940949786875
329,1.0,8.913945322333333,leu__L_c,0.708730549206105,WT,0.5022989913779873,0.07950806557343636
330,1.0,8.500737246999998,ile__L_c,0.4564110412440463,WT,0.20831103856947453,0.05369075975205782
331,1.0,5.144448132333333,asn__L_c,0.5154142239805818,WT,0.26565182228150536,0.10018843823910978
332,1.0,2.0427612036666667,asp__L_c,0.09211515020513093,WT,0.008485200897313833,0.045093450002765025
333,1.0,0.8161055123333333,gln__L_c,0.03479830238713132,WT,0.0012109218490262295,0.04263946494815265
334,1.0,36.72782314,lys__L_p,1.2535732897130056,WT,1.5714459926818871,0.0341314344968011
335,1.0,13.440242406666668,glu__L_c,0.6352245707252859,WT,0.4035102552531238,0.04726288049761662
336,1.0,2.9467591363333328,met__L_c,0.1086828514502447,WT,0.011811962199355956,0.036882163224741644
337,1.0,3.441806479,his__L_c,0.1668055607637906,WT,0.02782409510172264,0.04846453796328931
338,1.0,10.578404893,phe__L_c,0.5868742884898036,WT,0.34442143049041324,0.05547852388200354
339,1.0,20.61075016,arg__L_c,0.886802390884448,WT,0.7864184804783734,0.04302620642141868
340,1.0,1.7927423763333332,tyr__L_c,0.0978638804223322,WT,0.009577339091316535,0.05458892572311009
341,1.0,1.654501583,trp__L_c,0.03918873044767872,WT,0.0015357565941008212,0.023686124480231892
342,1.0,1.0306666666666666,OD600,0.027353650985238214,I1,0.0007482222222222235,0.02653976486277964
343,1.0,9.996420548,pyr_c,2.5298628098050946,I1,6.400205836434928,0.2530768686308669
344,1.0,0.10973707633333334,oaa_c,0.0790336626353098,I1,0.006246319829551964,0.7202092973138816
345,1.0,15.866937923333333,lac__D_c,0.9937107853192274,I1,0.9874611248597557,0.06262776032279757
346,1.0,5.806300150333333,succ_c,0.6210420978983267,I1,0.38569328736195474,0.10696004026982198
347,1.0,1.3608624473333333,mal__L_c,0.11270777578622751,I1,0.012703042722678533,0.08282084350779396
348,1.0,0.16706141233333335,akg_c,0.017623885443712302,I1,0.00031060133813309436,0.10549345415892819
349,1.0,0.0,acon__C_c,0.0,I1,0.0,0.0
350,1.0,0.25595253933333334,cit_c,0.033591907513233814,I1,0.0011284162503776543,0.1312427202352786
351,1.0,0.097399976,mev_R_c,0.002549446606472214,I1,6.499677999252688e-06,0.026175022943252205
352,1.0,2.056703606,ip_c,0.3119838745458153,I1,0.097333937976619,0.1516912177504177
353,1.0,0.038002005,dxyl5p_c,0.0023754108795491905,I1,5.642576846680659e-06,0.06250751452585701
354,1.0,0.0,2me4p_c,0.0,I1,0.0,0.0
355,1.0,0.011259502666666666,5dpmev_c,0.0005382141520549431,I1,2.8967447347222145e-07,0.047800881441087614
356,1.0,0.9635341386666666,ex_con.id,0.056619554989021145,I1,0.003205774007154789,0.058762375630375674
357,1.0,0.0,h2mb4p_c,0.0,I1,0.0,0.0
358,1.0,0.0,2mecdp_c,0.0,I1,0.0,0.0
359,1.0,0.028663038333333335,4c2me_c,0.0008141215116333831,I1,6.627938357042248e-07,0.02840318259933422
360,1.0,11.429722317999998,gly_c,2.1677832436883984,I1,4.699284191616194,0.18966193433015288
361,1.0,3.9965234413333337,ala__L_c,0.47871372058002337,I1,0.2291668262715687,0.11978253790006879
362,1.0,8.513509889666667,pro__L_c,1.1310176650396104,I1,1.2792009586316524,0.13284975053736547
363,1.0,2.424736862,val__L_c,0.20026029668300133,I1,0.040104186427563714,0.08259052758319527
364,1.0,4.373032801,Betaine,0.1610216554789179,I1,0.025927973533171327,0.03682150644790416
365,1.0,2.2611600653333332,thr__L_c,0.3392539712991445,I1,0.11509325704224074,0.15003536304234733
366,1.0,0.03941007566666666,cys__L_c,0.02827058164380481,I1,0.0007992257864790336,0.717344008240925
367,1.0,9.391362423333334,leu__L_c,1.4072339518767611,I1,1.9803073953146866,0.14984342936019746
368,1.0,8.691654007666667,ile__L_c,1.3883389733966052,I1,1.9274851050519395,0.15973242517154845
369,1.0,9.189878305,asn__L_c,1.851475780787805,I1,3.4279625668438123,0.20146902051798224
370,1.0,2.9231777536666663,asp__L_c,0.06505259526851043,I1,0.004231840151168625,0.022254067576599538
371,1.0,1.766100936666667,gln__L_c,0.19925364982553873,I1,0.03970201696879841,0.11282121292660056
372,1.0,36.6004547,lys__L_p,1.0633759747637177,I1,1.1307684637046869,0.0290536274338613
373,1.0,12.86934361,glu__L_c,0.24556112417008225,I1,0.06030026570367455,0.019081091593457132
374,1.0,3.1759441890000004,met__L_c,0.37258285466469204,I1,0.13881798359009104,0.11731404347568401
375,1.0,3.2238194293333335,his__L_c,0.14784946709992244,I1,0.021859464921731048,0.045861584477917494
376,1.0,10.038087128999999,phe__L_c,1.6058032640043127,I1,2.5786041226869045,0.15997104262675232
377,1.0,20.22945689666667,arg__L_c,1.5145647791476098,I1,2.293906470234448,0.07486927537818248
378,1.0,1.7124628060000002,tyr__L_c,0.19175685126596778,I1,0.03677069000743849,0.11197723570643657
379,1.0,1.8448471973333334,trp__L_c,0.2553840334334967,I1,0.06522100453276136,0.13843099515376991
380,1.0,1.0619999999999998,OD600,0.01283225103661341,I2,0.00016466666666666593,0.012083098904532403
381,1.0,7.913190528,pyr_c,1.782391310084027,I2,3.176918782263054,0.2252430677332008
382,1.0,0.20316957700000002,oaa_c,0.15771570011920777,I2,0.024874242064091872,0.7762761652016815
383,1.0,12.655921856666668,lac__D_c,0.6717159181725653,I2,0.4512022747264124,0.05307522642601735
384,1.0,7.552692079666666,succ_c,0.5892019753915684,I2,0.34715896780532635,0.07801218018378057
385,1.0,1.3610551166666667,mal__L_c,0.14227603625412077,I2,0.02024247049218389,0.10453363314379671
386,1.0,0.22947445566666666,akg_c,0.043910366918878056,I2,0.0019281203229505003,0.1913518730932824
387,1.0,0.0,acon__C_c,0.0,I2,0.0,0.0
388,1.0,0.3339152893333333,cit_c,0.2378102051264246,I2,0.05655369366227214,0.7121872304835639
389,1.0,0.06705066133333333,mev_R_c,0.01247431398401717,I2,0.00015560850937184633,0.18604311629385428
390,1.0,1.2987658026666666,ip_c,0.13351904038451248,I2,0.017827334145201074,0.10280455499395426
391,1.0,0.13258859866666667,dxyl5p_c,0.02281164236443567,I2,0.0005203710273629161,0.1720482952066271
392,1.0,0.077989999,2me4p_c,0.014000874026784498,I2,0.00019602447351388876,0.17952140282479678
393,1.0,0.015169033999999998,5dpmev_c,0.004838217102316583,I2,2.3408344729148673e-05,0.3189535406352562
394,1.0,1.1230470046666667,ex_con.id,0.26172289495511797,I2,0.06849887374368771,0.23304714216552347
395,1.0,0.0,h2mb4p_c,0.0,I2,0.0,0.0
396,1.0,0.0,2mecdp_c,0.0,I2,0.0,0.0
397,1.0,0.10866277466666667,4c2me_c,0.032221367215871995,I2,0.0010382165052600706,0.2965262695961343
398,1.0,12.366925663333333,gly_c,0.6592019216376971,I2,0.43454717349083255,0.053303621254242935
399,1.0,4.381337541000001,ala__L_c,0.16749978386826023,I2,0.02805617759591389,0.03823028522701538
400,1.0,9.211129722999999,pro__L_c,0.5686641399618273,I2,0.3233789040785247,0.061736633514332645
401,1.0,2.655652308,val__L_c,0.09526748530644621,I2,0.009075893756613945,0.03587347824843576
402,1.0,4.530289274666667,Betaine,0.06708066552903376,I2,0.004499815687818098,0.014807148387664377
403,1.0,2.839916958,thr__L_c,0.2328307994820268,I2,0.054210181187439775,0.08198507312903859
404,1.0,0.043542668,cys__L_c,0.0312723126440568,I2,0.0009779575381076346,0.7181992762606279
405,1.0,10.516442085666666,leu__L_c,0.7147039963270991,I2,0.5108018023659261,0.0679606268455756
406,1.0,9.169837532333334,ile__L_c,0.5065740727281869,I2,0.25661729116042237,0.05524351668630767
407,1.0,9.377025142666666,asn__L_c,1.4959079253989744,I2,2.237740521271464,0.15952905133979023
408,1.0,2.2166140506666667,asp__L_c,0.09745651223895055,I2,0.009497771777780719,0.04396638747717024
409,1.0,1.3171832466666666,gln__L_c,0.15821336127141425,I2,0.025031467684799042,0.12011492073847532
410,1.0,36.210370833333336,lys__L_p,0.49316463996044124,I2,0.24321136210731165,0.013619430804239656
411,1.0,12.662787236666668,glu__L_c,0.21855629665636367,I2,0.04776685480814444,0.01725973062419519
412,1.0,3.4183345010000004,met__L_c,0.16242048008856902,I2,0.026380412352201246,0.04751450744245611
413,1.0,2.994798854333333,his__L_c,0.09093128073838311,I2,0.008268497816722642,0.030363067825677117
414,1.0,10.988276843333333,phe__L_c,0.5816707448093545,I2,0.33834085536706926,0.05293557425814753
415,1.0,19.709483823333333,arg__L_c,0.8075077573372127,I2,0.6520687781597748,0.04097051777587569
416,1.0,1.7477821306666665,tyr__L_c,0.06535440596178704,I2,0.004271198378618066,0.03739276470166138
417,1.0,1.9315226373333336,trp__L_c,0.15792387972602492,I2,0.024939951787719985,0.08176134034031056
418,1.0,0.9166666666666666,OD600,0.006548960901462843,I3,4.2888888888889015e-05,0.007144320983414011
419,1.0,15.990953033666665,pyr_c,4.6401756704805495,I3,21.531230252919617,0.29017505465192245
420,1.0,0.25353980800000003,oaa_c,0.0315299763442422,I3,0.0009941394082684726,0.12435907636343321
421,1.0,21.88059201,lac__D_c,3.2006202725381474,I3,10.243970128982165,0.1462766762012372
422,1.0,6.506566178333333,succ_c,0.7047860532822193,I3,0.4967233809011273,0.10831920155198534
423,1.0,1.4747680269999999,mal__L_c,0.21497044002105717,I3,0.04621229008284694,0.14576559573125136
424,1.0,0.20384944833333332,akg_c,0.02455288305435032,I3,0.0006028440662806031,0.12044615894275859
425,1.0,0.0,acon__C_c,0.0,I3,0.0,0.0
426,1.0,0.378066438,cit_c,0.025966997201292634,I3,0.0006742849436519395,0.06868368781598284
427,1.0,0.037086474333333334,mev_R_c,0.0026180819834795517,I3,6.854353272220223e-06,0.07059398420966694
428,1.0,1.631799566,ip_c,0.2977887874090672,I3,0.08867816190656264,0.1824910323631421
429,1.0,0.13561144033333336,dxyl5p_c,0.005681812877848435,I3,3.228299757888431e-05,0.04189774007180014
430,1.0,0.08696491500000002,2me4p_c,0.013840495041084498,I3,0.00019155930298228458,0.15915033138461063
431,1.0,0.015495956333333333,5dpmev_c,0.0010158714839510405,I3,1.031994871904889e-06,0.06555719841348549
432,1.0,0.8336287213333332,ex_con.id,0.039730703874542764,I3,0.0015785288303666073,0.04765995083638214
433,1.0,0.0,h2mb4p_c,0.0,I3,0.0,0.0
434,1.0,0.0,2mecdp_c,0.0,I3,0.0,0.0
435,1.0,0.10424019233333333,4c2me_c,0.014696059584045752,I3,0.000215974167297823,0.14098265990388364
436,1.0,11.023755200333333,gly_c,2.0159494837226846,I3,4.064052320921759,0.18287320854709535
437,1.0,4.080884997999999,ala__L_c,0.48930952295818725,I3,0.2394238092575688,0.11990279637823485
438,1.0,8.327497382333334,pro__L_c,1.4486953093305628,I3,2.098718099276375,0.17396526745285432
439,1.0,2.6119205803333334,val__L_c,0.2810447311785595,I3,0.07898614092322877,0.10760079509871336
440,1.0,3.669398612,Betaine,0.2085361122544902,I3,0.04348731011421734,0.05683114164062648
441,1.0,2.361282053,thr__L_c,0.46416569316644524,I3,0.21544979071268658,0.19657359127289536
442,1.0,0.050268121666666665,cys__L_c,0.003697524117023201,I3,1.36716845959682e-05,0.0735560429638068
443,1.0,10.019092529666667,leu__L_c,2.007979921499214,I3,4.03198336514399,0.2004153485511346
444,1.0,8.947574018,ile__L_c,1.673581025069138,I3,2.800873447471467,0.1870429930730234
445,1.0,10.826721470999999,asn__L_c,2.7768431331152805,I3,7.710857785929488,0.2564805181839411
446,1.0,2.0556075563333334,asp__L_c,0.053232387717556284,I3,0.002833687102112237,0.025896182154782964
447,1.0,1.9837970343333335,gln__L_c,0.363683335374706,I3,0.13226556842927087,0.18332688731784694
448,1.0,36.856548833333335,lys__L_p,1.342716366882116,I3,1.8028872418931092,0.03643087617763477
449,1.0,10.695949786666667,glu__L_c,0.3986041392527709,I3,0.15888525982944235,0.037266829706854264
450,1.0,3.264477295666667,met__L_c,0.5024355218776673,I3,0.25244145364448384,0.1539099452597236
451,1.0,2.9082045273333335,his__L_c,0.18513967982939672,I3,0.03427670104733153,0.06366116209823791
452,1.0,10.371361747333333,phe__L_c,1.8821889343398475,I3,3.542635184551371,0.18147944119525025
453,1.0,18.784334543333333,arg__L_c,0.37374717993066714,I3,0.13968695450612648,0.019896748488399986
454,1.0,1.7023238996666665,tyr__L_c,0.15754726287398413,I3,0.02482114003908426,0.09254834694198535
455,1.0,1.6947747996666667,trp__L_c,0.26183806381475405,I3,0.06855917166225922,0.15449726056007745
456,2.0,2.1606666666666667,OD600,0.031008959278820664,WT,0.0009615555555555582,0.014351570169154889
457,2.0,4.209449586666667,pyr_c,0.40546879005430214,WT,0.16440493970809975,0.09632346978061337
458,2.0,1.8809539756666664,oaa_c,0.061462688056503643,WT,0.003777662023131076,0.03267633809844785
459,2.0,107.68210658999999,lac__D_c,20.803692707146762,WT,432.79363025339137,0.19319544691261378
460,2.0,22.716682426666665,succ_c,1.9844946621506707,WT,3.9382190641045045,0.08735847184363116
461,2.0,1.0992065706666667,mal__L_c,0.10244226830969547,WT,0.010494418336435636,0.09319655744739992
462,2.0,0.4536347506666667,akg_c,0.07252718189297133,WT,0.005260192113336149,0.15988012776001964
463,2.0,0.13728091466666667,acon__C_c,0.021782100738370155,WT,0.0004744599125765057,0.1586680915643629
464,2.0,2.2727405916666665,cit_c,0.0975163887531074,WT,0.009509446075447172,0.04290695960228167
465,2.0,0.011660342333333332,mev_R_c,0.0017347806655951896,WT,3.009463957722889e-06,0.1487761350398766
466,2.0,0.0,ip_c,0.0,WT,0.0,0.0
467,2.0,0.23997893,dxyl5p_c,0.01749367782928462,WT,0.00030602876399480423,0.0728967240135816
468,2.0,0.0,2me4p_c,0.0,WT,0.0,0.0
469,2.0,0.0,5dpmev_c,0.0,WT,0.0,0.0
470,2.0,0.004027068666666667,ex_con.id,0.00284909224499083,WT,8.117326620466886e-06,0.7074853897013667
471,2.0,0.0,h2mb4p_c,0.0,WT,0.0,0.0
472,2.0,0.0,2mecdp_c,0.0,WT,0.0,0.0
473,2.0,0.06947855733333334,4c2me_c,0.004574821194623841,WT,2.0928988962779508e-05,0.06584508041345016
474,2.0,10.40139594,gly_c,2.039389202330042,WT,4.159108318580365,0.1960687982742095
475,2.0,4.932249715,ala__L_c,0.25409375397715617,WT,0.06456363581020357,0.05151680645941426
476,2.0,11.272185108,pro__L_c,0.9624445817211226,WT,0.9262995728843466,0.0853822548600683
477,2.0,1.6936414196666665,val__L_c,0.1635960099303279,WT,0.026763654465123948,0.09659424245926036
478,2.0,9.243650121333333,Betaine,0.6375395378556424,WT,0.40645666232918615,0.06897053972048021
479,2.0,0.13612856433333334,thr__L_c,0.005869611420071873,WT,3.445233822263815e-05,0.04311814679613573
480,2.0,0.055095748,cys__L_c,0.011572106878178263,WT,0.00013391365759998067,0.2100362967788052
481,2.0,8.232658915,leu__L_c,1.2070891042584293,WT,1.4570641056194171,0.14662202293588272
482,2.0,6.32464732,ile__L_c,0.956662082266371,WT,0.9152023396462287,0.15125935627132658
483,2.0,0.9515404329999999,asn__L_c,0.2580372165451207,WT,0.06658320512235351,0.27117840461238785
484,2.0,1.6713532666666666,asp__L_c,0.22661331200977763,WT,0.051353593180040825,0.13558672276492054
485,2.0,0.5864873593333334,gln__L_c,0.07211615918602644,WT,0.005200740415744306,0.1229628533989235
486,2.0,32.94167318333333,lys__L_p,0.6669014889710768,WT,0.4447575959918393,0.02024491850366885
487,2.0,8.863199843666665,glu__L_c,0.25129323407217025,WT,0.06314828949045055,0.028352427848248922
488,2.0,1.800761493666667,met__L_c,0.16656415670828703,WT,0.0277436182999428,0.09249651177798851
489,2.0,2.9813256989999997,his__L_c,0.18576524596200247,WT,0.03450872660732328,0.06230961146724496
490,2.0,10.948606494333333,phe__L_c,1.6000113003177643,WT,2.560036161144543,0.14613835113590773
491,2.0,20.442259416666662,arg__L_c,1.9696963836942776,WT,3.879703843938315,0.09635414283454283
492,2.0,1.2089837799999998,tyr__L_c,0.08490761271639674,WT,0.007209302697197617,0.07023056398357698
493,2.0,1.3527848626666668,trp__L_c,0.11827232426092514,WT,0.013988342686081422,0.08742877565009245
494,2.0,1.499666666666667,OD600,0.026712460679532205,I1,0.0007135555555555542,0.01781226540088833
495,2.0,1.0322667163333332,pyr_c,0.09875634489102844,I1,0.00975281565623576,0.09566940726502961
496,2.0,0.36739198533333334,oaa_c,0.16111207347129686,I1,0.025957100218220557,0.43852909127868017
497,2.0,14.567564586666668,lac__D_c,4.028613534079269,I1,16.229727006966655,0.27654681124712904
498,2.0,8.091590051333332,succ_c,0.6004065809739519,I1,0.3604880624768307,0.07420130989891374
499,2.0,1.4418733106666666,mal__L_c,0.06266046156468479,I1,0.003926333443499339,0.04345767488803368
500,2.0,0.22151967266666664,akg_c,0.030011679178476743,I1,0.0009007008871118145,0.13548087543284265
501,2.0,0.028732021,acon__C_c,0.004771124945454897,I1,2.2763633245141998e-05,0.16605601622854504
502,2.0,0.39676540466666665,cit_c,0.03206270071251962,I1,0.001028016776980606,0.08081022270441235
503,2.0,0.33389145699999995,mev_R_c,0.02518160255395443,I1,0.0006341131071853242,0.07541852906393598
504,2.0,0.44569274566666667,ip_c,0.020490512118796197,I1,0.00041986108689053383,0.04597452464286022
505,2.0,0.09503505333333334,dxyl5p_c,0.013368970049088455,I1,0.00017872936017342416,0.1406740942439111
506,2.0,0.041423199333333334,2me4p_c,0.0032267469923129817,I1,1.0411896152400873e-05,0.07789709738128343
507,2.0,0.015025085333333334,5dpmev_c,0.0008030974354673425,I1,6.449654908542224e-07,0.053450440889387905
508,2.0,0.5399316813333334,ex_con.id,0.05654937646050485,I1,0.0031978319780719,0.10473431809161315
509,2.0,0.0,h2mb4p_c,0.0,I1,0.0,0.0
510,2.0,0.0,2mecdp_c,0.0,I1,0.0,0.0
511,2.0,0.086180613,4c2me_c,0.014376615532941983,I1,0.00020668707418202868,0.1668196016770266
512,2.0,10.430530920666667,gly_c,1.3532482196037376,I1,1.8312807438606857,0.12973915037464312
513,2.0,3.995727667,ala__L_c,0.22838257757309233,I1,0.052158601738929534,0.05715669249915683
514,2.0,9.162541445,pro__L_c,0.8067248445260153,I1,0.6508049747755236,0.08804596949094785
515,2.0,2.0772377763333334,val__L_c,0.18152236437427816,I1,0.032950368768028204,0.08738641596182359
516,2.0,8.154646175333333,Betaine,0.4044238196094009,I1,0.16355862586745723,0.04959428170319964
517,2.0,1.3639280976666666,thr__L_c,0.15946106531256124,I1,0.025427831350616922,0.11691310237347445
518,2.0,0.05038800899999999,cys__L_c,0.012036009196965276,I1,0.00014486551738943272,0.23886653661916427
519,2.0,8.759727573333334,leu__L_c,1.0121612876268407,I1,1.024470472170424,0.11554711937710221
520,2.0,7.087029345,ile__L_c,0.8084020968220674,I1,0.6535139501463153,0.11406783540305312
521,2.0,6.440170086333334,asn__L_c,0.9460890244067076,I1,0.8950844421028358,0.1469043537241975
522,2.0,1.447573728,asp__L_c,0.10640209258958838,I1,0.01132140530744334,0.07350374667036537
523,2.0,0.335392677,gln__L_c,0.03847697591229377,I1,0.001480477675355235,0.1147221706104626
524,2.0,32.13816593666667,lys__L_p,4.886517215636963,I1,23.878050498716416,0.15204717111942906
525,2.0,9.724261732666667,glu__L_c,0.522177222808025,I1,0.2726690520195018,0.05369839245007953
526,2.0,2.731195272666666,met__L_c,0.30593928854692104,I1,0.09359884827659622,0.11201662935225062
527,2.0,2.4021584006666665,his__L_c,0.669422532417666,I1,0.44812652690848115,0.2786754329905482
528,2.0,8.969361302333333,phe__L_c,1.2515762226802953,I1,1.5664430411786763,0.1395390575195922
529,2.0,17.583306160000003,arg__L_c,0.9591788550108447,I1,0.920024075899915,0.05455054051170798
530,2.0,1.319111177,tyr__L_c,0.17966333779148946,I1,0.03227891494637885,0.13620029981103668
531,2.0,1.3196747340000001,trp__L_c,0.24672900173600024,I1,0.060875200297643206,0.1869619803875098
532,2.0,1.6643333333333332,OD600,0.019482185594936554,I2,0.0003795555555555534,0.011705699336032379
533,2.0,1.1791538266666668,pyr_c,0.04354547705095938,I2,0.0018962085715956301,0.03692942860055628
534,2.0,0.437930661,oaa_c,0.033232871820823455,I2,0.0011044237694592817,0.07588614997848588
535,2.0,17.996347373333336,lac__D_c,1.8446982661620512,I2,3.402911693181278,0.10250403750793853
536,2.0,9.901406072999999,succ_c,0.3237723300679582,I2,0.10482852171763486,0.032699631515047976
537,2.0,1.2232322523333332,mal__L_c,0.058137241183415476,I2,0.0033799388124186205,0.04752755747938942
538,2.0,0.24002889800000002,akg_c,0.02015538409465282,I2,0.00040623950800298383,0.0839706562942801
539,2.0,0.06192802333333334,acon__C_c,0.005338896279556558,I2,2.8503813483862853e-05,0.08621131423522842
540,2.0,0.7808150293333332,cit_c,0.09878796035176646,I2,0.009759061110462182,0.126519030295962
541,2.0,0.514087847,mev_R_c,0.03021010417949175,I2,0.0009126503945357449,0.05876447839758357
542,2.0,0.7971145176666666,ip_c,0.24105037213793634,I2,0.0581052819078376,0.30240369080661705
543,2.0,0.16810281466666666,dxyl5p_c,0.017953017907194394,I2,0.0003223108519760426,0.10679784239659328
544,2.0,0.078368429,2me4p_c,0.009322967130094189,I2,8.691771610881668e-05,0.11896330255764331
545,2.0,0.05437095333333334,5dpmev_c,0.008621465818581602,I2,7.432967286097093e-05,0.15856749403906475
546,2.0,2.941402403333333,ex_con.id,0.5705428914604518,I2,0.32551919099605287,0.19396968290155955
547,2.0,0.0,h2mb4p_c,0.0,I2,0.0,0.0
548,2.0,1.2813207149999999,2mecdp_c,0.33422736188735974,I2,0.11170792943418413,0.26084598334723696
549,2.0,0.115244605,4c2me_c,0.01677223289187128,I2,0.0002813077961791688,0.14553594844523332
550,2.0,11.458617326666667,gly_c,0.6670871230440854,I2,0.4450052297312347,0.05821706965391279
551,2.0,4.189345309666667,ala__L_c,0.07336909210640465,I2,0.005383023676518089,0.017513259634413473
552,2.0,10.677242210000001,pro__L_c,0.3841788376536521,I2,0.1475933793009112,0.03598109231743766
553,2.0,2.178715259,val__L_c,0.15000898135012458,I2,0.022502694485702024,0.06885203595580297
554,2.0,8.799536531666668,Betaine,0.4161796458224544,I2,0.1732054975969036,0.047295632483001726
555,2.0,0.8755192693333332,thr__L_c,0.15118212108888823,I2,0.022856033736935264,0.17267709162358735
556,2.0,0.042828044333333336,cys__L_c,0.008216692528391108,I2,6.751403610611826e-05,0.1918530873004632
557,2.0,8.889025921,leu__L_c,0.28067980103104995,I2,0.07878115070682978,0.03157599083696608
558,2.0,7.284926518333333,ile__L_c,0.2482679964328894,I2,0.061636998052801185,0.0340796843740421
559,2.0,6.033139822333333,asn__L_c,0.883847289549442,I2,0.7811860312438952,0.14649872464046618
560,2.0,1.3249580799999998,asp__L_c,0.029622285747129173,I2,0.0008774798128845722,0.022357149402892185
561,2.0,0.27636398866666667,gln__L_c,0.022521177516395447,I2,0.0005072034367249958,0.0814909989722254
562,2.0,29.928637116666664,lys__L_p,1.3754555661122525,I2,1.891878014349177,0.04595784167352841
563,2.0,9.115265563333333,glu__L_c,0.6590274761310139,I2,0.43431721429561404,0.07229931717864467
564,2.0,2.6359052056666665,met__L_c,0.10402716926912665,I2,0.010821651946147528,0.039465443994529524
565,2.0,1.7205173686666668,his__L_c,0.1111232475506047,I2,0.012348376146192972,0.06458711174576566
566,2.0,9.308581307666666,phe__L_c,0.33368402949624826,I2,0.11134503154085308,0.03584692645069575
567,2.0,18.11898986,arg__L_c,1.1672755160669879,I2,1.3625321304094529,0.06442276998255288
568,2.0,1.3198637736666667,tyr__L_c,0.05058902878781669,I2,0.0025592498336945457,0.03832897742717576
569,2.0,1.480495273,trp__L_c,0.07517200189338781,I2,0.005650829868659501,0.05077490165913404
570,2.0,1.468,OD600,0.015748015748023637,I3,0.00024800000000000044,0.01072753116350384
571,2.0,0.8453193333333333,pyr_c,0.21903656019657877,I3,0.047977014702749475,0.2591169414437212
572,2.0,0.444077871,oaa_c,0.03458585111482079,I3,0.0011961810973365506,0.07788240165387748
573,2.0,14.76999695,lac__D_c,2.4286012143377165,I3,5.8981038582826315,0.16442801055133033
574,2.0,7.974268017666667,succ_c,0.9433310826573101,I3,0.8898735315074129,0.11829688700798599
575,2.0,1.1357962366666667,mal__L_c,0.0729730509280711,I3,0.005325066161750859,0.06424836477908424
576,2.0,0.20310041866666664,akg_c,0.018459039164206697,I3,0.0003407361268657167,0.09088626840549316
577,2.0,0.04439395566666667,acon__C_c,0.008946393725223675,I3,8.003796068672155e-05,0.20152278820112215
578,2.0,0.596784077,cit_c,0.08434937142204164,I3,0.007114816459293536,0.14133984915626635
579,2.0,0.3509603126666667,mev_R_c,0.030592035165571754,I3,0.0009358726155715789,0.08716665121798914
580,2.0,1.789051923,ip_c,0.2585589056398385,I3,0.06685270768567092,0.1445228628167873
581,2.0,0.129929517,dxyl5p_c,0.022453656741073486,I3,0.0005041667010459548,0.17281413230431303
582,2.0,0.08792923033333333,2me4p_c,0.012367575218571758,I3,0.0001529569167870303,0.14065374132910272
583,2.0,0.056406288666666665,5dpmev_c,0.009040089318776643,I3,8.172321489145956e-05,0.16026740160479466
584,2.0,2.825077542666667,ex_con.id,0.31053814808870794,I3,0.09643394141836431,0.10992199095377134
585,2.0,0.0,h2mb4p_c,0.0,I3,0.0,0.0
586,2.0,0.0,2mecdp_c,0.0,I3,0.0,0.0
587,2.0,0.12852939366666666,4c2me_c,0.015293265564085619,I3,0.000233883971613647,0.11898652228725044
588,2.0,11.004227423333333,gly_c,1.013549260274161,I3,1.0272821030022987,0.09210544468801453
589,2.0,4.075740571333333,ala__L_c,0.24091254190730832,I3,0.05803885284824059,0.05910890001237161
590,2.0,9.769183516333333,pro__L_c,0.40856908611838016,I3,0.16692869813160835,0.041822234727731715
591,2.0,2.306205291,val__L_c,0.09168378519704143,I3,0.008405916468057233,0.039755257502373596
592,2.0,6.7484551706666664,Betaine,0.15073691561195984,I3,0.022721617728207102,0.02233650691897074
593,2.0,1.8502076230000002,thr__L_c,0.06545718622980717,I3,0.004284643229123658,0.03537829236897873
594,2.0,0.04467337200000001,cys__L_c,0.013408425686837465,I3,0.00017978587939944274,0.3001435774052933
595,2.0,9.394063770333332,leu__L_c,0.8413977575427498,I3,0.707950186397968,0.08956696251093198
596,2.0,7.831777542666667,ile__L_c,0.7580264705810853,I3,0.5746041301016169,0.09678855999821752
597,2.0,8.823717159,asn__L_c,0.951475205670661,I3,0.9053050670060266,0.10783156220053779
598,2.0,1.541603934,asp__L_c,0.10731231620579201,I3,0.01151593320945189,0.0696108214561627
599,2.0,0.4039889603333333,gln__L_c,0.030446375875337,I3,0.0009269818039423028,0.0753643759230835
600,2.0,32.24325682333333,lys__L_p,0.4314366244472414,I3,0.18613756091443,0.013380677603728467
601,2.0,9.201387441666666,glu__L_c,0.2835077552851746,I3,0.08037664730683844,0.030811413722387743
602,2.0,2.8378780643333337,met__L_c,0.19042960984603988,I3,0.03626343630611497,0.06710281609325419
603,2.0,1.748708017,his__L_c,0.09167830691355004,I3,0.008404911958535077,0.05242630903633013
604,2.0,9.635688689333334,phe__L_c,0.6455959131320774,I3,0.4167940830528409,0.06700049513292697
605,2.0,17.46798181,arg__L_c,0.6368244733155982,I3,0.4055454098136891,0.03645667142560404
606,2.0,1.481062919,tyr__L_c,0.054855901921252226,I3,0.003009169975594044,0.037038198186941595
607,2.0,1.3510155083333333,trp__L_c,0.040897438931207765,I3,0.0016726005111318686,0.030271628030133037
608,3.0,2.6830000000000003,OD600,0.016309506430300155,WT,0.0002660000000000021,0.006078832064964649
609,3.0,7.011979743,pyr_c,0.3282117493004363,WT,0.10772295237885243,0.04680728714712664
610,3.0,2.0724874223333334,oaa_c,0.053939331047231885,WT,0.0029094514338228734,0.02602637317166619
611,3.0,101.88515529000001,lac__D_c,3.5706654847376447,WT,12.749652003896719,0.03504598363298666
612,3.0,21.77775794333333,succ_c,0.5293412825256908,WT,0.2802021933859432,0.02430650960044003
613,3.0,0.815009221,mal__L_c,0.030178001256414747,WT,0.00091071175983217,0.037027803463851545
614,3.0,0.41942881866666665,akg_c,0.009704690877665342,WT,9.41810250310409e-05,0.023137873330964332
615,3.0,0.1723690803333333,acon__C_c,0.006701662814959098,WT,4.49122844854055e-05,0.03887972716451924
616,3.0,2.523962067,cit_c,0.186083269351696,WT,0.03462698313261584,0.0737266505644738
617,3.0,0.012028219333333333,mev_R_c,0.0005541633781779118,WT,3.070970497135553e-07,0.046071938232966916
618,3.0,0.0,ip_c,0.0,WT,0.0,0.0
619,3.0,0.19524314433333334,dxyl5p_c,0.004473088409034657,WT,2.0008519915040198e-05,0.02291034814209852
620,3.0,0.0,2me4p_c,0.0,WT,0.0,0.0
621,3.0,0.0,5dpmev_c,0.0,WT,0.0,0.0
622,3.0,0.004462349,ex_con.id,0.0031899356316662567,WT,1.0175689334174e-05,0.7148557030537631
623,3.0,0.0,h2mb4p_c,0.0,WT,0.0,0.0
624,3.0,0.0,2mecdp_c,0.0,WT,0.0,0.0
625,3.0,0.03240484266666666,4c2me_c,0.002003530553128043,WT,4.014134677317561e-06,0.061828121609397
626,3.0,7.110168270333333,gly_c,1.413303556095284,WT,1.9974269416715755,0.19877216717812315
627,3.0,3.6243408193333337,ala__L_c,0.2977449784101098,WT,0.08865207216843674,0.08215148443596908
628,3.0,18.823282053333333,pro__L_c,1.6240451179180457,WT,2.637522545033439,0.08627853066837782
629,3.0,1.1511656903333334,val__L_c,0.029868387909066922,WT,0.0008921205962864952,0.025946211010178893
630,3.0,13.02722283,Betaine,0.14420259963268703,WT,0.02079438974082503,0.011069327784937185
631,3.0,0.18335273733333332,thr__L_c,0.025010629073898085,WT,0.0006255315666721162,0.13640717579486708
632,3.0,0.04604306666666667,cys__L_c,0.007434583766069233,WT,5.527303577470018e-05,0.16147021265748082
633,3.0,6.903118626333334,leu__L_c,1.0870873882413148,WT,1.1817589896733232,0.15747772088029915
634,3.0,4.318777584333334,ile__L_c,0.59754505018832,WT,0.35706008700456193,0.1383597646602493
635,3.0,1.092236645,asn__L_c,0.08212326750463504,WT,0.006744231065637846,0.07518816355464344
636,3.0,1.767260826666667,asp__L_c,0.24436957578974047,WT,0.05971648957165771,0.13827589685822442
637,3.0,1.0629259180000001,gln__L_c,0.14346948897307052,WT,0.020583494266194,0.13497600024940826
638,3.0,22.714931096666664,lys__L_p,1.395754789724262,WT,1.9481314330382187,0.06144657819054904
639,3.0,8.302690445,glu__L_c,0.5746063582704298,WT,0.33017246696480557,0.06920724818982817
640,3.0,0.517126953,met__L_c,0.02728395485819109,WT,0.0007444141927038092,0.05276065132538371
641,3.0,1.449280809,his__L_c,0.10432784596672788,WT,0.0108842994440573,0.07198594317875072
642,3.0,10.259530260333333,phe__L_c,1.6653723939869396,WT,2.7734652106537903,0.16232442926025656
643,3.0,19.01002627,arg__L_c,0.7381376672647437,WT,0.5448472158350375,0.03882886098004028
644,3.0,0.7321403023333334,tyr__L_c,0.1167359084509155,WT,0.013627272321860525,0.15944472402199114
645,3.0,0.881598953,trp__L_c,0.10670853201317215,WT,0.011386710804406185,0.12103976717537249
646,3.0,1.8366666666666667,OD600,0.03600308628745909,I1,0.0012962222222222246,0.01960240632711021
647,3.0,1.6884505360000002,pyr_c,0.28923647114187073,I1,0.08365773623860222,0.17130289870799667
648,3.0,0.4905905923333333,oaa_c,0.144464982892931,I1,0.020870131282254845,0.29447157191871676
649,3.0,35.826447523333336,lac__D_c,7.267824974056885,I1,52.82127985352496,0.20286200492871748
650,3.0,12.98210744,succ_c,2.2433244892399355,I1,5.032504764023618,0.1728012573927624
651,3.0,1.8670671906666667,mal__L_c,0.2849894623720179,I1,0.08121899366309179,0.1526401748135576
652,3.0,0.244204885,akg_c,0.044162835209159076,I1,0.0019503560137113405,0.18084337342047468
653,3.0,0.04388579333333333,acon__C_c,0.006201256454792387,I1,3.845558161810425e-05,0.14130441730176585
654,3.0,0.7661942173333333,cit_c,0.21673302568646824,I1,0.046973204423211304,0.2828695659447641
655,3.0,0.5758718796666668,mev_R_c,0.09184322830124725,I1,0.008435178584795023,0.15948552368003988
656,3.0,0.4503363123333333,ip_c,0.13112672173917378,I1,0.017194217154062708,0.2911751021359242
657,3.0,0.19860185733333333,dxyl5p_c,0.05636047559520947,I1,0.0031765032093182023,0.28378624627167537
658,3.0,0.0,2me4p_c,0.0,I1,0.0,0.0
659,3.0,0.021952695333333338,5dpmev_c,0.0034872340540557686,I1,1.216080134776623e-05,0.1588522047568662
660,3.0,1.2899434363333333,ex_con.id,0.3058670456143323,I1,0.09355464959284004,0.2371166339539352
661,3.0,0.0,h2mb4p_c,0.0,I1,0.0,0.0
662,3.0,0.0,2mecdp_c,0.0,I1,0.0,0.0
663,3.0,0.08873201800000001,4c2me_c,0.030700820415970612,I1,0.000942540374213678,0.3459948405092129
664,3.0,10.956812507333334,gly_c,1.0907503892532193,I1,1.1897364116560494,0.09954997299836847
665,3.0,4.597847070333334,ala__L_c,0.23141039151764764,I1,0.05355076930235097,0.05033016278657369
666,3.0,18.277421993333334,pro__L_c,1.8867291577098724,I1,3.5597469145526044,0.10322731282333222
667,3.0,1.9722175559999997,val__L_c,0.23275042612595467,I1,0.05417276086181348,0.11801457979007804
668,3.0,14.138028103333333,Betaine,1.397044991417465,I1,1.9517347080446248,0.09881469899526389
669,3.0,0.09415177733333334,thr__L_c,0.01623743739796795,I1,0.00026365437325292823,0.17246023238075692
670,3.0,0.05065285866666666,cys__L_c,0.016243652205544176,I1,0.0002638562369746802,0.32068579411163034
671,3.0,8.839458316666667,leu__L_c,0.5524233708675018,I1,0.30517158068061345,0.06249516102428084
672,3.0,6.968423595666667,ile__L_c,0.5044289649800355,I1,0.25444858071082993,0.07238781598950386
673,3.0,5.8754077376666665,asn__L_c,0.12621005197282092,I1,0.01592897721898216,0.021481071205271523
674,3.0,0.866593817,asp__L_c,0.32327355679422726,I1,0.10450579252239048,0.37303930682698055
675,3.0,0.3626571456666667,gln__L_c,0.03852489784300099,I1,0.0014841677538136623,0.10622952919397549
676,3.0,29.97088115,lys__L_p,3.429618240410438,I1,11.762281274955988,0.11443167864320325
677,3.0,10.420377117666668,glu__L_c,1.0364350080754605,I1,1.07419752596438,0.0994623319647705
678,3.0,2.517836505,met__L_c,0.2009632574362336,I1,0.040386230839381906,0.07981584866100494
679,3.0,2.0796391773333336,his__L_c,0.2612706292129298,I1,0.06826234168932026,0.12563267323514757
680,3.0,9.705685568,phe__L_c,1.0877042257133418,I1,1.1831004826346605,0.11206876815580574
681,3.0,17.852242079999996,arg__L_c,0.5429935099625367,I1,0.29484195186143547,0.030415984027622866
682,3.0,1.348028832,tyr__L_c,0.18612862580768763,I1,0.0346438653450582,0.13807466234348884
683,3.0,0.8209637336666668,trp__L_c,0.11011374509323381,I1,0.012125036858457673,0.13412741705584638
684,3.0,2.0629999999999997,OD600,0.019612920911140766,I2,0.0003846666666666627,0.009506990262307693
685,3.0,1.7833434879999999,pyr_c,0.12450139198344078,I2,0.015500596605814371,0.06981346713137564
686,3.0,1.1657183236666666,oaa_c,0.13716443701757802,I2,0.01881408278234913,0.1176651633871029
687,3.0,41.60947412,lac__D_c,6.968092584479598,I2,48.554314265879555,0.16746408676985214
688,3.0,16.18316856,succ_c,0.749186918346616,I2,0.5612810386216991,0.04629420472072349
689,3.0,1.5159227766666667,mal__L_c,0.08824079445586847,I2,0.007786437806202827,0.05820929391264867
690,3.0,0.3154109806666667,akg_c,0.03791142424943247,I2,0.0014372760886204562,0.12019690680806736
691,3.0,0.10160282,acon__C_c,0.008632421274799674,I2,7.451869706561403e-05,0.08496241811791912
692,3.0,1.4764090423333334,cit_c,0.14023700930288988,I2,0.01966641877821882,0.09498520076879083
693,3.0,1.2209508896666668,mev_R_c,0.04758652152163228,I2,0.002264477030528772,0.03897496772750944
694,3.0,1.4318939573333331,ip_c,0.13344493866743679,I2,0.017807551655955964,0.09319470759968568
695,3.0,0.37329832,dxyl5p_c,0.019469690045016568,I2,0.00037906883044901726,0.05215584695108343
696,3.0,0.06705770999999999,2me4p_c,0.002714016126877778,I2,7.365883536952654e-06,0.040472842375288066
697,3.0,0.08099254066666667,5dpmev_c,0.0016026790537857405,I2,2.5685801494435566e-06,0.019787983443830155
698,3.0,3.0061119196666666,ex_con.id,0.0482378771846486,I2,0.002326892795281242,0.01604660055038718
699,3.0,0.0,h2mb4p_c,0.0,I2,0.0,0.0
700,3.0,4.576792783333333,2mecdp_c,0.22503963744703245,I2,0.05064283842229181,0.049169723887550226
701,3.0,0.163304773,4c2me_c,0.0025084616282990374,I2,6.292379740648658e-06,0.015360614280998618
702,3.0,10.509706349,gly_c,0.6927021024974797,I2,0.4798362028044288,0.06591070002287841
703,3.0,4.1353769126666675,ala__L_c,0.1070490112757111,I2,0.011459490815107323,0.025886155853852108
704,3.0,16.87394904,pro__L_c,0.9084776176794751,I2,0.8253315818245746,0.05383906372633416
705,3.0,1.7931726853333334,val__L_c,0.038292068749755985,I2,0.001466282529136039,0.021354367631714097
706,3.0,12.540744626666665,Betaine,0.49286547920917206,I2,0.2429163805960868,0.03930113353565481
707,3.0,0.10838969866666666,thr__L_c,0.007069903999726178,I2,4.9983542565344214e-05,0.06522671514632047
708,3.0,0.06477215766666666,cys__L_c,0.003748785445999046,I2,1.4053392320134266e-05,0.057876494794124524
709,3.0,8.518027338000001,leu__L_c,0.5696991622926715,I2,0.32455713551697163,0.0668815841610617
710,3.0,6.608030615333334,ile__L_c,0.2061658460778938,I2,0.042504356089013796,0.031199287363999902
711,3.0,3.9458416646666663,asn__L_c,0.4408811534852378,I2,0.19437619149847382,0.11173310815614854
712,3.0,0.6371770163333333,asp__L_c,0.3383572524797275,I2,0.11448563030563004,0.5310255137996361
713,3.0,0.3122814076666667,gln__L_c,0.021469204887585122,I2,0.0004609267585051089,0.06874954563578001
714,3.0,30.975069383333334,lys__L_p,2.0223761945933325,I2,4.0900054724578085,0.06529044921789608
715,3.0,10.286775266333334,glu__L_c,0.33097473939780414,I2,0.10954427811944437,0.03217478080628647
716,3.0,2.3425742256666666,met__L_c,0.09133423536291968,I2,0.008341942549329209,0.03898883303769259
717,3.0,2.038002826,his__L_c,0.07495625591867446,I2,0.0056184403013458195,0.03677926986283504
718,3.0,9.761644535666667,phe__L_c,0.35865730363603976,I2,0.1286350614514744,0.036741483704471466
719,3.0,17.55432851666667,arg__L_c,0.2612655466181898,I2,0.0682596858497015,0.01488325494023514
720,3.0,1.271041438,tyr__L_c,0.07139238780147279,I2,0.005096873035995881,0.05616841879979117
721,3.0,1.596104094,trp__L_c,0.040740162173932455,I2,0.001659760813958317,0.025524752631786968
722,3.0,1.8343333333333334,OD600,0.011897712198383124,I3,0.00014155555555555457,0.006486123313674245
723,3.0,1.518431757,pyr_c,0.24154150340295555,I3,0.058342297866159985,0.15907300561216828
724,3.0,0.837104961,oaa_c,0.20480328214777238,I3,0.04194438437850006,0.2446566341013148
725,3.0,28.594329133333336,lac__D_c,5.251781128809715,I3,27.581205024921847,0.18366512829592996
726,3.0,13.590404266666667,succ_c,2.0553881337951068,I3,4.224620380545732,0.15123818934778707
727,3.0,1.6161270769999998,mal__L_c,0.09856544302532864,I3,0.009715146558779307,0.060988671267295805
728,3.0,0.26558295233333334,akg_c,0.03801345835574562,I3,0.0014450230161640065,0.1431321476840686
729,3.0,0.074169466,acon__C_c,0.01332862589112831,I3,0.00017765226814565595,0.17970502701378907
730,3.0,1.1500866456666667,cit_c,0.2546192910964438,I3,0.0648309833984556,0.22139139868792193
731,3.0,1.0141681086666667,mev_R_c,0.16834546905915004,I3,0.028340196952745245,0.1659936529462309
732,3.0,1.2882441256666668,ip_c,0.29606810823053703,I3,0.08765632471120899,0.22982298333968468
733,3.0,0.286305241,dxyl5p_c,0.06001069021377536,I3,0.0036012829399337132,0.20960388291940266
734,3.0,0.070636401,2me4p_c,0.008127244900502505,I3,6.605210967274396e-05,0.11505746025342521
735,3.0,0.07389983966666668,5dpmev_c,0.008801276071723894,I3,7.746246049069959e-05,0.11909736355887936
736,3.0,3.329687136333334,ex_con.id,0.5530958472854391,I3,0.3059150162843978,0.16611045561911583
737,3.0,0.0,h2mb4p_c,0.0,I3,0.0,0.0
738,3.0,0.0,2mecdp_c,0.0,I3,0.0,0.0
739,3.0,0.16984903633333337,4c2me_c,0.04780109241532877,I3,0.0022849444360988013,0.2814328149705708
740,3.0,12.588012716666666,gly_c,0.8840810171535581,I3,0.78159924489127,0.07023197680623766
741,3.0,4.704476085,ala__L_c,0.22588373900468783,I3,0.05102346354673793,0.04801464284724658
742,3.0,15.513592353333335,pro__L_c,1.3269551146925975,I3,1.7608098764088447,0.08553499953268275
743,3.0,2.037122361333333,val__L_c,0.09530018564926444,I3,0.009082125384784269,0.046781767977299486
744,3.0,12.950724236666666,Betaine,0.37612686681497737,I3,0.14147141994005172,0.029042921456861097
745,3.0,0.15932476366666667,thr__L_c,0.026127389924036553,I3,0.0006826405042426468,0.16398825469905798
746,3.0,0.03649046266666667,cys__L_c,0.026297895859445822,I3,0.0006915793266342577,0.7206786085359351
747,3.0,9.265913928333333,leu__L_c,0.5001255585751399,I3,0.25012557434009564,0.05397476843011187
748,3.0,7.539892091000001,ile__L_c,0.6506270393794166,I3,0.4233155443716249,0.08629129323429417
749,3.0,7.688468722333333,asn__L_c,0.4495102528737052,I3,0.2020594674385824,0.05846551102796003
750,3.0,1.2685386563333334,asp__L_c,0.020986277001672028,I3,0.0004404238223909083,0.016543663763729618
751,3.0,0.29402825000000005,gln__L_c,0.04398268959092734,I3,0.0019344769836518682,0.14958661145970611
752,3.0,33.25027602,lys__L_p,2.735959716906514,I3,7.485475572535172,0.08228381969704063
753,3.0,10.197784501,glu__L_c,0.8143933503231391,I3,0.6632365290505472,0.0798598313431
754,3.0,2.723576105,met__L_c,0.2274961115907649,I3,0.05175448078891776,0.08352845774095412
755,3.0,2.152914886,his__L_c,0.17733972540721854,I3,0.03144937820750767,0.08237191658640357
756,3.0,10.386008062,phe__L_c,1.2417729624740603,I3,1.542000090331604,0.11956210269250803
757,3.0,17.99291585,arg__L_c,0.5983018202544059,I3,0.35796506811973544,0.033252076830804826
758,3.0,1.4817889509999997,tyr__L_c,0.3141707535682909,I3,0.09870326239766776,0.21202125535911823
759,3.0,1.3702935263333333,trp__L_c,0.21922113898658704,I3,0.04805790777857651,0.15998115350744202
