,Strain,Hour,Replicate,OD600,ipoh_e,glc__D_e,ac_e,for_e,pyr_e,lac__D_e,succ_e,mal__L_e,akg_e,acon__C_e,cit_e,icit_e,mev_R_e,ip_e,dxyl5p_e,2me4p_e,5pmev_e,ex_con.id,h2mb4p_e,2mecdp_e,5dpmev_e,grdp_e,frdp_e,ggdp_e,4c2me_e,gly_e,ala__L_e,ser__L_e,pro__L_e,val__L_e,thr__L_e,cys__L_e,leu__L_e,ile__L_e,asn__L_e,asp__L_e,gln__L_e,glu__L_e,met__L_e,his__L_e,phe__L_e,tyr__L_e,trp__L_e
0,WT,0.0,1,0.7140000000000001,0.0,10.00243333,0.563397,0.06422330000000001,862.1957028999999,421.6481823,70.21067188,37.34999202,0.0,0.0,10.61607209,0.0,0.0,0.0,0.0,0.0,0.0,0.0,0.0,0.0,0.0,0.0,0.0,0.0,0.0,547.2548337000001,174.4935179,1582.349788,318.1765017,147.90111240000002,177.6325191,2.260669718,406.6494942,343.0849853,635.0016418,69.1660985,139.3177646,303.4114949,135.73542690000002,77.37914994,381.82639700000004,90.36032563,36.64957346
1,WT,0.0,2,0.708,0.0,10.00243333,0.588358,0.0632129,909.4264615000001,455.3806946,77.7806472,39.36011153,0.0,0.0,1.5062477509999999,0.0,0.0,0.0,0.0,0.0,0.0,0.0,0.0,0.0,0.0,0.0,0.0,0.0,0.0,565.4563502000001,171.3797162,1419.420413,330.3157848,148.3448125,172.76146119999999,2.542028726,444.0759557,363.3040303,653.0839232999999,67.92987201,169.4352495,329.2494108,133.0422941,78.00612089,385.0938048,80.92540924,36.29496825
2,WT,0.0,3,0.71,0.0,10.00243333,0.589192,0.0746907,979.1366808,513.6880212,80.60432312,40.98621393,0.0,0.0,1.6505550530000002,0.0,0.0,0.0,0.0,0.0,0.0,0.0,0.0,0.0,0.0,0.0,0.0,0.0,0.0,580.6365731000001,173.24049,1392.0866839999999,335.8041477,148.36544609999999,177.59367319999998,2.993090473,433.33653480000004,377.3072244,668.6852981000001,65.14365168,157.8340567,336.7345734,135.01372719999998,75.15792706,388.7699378,80.0496074,36.37663817
3,I1,0.0,1,0.501,0.0,10.01326667,0.357928,0.022886700000000003,552.9024473999999,279.92741739999997,39.88636104,31.75107887,0.0,0.0,2.214753319,0.0,0.0,3.146187742,0.0,0.0,0.0,0.117173557,0.0,0.0,0.0,0.0,0.0,0.0,0.0,579.7500577000001,174.558033,3806.302921,333.9661376,160.76269530000002,194.7781899,2.380644748,469.8799732,392.1833591,671.1450352999999,201.68729069999998,168.6552858,368.6743139,154.92545780000003,77.57258291,401.202051,82.91667944,40.88137931
4,I1,0.0,2,0.47100000000000003,0.0,10.01326667,0.371084,0.03337380000000001,617.0277641,300.9814031,40.7706937,32.57913,0.0,0.0,1.963988302,0.0,0.0,2.3420562680000003,0.0,0.0,0.0,0.0,0.0,0.0,0.0,0.0,0.0,0.0,0.0,571.0221684999999,173.3411076,3629.3447619999997,334.4744133,157.9712855,192.65547769999998,2.21251333,456.4713751,396.05386269999997,668.9156116,184.0846906,167.0532744,359.1297459,153.76403059999998,73.44701987,402.7733039,85.39742374,39.68731132
5,I1,0.0,3,0.502,0.0,10.01326667,0.370212,0.022112299999999998,598.6673284,299.69473270000003,41.55727995,31.91594939,0.0,0.0,2.90976749,0.0,0.0,3.1511493539999997,0.0,0.0,0.0,0.090830946,0.0,0.0,0.0,0.0,0.0,0.0,0.0,579.9953201000001,172.25959880000002,3714.188567,334.6970397,153.20815249999998,193.1880956,1.8891907909999999,472.9845641,377.5710506,688.4101249,189.89216230000002,166.5459962,360.6024869,153.6461414,70.52450125,398.8985442,83.2132996,39.69255534
6,I2,0.0,1,0.519,0.0,10.03,0.38860100000000003,0.0450088,579.1221722,358.49479469999994,55.18549005,37.72791649,0.0,0.0,2.301503465,0.0,0.0,2.833489404,0.0,0.0,0.0,0.0,0.0,0.0,0.0,0.0,0.0,0.0,0.0,555.3034219,169.3589578,3123.400944,325.23066439999997,152.0840115,184.3827217,2.795750959,423.7232801,363.1014943,631.1299279,135.5062721,178.3764433,309.9237316,136.1505229,65.69101061,389.4642534,88.18773108,40.79196649
7,I2,0.0,2,0.5720000000000001,0.0,10.03,0.450031,0.0376065,641.8864990000001,406.4748281,62.71014796,40.25869151,0.0,0.0,2.340504194,0.0,0.0,3.36866256,0.0,0.0,0.0,0.0,0.0,0.0,0.0,0.0,0.0,0.0,0.0,594.7839425,172.5456812,2808.77828,340.7760489,153.6339929,190.7793586,2.10741964,450.31605149999996,394.32267,663.1281899,114.21433999999999,176.63712869999998,335.744623,153.0576919,65.25866756,400.54433430000006,84.23112605,41.20904394
8,I2,0.0,3,0.588,0.0,10.03,0.454128,0.0437595,646.625745,409.91274289999996,61.46758832,38.80772276,0.0,0.0,5.249857272,0.0,0.0,3.593841943,0.0,0.0,0.0,0.0,0.0,0.0,0.0,0.0,0.0,0.0,0.0,598.8957468,171.29460830000002,2876.123861,339.72092430000004,153.51145369999998,187.29133090000002,2.9760832269999997,464.3074558999999,390.26286769999996,696.8638771000001,122.81274280000001,162.10998700000002,338.42291760000006,152.16426819999998,66.64442375,397.76944280000004,81.07445077,41.07875512
9,I3,0.0,1,0.44299999999999995,0.0,10.03753,0.309208,0.0414721,468.469354,246.24794219999998,47.51534735,28.42458666,0.0,0.0,4.360714325,0.0,0.0,3.696090077,0.0,0.0,0.0,0.0,0.0,0.0,0.0,0.0,0.0,0.0,0.0,606.9692125,175.3162491,4410.835744,344.36238439999994,166.74652949999998,205.73892419999999,0.0,442.14792120000004,401.72006170000003,723.8541613,177.92509280000002,183.0945675,387.15154060000003,158.6056836,67.36232240000001,414.6710546,92.11406167,36.61175268
10,I3,0.0,2,0.41200000000000003,0.0,10.03753,0.303663,0.0359212,450.0936222,239.70411549999997,47.61672521,35.26404047,0.0,0.0,2.974093367,0.0,0.0,3.705390669,0.0,0.0,0.0,0.0,0.0,0.0,0.0,0.0,0.0,0.0,0.0,615.7705632999999,176.4919892,4396.72658,343.3623273,164.7844373,206.8296343,1.3407071000000002,456.1431496999999,409.12491960000006,684.1831212999999,177.5988757,179.92125330000002,379.0716391,162.2489858,65.39621753,421.07318530000003,95.00568056,37.4786394
11,I3,0.0,3,0.408,0.0,10.03753,0.33310100000000004,0.0319319,461.21171200000003,246.3557534,48.98472103,36.3333691,0.0,0.0,3.704378563,0.0,0.0,3.734090193,0.0,0.0,0.0,0.0,0.0,0.0,0.0,0.0,0.0,0.0,0.0,596.7003846,173.51614569999998,4160.406933,335.4468501,157.3907399,198.44839299999998,2.7206048110000003,478.868047,390.7278895,677.6167657999999,161.75690569999998,198.53054430000003,368.03733,159.0375011,64.95504526,401.1107951,83.75442127,35.35692701
12,WT,0.5,1,1.0490000000000002,0.0,9.643626667000001,0.87246,0.0834408,725.3563014,485.46094360000006,131.82261019999999,45.25050218,0.0,0.0,3.9603927939999997,0.0,0.0,0.0,0.0,0.0,0.0,0.0,0.0,0.0,0.0,0.0,0.0,0.0,0.0,553.2441541000001,171.2926533,0.0,313.74649900000003,111.21476299999999,119.14751809999998,3.4088436989999997,403.008422,305.8742443,497.04619929999996,0.0,81.04799612,194.7793417,116.14129479999998,48.68838062,340.63113599999997,64.05676458,28.45099912
13,WT,0.5,2,1.09,0.0,9.643626667000001,0.848884,0.08510060000000001,695.2156726,451.0154414,134.6002878,42.41423656,0.0,0.0,2.600340219,0.0,0.0,0.0,0.0,0.0,0.0,0.0,0.0,0.0,0.0,0.0,0.0,0.0,0.0,558.9334816,166.4923339,0.0,319.8825789,110.25436599999999,114.72533510000001,2.043550036,418.1781743,301.5995107,510.9218813999999,0.0,77.44321479999999,186.7260229,115.43081129999999,46.5852469,347.76300679999997,62.87524288,28.62956029
14,WT,0.5,3,1.088,0.0,9.643626667000001,0.862349,0.079013,697.3523941000001,435.7394871999999,127.42871229999999,43.90573431,0.0,0.0,2.368684177,0.0,0.0,0.0,0.0,0.0,0.0,0.0,0.0,0.0,0.0,0.0,0.0,0.0,0.0,554.2211062999999,167.7976908,0.0,318.7368689,114.6588113,117.99317099999999,3.727729565,399.7671413,319.06717280000004,496.8883212,0.0,76.60949234,184.7895101,117.1801817,45.63971368,355.22661739999995,65.8272371,28.5615613
15,I1,0.5,1,0.745,0.774893012,9.85159,0.571164,0.0384932,829.9609632999999,255.1322329,71.72876745,40.84287362,0.0,0.0,3.850942106,0.0,0.0,3.38952079,0.0,0.0,0.0,0.258226197,0.0,0.0,0.0,0.0,0.0,0.0,0.0,562.6870504999999,166.786497,1870.607369,325.3311724,132.299579,174.4660924,2.699623045,444.6409393999999,362.1927965,653.8743344,65.79238458,139.769014,256.0030977,131.53775100000001,50.94033317,371.9569254,71.72034063,34.81567115
16,I1,0.5,2,0.778,0.8334472690000001,9.85159,0.583159,0.0329503,909.7221864,322.76320110000006,71.66862163,44.56932681,0.0,0.0,2.23294138,0.0,0.0,4.935209048,0.0,0.0,0.0,0.300207542,0.0,0.0,0.0,0.0,0.0,0.0,0.0,582.1763412,166.7129888,1608.0454650000001,328.5421091,131.2719983,174.69287219999998,2.158718671,457.87396409999997,352.7650383,620.228426,54.64800798,131.8317497,251.1044676,140.45265700000002,48.52691209,375.2031247,70.42900277,34.91400338
17,I1,0.5,3,0.7709999999999999,1.002483786,9.85159,0.5982390000000001,0.0408997,892.3844052000001,267.2060442,71.41858147,43.40398317,0.0,0.0,5.284207383,0.0,0.0,4.964531205,0.0,0.0,0.0,0.244739154,0.0,0.0,0.0,0.0,0.0,0.0,0.0,571.8934648,168.6588705,1758.72174,329.75516539999995,130.341679,173.7278255,2.732158647,474.0160363,353.898349,643.5745041,65.05583047,133.321404,260.0263036,143.1326911,48.902416200000005,381.3697112,71.24556984,34.62657634
18,I2,0.5,1,0.836,0.6562895470000001,9.83,0.64967,0.047155699999999995,1096.979765,389.41008819999996,97.71229032,45.43402823,0.0,0.0,2.055849523,0.0,0.0,5.035861683,0.0,0.0,0.0,0.0,0.0,0.0,0.0,0.0,0.0,0.0,0.0,554.1643272000001,168.4897626,786.2463534,333.97226980000005,129.33064869999998,166.1902132,2.345151364,445.1249404,350.0065993,619.0967531,0.0,121.21682460000001,220.16503819999997,137.4752105,45.52975336,372.21554419999995,71.30234993,36.86388518
19,I2,0.5,2,0.8690000000000001,0.644652449,9.83,0.704363,0.0544351,1211.7727320000001,453.970464,104.2644017,46.58131702,0.0,0.0,2.320428258,0.0,0.0,5.211911373,0.0,0.0,0.0,0.0,0.0,0.0,0.0,0.0,0.0,0.0,0.0,550.3384672999999,174.0666099,378.19265989999997,334.1386758,127.67156170000001,166.2563878,0.0,420.66210880000006,353.98931519999996,602.4037487,0.0,110.91938799999998,212.3845491,134.28513,42.44708729,374.8896842,75.60372662,36.74112038
20,I2,0.5,3,0.917,0.7637983159999999,9.83,0.7970619999999999,0.0615857,1203.587126,432.75018739999996,103.5574803,49.60038787,0.0,0.0,2.801836311,0.0,0.0,5.084115798,0.0,0.0,0.0,0.08770475900000001,0.0,0.0,0.0,0.0,0.0,0.0,0.0,563.3227426,169.3775955,477.2133169,335.2945965,126.00063059999998,162.77616840000002,2.7441746360000003,465.84036119999996,344.32109260000004,611.9266857000001,0.0,112.71181270000001,216.4459629,135.8750051,42.36648911,375.5723857,68.61605676,36.93808578
21,I3,0.5,1,0.665,0.0,9.90703,0.5071359999999999,0.0274233,794.6265752999999,251.04131349999997,80.05158684,44.89373036,0.0,0.0,2.103875214,0.0,0.0,4.962060128,0.0,0.0,0.0,0.0,0.0,0.0,0.0,0.0,0.0,0.0,0.0,602.3905902,172.5246975,2314.6439219999997,341.4109828,138.2258294,185.7970336,1.894089617,497.32251110000004,376.8520724,710.6263154,48.62115145,145.3987423,298.4451316,152.7982629,43.91735837,399.1714228,73.92806941,33.94756235
22,I3,0.5,2,0.654,0.0,9.90703,0.517288,0.039193,816.1533067,253.0503536,79.90731253,46.29822335,0.0,0.0,2.300858825,0.0,0.0,5.71813206,0.0,0.0,0.0,0.0,0.0,0.0,0.0,0.0,0.0,0.0,0.0,571.877953,169.6400875,2245.10045,324.727404,138.7907284,184.6948064,2.310027704,440.0326919,365.72429280000006,678.026637,44.293853999999996,134.8897881,267.6223687,144.28239580000002,41.885353,382.2710515,76.99773974,32.17816605
23,I3,0.5,3,0.701,0.0,9.90703,0.558344,0.040221,802.7706636,262.6141675,80.54848965,42.72575115,0.0,0.0,4.68593528,0.0,0.0,4.976594734,0.0,0.0,0.0,0.0,0.0,0.0,0.0,0.0,0.0,0.0,0.0,577.5959627999999,168.0784295,2280.525447,332.7550124,138.08088,181.37280090000002,3.164826688,486.38174749999996,362.1759259,697.3933685,47.34101436,137.7749253,281.1847434,148.96113630000002,40.67274911,388.4263312,74.81024351,32.72478449
24,WT,1.0,1,1.445,0.0,9.47489,1.05624,0.070435,32.63316699,419.60648610000004,151.2702118,27.99094448,0.0,0.0,2.624468179,0.0,0.0,0.0,0.0,0.0,0.0,0.0,0.0,0.0,0.0,0.0,0.0,0.0,0.0,559.0888924999999,165.3915358,0.0,300.4385262,95.87484296,57.42254679,3.9061207889999996,358.7913733,268.5837141,363.1634531,0.0,36.57921433,99.59172936,95.6042861,28.45883299,328.6503516,58.27179117,22.86999348
25,WT,1.0,2,1.5419999999999998,0.0,9.47489,1.00688,0.0692827,57.44455674,427.4054852,159.00133259999998,30.17572567,0.0,0.0,2.89738119,0.0,0.0,0.0,0.0,0.0,0.0,0.0,0.0,0.0,0.0,0.0,0.0,0.0,0.0,558.2351568,166.2377271,0.0,302.6692221,92.69778457,51.74626666,3.304212162,361.7472741,259.2956397,345.73640439999997,0.0,34.02062111,95.00216693,92.84257437,28.76295651,328.125265,56.856603299999996,21.38366483
26,WT,1.0,3,1.53,0.0,9.47489,1.0246,0.0674198,29.90936609,406.32521260000004,153.09493759999998,29.45160141,0.0,0.0,3.034781633,0.0,0.0,0.0,0.0,0.0,0.0,0.0,0.0,0.0,0.0,0.0,0.0,0.0,0.0,558.6200257,167.1672017,0.0,303.1395587,91.26660207,52.01735815,3.613115515,376.43892789999995,261.9248408,372.06711989999997,0.0,33.9021273,96.19823545,94.46116243,26.562708,327.33616969999997,52.58850122,21.82128973
27,I1,1.0,1,0.997,2.528406508,9.580943332999999,0.7668560000000001,0.0495107,737.2829001,333.00480110000007,89.83954322,41.253561100000006,0.0,0.0,2.432687735,0.0,1.067552093,8.409291282,0.0,0.0,0.0,0.40543766,0.0,0.0,0.0,0.0,0.0,0.0,0.0,536.1624156,165.4267259,556.0380974999999,321.80069710000004,115.96550649999999,156.7283148,3.295523678,420.430013,333.5144306,609.6500771000001,0.0,88.41673962,173.56216750000002,127.74098070000001,33.62187929,358.6202994,67.89975985,31.79700329
28,I1,1.0,2,1.064,2.5113887790000002,9.580943332999999,0.77713,0.042262400000000006,826.6930577,408.9742876,98.13633724,41.64128529999999,0.0,0.0,4.110916268,0.0,1.0503924340000002,9.346822035,0.0,0.0,0.0,0.430072952,0.0,0.0,0.0,0.0,0.0,0.0,0.0,529.0650241000001,165.3362743,256.8380283,318.63169869999996,112.1745521,152.5439895,1.870981945,426.8536289,316.9690692,562.7814239,0.0,82.17777849,162.7987425,125.3764254,30.796963399999996,354.2322648,65.99789969,30.64949308
29,I1,1.0,3,1.031,2.509386391,9.580943332999999,0.787842,0.054518,814.0602884,395.8807284,93.57342585,37.8789198,0.0,0.0,2.257898163,0.0,1.017641262,9.757896504,0.0,0.0,0.0,0.452330471,0.0,0.0,0.0,0.0,0.0,0.0,0.0,559.9370673999999,165.6351946,402.94507430000004,327.31564249999997,114.5152489,152.97163569999998,3.634836726,448.3874199,342.7341586,587.1245066,0.0,86.42250124,175.5621086,129.5315143,32.44467527,358.75312710000003,58.82149183,32.16849881
30,I2,1.0,1,1.045,2.325140431,9.63,0.787842,0.047108199999999996,825.6660329,326.34470980000003,94.67670441,40.21250751,0.0,0.0,2.268811,0.0,0.0,9.986831147,0.0,0.0,0.0,0.14169191,0.0,0.0,0.0,0.0,0.0,0.0,0.0,575.3212854,172.28032180000002,0.0,334.669369,113.9839028,137.2441809,3.07221114,426.2620491,321.2259353,613.2129211,0.0,79.18582221,140.0132711,124.5289898,28.13078428,366.50326129999996,67.80972994,34.11440427
31,I2,1.0,2,1.0759999999999998,2.612767315,9.63,0.987418,0.05599969999999999,617.7415828,459.29883820000003,110.910855,42.75018182,0.0,0.0,5.017694727,0.0,0.0,9.604261629,0.0,0.0,0.0,0.14619019,0.0,0.0,0.0,0.0,0.0,0.0,0.0,580.3125808,167.81971719999999,0.0,337.03090249999997,112.2547956,128.9705465,3.243577632,445.23093439999997,331.14367230000005,574.2057857000001,0.0,73.26806663,142.4833804,125.4008511,27.09586682,366.46272139999996,60.85553305,32.00141064
32,I2,1.0,3,1.065,2.236157011,9.63,0.874863,0.0486027,684.9949548,425.1818649,115.5126531,43.82628959,0.0,0.0,2.55972789,0.0,0.0,10.15830837,0.0,0.0,0.0,0.18613678399999997,0.0,0.0,0.0,0.0,0.0,0.0,0.0,562.7280251,166.0452894,0.0,327.9439181,111.144696,124.8780166,2.810539868,441.88895360000004,312.49438060000006,561.0960296000001,0.0,71.57106062,140.7200311,120.7423284,26.56377348,354.4677431,60.26412754,32.20421287
33,I3,1.0,1,0.9159999999999999,1.435446384,9.655366667000001,0.760576,0.0511714,966.4838809,376.52937210000005,96.63072477,46.18015467,0.0,0.0,2.480621334,0.0,0.0,9.67160336,0.0,0.0,0.0,0.09714568900000001,0.0,0.0,0.0,0.0,0.0,0.0,0.0,559.3110336,168.32638930000002,592.3259764,332.4828525,122.59869099999999,173.00439430000003,2.165558542,445.841979,340.0543014,636.3656686,0.0,104.1437123,192.3915581,135.64508,28.18217301,378.4773056,72.70005746,30.30899656
34,I3,1.0,2,0.909,1.505469985,9.655366667000001,0.701025,0.0460292,1001.9970880000001,404.99164260000003,99.54390069,42.74233003,0.0,0.0,4.759562394,0.0,0.0,9.660434867000001,0.0,0.0,0.0,0.132687555,0.0,0.0,0.0,0.0,0.0,0.0,0.0,574.0554619,171.9539011,620.3513929999999,338.18131789999995,125.24806570000001,173.8415327,3.0882016489999997,463.79250650000006,345.7625828,682.2044152999999,0.0,106.18691979999998,199.6567155,138.4499007,26.92329206,382.3637674,71.47199593,29.61847308
35,I3,1.0,3,0.925,1.3052152479999999,9.655366667000001,0.730522,0.045353899999999996,1011.088442,356.7833644,89.91678709,43.06127593,0.0,0.0,4.633028742,0.0,0.0,10.35727876,0.0,0.0,0.0,0.13324106900000002,0.0,0.0,0.0,0.0,0.0,0.0,0.0,559.6841954,166.9022333,589.9247406000001,327.9578543,118.7832381,165.74860969999997,2.564766674,438.83450030000006,335.7916751,664.8630646,0.0,103.96986319999999,184.0773266,132.4485449,24.02005168,362.8044379,66.27089042,28.05568206
36,WT,2.0,1,2.117,0.0,9.130653333,1.31949,0.0641698,75.47940373,517.1845316,158.73646399999998,25.52911937,0.0,1.09932809,5.78495464,0.0,0.0,0.0,0.243329228,0.0,0.0,0.0,0.0,0.0,0.0,0.0,0.0,0.0,0.0,437.3933597,136.21132619999997,43.60482275,219.84855380000002,63.40464949,0.0,0.0,316.2332515,178.7308295,0.0,0.0,2.650394745,13.12044291,52.42194685,11.42912119,277.38924260000005,30.67994201,11.46670254
37,WT,2.0,2,2.186,0.0,9.130653333,1.39529,0.0750422,53.47885705,625.8351686000001,159.52690869999998,27.02884649,0.0,2.068569281,12.86872104,0.0,0.0,0.0,0.0,0.0,0.0,0.0,0.0,0.0,0.0,0.0,0.0,0.0,0.0,431.5123294,133.97291059999998,43.62752647,215.8929373,59.61573662,0.0,3.89539883,315.5903972,167.9405397,0.0,0.0,2.330311777,11.7177699,51.31827779,11.90017008,269.5443835,30.61143399,11.02071457
38,WT,2.0,3,2.1790000000000003,0.0,9.130653333,1.4071,0.07717919999999999,78.47343598,552.598829,163.5765001,29.29565533,0.0,1.0051005990000001,5.158778828,0.0,0.0,0.0,0.23931497300000001,0.0,0.0,0.0,0.0,0.0,0.0,0.0,0.0,0.0,0.0,440.2791444,137.11558119999998,46.19699541,219.549797,63.43284146,0.655206915,3.692883197,302.6677064,171.57556369999998,0.0,0.0,2.117097753,11.32032075,51.14712327,10.48996757,280.6609755,35.349298299999994,11.1370315
39,I1,2.0,1,1.465,9.990276673,9.099366667,1.01021,0.0306245,53.44316612,275.3334563,88.79852881,28.63122187,0.0,0.0,0.7696542909999999,0.0,3.149571227,21.57118481,0.0,0.0,0.0,0.809666943,0.0,0.0,0.0,0.0,0.0,0.0,0.0,560.7776327,158.1578868,58.3210644,303.08062160000003,93.75918323,65.03506926,3.0710095410000005,384.8247651,267.64637059999995,495.1320219,0.0,23.34500221,40.62719772,98.72341479,17.31798919,325.7843579,53.5475144,21.55586934
40,I1,2.0,2,1.53,10.92301385,9.099366667,1.07105,0.0485408,39.42282071,296.7643758,92.03611388,28.11006865,0.0,0.0,3.581942981,0.0,3.019198348,22.45861301,0.0,0.0,0.0,0.8549615779999999,0.0,0.0,0.0,0.0,0.0,0.0,0.0,576.036,163.22128469999998,44.7425471,313.41870960000006,93.40305123,56.81052907,3.648054314,418.2307349,274.9332671,481.10840870000004,0.0,20.489600699999997,35.39671145,102.1767212,15.95498982,336.9990887,50.96888024,21.44358347
41,I1,2.0,3,1.504,10.69204268,9.099366667,1.04566,0.0344848,64.8314873,269.7356121,86.0806944,27.59876665,0.0,0.0,4.523117597,0.0,3.13625553,22.57866457,0.0,0.0,0.0,0.7576053979999999,0.0,0.0,0.0,0.0,0.0,0.0,0.0,560.1050634,159.6948466,48.91622429,306.22382999999996,94.00783044,61.27961023,3.237754499,388.12341810000004,275.2492781,478.63362350000006,0.0,20.61153707,36.83508727,98.56934566,16.44032148,330.5116958,52.53328320000001,21.70386927
42,I2,2.0,1,1.6569999999999998,10.75502322,9.213263332999999,1.06046,0.0317827,35.00078695,367.7277637,91.07839575,21.76822984,0.0,0.540186128,2.9816448660000003,0.0,2.21120967,26.81506454,0.0,0.0,0.0,0.69599378,0.0,0.0,0.0,0.0,0.0,0.0,0.0,586.0042497999999,161.1766753,45.19126288,298.1361316,87.25368074,29.31389686,4.185353892,400.41725319999995,256.7019079,442.0553636,0.0,17.43869687,19.53048395,90.60070161,12.72694697,320.5221743,44.51739788,23.75439979
43,I2,2.0,2,1.645,11.41823481,9.213263332999999,1.08125,0.038108800000000005,75.52784142,418.4015715,103.7351185,23.58762369,0.0,0.926938122,6.033509463,0.0,2.438565942,26.88334022,0.0,0.0,0.0,0.691183661,0.0,0.0,0.0,0.0,0.0,0.0,0.0,564.2124775000001,153.79438080000003,53.3053753,290.7134878,87.9216698,22.41567974,3.310220157,381.1254938,244.7712734,366.2376144,0.0,14.86875318,21.87529288,87.107118,12.54885229,313.5053587,46.87823453,21.44184154
44,I2,2.0,3,1.6909999999999998,12.00196033,9.213263332999999,1.0580200000000002,0.0324549,50.88252377,410.9957185,98.56477217,22.06422963,0.0,0.877926586,2.165576485,0.0,2.433641508,27.58002846,0.0,0.0,0.0,0.752397685,0.0,0.0,0.0,0.0,0.0,0.0,0.0,577.3764557999999,157.2897342,46.95467921,289.948826,85.66251001,23.34920075,3.461806482,377.8223392,255.9910161,384.4025332,0.0,14.73252272,22.31048778,87.78219677,12.15243022,310.0153932,42.64844042,22.40301119
45,I3,2.0,1,1.49,8.215342341,9.021016667,1.00973,0.0,50.46479417,244.9208571,87.15787195,20.30724683,0.0,0.0,2.381530934,0.0,1.5102634959999999,24.70225423,0.0,0.0,0.0,0.6496233,0.0,0.0,0.0,0.0,0.0,0.0,0.0,563.5118113,158.0673049,43.18769476,306.11449480000005,96.2740655,77.84186094,3.711831487,418.5707885,290.3926619,573.5954423,0.0,33.82494417,45.71859382,103.9599143,13.31113934,332.7080513,48.47459799,20.473074899999997
46,I3,2.0,2,1.46,8.323120971,9.021016667,1.01138,0.0,56.17643604,242.4781403,86.6396344,20.85005041,0.0,0.0,4.038117977,0.0,1.5705087030000002,25.36098127,0.0,0.0,0.0,0.7221259,0.0,0.0,0.0,0.0,0.0,0.0,0.0,577.1748021000001,165.2254907,46.09898866,315.2009027,96.47083263,83.06716779999999,3.502291122,417.30712860000006,284.68677310000004,582.2274771000001,0.0,31.26857115,48.70354833,105.6797492,13.98439068,345.1366627,57.68192293,21.1134017
47,I3,2.0,3,1.454,8.004793057999999,9.021016667,0.9237040000000001,0.0,54.37841424,261.0149489,92.11018023,22.25862805,0.0,0.0,2.673506876,0.0,1.54128288,25.446457199999998,0.0,0.0,0.0,0.605653981,0.0,0.0,0.0,0.0,0.0,0.0,0.0,572.9078796,165.3885381,50.29720279,302.2209284,93.38304101,79.86091916,3.2566103589999997,423.027337,268.08295719999995,555.4172607,0.0,29.94393506,46.4733143,102.7252098,12.4994352,325.02250860000004,48.69894132,19.28282821
48,WT,3.0,1,2.661,0.0,8.547536667000001,1.72062,0.0805228,444.21335889999995,711.9412231000001,90.60070935,13.42027894,0.0,1.7717857830000001,10.74104019,0.0,0.0,0.0,0.299528804,0.0,0.0,0.0,0.0,0.0,0.0,0.0,0.0,0.0,0.0,255.18415,82.72532104,0.0,81.29726798,39.04392394,0.567657294,3.937824514,242.90518369999998,97.04693179,0.0,0.0,1.32917627,7.752933721000001,14.37198117,4.593033778,216.6569145,15.48831828,3.9346294960000003
49,WT,3.0,2,2.7,0.0,8.547536667000001,1.7060400000000002,0.08173430000000001,376.2661988,692.1776136,86.68540575,13.24355778,0.0,1.165066661,7.4871269510000005,0.0,0.0,0.0,0.247156774,0.0,0.0,0.0,0.0,0.0,0.0,0.0,0.0,0.0,0.0,265.3086887,85.04324017,0.0,85.28656486,40.13730155,0.0,3.986443055,251.43241899999998,110.08168859999999,0.0,0.0,1.749193177,7.5810835370000005,14.85470686,5.005909394,234.019636,15.869984599999999,3.9481453889999996
50,WT,3.0,3,2.688,0.0,8.547536667000001,1.7093099999999999,0.0749929,401.5608729,712.5775524000001,91.27623388,13.12960807,0.0,1.798310712,9.196252165,0.0,0.0,0.0,0.25693568699999997,0.0,0.0,0.0,0.0,0.0,0.0,0.0,0.0,0.0,0.0,272.6487085,83.46385677,0.0,83.47545442,39.35076286,0.0,3.327227403,264.3528015,105.96714270000001,0.0,0.0,1.2800325209999999,8.039602007000001,15.10098966,5.026429035,231.71051969999996,15.19901258,4.057923253999999
51,I1,3.0,1,1.84,23.92699033,8.938955,1.3723299999999998,0.0192791,60.11846318,306.76950919999996,46.74404344,29.35425632,0.0,0.821610765,4.763614418,0.0,6.923409855,34.11511435,0.0,0.0,0.0,1.064283602,0.0,0.0,0.0,0.0,0.0,0.0,0.0,513.1531115,144.08634709999998,0.0,260.4020807,76.01794361,0.0,3.2793483080000003,340.9496303,227.16133540000004,361.7558122,0.0,3.6856065769999997,3.8015955339999996,73.92078415,9.50285071,290.67591,41.39853467,7.5556574560000005
52,I1,3.0,2,1.879,26.65772775,8.938955,1.17864,0.0291676,70.43387121,367.2131418,47.86237737,26.47663792,0.0,0.0,4.272122351,0.0,6.532172011,36.80835551,0.0,0.0,0.0,1.02869496,0.0,0.0,0.0,0.0,0.0,0.0,0.0,483.50152689999993,137.1256169,60.95667026,246.33039019999998,70.25202436,0.0,4.1445919589999995,358.4367355,203.80142130000002,308.03004239999996,0.0,2.9590274689999996,3.642100275,68.50442918,8.596185973999999,274.2411601,34.25059123,6.492689975
53,I1,3.0,3,1.791,24.94397694,8.938955,1.2159,0.0206716,72.24209042,318.56180710000007,49.99259849,27.4359127,0.0,1.070375756,7.8823374070000005,0.0,6.487727475,34.40127293,0.0,0.0,0.0,0.919808528,0.0,0.0,0.0,0.0,0.0,0.0,0.0,514.9972625,143.789447,72.21997209,259.0774192,74.9898953,0.0,3.870442544,346.82277789999995,227.1352264,329.9973005,0.0,2.816086513,3.505369206,72.27998508,9.04859061,291.30451439999996,38.85828286,6.643891041
54,I2,3.0,1,2.0709999999999997,28.32950159,9.010033332999999,1.14096,0.030167700000000002,64.06486063,288.51131910000004,67.9509292,24.22729181,0.0,0.986872986,5.339508298,0.0,9.71046513,49.50642582,0.0,0.0,0.0,1.221544081,0.0,0.0,0.0,0.0,0.0,0.0,0.0,651.1817177,155.120591,0.0,300.7227631,83.71397612,0.0,4.443420367,431.98595520000003,265.0007088,358.4620497,0.0,3.2757926110000004,8.792741638999999,82.82428407,11.19016795,378.4432534,41.98850208,20.8221625
55,I2,3.0,2,2.036,29.31969546,9.010033332999999,1.1225,0.0341385,65.70445839,391.9574895,78.93643042,23.03110735,0.0,1.196005055,1.758900643,0.0,10.07878658,50.14974267,0.0,0.0,0.0,1.250287854,0.0,0.0,0.0,0.0,0.0,0.0,0.0,496.4029749,123.84220479999999,0.0,230.7941284,71.41288191,0.5027515,3.982745828,332.0013015,199.1909149,186.2131177,0.0,2.671149871,6.680633325,61.76384535,6.574194792,274.1752512,35.7887365,13.746264499999999
56,I2,3.0,3,2.082,28.33177657,9.010033332999999,1.1255600000000001,0.036269699999999995,48.15216739,330.28867710000003,77.96168990000001,23.22992509,0.0,2.14902676,14.77022529,0.0,10.66193539,52.30559253,0.0,0.0,0.0,1.287919043,0.0,0.0,0.0,0.0,0.0,0.0,0.0,494.0940544,125.9998136,71.04981385,228.2123824,69.89685859,0.0,3.789842986,349.5846396,194.7105104,203.2667679,0.0,2.839535815,7.145329257999999,60.88760188,6.948729682000001,268.2939918,30.15513533,13.54323427
57,I3,3.0,1,1.851,20.37397538,8.79809,1.07429,0.0,55.28197755,270.7045232,55.72347358,20.76633226,0.0,1.347475196,10.12135682,0.0,7.836870724,42.580656700000006,0.0,0.0,0.0,1.226330812,0.0,0.0,0.0,0.0,0.0,0.0,0.0,520.093336,141.6978523,0.0,243.9150934,77.47000904,1.569109782,3.39414722,358.1597845,210.92744330000002,403.87103110000004,0.0,5.311042323,5.481184223,70.65011749,7.882615637000001,270.4227369,33.48311786,10.60760433
58,I3,3.0,2,1.824,21.51101343,8.79809,1.07247,0.0,60.095518999999996,252.91984530000002,62.76809977,22.45296641,0.0,0.87872101,7.593630712,0.0,7.699892557999999,42.00590739,0.0,0.0,0.0,1.114294805,0.0,0.0,0.0,0.0,0.0,0.0,0.0,563.0335788,152.0327257,0.0,262.3367219,80.90858726,2.2159716659999997,3.517264893,401.03327010000004,228.34021780000003,423.5137306,0.0,5.692018637,6.15883235,77.84264166,8.01809439,291.8454854,32.13963655,10.43096748
59,I3,3.0,3,1.828,21.03134031,8.79809,1.0492700000000001,0.0,47.98427433,246.69864159999997,67.38215403,23.24489928,0.0,1.02970567,8.292144358,0.0,7.925895261,44.60215388,0.0,0.0,0.0,1.112010583,0.0,0.0,0.0,0.0,0.0,0.0,0.0,577.0811458,151.91347040000002,0.0,267.64944810000003,80.40351628,1.7083400309999999,2.558204096,395.2518769,234.8608363,426.1305807,0.0,5.386454279,6.408484506000001,80.85957438,8.03460105,307.1581375,37.98562995,11.40778711
