,lower,reaction,upper
0,0.0,DM_4CRSOL,1000.0
1,0.0,DM_5DRIB,1000.0
2,0.0,DM_AACALD,1000.0
3,0.0,DM_AMOB,1000.0
4,0.0,DM_MTHTHF,1000.0
5,0.0,DM_OXAM,1000.0
6,0.0,Ec_biomass_iJO1366_WT_53p95M,1000.0
7,0.0,Ec_biomass_iJO1366_core_53p95M,1000.0
8,0.0,EX_12ppd__R_e,1000.0
9,0.0,EX_12ppd__S_e,1000.0
10,0.0,EX_14glucan_e,1000.0
11,0.0,EX_15dap_e,1000.0
12,0.0,EX_23camp_e,1000.0
13,0.0,EX_23ccmp_e,1000.0
14,0.0,EX_23cgmp_e,1000.0
15,0.0,EX_23cump_e,1000.0
16,0.0,EX_23dappa_e,1000.0
17,0.0,EX_26dap__M_e,1000.0
18,0.0,EX_2ddglcn_e,1000.0
19,0.0,EX_34dhpac_e,1000.0
20,0.0,EX_3amp_e,1000.0
21,0.0,EX_3cmp_e,1000.0
22,0.0,EX_3gmp_e,1000.0
23,0.0,EX_3hcinnm_e,1000.0
24,0.0,EX_3hpp_e,1000.0
25,0.0,EX_3hpppn_e,1000.0
26,0.0,EX_3ump_e,1000.0
27,0.0,EX_4abut_e,1000.0
28,0.0,EX_4hoxpacd_e,1000.0
29,0.0,EX_5dglcn_e,1000.0
30,0.0,EX_5mtr_e,1000.0
31,0.0,EX_LalaDglu_e,1000.0
32,0.0,EX_LalaDgluMdap_e,1000.0
33,0.0,EX_LalaDgluMdapDala_e,1000.0
34,0.0,EX_LalaLglu_e,1000.0
35,9.549582941057972,EX_ac_e,9.549582941057972
36,0.0,EX_acac_e,1000.0
37,0.0,EX_acald_e,1000.0
38,0.0,EX_acgal_e,1000.0
39,0.0,EX_acgal1p_e,1000.0
40,0.0,EX_acgam_e,1000.0
41,0.0,EX_acgam1p_e,1000.0
42,0.0,EX_acmana_e,1000.0
43,0.0,EX_acmum_e,1000.0
44,0.0,EX_acnam_e,1000.0
45,0.0,EX_acolipa_e,1000.0
46,0.0,EX_acser_e,1000.0
47,0.0,EX_ade_e,1000.0
48,0.0,EX_adn_e,1000.0
49,0.0,EX_adocbl_e,1000.0
50,0.0,EX_ag_e,1000.0
51,0.0,EX_agm_e,1000.0
52,0.0,EX_akg_e,0.0
53,0.0,EX_ala__B_e,1000.0
54,0.0,EX_ala__D_e,1000.0
55,-0.021193712318620772,EX_ala__L_e,0.0
56,0.0,EX_alaala_e,1000.0
57,0.0,EX_all__D_e,1000.0
58,0.0,EX_alltn_e,1000.0
59,0.0,EX_amp_e,1000.0
60,0.0,EX_anhgm_e,1000.0
61,0.0,EX_arab__L_e,1000.0
62,0.0,EX_arbt_e,1000.0
63,0.0,EX_arbtn_e,1000.0
64,0.0,EX_arbtn__fe3_e,1000.0
65,-0.752706166197254,EX_arg__L_e,0.0
66,0.0,EX_ascb__L_e,1000.0
67,-0.37403435212124003,EX_asn__L_e,0.0
68,0.0,EX_aso3_e,1000.0
69,-0.0705781708342362,EX_asp__L_e,0.0
70,0.0,EX_btn_e,1000.0
71,0.0,EX_but_e,1000.0
72,0.0,EX_butso3_e,1000.0
73,-1000.0,EX_ca2_e,1000.0
74,0.0,EX_cbi_e,1000.0
75,0.0,EX_cbl1_e,1000.0
76,0.0,EX_cd2_e,1000.0
77,0.0,EX_cgly_e,1000.0
78,0.0,EX_chol_e,1000.0
79,0.0,EX_chtbs_e,1000.0
80,0.004360046373645915,EX_cit_e,0.004360046373645915
81,-1000.0,EX_cl_e,1000.0
82,0.0,EX_cm_e,1000.0
83,0.0,EX_cmp_e,1000.0
84,0.0,EX_co2_e,1000.0
85,-1000.0,EX_cobalt2_e,1000.0
86,0.0,EX_colipa_e,1000.0
87,0.0,EX_colipap_e,1000.0
88,0.0,EX_cpgn_e,1000.0
89,0.0,EX_cpgn__un_e,1000.0
90,0.0,EX_crn_e,1000.0
91,0.0,EX_crn__D_e,1000.0
92,0.0,EX_csn_e,1000.0
93,0.0,EX_cu_e,1000.0
94,-1000.0,EX_cu2_e,1000.0
95,0.0,EX_cyan_e,1000.0
96,0.0,EX_cynt_e,1000.0
97,0.0,EX_cys__D_e,1000.0
98,-0.0002884779038436037,EX_cys__L_e,0.0
99,0.0,EX_cytd_e,1000.0
100,0.0,EX_dad__2_e,1000.0
101,0.0,EX_damp_e,1000.0
102,0.0,EX_dca_e,1000.0
103,0.0,EX_dcmp_e,1000.0
104,0.0,EX_dcyt_e,1000.0
105,0.0,EX_ddca_e,1000.0
106,0.0,EX_dgmp_e,1000.0
107,0.0,EX_dgsn_e,1000.0
108,0.0,EX_dha_e,1000.0
109,0.0,EX_dimp_e,1000.0
110,0.0,EX_din_e,1000.0
111,0.0,EX_dms_e,1000.0
112,0.0,EX_dmso_e,1000.0
113,0.0,EX_dopa_e,1000.0
114,0.0,EX_doxrbcn_e,1000.0
115,0.0,EX_dtmp_e,1000.0
116,0.0,EX_dump_e,1000.0
117,0.0,EX_duri_e,1000.0
118,0.0,EX_eca4colipa_e,1000.0
119,0.0,EX_enlipa_e,1000.0
120,0.0,EX_enter_e,1000.0
121,0.0,EX_etha_e,1000.0
122,0.0,EX_ethso3_e,1000.0
123,0.0,EX_etoh_e,1000.0
124,0.0,EX_f6p_e,1000.0
125,0.0,EX_fald_e,1000.0
126,-1000.0,EX_fe2_e,1000.0
127,-1000.0,EX_fe3_e,1000.0
128,0.0,EX_fe3dcit_e,1000.0
129,0.0,EX_fe3dhbzs_e,1000.0
130,0.0,EX_fe3hox_e,1000.0
131,0.0,EX_fe3hox__un_e,1000.0
132,0.0,EX_fecrm_e,1000.0
133,0.0,EX_fecrm__un_e,1000.0
134,0.0,EX_feenter_e,1000.0
135,0.0,EX_feoxam_e,1000.0
136,0.0,EX_feoxam__un_e,1000.0
137,0.06926978229654446,EX_for_e,0.06926978229654446
138,0.0,EX_fru_e,1000.0
139,0.0,EX_frulys_e,1000.0
140,0.0,EX_fruur_e,1000.0
141,0.0,EX_fuc__L_e,1000.0
142,0.0,EX_fum_e,1000.0
143,0.0,EX_fusa_e,1000.0
144,0.0,EX_g1p_e,1000.0
145,0.0,EX_g3pc_e,1000.0
146,0.0,EX_g3pe_e,1000.0
147,0.0,EX_g3pg_e,1000.0
148,0.0,EX_g3pi_e,1000.0
149,0.0,EX_g3ps_e,1000.0
150,0.0,EX_g6p_e,1000.0
151,0.0,EX_gal_e,1000.0
152,0.0,EX_gal__bD_e,1000.0
153,0.0,EX_gal1p_e,1000.0
154,0.0,EX_galct__D_e,1000.0
155,0.0,EX_galctn__D_e,1000.0
156,0.0,EX_galctn__L_e,1000.0
157,0.0,EX_galt_e,1000.0
158,0.0,EX_galur_e,1000.0
159,0.0,EX_gam_e,1000.0
160,0.0,EX_gam6p_e,1000.0
161,0.0,EX_gbbtn_e,1000.0
162,0.0,EX_gdp_e,1000.0
163,-4.64586890687878,EX_glc_e,0.0
164,0.0,EX_glcn_e,1000.0
165,0.0,EX_glcr_e,1000.0
166,0.0,EX_glcur_e,1000.0
167,0.0,EX_glcur1p_e,1000.0
168,-0.11948899953929348,EX_gln__L_e,0.0
169,-0.23554762981627397,EX_glu__L_e,0.0
170,-0.08938140330540725,EX_gly_e,0.0
171,0.0,EX_glyald_e,1000.0
172,0.0,EX_glyb_e,1000.0
173,0.0,EX_glyc_e,1000.0
174,0.0,EX_glyc__R_e,1000.0
175,0.0,EX_glyc2p_e,1000.0
176,0.0,EX_glyc3p_e,1000.0
177,0.0,EX_glyclt_e,1000.0
178,0.0,EX_gmp_e,1000.0
179,0.0,EX_gsn_e,1000.0
180,0.0,EX_gthox_e,1000.0
181,0.0,EX_gthrd_e,1000.0
182,0.0,EX_gtp_e,1000.0
183,0.0,EX_gua_e,1000.0
184,-1000.0,EX_h_e,1000.0
185,0.0,EX_h2_e,1000.0
186,-1000.0,EX_h2o_e,1000.0
187,0.0,EX_h2o2_e,1000.0
188,0.0,EX_h2s_e,1000.0
189,0.0,EX_hacolipa_e,1000.0
190,0.0,EX_halipa_e,1000.0
191,0.0,EX_hdca_e,1000.0
192,0.0,EX_hdcea_e,1000.0
193,0.0,EX_hg2_e,1000.0
194,-0.04567003616484099,EX_his__L_e,0.0
195,0.0,EX_hom__L_e,1000.0
196,0.0,EX_hxa_e,1000.0
197,0.0,EX_hxan_e,1000.0
198,0.0,EX_idon__L_e,1000.0
199,-0.14715324766584825,EX_ile__L_e,0.0
200,0.0,EX_imp_e,1000.0
201,0.0,EX_indole_e,1000.0
202,0.0,EX_inost_e,1000.0
203,0.0,EX_ins_e,1000.0
204,0.0,EX_isetac_e,1000.0
205,-1000.0,EX_k_e,1000.0
206,0.0,EX_kdo2lipid4_e,1000.0
207,0.01400550389065838,EX_lac__D_e,0.01400550389065838
208,0.0,EX_lac__L_e,1000.0
209,0.0,EX_lcts_e,1000.0
210,-0.08751196312954831,EX_leu__L_e,0.0
211,0.0,EX_lipa_e,1000.0
212,0.0,EX_lipa_cold_e,1000.0
213,0.0,EX_lipoate_e,1000.0
214,0.0,EX_lys__L_e,1000.0
215,0.0,EX_lyx__L_e,1000.0
216,0.0,EX_mal__D_e,1000.0
217,-0.010420148967523316,EX_mal__L_e,0.0
218,0.0,EX_malt_e,1000.0
219,0.0,EX_malthx_e,1000.0
220,0.0,EX_maltpt_e,1000.0
221,0.0,EX_malttr_e,1000.0
222,0.0,EX_maltttr_e,1000.0
223,0.0,EX_man_e,1000.0
224,0.0,EX_man6p_e,1000.0
225,0.0,EX_manglyc_e,1000.0
226,0.0,EX_melib_e,1000.0
227,0.0,EX_meoh_e,1000.0
228,0.0,EX_met__D_e,1000.0
229,-0.052760399503041934,EX_met__L_e,0.0
230,0.0,EX_metsox__R__L_e,1000.0
231,0.0,EX_metsox__S__L_e,1000.0
232,-1000.0,EX_mg2_e,1000.0
233,0.0,EX_mincyc_e,1000.0
234,0.0,EX_minohp_e,1000.0
235,0.0,EX_mmet_e,1000.0
236,-1000.0,EX_mn2_e,1000.0
237,0.0,EX_mnl_e,1000.0
238,-1000.0,EX_mobd_e,1000.0
239,0.0,EX_mso3_e,1000.0
240,0.0,EX_n2o_e,1000.0
241,-1000.0,EX_na1_e,1000.0
242,0.0,EX_nac_e,1000.0
243,-1000.0,EX_nh4_e,1000.0
244,-1000.0,EX_ni2_e,1000.0
245,0.0,EX_nmn_e,1000.0
246,0.0,EX_no_e,1000.0
247,0.0,EX_no2_e,1000.0
248,0.0,EX_no3_e,1000.0
249,0.0,EX_novbcn_e,1000.0
250,0.0,EX_o16a4colipa_e,1000.0
251,-1000.0,EX_o2_e,1000.0
252,0.0,EX_o2s_e,1000.0
253,0.0,EX_ocdca_e,1000.0
254,0.0,EX_ocdcea_e,1000.0
255,0.0,EX_octa_e,1000.0
256,0.0,EX_orn_e,1000.0
257,0.0,EX_orot_e,1000.0
258,0.0,EX_pacald_e,1000.0
259,0.0,EX_peamn_e,1000.0
260,-0.0947976437259211,EX_phe__L_e,0.0
261,0.0,EX_pheme_e,1000.0
262,-1000.0,EX_pi_e,1000.0
263,0.0,EX_pnto__R_e,1000.0
264,0.0,EX_ppa_e,1000.0
265,0.0,EX_ppal_e,1000.0
266,0.0,EX_pppn_e,1000.0
267,0.0,EX_ppt_e,1000.0
268,-0.08217582388477848,EX_pro__L_e,0.0
269,0.0,EX_progly_e,1000.0
270,0.0,EX_psclys_e,1000.0
271,0.0,EX_pser__L_e,1000.0
272,0.0,EX_ptrc_e,1000.0
273,0.0,EX_pydam_e,1000.0
274,0.0,EX_pydx_e,1000.0
275,0.0,EX_pydxn_e,1000.0
276,-0.6689048894761265,EX_pyr_e,0.0
277,0.0,EX_quin_e,1000.0
278,0.0,EX_r5p_e,1000.0
279,0.0,EX_rfamp_e,1000.0
280,0.0,EX_rib__D_e,1000.0
281,0.0,EX_rmn_e,1000.0
282,0.0,EX_sbt__D_e,1000.0
283,-1000.0,EX_sel_e,1000.0
284,0.0,EX_ser__D_e,1000.0
285,-1.505412332394508,EX_ser__L_e,0.0
286,0.0,EX_skm_e,1000.0
287,-1000.0,EX_slnt_e,1000.0
288,0.0,EX_so2_e,1000.0
289,0.0,EX_so3_e,1000.0
290,-1000.0,EX_so4_e,1000.0
291,0.0,EX_spmd_e,1000.0
292,0.06088458732005345,EX_succ_e,0.06088458732005345
293,0.0,EX_sucr_e,1000.0
294,0.0,EX_sulfac_e,1000.0
295,0.0,EX_tartr__D_e,1000.0
296,0.0,EX_tartr__L_e,1000.0
297,0.0,EX_taur_e,1000.0
298,0.0,EX_tcynt_e,1000.0
299,0.0,EX_thm_e,1000.0
300,-0.11923791074506992,EX_thr__L_e,0.0
301,0.0,EX_thrp_e,1000.0
302,0.0,EX_thym_e,1000.0
303,0.0,EX_thymd_e,1000.0
304,0.0,EX_tma_e,1000.0
305,0.0,EX_tmao_e,1000.0
306,0.0,EX_tre_e,1000.0
307,-0.01648509963437138,EX_trp__L_e,0.0
308,0.0,EX_tsul_e,1000.0
309,0.0,EX_ttdca_e,1000.0
310,0.0,EX_ttdcea_e,1000.0
311,0.0,EX_ttrcyc_e,1000.0
312,-1000.0,EX_tungs_e,1000.0
313,0.0,EX_tym_e,1000.0
314,-0.0316819195923425,EX_tyr__L_e,0.0
315,0.0,EX_tyrp_e,1000.0
316,0.0,EX_uacgam_e,1000.0
317,0.0,EX_udpacgal_e,1000.0
318,0.0,EX_udpg_e,1000.0
319,0.0,EX_udpgal_e,1000.0
320,0.0,EX_udpglcur_e,1000.0
321,0.0,EX_ump_e,1000.0
322,0.0,EX_ura_e,1000.0
323,0.0,EX_urea_e,1000.0
324,0.0,EX_uri_e,1000.0
325,-0.06483934721289943,EX_val__L_e,0.0
326,0.0,EX_xan_e,1000.0
327,0.0,EX_xmp_e,1000.0
328,0.0,EX_xtsn_e,1000.0
329,0.0,EX_xyl__D_e,1000.0
330,0.0,EX_xylu__L_e,1000.0
331,-1000.0,EX_zn2_e,1000.0
332,0.0,12DGR120tipp,1000.0
333,0.0,12DGR140tipp,1000.0
334,0.0,12DGR141tipp,1000.0
335,0.0,12DGR160tipp,1000.0
336,0.0,12DGR161tipp,1000.0
337,0.0,12DGR180tipp,1000.0
338,0.0,12DGR181tipp,1000.0
339,-1000.0,12PPDRtex,1000.0
340,-1000.0,12PPDRtpp,1000.0
341,-1000.0,12PPDStex,1000.0
342,-1000.0,12PPDStpp,1000.0
343,0.0,14GLUCANabcpp,1000.0
344,0.0,14GLUCANtexi,1000.0
345,-1000.0,23CAMPtex,1000.0
346,-1000.0,23CCMPtex,1000.0
347,-1000.0,23CGMPtex,1000.0
348,-1000.0,23CUMPtex,1000.0
349,0.0,23DAPPAt2pp,1000.0
350,-1000.0,23DAPPAtex,1000.0
351,0.0,23PDE2pp,1000.0
352,0.0,23PDE4pp,1000.0
353,0.0,23PDE7pp,1000.0
354,0.0,23PDE9pp,1000.0
355,-1000.0,26DAHtex,1000.0
356,0.0,2AGPA120tipp,1000.0
357,0.0,2AGPA140tipp,1000.0
358,0.0,2AGPA141tipp,1000.0
359,0.0,2AGPA160tipp,1000.0
360,0.0,2AGPA161tipp,1000.0
361,0.0,2AGPA180tipp,1000.0
362,0.0,2AGPA181tipp,1000.0
363,0.0,2AGPE120tipp,1000.0
364,0.0,2AGPE140tipp,1000.0
365,0.0,2AGPE141tipp,1000.0
366,0.0,2AGPE160tipp,1000.0
367,0.0,2AGPE161tipp,1000.0
368,0.0,2AGPE180tipp,1000.0
369,0.0,2AGPE181tipp,1000.0
370,0.0,2AGPEAT120,1000.0
371,0.0,2AGPEAT140,1000.0
372,0.0,2AGPEAT141,1000.0
373,0.0,2AGPEAT160,1000.0
374,0.0,2AGPEAT161,1000.0
375,0.0,2AGPEAT180,1000.0
376,0.0,2AGPEAT181,1000.0
377,0.0,2AGPG120tipp,1000.0
378,0.0,2AGPG140tipp,1000.0
379,0.0,2AGPG141tipp,1000.0
380,0.0,2AGPG160tipp,1000.0
381,0.0,2AGPG161tipp,1000.0
382,0.0,2AGPG180tipp,1000.0
383,0.0,2AGPG181tipp,1000.0
384,0.0,2AGPGAT120,1000.0
385,0.0,2AGPGAT140,1000.0
386,0.0,2AGPGAT141,1000.0
387,0.0,2AGPGAT160,1000.0
388,0.0,2AGPGAT161,1000.0
389,0.0,2AGPGAT180,1000.0
390,0.0,2AGPGAT181,1000.0
391,0.0,2DGULRGx,1000.0
392,0.0,2DGULRGy,1000.0
393,0.0,2DGULRx,1000.0
394,0.0,2DGULRy,1000.0
395,0.0,2MAHMP,1000.0
396,-1000.0,34dhpactex,1000.0
397,0.0,3AMACHYD,1000.0
398,-1000.0,3AMPtex,1000.0
399,-1000.0,3CMPtex,1000.0
400,-1000.0,3GMPtex,1000.0
401,0.0,3HAD100,1000.0
402,0.0,3HAD120,1000.0
403,0.0,3HAD121,1000.0
404,0.0,3HAD140,1000.0
405,0.0,3HAD141,1000.0
406,0.0,3HAD160,1000.0
407,0.0,3HAD161,1000.0
408,0.0,3HAD180,1000.0
409,0.0,3HAD181,1000.0
410,0.0,3HAD40,1000.0
411,0.0,3HAD60,1000.0
412,0.0,3HAD80,1000.0
413,0.0,3HCINNMH,1000.0
414,0.0,3HPPPNH,1000.0
415,-1000.0,3HPPtex,1000.0
416,0.0,3HPPtpp,1000.0
417,0.0,3KGK,1000.0
418,0.0,3NTD2pp,1000.0
419,0.0,3NTD4pp,1000.0
420,0.0,3NTD7pp,1000.0
421,0.0,3NTD9pp,1000.0
422,0.0,3OAR100,1000.0
423,0.0,3OAR120,1000.0
424,0.0,3OAR121,1000.0
425,0.0,3OAR140,1000.0
426,0.0,3OAR141,1000.0
427,0.0,3OAR160,1000.0
428,0.0,3OAR161,1000.0
429,0.0,3OAR180,1000.0
430,0.0,3OAR181,1000.0
431,0.0,3OAR40,1000.0
432,0.0,3OAR60,1000.0
433,0.0,3OAR80,1000.0
434,0.0,3OAS100,1000.0
435,0.0,3OAS120,1000.0
436,0.0,3OAS121,1000.0
437,0.0,3OAS140,1000.0
438,0.0,3OAS141,1000.0
439,0.0,3OAS160,1000.0
440,0.0,3OAS161,1000.0
441,0.0,3OAS180,1000.0
442,0.0,3OAS181,1000.0
443,0.0,3OAS60,1000.0
444,0.0,3OAS80,1000.0
445,0.0,3OXCOAT,1000.0
446,0.0,3PEPTabcpp,1000.0
447,-1000.0,3PEPTtex,1000.0
448,-1000.0,3UMPtex,1000.0
449,0.0,42A12BOOXpp,1000.0
450,-1000.0,4HOXPACDtex,1000.0
451,0.0,4HTHRS,1000.0
452,0.0,4PCP,1000.0
453,0.0,4PCPpp,1000.0
454,0.0,4PEPTabcpp,1000.0
455,-1000.0,4PEPTtex,1000.0
456,-1000.0,5DGLCNR,1000.0
457,-1000.0,5DGLCNt2rpp,1000.0
458,-1000.0,5DGLCNtex,1000.0
459,0.0,5DOAN,1000.0
460,-1000.0,5MTRtex,1000.0
461,0.0,5MTRtpp,1000.0
462,-1000.0,A5PISO,1000.0
463,0.0,AACPS1,1000.0
464,0.0,AACPS2,1000.0
465,0.0,AACPS3,1000.0
466,0.0,AACPS4,1000.0
467,0.0,AACPS5,1000.0
468,0.0,AACPS6,1000.0
469,0.0,AACPS7,1000.0
470,0.0,AACPS8,1000.0
471,0.0,AACPS9,1000.0
472,0.0,AACTOOR,1000.0
473,0.0,AADDGT,1000.0
474,0.0,AAMYL,1000.0
475,0.0,AAMYLpp,1000.0
476,0.0,AB6PGH,1000.0
477,0.0,ABTA,1000.0
478,0.0,ABUTD,1000.0
479,0.0,ABUTt2pp,1000.0
480,-1000.0,ABUTtex,1000.0
481,0.0,ACACCT,1000.0
482,0.0,ACACT1r,1000.0
483,0.0,ACACT2r,1000.0
484,0.0,ACACT3r,1000.0
485,0.0,ACACT4r,1000.0
486,0.0,ACACT5r,1000.0
487,0.0,ACACT6r,1000.0
488,0.0,ACACT7r,1000.0
489,0.0,ACACT8r,1000.0
490,-1000.0,ACACt2pp,1000.0
491,-1000.0,ACACtex,1000.0
492,-1000.0,ACALD,1000.0
493,-1000.0,ACALDtex,1000.0
494,-1000.0,ACALDtpp,1000.0
495,0.0,ACANTHAT,1000.0
496,0.0,ACBIPGT,1000.0
497,0.0,ACCOAC,1000.0
498,0.0,ACCOAL,1000.0
499,0.0,ACGAL1PPpp,1000.0
500,-1000.0,ACGAL1Ptex,1000.0
501,-1000.0,ACGALtex,1000.0
502,0.0,ACGAM1PPpp,1000.0
503,-1000.0,ACGAM1Ptex,1000.0
504,0.0,ACGAMK,1000.0
505,0.0,ACGAMT,1000.0
506,0.0,ACGAptspp,1000.0
507,-1000.0,ACGAtex,1000.0
508,0.0,ACGK,1000.0
509,0.0,ACGS,1000.0
510,0.0,ACHBS,1000.0
511,-1000.0,ACKr,1000.0
512,0.0,ACLS,1000.0
513,0.0,ACM6PH,1000.0
514,0.0,ACMAMUT,1000.0
515,0.0,ACMANAptspp,1000.0
516,-1000.0,ACMANAtex,1000.0
517,0.0,ACMUMptspp,1000.0
518,0.0,ACMUMtex,1000.0
519,0.0,ACNAMt2pp,1000.0
520,-1000.0,ACNAMtex,1000.0
521,0.0,ACNML,1000.0
522,0.0,ACOAD1f,1000.0
523,0.0,ACOAD2f,1000.0
524,0.0,ACOAD3f,1000.0
525,0.0,ACOAD4f,1000.0
526,0.0,ACOAD5f,1000.0
527,0.0,ACOAD6f,1000.0
528,0.0,ACOAD7f,1000.0
529,0.0,ACOAD8f,1000.0
530,0.0,ACOATA,1000.0
531,0.0,ACODA,1000.0
532,0.0,ACOLIPAabctex,1000.0
533,-1000.0,ACONIs,1000.0
534,0.0,ACONMT,1000.0
535,-1000.0,ACONTa,1000.0
536,-1000.0,ACONTb,1000.0
537,-1000.0,ACOTA,1000.0
538,0.0,ACPPAT120,1000.0
539,0.0,ACPPAT140,1000.0
540,0.0,ACPPAT141,1000.0
541,0.0,ACPPAT160,1000.0
542,0.0,ACPPAT161,1000.0
543,0.0,ACPPAT180,1000.0
544,0.0,ACPPAT181,1000.0
545,0.0,ACPS1,1000.0
546,0.0,ACS,1000.0
547,-1000.0,ACSERtex,1000.0
548,0.0,ACSERtpp,1000.0
549,-1000.0,ACt2rpp,1000.0
550,0.0,ACt4pp,1000.0
551,-1000.0,ACtex,1000.0
552,0.0,ADA,1000.0
553,0.0,ADCL,1000.0
554,0.0,ADCS,1000.0
555,0.0,ADD,1000.0
556,-1000.0,ADEt2rpp,1000.0
557,-1000.0,ADEtex,1000.0
558,-1000.0,ADK1,1000.0
559,-1000.0,ADK3,1000.0
560,-1000.0,ADK4,1000.0
561,0.0,ADMDC,1000.0
562,0.0,ADNCYC,1000.0
563,0.0,ADNK1,1000.0
564,0.0,ADNUC,1000.0
565,0.0,ADNt2pp,1000.0
566,-1000.0,ADNt2rpp,1000.0
567,-1000.0,ADNtex,1000.0
568,0.0,ADOCBIK,1000.0
569,0.0,ADOCBLS,1000.0
570,0.0,ADOCBLabcpp,1000.0
571,0.0,ADOCBLtonex,1000.0
572,0.0,ADPRDP,1000.0
573,0.0,ADPT,1000.0
574,0.0,ADSK,1000.0
575,-1000.0,ADSL1r,1000.0
576,-1000.0,ADSL2r,1000.0
577,0.0,ADSS,1000.0
578,0.0,AGDC,1000.0
579,0.0,AGM3PA,1000.0
580,0.0,AGM3PApp,1000.0
581,0.0,AGM3PH,1000.0
582,0.0,AGM3Pt2pp,1000.0
583,0.0,AGM4PA,1000.0
584,0.0,AGM4PApp,1000.0
585,0.0,AGM4PCP,1000.0
586,0.0,AGM4PCPpp,1000.0
587,0.0,AGM4PH,1000.0
588,0.0,AGM4Pt2pp,1000.0
589,0.0,AGMH,1000.0
590,0.0,AGMHE,1000.0
591,0.0,AGMT,1000.0
592,0.0,AGMt2pp,1000.0
593,-1000.0,AGMtex,1000.0
594,0.0,AGPAT120,1000.0
595,0.0,AGPAT140,1000.0
596,0.0,AGPAT141,1000.0
597,0.0,AGPAT160,1000.0
598,0.0,AGPAT161,1000.0
599,0.0,AGPAT180,1000.0
600,0.0,AGPAT181,1000.0
601,-1000.0,AGPR,1000.0
602,0.0,AGt3,1000.0
603,0.0,AHCYSNS,1000.0
604,-1000.0,AICART,1000.0
605,0.0,AIRC2,1000.0
606,-1000.0,AIRC3,1000.0
607,0.0,AKGDH,1000.0
608,-1000.0,AKGt2rpp,1000.0
609,-1000.0,AKGtex,1000.0
610,0.0,ALAALAD,1000.0
611,0.0,ALAALAabcpp,1000.0
612,-1000.0,ALAALAr,1000.0
613,-1000.0,ALAALAtex,1000.0
614,-1000.0,ALAGLUE,1000.0
615,-1000.0,ALAR,1000.0
616,0.0,ALATA_D2,1000.0
617,-1000.0,ALATA_L,1000.0
618,0.0,ALATA_L2,1000.0
619,0.0,ALATRS,1000.0
620,0.0,ALAabcpp,1000.0
621,0.0,ALAt2pp,1000.0
622,-1000.0,ALAt2rpp,1000.0
623,0.0,ALAt4pp,1000.0
624,-1000.0,ALAtex,1000.0
625,-1000.0,ALCD19,1000.0
626,-1000.0,ALCD2x,1000.0
627,-1000.0,ALDD19xr,1000.0
628,0.0,ALDD2x,1000.0
629,0.0,ALDD2y,1000.0
630,0.0,ALDD3y,1000.0
631,0.0,ALDD4,1000.0
632,0.0,ALLK,1000.0
633,-1000.0,ALLPI,1000.0
634,0.0,ALLTAMH,1000.0
635,0.0,ALLTN,1000.0
636,-1000.0,ALLTNt2rpp,1000.0
637,-1000.0,ALLTNtex,1000.0
638,-1000.0,ALLULPE,1000.0
639,0.0,ALLabcpp,1000.0
640,-1000.0,ALLtex,1000.0
641,0.0,ALPATE160pp,1000.0
642,0.0,ALPATG160pp,1000.0
643,0.0,ALR2,1000.0
644,0.0,ALR4x,1000.0
645,0.0,ALTRH,1000.0
646,0.0,AM3PA,1000.0
647,0.0,AM4PA,1000.0
648,0.0,AM4PCP,1000.0
649,0.0,AMALT1,1000.0
650,0.0,AMALT2,1000.0
651,0.0,AMALT3,1000.0
652,0.0,AMALT4,1000.0
653,-1000.0,AMANAPEr,1000.0
654,0.0,AMANK,1000.0
655,-1000.0,AMAOTr,1000.0
656,0.0,AMMQLT8,1000.0
657,0.0,AMPMS2,1000.0
658,0.0,AMPN,1000.0
659,0.0,AMPTASECG,1000.0
660,0.0,AMPTASEPG,1000.0
661,-1000.0,AMPtex,1000.0
662,-1000.0,ANHGMtex,1000.0
663,0.0,ANHMK,1000.0
664,0.0,ANPRT,1000.0
665,0.0,ANS,1000.0
666,0.0,AOBUTDs,1000.0
667,0.0,AOXSr2,1000.0
668,0.0,AP4AH,1000.0
669,0.0,AP4AS,1000.0
670,0.0,AP5AH,1000.0
671,0.0,APCS,1000.0
672,0.0,APG3PAT120,1000.0
673,0.0,APG3PAT140,1000.0
674,0.0,APG3PAT141,1000.0
675,0.0,APG3PAT160,1000.0
676,0.0,APG3PAT161,1000.0
677,0.0,APG3PAT180,1000.0
678,0.0,APG3PAT181,1000.0
679,0.0,APH120,1000.0
680,0.0,APH140,1000.0
681,0.0,APH141,1000.0
682,0.0,APH160,1000.0
683,0.0,APH161,1000.0
684,0.0,APH180,1000.0
685,0.0,APH181,1000.0
686,-1000.0,APPLDHr,1000.0
687,0.0,APRAUR,1000.0
688,-1000.0,ARAI,1000.0
689,0.0,ARBTNR1,1000.0
690,0.0,ARBTNR2,1000.0
691,0.0,ARBTNR3,1000.0
692,0.0,ARBTNabcpp,1000.0
693,0.0,ARBTNexs,1000.0
694,0.0,ARBTNtex,1000.0
695,0.0,ARBTNtonex,1000.0
696,0.0,ARBTNtpp,1000.0
697,0.0,ARBTptspp,1000.0
698,0.0,ARBTtex,1000.0
699,0.0,ARBabcpp,1000.0
700,-1000.0,ARBt2rpp,1000.0
701,0.0,ARBt3ipp,1000.0
702,-1000.0,ARBtex,1000.0
703,-1000.0,ARGAGMt7pp,1000.0
704,0.0,ARGDC,1000.0
705,0.0,ARGDCpp,1000.0
706,-1000.0,ARGORNt7pp,1000.0
707,-1000.0,ARGSL,1000.0
708,0.0,ARGSS,1000.0
709,0.0,ARGTRS,1000.0
710,0.0,ARGabcpp,1000.0
711,0.0,ARGt3pp,1000.0
712,-1000.0,ARGtex,1000.0
713,-1000.0,ASAD,1000.0
714,0.0,ASCBPL,1000.0
715,0.0,ASCBptspp,1000.0
716,-1000.0,ASCBtex,1000.0
717,0.0,ASNN,1000.0
718,0.0,ASNNpp,1000.0
719,0.0,ASNS1,1000.0
720,0.0,ASNS2,1000.0
721,0.0,ASNTRS,1000.0
722,0.0,ASNabcpp,1000.0
723,-1000.0,ASNt2rpp,1000.0
724,-1000.0,ASNtex,1000.0
725,0.0,ASO3t8pp,1000.0
726,-1000.0,ASO3tex,1000.0
727,0.0,ASP1DC,1000.0
728,0.0,ASPCT,1000.0
729,-1000.0,ASPK,1000.0
730,0.0,ASPO3,1000.0
731,0.0,ASPO4,1000.0
732,0.0,ASPO5,1000.0
733,0.0,ASPO6,0.0
734,0.0,ASPT,1000.0
735,-1000.0,ASPTA,1000.0
736,0.0,ASPTRS,1000.0
737,0.0,ASPabcpp,1000.0
738,0.0,ASPt2_2pp,1000.0
739,0.0,ASPt2_3pp,1000.0
740,0.0,ASPt2pp,1000.0
741,-1000.0,ASPt2rpp,1000.0
742,-1000.0,ASPtex,1000.0
743,0.0,ASR,1000.0
744,0.0,AST,1000.0
745,-1000.0,ATHRDHr,1000.0
746,0.0,ATPHs,1000.0
747,3.15,ATPM,1000.0
748,0.0,ATPPRT,1000.0
749,-1000.0,ATPS4rpp,1000.0
750,0.0,BALAt2pp,1000.0
751,-1000.0,BALAtex,1000.0
752,0.0,BETALDHx,1000.0
753,0.0,BETALDHy,1000.0
754,0.0,BMOCOS,1000.0
755,0.0,BMOGDS1,1000.0
756,0.0,BMOGDS2,1000.0
757,0.0,BPNT,1000.0
758,0.0,BSORx,1000.0
759,0.0,BSORy,1000.0
760,0.0,BTNt2ipp,1000.0
761,-1000.0,BTNtex,1000.0
762,0.0,BTS5,1000.0
763,0.0,BUTCT,1000.0
764,0.0,BUTSO3abcpp,1000.0
765,-1000.0,BUTSO3tex,1000.0
766,-1000.0,BUTt2rpp,1000.0
767,-1000.0,BUTtex,1000.0
768,0.0,BWCOGDS1,1000.0
769,0.0,BWCOGDS2,1000.0
770,0.0,BWCOS,1000.0
771,0.0,CA2t3pp,1000.0
772,-1000.0,CA2tex,1000.0
773,0.0,CADVtpp,1000.0
774,0.0,CAT,0.0
775,-1000.0,CAt6pp,1000.0
776,-1000.0,CBIAT,1000.0
777,0.0,CBItonex,1000.0
778,0.0,CBIuabcpp,1000.0
779,0.0,CBL1abcpp,1000.0
780,0.0,CBL1tonex,1000.0
781,-1000.0,CBLAT,1000.0
782,0.0,CBMD,1000.0
783,-1000.0,CBMKr,1000.0
784,0.0,CBPS,1000.0
785,0.0,CCGS,1000.0
786,0.0,CD2abcpp,1000.0
787,0.0,CD2t3pp,1000.0
788,-1000.0,CD2tex,1000.0
789,0.0,CD2tpp,1000.0
790,0.0,CDAPPA120,1000.0
791,0.0,CDAPPA140,1000.0
792,0.0,CDAPPA141,1000.0
793,0.0,CDAPPA160,1000.0
794,0.0,CDAPPA161,1000.0
795,0.0,CDAPPA180,1000.0
796,0.0,CDAPPA181,1000.0
797,0.0,CDGR,1000.0
798,0.0,CDGS,1000.0
799,0.0,CDPMEK,1000.0
800,0.0,CFAS160E,1000.0
801,0.0,CFAS160G,1000.0
802,0.0,CFAS180E,1000.0
803,0.0,CFAS180G,1000.0
804,0.0,CGLYabcpp,1000.0
805,-1000.0,CGLYtex,1000.0
806,0.0,CHLabcpp,1000.0
807,0.0,CHLt2pp,1000.0
808,-1000.0,CHLtex,1000.0
809,0.0,CHOLD,1000.0
810,0.0,CHORM,1000.0
811,0.0,CHORS,1000.0
812,0.0,CHRPL,1000.0
813,0.0,CHTBSptspp,1000.0
814,-1000.0,CHTBStex,1000.0
815,0.0,CINNDO,1000.0
816,0.0,CITL,1000.0
817,0.0,CITt3pp,1000.0
818,0.0,CITt7pp,1000.0
819,-1000.0,CITtex,1000.0
820,0.0,CLIPAabctex,1000.0
821,0.0,CLPNH120pp,1000.0
822,0.0,CLPNH140pp,1000.0
823,0.0,CLPNH141pp,1000.0
824,0.0,CLPNH160pp,1000.0
825,0.0,CLPNH161pp,1000.0
826,0.0,CLPNH180pp,1000.0
827,0.0,CLPNH181pp,1000.0
828,-1000.0,CLPNS120pp,1000.0
829,-1000.0,CLPNS140pp,1000.0
830,-1000.0,CLPNS141pp,1000.0
831,-1000.0,CLPNS160pp,1000.0
832,-1000.0,CLPNS161pp,1000.0
833,-1000.0,CLPNS180pp,1000.0
834,-1000.0,CLPNS181pp,1000.0
835,0.0,CLt3_2pp,1000.0
836,-1000.0,CLtex,1000.0
837,0.0,CMPN,1000.0
838,-1000.0,CMPtex,1000.0
839,-1000.0,CMtex,1000.0
840,0.0,CMtpp,1000.0
841,-1000.0,CO2tex,1000.0
842,-1000.0,CO2tpp,1000.0
843,0.0,COBALT2abcpp,1000.0
844,0.0,COBALT2t3pp,1000.0
845,-1000.0,COBALT2tex,1000.0
846,0.0,COBALT2tpp,1000.0
847,0.0,COLIPAKpp,1000.0
848,0.0,COLIPAPabctex,1000.0
849,0.0,COLIPAabcpp,1000.0
850,0.0,COLIPAabctex,1000.0
851,0.0,CPGNR1,1000.0
852,0.0,CPGNR2,1000.0
853,0.0,CPGNR3,1000.0
854,0.0,CPGNUtex,1000.0
855,0.0,CPGNUtpp,1000.0
856,0.0,CPGNabcpp,1000.0
857,0.0,CPGNexs,1000.0
858,0.0,CPGNtonex,1000.0
859,0.0,CPH4S,1000.0
860,0.0,CPMPS,1000.0
861,0.0,CPPPGO,1000.0
862,0.0,CPPPGO2,1000.0
863,-1000.0,CRNBTCT,1000.0
864,0.0,CRNCAL2,1000.0
865,-1000.0,CRNCAR,1000.0
866,-1000.0,CRNCBCT,1000.0
867,-1000.0,CRNCDH,1000.0
868,0.0,CRNDCAL2,1000.0
869,0.0,CRNDabcpp,1000.0
870,-1000.0,CRNDt2rpp,1000.0
871,-1000.0,CRNDtex,1000.0
872,0.0,CRNabcpp,1000.0
873,-1000.0,CRNt2rpp,1000.0
874,0.0,CRNt7pp,1000.0
875,0.0,CRNt8pp,1000.0
876,-1000.0,CRNtex,1000.0
877,0.0,CS,1000.0
878,0.0,CSND,1000.0
879,0.0,CSNt2pp,1000.0
880,-1000.0,CSNtex,1000.0
881,0.0,CTBTCAL2,1000.0
882,0.0,CTBTabcpp,1000.0
883,-1000.0,CTBTt2rpp,1000.0
884,0.0,CTECOAI6,1000.0
885,0.0,CTECOAI7,1000.0
886,0.0,CTECOAI8,1000.0
887,0.0,CTPS2,1000.0
888,0.0,CU1Opp,1000.0
889,0.0,CU1abcpp,1000.0
890,0.0,CU2abcpp,1000.0
891,-1000.0,CU2tex,1000.0
892,0.0,CU2tpp,1000.0
893,0.0,CUt3,1000.0
894,-1000.0,CUtex,1000.0
895,0.0,CYANST,1000.0
896,0.0,CYANSTpp,1000.0
897,-1000.0,CYANtex,1000.0
898,0.0,CYNTAH,1000.0
899,0.0,CYNTt2pp,1000.0
900,-1000.0,CYNTtex,1000.0
901,0.0,CYSDDS,1000.0
902,0.0,CYSDS,1000.0
903,0.0,CYSDabcpp,1000.0
904,-1000.0,CYSDtex,1000.0
905,0.0,CYSS,1000.0
906,0.0,CYSSADS,1000.0
907,0.0,CYSTL,1000.0
908,0.0,CYSTRS,1000.0
909,0.0,CYSabc2pp,1000.0
910,0.0,CYSabcpp,1000.0
911,-1000.0,CYStex,1000.0
912,0.0,CYStpp,1000.0
913,0.0,CYTBD2pp,1000.0
914,0.0,CYTBDpp,1000.0
915,0.0,CYTBO3_4pp,1000.0
916,0.0,CYTD,1000.0
917,0.0,CYTDH,1000.0
918,0.0,CYTDK2,1000.0
919,0.0,CYTDt2pp,1000.0
920,-1000.0,CYTDt2rpp,1000.0
921,-1000.0,CYTDtex,1000.0
922,-1000.0,CYTK1,1000.0
923,-1000.0,CYTK2,1000.0
924,-1000.0,D__LACt2pp,1000.0
925,-1000.0,D__LACtex,1000.0
926,0.0,DAAD,1000.0
927,0.0,DADA,1000.0
928,-1000.0,DADK,1000.0
929,0.0,DADNt2pp,1000.0
930,-1000.0,DADNtex,1000.0
931,0.0,DAGK120,1000.0
932,0.0,DAGK140,1000.0
933,0.0,DAGK141,1000.0
934,0.0,DAGK160,1000.0
935,0.0,DAGK161,1000.0
936,0.0,DAGK180,1000.0
937,0.0,DAGK181,1000.0
938,0.0,DALAt2pp,1000.0
939,-1000.0,DALAtex,1000.0
940,-1000.0,DAMPtex,1000.0
941,0.0,DAPAL,1000.0
942,0.0,DAPDC,1000.0
943,-1000.0,DAPE,1000.0
944,0.0,DAPabcpp,1000.0
945,-1000.0,DAPtex,1000.0
946,0.0,DASYN120,1000.0
947,0.0,DASYN140,1000.0
948,0.0,DASYN141,1000.0
949,0.0,DASYN160,1000.0
950,0.0,DASYN161,1000.0
951,0.0,DASYN180,1000.0
952,0.0,DASYN181,1000.0
953,0.0,DATPHs,1000.0
954,0.0,DB4PS,1000.0
955,0.0,DBTS,1000.0
956,0.0,DC6PH,1000.0
957,-1000.0,DCAtex,1000.0
958,-1000.0,DCMPtex,1000.0
959,0.0,DCTPD,1000.0
960,0.0,DCYTD,1000.0
961,0.0,DCYTt2pp,1000.0
962,-1000.0,DCYTtex,1000.0
963,0.0,DDCAtexi,1000.0
964,0.0,DDGALK,1000.0
965,-1000.0,DDGLCNt2rpp,1000.0
966,-1000.0,DDGLCNtex,1000.0
967,0.0,DDGLK,1000.0
968,0.0,DDPA,1000.0
969,-1000.0,DDPGALA,1000.0
970,-1000.0,DGK1,1000.0
971,-1000.0,DGMPtex,1000.0
972,0.0,DGSNt2pp,1000.0
973,-1000.0,DGSNtex,1000.0
974,-1000.0,DHACOAH,1000.0
975,0.0,DHAD1,1000.0
976,0.0,DHAD2,1000.0
977,0.0,DHAPT,0.0
978,-1000.0,DHAtex,1000.0
979,-1000.0,DHAtpp,1000.0
980,-1000.0,DHBD,1000.0
981,0.0,DHBS,1000.0
982,0.0,DHBSH,1000.0
983,0.0,DHCIND,1000.0
984,0.0,DHCINDO,1000.0
985,0.0,DHDPRy,1000.0
986,0.0,DHDPS,1000.0
987,-1000.0,DHFR,1000.0
988,0.0,DHFS,1000.0
989,0.0,DHMPTR,1000.0
990,0.0,DHNAOT4,1000.0
991,0.0,DHNCOAS,1000.0
992,0.0,DHNCOAT,1000.0
993,-1000.0,DHNPA2r,1000.0
994,-1000.0,DHNPTE,1000.0
995,0.0,DHORD2,0.0
996,0.0,DHORD5,1000.0
997,0.0,DHORDfum,1000.0
998,-1000.0,DHORTS,1000.0
999,0.0,DHPPD,1000.0
1000,0.0,DHPPDA2,1000.0
1001,0.0,DHPS2,1000.0
1002,0.0,DHPTDCs2,1000.0
1003,0.0,DHPTDNR,0.0
1004,0.0,DHPTDNRN,0.0
1005,-1000.0,DHPTPE,1000.0
1006,0.0,DHQS,1000.0
1007,0.0,DHQTi,1000.0
1008,-1000.0,DIMPtex,1000.0
1009,0.0,DINSt2pp,1000.0
1010,-1000.0,DINStex,1000.0
1011,0.0,DKGLCNR1,1000.0
1012,0.0,DKGLCNR2x,1000.0
1013,0.0,DKGLCNR2y,1000.0
1014,0.0,DMATT,1000.0
1015,0.0,DMPPS,1000.0
1016,0.0,DMQMT,1000.0
1017,0.0,DMSOR1,1000.0
1018,0.0,DMSOR1pp,1000.0
1019,0.0,DMSOR2,1000.0
1020,0.0,DMSOR2pp,1000.0
1021,-1000.0,DMSOtex,1000.0
1022,-1000.0,DMSOtpp,1000.0
1023,-1000.0,DMStex,1000.0
1024,0.0,DNMPPA,1000.0
1025,0.0,DNTPPA,1000.0
1026,0.0,DOGULNR,1000.0
1027,-1000.0,DOPAtex,1000.0
1028,-1000.0,DOXRBCNtex,1000.0
1029,0.0,DOXRBCNtpp,1000.0
1030,0.0,DPCOAK,1000.0
1031,0.0,DPR,1000.0
1032,0.0,DRPA,1000.0
1033,0.0,DSBAO1,1000.0
1034,0.0,DSBAO2,1000.0
1035,0.0,DSBCGT,1000.0
1036,0.0,DSBDR,1000.0
1037,0.0,DSBGGT,1000.0
1038,-1000.0,DSERDHr,1000.0
1039,0.0,DSERt2pp,1000.0
1040,-1000.0,DSERtex,1000.0
1041,0.0,DTARTD,1000.0
1042,-1000.0,DTMPK,1000.0
1043,-1000.0,DTMPtex,1000.0
1044,-1000.0,DUMPtex,1000.0
1045,-1000.0,DURADx,1000.0
1046,0.0,DURIK1,1000.0
1047,-1000.0,DURIPP,1000.0
1048,0.0,DURIt2pp,1000.0
1049,-1000.0,DURItex,1000.0
1050,0.0,DUTPDP,1000.0
1051,0.0,DXPRIi,1000.0
1052,0.0,DXPS,1000.0
1053,0.0,DXYLK,1000.0
1054,-1000.0,E4PD,1000.0
1055,0.0,EAR100x,1000.0
1056,0.0,EAR100y,1000.0
1057,0.0,EAR120x,1000.0
1058,0.0,EAR120y,1000.0
1059,0.0,EAR121x,1000.0
1060,0.0,EAR121y,1000.0
1061,0.0,EAR140x,1000.0
1062,0.0,EAR140y,1000.0
1063,0.0,EAR141x,1000.0
1064,0.0,EAR141y,1000.0
1065,0.0,EAR160x,1000.0
1066,0.0,EAR160y,1000.0
1067,0.0,EAR161x,1000.0
1068,0.0,EAR161y,1000.0
1069,0.0,EAR180x,1000.0
1070,0.0,EAR180y,1000.0
1071,0.0,EAR181x,1000.0
1072,0.0,EAR181y,1000.0
1073,0.0,EAR40x,1000.0
1074,0.0,EAR40y,1000.0
1075,0.0,EAR60x,1000.0
1076,0.0,EAR60y,1000.0
1077,0.0,EAR80x,1000.0
1078,0.0,EAR80y,1000.0
1079,0.0,ECA4COLIPAabctex,1000.0
1080,0.0,ECA4OALpp,1000.0
1081,0.0,ECAP1pp,1000.0
1082,0.0,ECAP2pp,1000.0
1083,0.0,ECAP3pp,1000.0
1084,0.0,ECAtpp,1000.0
1085,0.0,ECOAH1,1000.0
1086,0.0,ECOAH2,1000.0
1087,0.0,ECOAH3,1000.0
1088,0.0,ECOAH4,1000.0
1089,0.0,ECOAH5,1000.0
1090,0.0,ECOAH6,1000.0
1091,0.0,ECOAH7,1000.0
1092,0.0,ECOAH8,1000.0
1093,0.0,EDA,1000.0
1094,0.0,EDD,1000.0
1095,0.0,EDTXS1,1000.0
1096,0.0,EDTXS2,1000.0
1097,0.0,EDTXS3,1000.0
1098,0.0,EDTXS4,1000.0
1099,0.0,EGMEACPR,1000.0
1100,0.0,ENLIPAabctex,1000.0
1101,-1000.0,ENO,1000.0
1102,0.0,ENTCS,1000.0
1103,0.0,ENTERES,1000.0
1104,0.0,ENTERES2,1000.0
1105,0.0,EPMEACPR,1000.0
1106,0.0,ETHAAL,1000.0
1107,0.0,ETHAt2pp,1000.0
1108,-1000.0,ETHAtex,1000.0
1109,0.0,ETHSO3abcpp,1000.0
1110,-1000.0,ETHSO3tex,1000.0
1111,-1000.0,ETOHtex,1000.0
1112,-1000.0,ETOHtrpp,1000.0
1113,0.0,F6PA,0.0
1114,0.0,F6PP,1000.0
1115,0.0,F6Pt6_2pp,1000.0
1116,-1000.0,F6Ptex,1000.0
1117,0.0,FA100ACPHi,1000.0
1118,0.0,FA120ACPHi,1000.0
1119,0.0,FA140ACPHi,1000.0
1120,0.0,FA141ACPHi,1000.0
1121,0.0,FA160ACPHi,1000.0
1122,0.0,FA161ACPHi,1000.0
1123,0.0,FA80ACPHi,1000.0
1124,0.0,FACOAE100,1000.0
1125,0.0,FACOAE120,1000.0
1126,0.0,FACOAE140,1000.0
1127,0.0,FACOAE141,1000.0
1128,0.0,FACOAE160,1000.0
1129,0.0,FACOAE161,1000.0
1130,0.0,FACOAE180,1000.0
1131,0.0,FACOAE181,1000.0
1132,0.0,FACOAE60,1000.0
1133,0.0,FACOAE80,1000.0
1134,0.0,FACOAL100t2pp,1000.0
1135,0.0,FACOAL120t2pp,1000.0
1136,0.0,FACOAL140t2pp,1000.0
1137,0.0,FACOAL141t2pp,1000.0
1138,0.0,FACOAL160t2pp,1000.0
1139,0.0,FACOAL161t2pp,1000.0
1140,0.0,FACOAL180t2pp,1000.0
1141,0.0,FACOAL181t2pp,1000.0
1142,0.0,FACOAL60t2pp,1000.0
1143,0.0,FACOAL80t2pp,1000.0
1144,0.0,FADRx,1000.0
1145,0.0,FADRx2,1000.0
1146,-1000.0,FALDH2,1000.0
1147,-1000.0,FALDtex,1000.0
1148,-1000.0,FALDtpp,1000.0
1149,-1000.0,FALGTHLs,1000.0
1150,-1000.0,FBA,1000.0
1151,-1000.0,FBA3,1000.0
1152,0.0,FBP,1000.0
1153,-1000.0,FCI,1000.0
1154,0.0,FCLK,1000.0
1155,-1000.0,FCLPA,1000.0
1156,0.0,FCLT,1000.0
1157,0.0,FDH4pp,1000.0
1158,0.0,FDH5pp,1000.0
1159,0.0,FDMO,1000.0
1160,0.0,FDMO2,1000.0
1161,0.0,FDMO3,1000.0
1162,0.0,FDMO4,1000.0
1163,0.0,FDMO6,1000.0
1164,0.0,FE2abcpp,1000.0
1165,0.0,FE2t2pp,1000.0
1166,0.0,FE2t3pp,1000.0
1167,-1000.0,FE2tex,1000.0
1168,0.0,FE2tpp,1000.0
1169,0.0,FE3DCITabcpp,1000.0
1170,0.0,FE3DCITtonex,1000.0
1171,0.0,FE3DHBZR,1000.0
1172,0.0,FE3DHBZSabcpp,1000.0
1173,0.0,FE3DHBZStonex,1000.0
1174,0.0,FE3HOXR1,1000.0
1175,0.0,FE3HOXR2,1000.0
1176,0.0,FE3HOXR3,1000.0
1177,0.0,FE3HOXUtex,1000.0
1178,0.0,FE3HOXUtpp,1000.0
1179,0.0,FE3HOXabcpp,1000.0
1180,0.0,FE3HOXexs,1000.0
1181,0.0,FE3HOXtonex,1000.0
1182,0.0,FE3Ri,1000.0
1183,0.0,FE3abcpp,1000.0
1184,-1000.0,FE3tex,1000.0
1185,0.0,FECRMR1,1000.0
1186,0.0,FECRMR2,1000.0
1187,0.0,FECRMR3,1000.0
1188,0.0,FECRMUtex,1000.0
1189,0.0,FECRMUtpp,1000.0
1190,0.0,FECRMabcpp,1000.0
1191,0.0,FECRMexs,1000.0
1192,0.0,FECRMtonex,1000.0
1193,0.0,FEENTERR1,1000.0
1194,0.0,FEENTERR2,1000.0
1195,0.0,FEENTERR3,1000.0
1196,0.0,FEENTERabcpp,1000.0
1197,0.0,FEENTERexs,1000.0
1198,0.0,FEENTERtex,1000.0
1199,0.0,FEENTERtonex,1000.0
1200,0.0,FEENTERtpp,1000.0
1201,0.0,FEOXAMR1,1000.0
1202,0.0,FEOXAMR2,1000.0
1203,0.0,FEOXAMR3,1000.0
1204,0.0,FEOXAMUtex,1000.0
1205,0.0,FEOXAMUtpp,1000.0
1206,0.0,FEOXAMabcpp,1000.0
1207,0.0,FEOXAMexs,1000.0
1208,0.0,FEOXAMtonex,1000.0
1209,0.0,FEROpp,1000.0
1210,0.0,FESD1s,1000.0
1211,0.0,FESD2s,1000.0
1212,0.0,FESR,1000.0
1213,0.0,FFSD,1000.0
1214,0.0,FHL,0.0
1215,0.0,FLDR2,1000.0
1216,0.0,FLVR,1000.0
1217,0.0,FLVRx,1000.0
1218,0.0,FMETTRS,1000.0
1219,0.0,FMNAT,1000.0
1220,0.0,FMNRx,1000.0
1221,0.0,FMNRx2,1000.0
1222,0.0,FOMETRi,1000.0
1223,-1000.0,FORCT,1000.0
1224,0.0,FORt2pp,1000.0
1225,-1000.0,FORtex,1000.0
1226,0.0,FORtppi,1000.0
1227,0.0,FRD2,1000.0
1228,0.0,FRD3,1000.0
1229,0.0,FRUK,1000.0
1230,-1000.0,FRULYSDG,1000.0
1231,-1000.0,FRULYSE,1000.0
1232,0.0,FRULYSK,1000.0
1233,0.0,FRULYSt2pp,1000.0
1234,-1000.0,FRULYStex,1000.0
1235,-1000.0,FRUURt2rpp,1000.0
1236,-1000.0,FRUURtex,1000.0
1237,0.0,FRUpts2pp,1000.0
1238,0.0,FRUptspp,1000.0
1239,-1000.0,FRUtex,1000.0
1240,0.0,FTHFD,1000.0
1241,0.0,FTHFLi,1000.0
1242,-1000.0,FUCtex,1000.0
1243,-1000.0,FUCtpp,1000.0
1244,-1000.0,FUM,1000.0
1245,0.0,FUMt2_2pp,1000.0
1246,0.0,FUMt2_3pp,1000.0
1247,-1000.0,FUMtex,1000.0
1248,-1000.0,FUSAtex,1000.0
1249,0.0,FUSAtpp,1000.0
1250,0.0,G1PACT,1000.0
1251,0.0,G1PPpp,1000.0
1252,0.0,G1PTT,1000.0
1253,-1000.0,G1Ptex,1000.0
1254,-1000.0,G1SAT,1000.0
1255,0.0,G2PP,1000.0
1256,0.0,G2PPpp,1000.0
1257,0.0,G3PAT120,1000.0
1258,0.0,G3PAT140,1000.0
1259,0.0,G3PAT141,1000.0
1260,0.0,G3PAT160,1000.0
1261,0.0,G3PAT161,1000.0
1262,0.0,G3PAT180,1000.0
1263,0.0,G3PAT181,1000.0
1264,0.0,G3PCabcpp,1000.0
1265,-1000.0,G3PCtex,1000.0
1266,-1000.0,G3PD2,1000.0
1267,0.0,G3PD5,1000.0
1268,0.0,G3PD6,1000.0
1269,0.0,G3PD7,1000.0
1270,0.0,G3PEabcpp,1000.0
1271,-1000.0,G3PEtex,1000.0
1272,0.0,G3PGabcpp,1000.0
1273,-1000.0,G3PGtex,1000.0
1274,0.0,G3PIabcpp,1000.0
1275,-1000.0,G3PItex,1000.0
1276,0.0,G3PSabcpp,1000.0
1277,-1000.0,G3PStex,1000.0
1278,0.0,G3PT,1000.0
1279,0.0,G5SADs,1000.0
1280,0.0,G5SD,1000.0
1281,0.0,G6PDA,1000.0
1282,-1000.0,G6PDH2r,1000.0
1283,0.0,G6PP,1000.0
1284,0.0,G6Pt6_2pp,1000.0
1285,-1000.0,G6Ptex,1000.0
1286,0.0,GAL1PPpp,1000.0
1287,-1000.0,GAL1Ptex,1000.0
1288,-1000.0,GALBDtex,1000.0
1289,0.0,GALCTD,1000.0
1290,0.0,GALCTLO,1000.0
1291,0.0,GALCTND,1000.0
1292,0.0,GALCTNLt2pp,1000.0
1293,-1000.0,GALCTNLtex,1000.0
1294,0.0,GALCTNt2pp,1000.0
1295,-1000.0,GALCTNtex,1000.0
1296,-1000.0,GALCTt2rpp,1000.0
1297,-1000.0,GALCTtex,1000.0
1298,-1000.0,GALKr,1000.0
1299,0.0,GALM2pp,1000.0
1300,0.0,GALS3,1000.0
1301,0.0,GALT1,1000.0
1302,0.0,GALTptspp,1000.0
1303,-1000.0,GALTtex,1000.0
1304,-1000.0,GALURt2rpp,1000.0
1305,-1000.0,GALURtex,1000.0
1306,0.0,GALUi,1000.0
1307,0.0,GALabcpp,1000.0
1308,0.0,GALt2pp,1000.0
1309,-1000.0,GALtex,1000.0
1310,0.0,GAM6Pt6_2pp,1000.0
1311,-1000.0,GAMAN6Ptex,1000.0
1312,0.0,GAMptspp,1000.0
1313,-1000.0,GAMtex,1000.0
1314,-1000.0,GAPD,1000.0
1315,-1000.0,GARFT,1000.0
1316,0.0,GART,1000.0
1317,-1000.0,GBBTNtex,1000.0
1318,0.0,GCALDD,1000.0
1319,0.0,GDMANE,1000.0
1320,0.0,GDPDPK,1000.0
1321,0.0,GDPMNH,1000.0
1322,0.0,GDPMNP,1000.0
1323,0.0,GDPTPDP,1000.0
1324,-1000.0,GDPtex,1000.0
1325,0.0,GF6PTA,1000.0
1326,-1000.0,GGGABADr,1000.0
1327,0.0,GGGABAH,1000.0
1328,0.0,GGPTRCO,1000.0
1329,0.0,GGPTRCS,1000.0
1330,-1000.0,GHBDHx,1000.0
1331,-1000.0,GHMT2r,1000.0
1332,-1000.0,GK1,1000.0
1333,0.0,GLBRAN2,1000.0
1334,-1000.0,GLCATr,1000.0
1335,0.0,GLCDpp,1000.0
1336,-1000.0,GLCNt2rpp,1000.0
1337,-1000.0,GLCNtex,1000.0
1338,0.0,GLCP,1000.0
1339,0.0,GLCP2,1000.0
1340,0.0,GLCRAL,1000.0
1341,0.0,GLCRD,1000.0
1342,-1000.0,GLCRt2rpp,1000.0
1343,-1000.0,GLCRtex,1000.0
1344,0.0,GLCS1,1000.0
1345,0.0,GLCTR1,1000.0
1346,0.0,GLCTR2,1000.0
1347,0.0,GLCTR3,1000.0
1348,-1000.0,GLCUR1Ptex,1000.0
1349,-1000.0,GLCURt2rpp,1000.0
1350,-1000.0,GLCURtex,1000.0
1351,0.0,GLCabcpp,1000.0
1352,0.0,GLCptspp,1000.0
1353,0.0,GLCt2pp,1000.0
1354,-1000.0,GLCtex,1000.0
1355,0.0,GLCtexi,1000.0
1356,0.0,GLDBRAN2,1000.0
1357,0.0,GLGC,1000.0
1358,0.0,GLNS,1000.0
1359,0.0,GLNTRS,1000.0
1360,0.0,GLNabcpp,1000.0
1361,-1000.0,GLNtex,1000.0
1362,-1000.0,GLTPD,1000.0
1363,0.0,GLU5K,1000.0
1364,-1000.0,GLUABUTt7pp,1000.0
1365,0.0,GLUCYS,1000.0
1366,0.0,GLUDC,1000.0
1367,0.0,GLUDy,0.0
1368,0.0,GLUN,1000.0
1369,0.0,GLUNpp,1000.0
1370,0.0,GLUPRT,1000.0
1371,-1000.0,GLUR,1000.0
1372,0.0,GLUSy,1000.0
1373,0.0,GLUTRR,1000.0
1374,0.0,GLUTRS,1000.0
1375,0.0,GLUabcpp,1000.0
1376,-1000.0,GLUt2rpp,1000.0
1377,0.0,GLUt4pp,1000.0
1378,-1000.0,GLUtex,1000.0
1379,0.0,GLXCL,1000.0
1380,-1000.0,GLYALDtex,1000.0
1381,-1000.0,GLYALDtpp,1000.0
1382,-1000.0,GLYAT,1000.0
1383,0.0,GLYBabcpp,1000.0
1384,0.0,GLYBt2pp,1000.0
1385,-1000.0,GLYBtex,1000.0
1386,0.0,GLYC2Pabcpp,1000.0
1387,-1000.0,GLYC2Ptex,1000.0
1388,0.0,GLYC3Pabcpp,1000.0
1389,0.0,GLYC3Pt6pp,1000.0
1390,-1000.0,GLYC3Ptex,1000.0
1391,-1000.0,GLYCAt2rpp,1000.0
1392,-1000.0,GLYCAtex,1000.0
1393,0.0,GLYCDx,1000.0
1394,0.0,GLYCK,1000.0
1395,0.0,GLYCK2,1000.0
1396,0.0,GLYCL,1000.0
1397,0.0,GLYCLTDx,1000.0
1398,0.0,GLYCLTDy,1000.0
1399,-1000.0,GLYCLTt2rpp,1000.0
1400,0.0,GLYCLTt4pp,1000.0
1401,-1000.0,GLYCLTtex,1000.0
1402,0.0,GLYCTO2,1000.0
1403,0.0,GLYCTO3,1000.0
1404,0.0,GLYCTO4,1000.0
1405,-1000.0,GLYCtex,1000.0
1406,-1000.0,GLYCtpp,1000.0
1407,0.0,GLYK,1000.0
1408,0.0,GLYOX,1000.0
1409,0.0,GLYOX3,1000.0
1410,0.0,GLYTRS,1000.0
1411,0.0,GLYt2pp,1000.0
1412,-1000.0,GLYt2rpp,1000.0
1413,0.0,GLYt4pp,1000.0
1414,-1000.0,GLYtex,1000.0
1415,0.0,GMAND,1000.0
1416,0.0,GMHEPAT,1000.0
1417,0.0,GMHEPK,1000.0
1418,0.0,GMHEPPA,1000.0
1419,0.0,GMPR,1000.0
1420,0.0,GMPS2,1000.0
1421,-1000.0,GMPtex,1000.0
1422,0.0,GND,1000.0
1423,0.0,GNK,1000.0
1424,0.0,GOFUCR,1000.0
1425,0.0,GP4GH,1000.0
1426,0.0,GPDDA1,1000.0
1427,0.0,GPDDA1pp,1000.0
1428,0.0,GPDDA2,1000.0
1429,0.0,GPDDA2pp,1000.0
1430,0.0,GPDDA3,1000.0
1431,0.0,GPDDA3pp,1000.0
1432,0.0,GPDDA4,1000.0
1433,0.0,GPDDA4pp,1000.0
1434,0.0,GPDDA5,1000.0
1435,0.0,GPDDA5pp,1000.0
1436,0.0,GRTT,1000.0
1437,0.0,GRXR,1000.0
1438,0.0,GSNK,1000.0
1439,0.0,GSNt2pp,1000.0
1440,-1000.0,GSNtex,1000.0
1441,0.0,GSPMDA,1000.0
1442,0.0,GSPMDS,1000.0
1443,-1000.0,GTHOXtex,1000.0
1444,-1000.0,GTHOr,1000.0
1445,0.0,GTHPi,1000.0
1446,0.0,GTHRDHpp,1000.0
1447,0.0,GTHRDabc2pp,1000.0
1448,0.0,GTHRDabcpp,1000.0
1449,-1000.0,GTHRDtex,1000.0
1450,0.0,GTHS,1000.0
1451,0.0,GTPCI,1000.0
1452,0.0,GTPCII2,1000.0
1453,0.0,GTPDPDP,1000.0
1454,0.0,GTPDPK,1000.0
1455,0.0,GTPHs,1000.0
1456,-1000.0,GTPtex,1000.0
1457,0.0,GUACYC,1000.0
1458,0.0,GUAD,1000.0
1459,0.0,GUAPRT,1000.0
1460,0.0,GUAt2pp,1000.0
1461,-1000.0,GUAtex,1000.0
1462,-1000.0,GUAtpp,1000.0
1463,-1000.0,GUI1,1000.0
1464,-1000.0,GUI2,1000.0
1465,0.0,GUR1PPpp,1000.0
1466,-1000.0,H2O2tex,1000.0
1467,-1000.0,H2Otex,1000.0
1468,-1000.0,H2Otpp,1000.0
1469,0.0,H2SO,1000.0
1470,0.0,H2St1pp,1000.0
1471,-1000.0,H2Stex,1000.0
1472,-1000.0,H2tex,1000.0
1473,-1000.0,H2tpp,1000.0
1474,0.0,HACD1,1000.0
1475,0.0,HACD2,1000.0
1476,0.0,HACD3,1000.0
1477,0.0,HACD4,1000.0
1478,0.0,HACD5,1000.0
1479,0.0,HACD6,1000.0
1480,0.0,HACD7,1000.0
1481,0.0,HACD8,1000.0
1482,-1000.0,HADPCOADH3,1000.0
1483,0.0,HBZOPT,1000.0
1484,-1000.0,HCINNMt2rpp,1000.0
1485,-1000.0,HCINNMtex,1000.0
1486,-1000.0,HCO3E,1000.0
1487,0.0,HCYSMT,1000.0
1488,0.0,HCYSMT2,1000.0
1489,0.0,HDCAtexi,1000.0
1490,0.0,HDCEAtexi,1000.0
1491,0.0,HEMEOS,1000.0
1492,0.0,HEPK1,1000.0
1493,0.0,HEPK2,1000.0
1494,0.0,HEPT1,1000.0
1495,0.0,HEPT2,1000.0
1496,0.0,HEPT3,1000.0
1497,0.0,HEPT4,1000.0
1498,0.0,HETZK,1000.0
1499,0.0,HEX1,1000.0
1500,0.0,HEX4,1000.0
1501,0.0,HEX7,1000.0
1502,-1000.0,HEXt2rpp,1000.0
1503,0.0,HG2abcpp,1000.0
1504,0.0,HG2t3pp,1000.0
1505,-1000.0,HG2tex,1000.0
1506,0.0,HISTD,1000.0
1507,0.0,HISTP,1000.0
1508,0.0,HISTRS,1000.0
1509,0.0,HISabcpp,1000.0
1510,-1000.0,HISt2rpp,1000.0
1511,-1000.0,HIStex,1000.0
1512,0.0,HKNDDH,1000.0
1513,0.0,HKNTDH,1000.0
1514,0.0,HMBS,1000.0
1515,0.0,HMPK1,1000.0
1516,0.0,HOMt2pp,1000.0
1517,-1000.0,HOMtex,1000.0
1518,0.0,HOPNTAL,1000.0
1519,0.0,HPPK2,1000.0
1520,0.0,HPPPNDO,1000.0
1521,-1000.0,HPPPNt2rpp,1000.0
1522,-1000.0,HPPPNtex,1000.0
1523,-1000.0,HPYRI,1000.0
1524,0.0,HPYRRx,1000.0
1525,0.0,HPYRRy,1000.0
1526,-1000.0,HSDy,1000.0
1527,0.0,HSK,1000.0
1528,0.0,HSST,1000.0
1529,0.0,HSTPT,1000.0
1530,0.0,HXAND,1000.0
1531,-1000.0,HXAtex,1000.0
1532,0.0,HXCT,1000.0
1533,0.0,HXPRT,1000.0
1534,0.0,HYD1pp,1000.0
1535,0.0,HYD2pp,1000.0
1536,0.0,HYD3pp,1000.0
1537,0.0,HYPOE,1000.0
1538,-1000.0,HYXNtex,1000.0
1539,-1000.0,HYXNtpp,1000.0
1540,-1000.0,Htex,1000.0
1541,0.0,I2FE2SR,1000.0
1542,0.0,I2FE2SS,1000.0
1543,0.0,I2FE2SS2,1000.0
1544,0.0,I2FE2ST,1000.0
1545,0.0,I4FE4SR,1000.0
1546,0.0,I4FE4ST,1000.0
1547,-1000.0,ICDHyr,1000.0
1548,-1000.0,ICHORS,1000.0
1549,0.0,ICHORSi,1000.0
1550,0.0,ICHORT,1000.0
1551,0.0,ICL,1000.0
1552,0.0,ICYSDS,1000.0
1553,-1000.0,IDOND,1000.0
1554,0.0,IDOND2,1000.0
1555,-1000.0,IDONt2rpp,1000.0
1556,-1000.0,IDONtex,1000.0
1557,0.0,IG3PS,1000.0
1558,0.0,IGPDH,1000.0
1559,0.0,IGPS,1000.0
1560,-1000.0,ILETA,1000.0
1561,0.0,ILETRS,1000.0
1562,0.0,ILEabcpp,1000.0
1563,-1000.0,ILEt2rpp,1000.0
1564,-1000.0,ILEtex,1000.0
1565,-1000.0,IMPC,1000.0
1566,0.0,IMPD,1000.0
1567,-1000.0,IMPtex,1000.0
1568,0.0,INDOLEt2pp,1000.0
1569,-1000.0,INDOLEt2rpp,1000.0
1570,-1000.0,INDOLEtex,1000.0
1571,0.0,INOSTt4pp,1000.0
1572,0.0,INSH,1000.0
1573,0.0,INSK,1000.0
1574,-1000.0,INSTtex,1000.0
1575,0.0,INSt2pp,1000.0
1576,-1000.0,INSt2rpp,1000.0
1577,-1000.0,INStex,1000.0
1578,-1000.0,IPDDI,1000.0
1579,0.0,IPDPS,1000.0
1580,0.0,IPMD,1000.0
1581,-1000.0,IPPMIa,1000.0
1582,-1000.0,IPPMIb,1000.0
1583,0.0,IPPS,1000.0
1584,0.0,ISETACabcpp,1000.0
1585,-1000.0,ISETACtex,1000.0
1586,0.0,K2L4Aabcpp,1000.0
1587,0.0,K2L4Aabctex,1000.0
1588,-1000.0,KARA1,1000.0
1589,-1000.0,KARA2,1000.0
1590,0.0,KAS14,1000.0
1591,0.0,KAS15,1000.0
1592,0.0,KDOCT2,1000.0
1593,0.0,KDOPP,1000.0
1594,0.0,KDOPS,1000.0
1595,0.0,KG6PDC,1000.0
1596,0.0,Kabcpp,1000.0
1597,0.0,Kt2pp,1000.0
1598,0.0,Kt3pp,1000.0
1599,-1000.0,Ktex,1000.0
1600,0.0,L__LACD2,1000.0
1601,0.0,L__LACD3,1000.0
1602,-1000.0,L__LACt2rpp,1000.0
1603,-1000.0,L__LACtex,1000.0
1604,0.0,LA4NTpp,1000.0
1605,0.0,LACZ,1000.0
1606,0.0,LACZpp,1000.0
1607,0.0,LADGMDH,1000.0
1608,-1000.0,LALADGLUtex,1000.0
1609,0.0,LALADGLUtpp,1000.0
1610,-1000.0,LALALGLUtex,1000.0
1611,0.0,LALALGLUtpp,1000.0
1612,0.0,LALDO2x,1000.0
1613,0.0,LALDO3,1000.0
1614,0.0,LALGP,1000.0
1615,0.0,LCADi,1000.0
1616,0.0,LCARR,0.0
1617,-1000.0,LCARS,1000.0
1618,0.0,LCTSt3ipp,1000.0
1619,-1000.0,LCTStex,1000.0
1620,-1000.0,LCTStpp,1000.0
1621,-1000.0,LDH_D,1000.0
1622,0.0,LDH_D2,1000.0
1623,0.0,LEUTAi,1000.0
1624,0.0,LEUTRS,1000.0
1625,0.0,LEUabcpp,1000.0
1626,-1000.0,LEUt2rpp,1000.0
1627,-1000.0,LEUtex,1000.0
1628,0.0,LGTHL,1000.0
1629,0.0,LIPACabcpp,1000.0
1630,0.0,LIPAHT2ex,1000.0
1631,0.0,LIPAHTex,1000.0
1632,0.0,LIPAMPL,1000.0
1633,0.0,LIPATPT,1000.0
1634,0.0,LIPAabcpp,1000.0
1635,0.0,LIPAabctex,1000.0
1636,0.0,LIPOCT,1000.0
1637,0.0,LIPOS,1000.0
1638,0.0,LIPOt2pp,1000.0
1639,-1000.0,LIPOtex,1000.0
1640,0.0,LPADSS,1000.0
1641,0.0,LPLIPAL1A120pp,1000.0
1642,0.0,LPLIPAL1A140pp,1000.0
1643,0.0,LPLIPAL1A141pp,1000.0
1644,0.0,LPLIPAL1A160pp,1000.0
1645,0.0,LPLIPAL1A161pp,1000.0
1646,0.0,LPLIPAL1A180pp,1000.0
1647,0.0,LPLIPAL1A181pp,1000.0
1648,0.0,LPLIPAL1E120pp,1000.0
1649,0.0,LPLIPAL1E140pp,1000.0
1650,0.0,LPLIPAL1E141pp,1000.0
1651,0.0,LPLIPAL1E160pp,1000.0
1652,0.0,LPLIPAL1E161pp,1000.0
1653,0.0,LPLIPAL1E180pp,1000.0
1654,0.0,LPLIPAL1E181pp,1000.0
1655,0.0,LPLIPAL1G120pp,1000.0
1656,0.0,LPLIPAL1G140pp,1000.0
1657,0.0,LPLIPAL1G141pp,1000.0
1658,0.0,LPLIPAL1G160pp,1000.0
1659,0.0,LPLIPAL1G161pp,1000.0
1660,0.0,LPLIPAL1G180pp,1000.0
1661,0.0,LPLIPAL1G181pp,1000.0
1662,0.0,LPLIPAL2A120,1000.0
1663,0.0,LPLIPAL2A140,1000.0
1664,0.0,LPLIPAL2A141,1000.0
1665,0.0,LPLIPAL2A160,1000.0
1666,0.0,LPLIPAL2A161,1000.0
1667,0.0,LPLIPAL2A180,1000.0
1668,0.0,LPLIPAL2A181,1000.0
1669,0.0,LPLIPAL2ATE120,1000.0
1670,0.0,LPLIPAL2ATE140,1000.0
1671,0.0,LPLIPAL2ATE141,1000.0
1672,0.0,LPLIPAL2ATE160,1000.0
1673,0.0,LPLIPAL2ATE161,1000.0
1674,0.0,LPLIPAL2ATE180,1000.0
1675,0.0,LPLIPAL2ATE181,1000.0
1676,0.0,LPLIPAL2ATG120,1000.0
1677,0.0,LPLIPAL2ATG140,1000.0
1678,0.0,LPLIPAL2ATG141,1000.0
1679,0.0,LPLIPAL2ATG160,1000.0
1680,0.0,LPLIPAL2ATG161,1000.0
1681,0.0,LPLIPAL2ATG180,1000.0
1682,0.0,LPLIPAL2ATG181,1000.0
1683,0.0,LPLIPAL2E120,1000.0
1684,0.0,LPLIPAL2E140,1000.0
1685,0.0,LPLIPAL2E141,1000.0
1686,0.0,LPLIPAL2E160,1000.0
1687,0.0,LPLIPAL2E161,1000.0
1688,0.0,LPLIPAL2E180,1000.0
1689,0.0,LPLIPAL2E181,1000.0
1690,0.0,LPLIPAL2G120,1000.0
1691,0.0,LPLIPAL2G140,1000.0
1692,0.0,LPLIPAL2G141,1000.0
1693,0.0,LPLIPAL2G160,1000.0
1694,0.0,LPLIPAL2G161,1000.0
1695,0.0,LPLIPAL2G180,1000.0
1696,0.0,LPLIPAL2G181,1000.0
1697,-1000.0,LSERDHr,1000.0
1698,0.0,LYSDC,1000.0
1699,0.0,LYSTRS,1000.0
1700,0.0,LYSabcpp,1000.0
1701,0.0,LYSt2pp,1000.0
1702,0.0,LYSt3pp,1000.0
1703,-1000.0,LYStex,1000.0
1704,0.0,LYXI,1000.0
1705,0.0,LYXt2pp,1000.0
1706,-1000.0,LYXtex,1000.0
1707,-1000.0,M1PD,1000.0
1708,0.0,MACPD,1000.0
1709,0.0,MALCOAMT,1000.0
1710,0.0,MALDDH,1000.0
1711,0.0,MALDt2_2pp,1000.0
1712,-1000.0,MALDtex,1000.0
1713,0.0,MALS,1000.0
1714,-1000.0,MALTATr,1000.0
1715,0.0,MALTHXabcpp,1000.0
1716,0.0,MALTHXtexi,1000.0
1717,0.0,MALTPTabcpp,1000.0
1718,0.0,MALTPTtexi,1000.0
1719,0.0,MALTTRabcpp,1000.0
1720,0.0,MALTTRtexi,1000.0
1721,0.0,MALTTTRabcpp,1000.0
1722,0.0,MALTTTRtexi,1000.0
1723,0.0,MALTabcpp,1000.0
1724,0.0,MALTptspp,1000.0
1725,0.0,MALTtexi,1000.0
1726,0.0,MALt2_2pp,1000.0
1727,0.0,MALt2_3pp,1000.0
1728,0.0,MALt3pp,1000.0
1729,-1000.0,MALtex,1000.0
1730,0.0,MAN1PT2,1000.0
1731,-1000.0,MAN6PI,1000.0
1732,0.0,MAN6Pt6_2pp,1000.0
1733,-1000.0,MAN6Ptex,1000.0
1734,-1000.0,MANAO,1000.0
1735,0.0,MANGLYCptspp,1000.0
1736,-1000.0,MANGLYCtex,1000.0
1737,0.0,MANPGH,1000.0
1738,0.0,MANptspp,1000.0
1739,-1000.0,MANtex,1000.0
1740,0.0,MCITD,1000.0
1741,-1000.0,MCITL2,1000.0
1742,0.0,MCITS,1000.0
1743,0.0,MCOATA,1000.0
1744,0.0,MCPST,1000.0
1745,0.0,MCTP1App,1000.0
1746,0.0,MCTP1Bpp,1000.0
1747,0.0,MCTP2App,1000.0
1748,0.0,MDDCP1pp,1000.0
1749,0.0,MDDCP2pp,1000.0
1750,0.0,MDDCP3pp,1000.0
1751,0.0,MDDCP4pp,1000.0
1752,0.0,MDDCP5pp,1000.0
1753,0.0,MDDEP1pp,1000.0
1754,0.0,MDDEP2pp,1000.0
1755,0.0,MDDEP3pp,1000.0
1756,0.0,MDDEP4pp,1000.0
1757,-1000.0,MDH,1000.0
1758,0.0,MDH2,1000.0
1759,0.0,MDH3,1000.0
1760,0.0,ME1,1000.0
1761,0.0,ME2,1000.0
1762,0.0,MECDPDH5,1000.0
1763,0.0,MECDPS,1000.0
1764,0.0,MELIBt2pp,1000.0
1765,0.0,MELIBt3ipp,1000.0
1766,-1000.0,MELIBtex,1000.0
1767,-1000.0,MEOHtex,1000.0
1768,-1000.0,MEOHtrpp,1000.0
1769,0.0,MEPCT,1000.0
1770,0.0,METAT,1000.0
1771,0.0,METDabcpp,1000.0
1772,-1000.0,METDtex,1000.0
1773,0.0,METOX1s,1000.0
1774,0.0,METOX2s,1000.0
1775,0.0,METS,1000.0
1776,0.0,METSOX1abcpp,1000.0
1777,-1000.0,METSOX1tex,1000.0
1778,0.0,METSOX2abcpp,1000.0
1779,-1000.0,METSOX2tex,1000.0
1780,0.0,METSOXR1,1000.0
1781,0.0,METSOXR2,1000.0
1782,0.0,METTRS,1000.0
1783,0.0,METabcpp,1000.0
1784,-1000.0,METtex,1000.0
1785,-1000.0,MG2t3_2pp,1000.0
1786,-1000.0,MG2tex,1000.0
1787,0.0,MG2tpp,1000.0
1788,0.0,MG2uabcpp,1000.0
1789,0.0,MGSA,1000.0
1790,0.0,MI1PP,1000.0
1791,-1000.0,MICITDr,1000.0
1792,-1000.0,MINCYCtex,1000.0
1793,0.0,MINCYCtpp,1000.0
1794,0.0,MINOHPtexi,1000.0
1795,0.0,MLDCP1App,1000.0
1796,0.0,MLDCP1Bpp,1000.0
1797,0.0,MLDCP2App,1000.0
1798,0.0,MLDCP2Bpp,1000.0
1799,0.0,MLDCP3App,1000.0
1800,0.0,MLDEP1pp,1000.0
1801,0.0,MLDEP2pp,1000.0
1802,0.0,MLTG1,1000.0
1803,0.0,MLTG2,1000.0
1804,0.0,MLTG3,1000.0
1805,0.0,MLTG4,1000.0
1806,0.0,MLTG5,1000.0
1807,0.0,MLTGY1pp,1000.0
1808,0.0,MLTGY2pp,1000.0
1809,0.0,MLTGY3pp,1000.0
1810,0.0,MLTGY4pp,1000.0
1811,-1000.0,MLTP1,1000.0
1812,-1000.0,MLTP2,1000.0
1813,-1000.0,MLTP3,1000.0
1814,0.0,MMCD,1000.0
1815,0.0,MMETt2pp,1000.0
1816,-1000.0,MMETtex,1000.0
1817,0.0,MMM,1000.0
1818,0.0,MN2t3pp,1000.0
1819,0.0,MN2tpp,1000.0
1820,0.0,MN6PP,1000.0
1821,0.0,MNLptspp,1000.0
1822,-1000.0,MNLtex,1000.0
1823,0.0,MNNH,1000.0
1824,0.0,MNt2pp,1000.0
1825,-1000.0,MNtex,1000.0
1826,0.0,MOADSUx,1000.0
1827,0.0,MOAT,1000.0
1828,0.0,MOAT2,1000.0
1829,0.0,MOAT3C,1000.0
1830,0.0,MOBDabcpp,1000.0
1831,-1000.0,MOBDtex,1000.0
1832,0.0,MOCDS,1000.0
1833,0.0,MOCOS,1000.0
1834,0.0,MOGDS,1000.0
1835,0.0,MOHMT,1000.0
1836,-1000.0,MOX,1000.0
1837,0.0,MPTAT,1000.0
1838,0.0,MPTG,1000.0
1839,0.0,MPTG2,1000.0
1840,0.0,MPTS,1000.0
1841,0.0,MPTSS,1000.0
1842,0.0,MSAR,1000.0
1843,0.0,MSO3abcpp,1000.0
1844,-1000.0,MSO3tex,1000.0
1845,0.0,MTAN,1000.0
1846,-1000.0,MTHFC,1000.0
1847,-1000.0,MTHFD,1000.0
1848,0.0,MTHFR2,1000.0
1849,0.0,MTHTHFSs,1000.0
1850,0.0,MTRPOX,1000.0
1851,-1000.0,N2Otex,1000.0
1852,-1000.0,N2Otpp,1000.0
1853,0.0,NACODA,1000.0
1854,-1000.0,NACtex,1000.0
1855,0.0,NACtpp,1000.0
1856,0.0,NADDP,1000.0
1857,0.0,NADH10,1000.0
1858,0.0,NADH16pp,1000.0
1859,0.0,NADH17pp,1000.0
1860,0.0,NADH18pp,1000.0
1861,0.0,NADH5,1000.0
1862,0.0,NADH9,1000.0
1863,0.0,NADK,1000.0
1864,0.0,NADN,1000.0
1865,0.0,NADPHQR2,1000.0
1866,0.0,NADPHQR3,1000.0
1867,0.0,NADPHQR4,1000.0
1868,0.0,NADPPPS,1000.0
1869,0.0,NADS1,1000.0
1870,0.0,NADTRHD,1000.0
1871,0.0,NAMNPP,1000.0
1872,0.0,NAt3_1p5pp,1000.0
1873,0.0,NAt3_2pp,1000.0
1874,0.0,NAt3pp,1000.0
1875,-1000.0,NAtex,1000.0
1876,-1000.0,NDPK1,1000.0
1877,-1000.0,NDPK2,1000.0
1878,-1000.0,NDPK3,1000.0
1879,-1000.0,NDPK4,1000.0
1880,-1000.0,NDPK5,1000.0
1881,-1000.0,NDPK6,1000.0
1882,-1000.0,NDPK7,1000.0
1883,-1000.0,NDPK8,1000.0
1884,-1000.0,NH4tex,1000.0
1885,-1000.0,NH4tpp,1000.0
1886,0.0,NHFRBO,1000.0
1887,0.0,NI2abcpp,1000.0
1888,0.0,NI2t3pp,1000.0
1889,-1000.0,NI2tex,1000.0
1890,0.0,NI2tpp,1000.0
1891,0.0,NI2uabcpp,1000.0
1892,0.0,NMNAT,1000.0
1893,0.0,NMNDA,1000.0
1894,0.0,NMNN,1000.0
1895,0.0,NMNPtpp,1000.0
1896,0.0,NMNt7pp,1000.0
1897,-1000.0,NMNtex,1000.0
1898,0.0,NNAM,1000.0
1899,-1000.0,NNATr,1000.0
1900,0.0,NNDMBRT,1000.0
1901,0.0,NNDPR,1000.0
1902,-1000.0,NO2t2rpp,1000.0
1903,-1000.0,NO2tex,1000.0
1904,0.0,NO3R1bpp,1000.0
1905,0.0,NO3R1pp,1000.0
1906,0.0,NO3R2bpp,1000.0
1907,0.0,NO3R2pp,1000.0
1908,0.0,NO3t7pp,1000.0
1909,-1000.0,NO3tex,1000.0
1910,0.0,NODOx,1000.0
1911,0.0,NODOy,1000.0
1912,-1000.0,NOVBCNtex,1000.0
1913,0.0,NOVBCNtpp,1000.0
1914,-1000.0,NOtex,1000.0
1915,-1000.0,NOtpp,1000.0
1916,0.0,NTD1,1000.0
1917,0.0,NTD10,1000.0
1918,0.0,NTD10pp,1000.0
1919,0.0,NTD11,1000.0
1920,0.0,NTD11pp,1000.0
1921,0.0,NTD12,1000.0
1922,0.0,NTD12pp,1000.0
1923,0.0,NTD1pp,1000.0
1924,0.0,NTD2,1000.0
1925,0.0,NTD2pp,1000.0
1926,0.0,NTD3,1000.0
1927,0.0,NTD3pp,1000.0
1928,0.0,NTD4,1000.0
1929,0.0,NTD4pp,1000.0
1930,0.0,NTD5,1000.0
1931,0.0,NTD5pp,1000.0
1932,0.0,NTD6,1000.0
1933,0.0,NTD6pp,1000.0
1934,0.0,NTD7,1000.0
1935,0.0,NTD7pp,1000.0
1936,0.0,NTD8,1000.0
1937,0.0,NTD8pp,1000.0
1938,0.0,NTD9,1000.0
1939,0.0,NTD9pp,1000.0
1940,0.0,NTP1,1000.0
1941,0.0,NTP10,1000.0
1942,0.0,NTP11,1000.0
1943,0.0,NTP12,1000.0
1944,0.0,NTP3,1000.0
1945,0.0,NTP3pp,1000.0
1946,0.0,NTP5,1000.0
1947,0.0,NTPP1,1000.0
1948,0.0,NTPP10,1000.0
1949,0.0,NTPP11,1000.0
1950,0.0,NTPP2,1000.0
1951,0.0,NTPP3,1000.0
1952,0.0,NTPP4,1000.0
1953,0.0,NTPP5,1000.0
1954,0.0,NTPP6,1000.0
1955,0.0,NTPP7,1000.0
1956,0.0,NTPP8,1000.0
1957,0.0,NTPP9,1000.0
1958,0.0,NTPTP1,1000.0
1959,0.0,NTPTP2,1000.0
1960,0.0,NTRIR2x,1000.0
1961,0.0,NTRIR3pp,1000.0
1962,0.0,NTRIR4pp,1000.0
1963,0.0,O16A4COLIPAabctex,1000.0
1964,0.0,O16A4Lpp,1000.0
1965,0.0,O16AP1pp,1000.0
1966,0.0,O16AP2pp,1000.0
1967,0.0,O16AP3pp,1000.0
1968,0.0,O16AT,1000.0
1969,0.0,O16AUNDtpp,1000.0
1970,0.0,O16GALFT,1000.0
1971,0.0,O16GLCT1,1000.0
1972,0.0,O16GLCT2,1000.0
1973,-1000.0,O2Stex,1000.0
1974,-1000.0,O2tex,1000.0
1975,-1000.0,O2tpp,1000.0
1976,0.0,OAADC,1000.0
1977,0.0,OBTFL,1000.0
1978,-1000.0,OCBT,1000.0
1979,0.0,OCDCAtexi,1000.0
1980,0.0,OCDCEAtexi,1000.0
1981,-1000.0,OCTAtex,1000.0
1982,0.0,OCTDPS,1000.0
1983,0.0,OCTNLL,1000.0
1984,0.0,OGMEACPD,1000.0
1985,0.0,OGMEACPR,1000.0
1986,0.0,OGMEACPS,1000.0
1987,-1000.0,OHPBAT,1000.0
1988,0.0,OHPHM,1000.0
1989,0.0,OMBZLM,1000.0
1990,0.0,OMCDC,1000.0
1991,0.0,OMMBLHX,1000.0
1992,0.0,OMMBLHX3,1000.0
1993,0.0,OMPDC,1000.0
1994,0.0,OMPHHX,1000.0
1995,0.0,OMPHHX3,1000.0
1996,0.0,OP4ENH,1000.0
1997,0.0,OPHBDC,1000.0
1998,0.0,OPHHX,1000.0
1999,0.0,OPHHX3,1000.0
2000,0.0,OPMEACPD,1000.0
2001,0.0,OPMEACPR,1000.0
2002,0.0,OPMEACPS,1000.0
2003,0.0,ORNDC,1000.0
2004,0.0,ORNabcpp,1000.0
2005,-1000.0,ORNtex,1000.0
2006,0.0,OROTt2_2pp,1000.0
2007,-1000.0,OROTtex,1000.0
2008,-1000.0,ORPT,1000.0
2009,0.0,OXAMTC,1000.0
2010,0.0,OXCDC,1000.0
2011,0.0,OXCOAHDH,1000.0
2012,0.0,OXDHCOAT,1000.0
2013,0.0,P5CD,1000.0
2014,0.0,P5CR,1000.0
2015,0.0,PA120abcpp,1000.0
2016,0.0,PA140abcpp,1000.0
2017,0.0,PA141abcpp,1000.0
2018,0.0,PA160abcpp,1000.0
2019,0.0,PA161abcpp,1000.0
2020,0.0,PA180abcpp,1000.0
2021,0.0,PA181abcpp,1000.0
2022,-1000.0,PACALDt2rpp,1000.0
2023,-1000.0,PACALDtex,1000.0
2024,0.0,PACCOAE,1000.0
2025,0.0,PACCOAL,1000.0
2026,0.0,PANTS,1000.0
2027,0.0,PAPA120,1000.0
2028,0.0,PAPA120pp,1000.0
2029,0.0,PAPA140,1000.0
2030,0.0,PAPA140pp,1000.0
2031,0.0,PAPA141,1000.0
2032,0.0,PAPA141pp,1000.0
2033,0.0,PAPA160,1000.0
2034,0.0,PAPA160pp,1000.0
2035,0.0,PAPA161,1000.0
2036,0.0,PAPA161pp,1000.0
2037,0.0,PAPA180,1000.0
2038,0.0,PAPA180pp,1000.0
2039,0.0,PAPA181,1000.0
2040,0.0,PAPA181pp,1000.0
2041,0.0,PAPPT3,1000.0
2042,0.0,PAPSR,1000.0
2043,0.0,PAPSR2,1000.0
2044,0.0,PDE1,1000.0
2045,0.0,PDE4,1000.0
2046,0.0,PDH,1000.0
2047,0.0,PDX5PO2,1000.0
2048,0.0,PDX5POi,1000.0
2049,0.0,PDX5PS,1000.0
2050,0.0,PDXPP,1000.0
2051,0.0,PE120abcpp,1000.0
2052,0.0,PE140abcpp,1000.0
2053,0.0,PE141abcpp,1000.0
2054,0.0,PE160abcpp,1000.0
2055,0.0,PE161abcpp,1000.0
2056,0.0,PE180abcpp,1000.0
2057,0.0,PE181abcpp,1000.0
2058,0.0,PEAMNOpp,1000.0
2059,-1000.0,PEAMNtex,1000.0
2060,-1000.0,PERD,1000.0
2061,0.0,PETNT161pp,1000.0
2062,0.0,PETNT181pp,1000.0
2063,0.0,PFK,1000.0
2064,0.0,PFK_2,1000.0
2065,0.0,PFK_3,1000.0
2066,0.0,PFL,1000.0
2067,0.0,PG120abcpp,1000.0
2068,0.0,PG140abcpp,1000.0
2069,0.0,PG141abcpp,1000.0
2070,0.0,PG160abcpp,1000.0
2071,0.0,PG161abcpp,1000.0
2072,0.0,PG180abcpp,1000.0
2073,0.0,PG181abcpp,1000.0
2074,-1000.0,PGAMT,1000.0
2075,0.0,PGCD,1000.0
2076,-1000.0,PGI,1000.0
2077,-1000.0,PGK,1000.0
2078,0.0,PGL,1000.0
2079,0.0,PGLYCP,1000.0
2080,-1000.0,PGM,1000.0
2081,-1000.0,PGMT,1000.0
2082,0.0,PGP120abcpp,1000.0
2083,0.0,PGP140abcpp,1000.0
2084,0.0,PGP141abcpp,1000.0
2085,0.0,PGP160abcpp,1000.0
2086,0.0,PGP161abcpp,1000.0
2087,0.0,PGP180abcpp,1000.0
2088,0.0,PGP181abcpp,1000.0
2089,0.0,PGPP120,1000.0
2090,0.0,PGPP120pp,1000.0
2091,0.0,PGPP140,1000.0
2092,0.0,PGPP140pp,1000.0
2093,0.0,PGPP141,1000.0
2094,0.0,PGPP141pp,1000.0
2095,0.0,PGPP160,1000.0
2096,0.0,PGPP160pp,1000.0
2097,0.0,PGPP161,1000.0
2098,0.0,PGPP161pp,1000.0
2099,0.0,PGPP180,1000.0
2100,0.0,PGPP180pp,1000.0
2101,0.0,PGPP181,1000.0
2102,0.0,PGPP181pp,1000.0
2103,0.0,PGSA120,1000.0
2104,0.0,PGSA140,1000.0
2105,0.0,PGSA141,1000.0
2106,0.0,PGSA160,1000.0
2107,0.0,PGSA161,1000.0
2108,0.0,PGSA180,1000.0
2109,0.0,PGSA181,1000.0
2110,0.0,PHEMEabcpp,1000.0
2111,0.0,PHEMEtiex,1000.0
2112,-1000.0,PHETA1,1000.0
2113,0.0,PHETRS,1000.0
2114,-1000.0,PHEt2rpp,1000.0
2115,-1000.0,PHEtex,1000.0
2116,0.0,PHYTSpp,1000.0
2117,-1000.0,PIt2rpp,1000.0
2118,-1000.0,PItex,1000.0
2119,0.0,PIuabcpp,1000.0
2120,0.0,PLIPA1A120pp,1000.0
2121,0.0,PLIPA1A140pp,1000.0
2122,0.0,PLIPA1A141pp,1000.0
2123,0.0,PLIPA1A160pp,1000.0
2124,0.0,PLIPA1A161pp,1000.0
2125,0.0,PLIPA1A180pp,1000.0
2126,0.0,PLIPA1A181pp,1000.0
2127,0.0,PLIPA1E120pp,1000.0
2128,0.0,PLIPA1E140pp,1000.0
2129,0.0,PLIPA1E141pp,1000.0
2130,0.0,PLIPA1E160pp,1000.0
2131,0.0,PLIPA1E161pp,1000.0
2132,0.0,PLIPA1E180pp,1000.0
2133,0.0,PLIPA1E181pp,1000.0
2134,0.0,PLIPA1G120pp,1000.0
2135,0.0,PLIPA1G140pp,1000.0
2136,0.0,PLIPA1G141pp,1000.0
2137,0.0,PLIPA1G160pp,1000.0
2138,0.0,PLIPA1G161pp,1000.0
2139,0.0,PLIPA1G180pp,1000.0
2140,0.0,PLIPA1G181pp,1000.0
2141,0.0,PLIPA2A120pp,1000.0
2142,0.0,PLIPA2A140pp,1000.0
2143,0.0,PLIPA2A141pp,1000.0
2144,0.0,PLIPA2A160pp,1000.0
2145,0.0,PLIPA2A161pp,1000.0
2146,0.0,PLIPA2A180pp,1000.0
2147,0.0,PLIPA2A181pp,1000.0
2148,0.0,PLIPA2E120pp,1000.0
2149,0.0,PLIPA2E140pp,1000.0
2150,0.0,PLIPA2E141pp,1000.0
2151,0.0,PLIPA2E160pp,1000.0
2152,0.0,PLIPA2E161pp,1000.0
2153,0.0,PLIPA2E180pp,1000.0
2154,0.0,PLIPA2E181pp,1000.0
2155,0.0,PLIPA2G120pp,1000.0
2156,0.0,PLIPA2G140pp,1000.0
2157,0.0,PLIPA2G141pp,1000.0
2158,0.0,PLIPA2G160pp,1000.0
2159,0.0,PLIPA2G161pp,1000.0
2160,0.0,PLIPA2G180pp,1000.0
2161,0.0,PLIPA2G181pp,1000.0
2162,-1000.0,PMANM,1000.0
2163,0.0,PMDPHT,1000.0
2164,0.0,PMEACPE,1000.0
2165,0.0,PMPK,1000.0
2166,0.0,PNTK,1000.0
2167,0.0,PNTOt4pp,1000.0
2168,-1000.0,PNTOtex,1000.0
2169,0.0,POAACR,1000.0
2170,-1000.0,POR5,1000.0
2171,0.0,POX,1000.0
2172,0.0,PPA,1000.0
2173,0.0,PPA2,1000.0
2174,-1000.0,PPAKr,1000.0
2175,-1000.0,PPALtex,1000.0
2176,-1000.0,PPALtpp,1000.0
2177,0.0,PPAt4pp,1000.0
2178,-1000.0,PPAtex,1000.0
2179,0.0,PPBNGS,1000.0
2180,0.0,PPC,1000.0
2181,0.0,PPCDC,1000.0
2182,0.0,PPCK,1000.0
2183,0.0,PPCSCT,1000.0
2184,0.0,PPGPPDP,1000.0
2185,-1000.0,PPK2r,1000.0
2186,-1000.0,PPKr,1000.0
2187,-1000.0,PPM,1000.0
2188,-1000.0,PPM2,1000.0
2189,0.0,PPNCL2,1000.0
2190,0.0,PPND,1000.0
2191,0.0,PPNDH,1000.0
2192,0.0,PPPGO,1000.0
2193,0.0,PPPGO3,1000.0
2194,0.0,PPPNDO,1000.0
2195,-1000.0,PPPNt2rpp,1000.0
2196,-1000.0,PPPNtex,1000.0
2197,0.0,PPS,1000.0
2198,0.0,PPTHpp,1000.0
2199,-1000.0,PPTtex,1000.0
2200,-1000.0,PRAGSr,1000.0
2201,0.0,PRAIS,1000.0
2202,0.0,PRAIi,1000.0
2203,0.0,PRAMPC,1000.0
2204,0.0,PRASCSi,1000.0
2205,0.0,PRATPP,1000.0
2206,0.0,PRFGS,1000.0
2207,-1000.0,PRMICI,1000.0
2208,0.0,PROD2,1000.0
2209,0.0,PROGLYabcpp,1000.0
2210,-1000.0,PROGLYtex,1000.0
2211,0.0,PROTRS,1000.0
2212,0.0,PROabcpp,1000.0
2213,-1000.0,PROt2rpp,1000.0
2214,0.0,PROt4pp,1000.0
2215,-1000.0,PROtex,1000.0
2216,-1000.0,PRPPS,1000.0
2217,0.0,PSCLYSt2pp,1000.0
2218,-1000.0,PSCLYStex,1000.0
2219,-1000.0,PSCVT,1000.0
2220,0.0,PSD120,1000.0
2221,0.0,PSD140,1000.0
2222,0.0,PSD141,1000.0
2223,0.0,PSD160,1000.0
2224,0.0,PSD161,1000.0
2225,0.0,PSD180,1000.0
2226,0.0,PSD181,1000.0
2227,0.0,PSERT,1000.0
2228,-1000.0,PSERtex,1000.0
2229,0.0,PSP_L,1000.0
2230,0.0,PSP_Lpp,1000.0
2231,0.0,PSSA120,1000.0
2232,0.0,PSSA140,1000.0
2233,0.0,PSSA141,1000.0
2234,0.0,PSSA160,1000.0
2235,0.0,PSSA161,1000.0
2236,0.0,PSSA180,1000.0
2237,0.0,PSSA181,1000.0
2238,0.0,PTA2,1000.0
2239,-1000.0,PTAr,1000.0
2240,0.0,PTHRpp,1000.0
2241,0.0,PTPATi,1000.0
2242,-1000.0,PTRCORNt7pp,1000.0
2243,0.0,PTRCTA,1000.0
2244,0.0,PTRCabcpp,1000.0
2245,0.0,PTRCt2pp,1000.0
2246,-1000.0,PTRCtex,1000.0
2247,-1000.0,PUNP1,1000.0
2248,-1000.0,PUNP2,1000.0
2249,-1000.0,PUNP3,1000.0
2250,-1000.0,PUNP4,1000.0
2251,-1000.0,PUNP5,1000.0
2252,-1000.0,PUNP6,1000.0
2253,-1000.0,PUNP7,1000.0
2254,0.0,PYAM5PO,1000.0
2255,0.0,PYDAMK,1000.0
2256,-1000.0,PYDAMtex,1000.0
2257,0.0,PYDAMtpp,1000.0
2258,0.0,PYDXK,1000.0
2259,0.0,PYDXNK,1000.0
2260,-1000.0,PYDXNtex,1000.0
2261,0.0,PYDXNtpp,1000.0
2262,0.0,PYDXPP,1000.0
2263,-1000.0,PYDXtex,1000.0
2264,0.0,PYDXtpp,1000.0
2265,0.0,PYK,1000.0
2266,-1000.0,PYNP2r,1000.0
2267,0.0,PYROX,1000.0
2268,-1000.0,PYRt2rpp,1000.0
2269,-1000.0,PYRtex,1000.0
2270,0.0,QMO2,1000.0
2271,0.0,QMO3,1000.0
2272,-1000.0,QUIN2tex,1000.0
2273,-1000.0,QUIN2tpp,1000.0
2274,-1000.0,QUINDH,1000.0
2275,0.0,QULNS,1000.0
2276,0.0,R15BPK,1000.0
2277,0.0,R1PK,1000.0
2278,0.0,R5PP,1000.0
2279,0.0,R5PPpp,1000.0
2280,-1000.0,R5Ptex,1000.0
2281,0.0,RBFK,1000.0
2282,0.0,RBFSa,1000.0
2283,0.0,RBFSb,1000.0
2284,0.0,RBK,1000.0
2285,0.0,RBK_L1,1000.0
2286,-1000.0,RBP4E,1000.0
2287,-1000.0,REPHACCOAI,1000.0
2288,-1000.0,RFAMPtex,1000.0
2289,0.0,RFAMPtpp,1000.0
2290,0.0,RHAT1,1000.0
2291,0.0,RHCCE,1000.0
2292,0.0,RIBabcpp,1000.0
2293,-1000.0,RIBtex,1000.0
2294,-1000.0,RMI,1000.0
2295,0.0,RMK,1000.0
2296,-1000.0,RMNtex,1000.0
2297,0.0,RMNtpp,1000.0
2298,-1000.0,RMPA,1000.0
2299,0.0,RNDR1,0.0
2300,0.0,RNDR1b,1000.0
2301,0.0,RNDR2,0.0
2302,0.0,RNDR2b,1000.0
2303,0.0,RNDR3,0.0
2304,0.0,RNDR3b,1000.0
2305,0.0,RNDR4,0.0
2306,0.0,RNDR4b,1000.0
2307,0.0,RNTR1c2,1000.0
2308,0.0,RNTR2c2,1000.0
2309,0.0,RNTR3c2,1000.0
2310,0.0,RNTR4c2,1000.0
2311,-1000.0,RPE,1000.0
2312,-1000.0,RPI,1000.0
2313,0.0,RZ5PP,1000.0
2314,0.0,S2FE2SR,1000.0
2315,0.0,S2FE2SS,1000.0
2316,0.0,S2FE2SS2,1000.0
2317,0.0,S2FE2ST,1000.0
2318,0.0,S4FE4SR,1000.0
2319,0.0,S4FE4ST,1000.0
2320,0.0,S7PI,1000.0
2321,0.0,SADH,1000.0
2322,0.0,SADT2,1000.0
2323,0.0,SARCOX,1000.0
2324,-1000.0,SBTPD,1000.0
2325,0.0,SBTptspp,1000.0
2326,-1000.0,SBTtex,1000.0
2327,0.0,SCYSDS,1000.0
2328,0.0,SDPDS,1000.0
2329,-1000.0,SDPTA,1000.0
2330,0.0,SELCYSS,1000.0
2331,0.0,SELGTHR,1000.0
2332,0.0,SELGTHR2,1000.0
2333,0.0,SELGTHR3,1000.0
2334,0.0,SELNPS,1000.0
2335,0.0,SELR,1000.0
2336,-1000.0,SELtex,1000.0
2337,0.0,SELtpp,1000.0
2338,0.0,SEPHCHCS,1000.0
2339,-1000.0,SERASr,1000.0
2340,-1000.0,SERAT,1000.0
2341,0.0,SERD_D,1000.0
2342,0.0,SERD_L,1000.0
2343,0.0,SERTRS,1000.0
2344,0.0,SERTRS2,1000.0
2345,-1000.0,SERt2rpp,1000.0
2346,0.0,SERt4pp,1000.0
2347,-1000.0,SERtex,1000.0
2348,0.0,SFGTHi,1000.0
2349,0.0,SGDS,1000.0
2350,0.0,SGSAD,1000.0
2351,0.0,SHCHCS3,1000.0
2352,0.0,SHCHD2,1000.0
2353,0.0,SHCHF,1000.0
2354,-1000.0,SHK3Dr,1000.0
2355,0.0,SHKK,1000.0
2356,0.0,SHSL1,1000.0
2357,0.0,SKMt2pp,1000.0
2358,-1000.0,SKMtex,1000.0
2359,-1000.0,SLNTtex,1000.0
2360,0.0,SLNTtpp,1000.0
2361,-1000.0,SO2tex,1000.0
2362,-1000.0,SO2tpp,1000.0
2363,-1000.0,SO3tex,1000.0
2364,0.0,SO4t2pp,1000.0
2365,-1000.0,SO4tex,1000.0
2366,0.0,SOTA,1000.0
2367,0.0,SPMDAT1,1000.0
2368,0.0,SPMDAT2,1000.0
2369,0.0,SPMDabcpp,1000.0
2370,0.0,SPMDt3pp,1000.0
2371,-1000.0,SPMDtex,1000.0
2372,0.0,SPMS,1000.0
2373,0.0,SPODM,0.0
2374,0.0,SPODMpp,0.0
2375,0.0,SSALx,1000.0
2376,0.0,SSALy,1000.0
2377,0.0,SUCASPtpp,0.0
2378,0.0,SUCBZL,1000.0
2379,0.0,SUCBZS,1000.0
2380,0.0,SUCCt2_2pp,1000.0
2381,0.0,SUCCt2_3pp,1000.0
2382,0.0,SUCCt3pp,1000.0
2383,-1000.0,SUCCtex,1000.0
2384,0.0,SUCDi,1000.0
2385,0.0,SUCFUMtpp,0.0
2386,0.0,SUCMALtpp,0.0
2387,-1000.0,SUCOAS,1000.0
2388,-1000.0,SUCRtex,1000.0
2389,0.0,SUCTARTtpp,0.0
2390,0.0,SUCptspp,1000.0
2391,0.0,SULFACabcpp,1000.0
2392,-1000.0,SULFACtex,1000.0
2393,0.0,SULRi,1000.0
2394,0.0,SULabcpp,1000.0
2395,-1000.0,T2DECAI,1000.0
2396,-1000.0,TAGURr,1000.0
2397,-1000.0,TALA,1000.0
2398,0.0,TARTD,1000.0
2399,-1000.0,TARTRDtex,1000.0
2400,-1000.0,TARTRt7pp,1000.0
2401,-1000.0,TARTRtex,1000.0
2402,0.0,TARTt2_3pp,1000.0
2403,0.0,TAUDO,1000.0
2404,0.0,TAURabcpp,1000.0
2405,-1000.0,TAURtex,1000.0
2406,-1000.0,TCYNTtex,1000.0
2407,0.0,TDP,1000.0
2408,0.0,TDPADGAT,1000.0
2409,0.0,TDPAGTA,1000.0
2410,0.0,TDPDRE,1000.0
2411,0.0,TDPDRR,1000.0
2412,0.0,TDPGDH,1000.0
2413,0.0,TDSK,1000.0
2414,0.0,TDSR1,1000.0
2415,0.0,TDSR2,1000.0
2416,-1000.0,TGBPA,1000.0
2417,0.0,THD2pp,1000.0
2418,0.0,THDPS,1000.0
2419,0.0,THFAT,1000.0
2420,0.0,THIORDXi,1000.0
2421,0.0,THMDt2pp,1000.0
2422,-1000.0,THMDt2rpp,1000.0
2423,-1000.0,THMDtex,1000.0
2424,0.0,THMabcpp,1000.0
2425,-1000.0,THMtex,1000.0
2426,0.0,THRA2i,1000.0
2427,0.0,THRAi,1000.0
2428,0.0,THRD,1000.0
2429,0.0,THRD_L,1000.0
2430,-1000.0,THRPtex,1000.0
2431,0.0,THRS,1000.0
2432,0.0,THRTRS,1000.0
2433,0.0,THRabcpp,1000.0
2434,0.0,THRt2pp,1000.0
2435,-1000.0,THRt2rpp,1000.0
2436,0.0,THRt4pp,1000.0
2437,-1000.0,THRtex,1000.0
2438,0.0,THYMt3pp,1000.0
2439,-1000.0,THYMtex,1000.0
2440,0.0,THZPSN3,1000.0
2441,-1000.0,TKT1,1000.0
2442,-1000.0,TKT2,1000.0
2443,0.0,TMAOR1,1000.0
2444,0.0,TMAOR1pp,1000.0
2445,0.0,TMAOR2,1000.0
2446,0.0,TMAOR2pp,1000.0
2447,-1000.0,TMAOtex,1000.0
2448,-1000.0,TMAtex,1000.0
2449,0.0,TMDK1,1000.0
2450,-1000.0,TMDPP,1000.0
2451,0.0,TMDS,1000.0
2452,0.0,TMK,1000.0
2453,0.0,TMPK,1000.0
2454,0.0,TMPPP,1000.0
2455,-1000.0,TPI,1000.0
2456,0.0,TPRDCOAS,1000.0
2457,0.0,TRDR,1000.0
2458,0.0,TRE6PH,1000.0
2459,0.0,TRE6PP,1000.0
2460,0.0,TRE6PS,1000.0
2461,0.0,TREH,1000.0
2462,0.0,TREHpp,1000.0
2463,0.0,TREptspp,1000.0
2464,-1000.0,TREtex,1000.0
2465,-1000.0,TRPAS2,1000.0
2466,0.0,TRPS1,1000.0
2467,0.0,TRPS2,1000.0
2468,0.0,TRPS3,1000.0
2469,0.0,TRPTRS,1000.0
2470,-1000.0,TRPt2rpp,1000.0
2471,-1000.0,TRPtex,1000.0
2472,-1000.0,TRSARr,1000.0
2473,0.0,TSULabcpp,1000.0
2474,-1000.0,TSULtex,1000.0
2475,0.0,TTDCAtexi,1000.0
2476,0.0,TTDCEAtexi,1000.0
2477,-1000.0,TTRCYCtex,1000.0
2478,0.0,TTRCYCtpp,1000.0
2479,0.0,TUNGSabcpp,1000.0
2480,-1000.0,TUNGStex,1000.0
2481,-1000.0,TYMtex,1000.0
2482,0.0,TYRL,1000.0
2483,0.0,TYROXDApp,1000.0
2484,0.0,TYRPpp,1000.0
2485,-1000.0,TYRPtex,1000.0
2486,-1000.0,TYRTA,1000.0
2487,0.0,TYRTRS,1000.0
2488,-1000.0,TYRt2rpp,1000.0
2489,-1000.0,TYRtex,1000.0
2490,0.0,ThDPAT,1000.0
2491,0.0,U23GAAT,1000.0
2492,0.0,UAAGDS,1000.0
2493,0.0,UACGALPpp,1000.0
2494,0.0,UACGAMPpp,1000.0
2495,-1000.0,UACGAMtex,1000.0
2496,0.0,UACMAMO,1000.0
2497,-1000.0,UAG2E,1000.0
2498,-1000.0,UAGAAT,1000.0
2499,0.0,UAGCVT,1000.0
2500,0.0,UAGDP,1000.0
2501,0.0,UAGPT3,1000.0
2502,0.0,UAMAGS,1000.0
2503,0.0,UAMAS,1000.0
2504,0.0,UAPGR,1000.0
2505,0.0,UDCPDP,1000.0
2506,0.0,UDCPDPS,1000.0
2507,0.0,UDCPDPpp,1000.0
2508,0.0,UDCPPtppi,1000.0
2509,-1000.0,UDPACGALtex,1000.0
2510,-1000.0,UDPG4E,1000.0
2511,0.0,UDPGALM,1000.0
2512,0.0,UDPGALPpp,1000.0
2513,-1000.0,UDPGALtex,1000.0
2514,0.0,UDPGD,1000.0
2515,0.0,UDPGDC,1000.0
2516,-1000.0,UDPGLCURtex,1000.0
2517,0.0,UDPGPpp,1000.0
2518,-1000.0,UDPGtex,1000.0
2519,-1000.0,UDPKAAT,1000.0
2520,0.0,UGLCURPpp,1000.0
2521,-1000.0,UGLT,1000.0
2522,0.0,UGLYCH,1000.0
2523,0.0,UGMDDS,1000.0
2524,0.0,UHGADA,1000.0
2525,0.0,ULA4NFT,1000.0
2526,0.0,ULA4Ntppi,1000.0
2527,0.0,UM3PL,1000.0
2528,0.0,UM4PCP,1000.0
2529,0.0,UM4PL,1000.0
2530,-1000.0,UMPK,1000.0
2531,-1000.0,UMPtex,1000.0
2532,0.0,UPLA4FNF,1000.0
2533,0.0,UPLA4FNT,1000.0
2534,0.0,UPP3MT,1000.0
2535,0.0,UPP3S,1000.0
2536,0.0,UPPDC1,1000.0
2537,0.0,UPPRT,1000.0
2538,0.0,URACPAH,1000.0
2539,0.0,URAt2pp,1000.0
2540,-1000.0,URAt2rpp,1000.0
2541,-1000.0,URAtex,1000.0
2542,0.0,URDGLYCD,1000.0
2543,-1000.0,UREAtex,1000.0
2544,-1000.0,UREAtpp,1000.0
2545,0.0,URIC,1000.0
2546,0.0,URIH,1000.0
2547,0.0,URIK2,1000.0
2548,0.0,URIt2pp,1000.0
2549,-1000.0,URIt2rpp,1000.0
2550,-1000.0,URItex,1000.0
2551,0.0,USHD,1000.0
2552,-1000.0,VALTA,1000.0
2553,0.0,VALTRS,1000.0
2554,0.0,VALabcpp,1000.0
2555,-1000.0,VALt2rpp,1000.0
2556,-1000.0,VALtex,1000.0
2557,-1000.0,VPAMTr,1000.0
2558,0.0,WCOS,1000.0
2559,0.0,X5PL3E,1000.0
2560,0.0,XAND,1000.0
2561,0.0,XANt2pp,1000.0
2562,-1000.0,XANtex,1000.0
2563,-1000.0,XANtpp,1000.0
2564,-1000.0,XMPtex,1000.0
2565,0.0,XPPT,1000.0
2566,0.0,XTSNH,1000.0
2567,-1000.0,XTSNt2rpp,1000.0
2568,-1000.0,XTSNtex,1000.0
2569,-1000.0,XYLI1,1000.0
2570,-1000.0,XYLI2,1000.0
2571,0.0,XYLK,1000.0
2572,0.0,XYLK2,1000.0
2573,0.0,XYLUt2pp,1000.0
2574,-1000.0,XYLUtex,1000.0
2575,0.0,XYLabcpp,1000.0
2576,0.0,XYLt2pp,1000.0
2577,-1000.0,XYLtex,1000.0
2578,0.0,ZN2abcpp,1000.0
2579,0.0,ZN2t3pp,1000.0
2580,0.0,ZN2tpp,1000.0
2581,0.0,ZNabcpp,1000.0
2582,-1000.0,Zn2tex,1000.0
2583,-1000.0,MEVPPt,1000.0
2584,0.0,EX_grdp_e,0.0
2585,0.0,ERG1,1000.0
2586,0.0,EX_atp_e,1000.0
2587,0.0,EX_ipdp_e,1000.0
2588,-1000.0,COAt,1000.0
2589,0.0,EX_adp_e,1000.0
2590,0.0,ERG8,1000.0
2591,-1000.0,h2mb4pt,1000.0
2592,0.0,BISS,1000.0
2593,0.0,EX_coa_e,1000.0
2594,0.0,EX_ip_e,0.0
2595,0.0,EX_mev_e,0.0
2596,0.0,EX_aacoa_e,1000.0
2597,0.0,EX_nadp_e,1000.0
2598,-1000.0,4c2met,1000.0
2599,-1000.0,dxyl5pt,1000.0
2600,-1000.0,MEVt,1000.0
2601,-1000.0,2mecdpt,1000.0
2602,-1000.0,GGDPt,1000.0
2603,0.0,EX_bis_e,1000.0
2604,-1000.0,frdpt,1000.0
2605,0.0,EX_2mecdp_e,0.0
2606,-1000.0,AACOAt,1000.0
2607,0.0,EX_hmgcoa_e,1000.0
2608,0.0,EX_4c2me_e,0.0
2609,0.0,EX_lim_e,1000.0
2610,-1000.0,HMGCOAt,1000.0
2611,0.0,EX_DMPP_e,1000.0
2612,0.0,EX_ipoh_e,0.0
2613,-1000.0,BISt,1000.0
2614,-1000.0,NADt,1000.0
2615,-1000.0,ATPt,1000.0
2616,0.0,LIMS,1000.0
2617,-1000.0,DMPPt,1000.0
2618,-1000.0,ACCOAt,1000.0
2619,-1000.0,NADPHt,1000.0
2620,0.0,EX_GGDP_e,0.0
2621,0.0,EX_5dpmev_e,0.0
2622,0.0,EX_frdp_e,0.0
2623,0.0,YPL069C,1000.0
2624,-1000.0,IPt,1000.0
2625,-1000.0,grdpt,1000.0
2626,-1000.0,NADHt,1000.0
2627,0.0,EX_h2mb4p_e,0.0
2628,0.0,UNK,1000.0
2629,0.0,EX_accoa_e,1000.0
2630,-1000.0,IPPt,1000.0
2631,0.0,EX_5pmev_e,0.0
2632,0.0,EX_nadph_e,1000.0
2633,0.0,EX_dxyl5p_e,0.0
2634,-1000.0,NADPt,1000.0
2635,0.0,NudB,1000.0
2636,-1000.0,LIMt,1000.0
2637,0.0,MVD1,1000.0
2638,-1000.0,MEVPt,1000.0
2639,0.0,EX_nad_e,1000.0
2640,0.0,EX_nadh_e,1000.0
2641,-1000.0,IPOHt,1000.0
2642,-1000.0,ADPt,1000.0
2643,-1000.0,HMGR,1000.0
2644,-1000.0,HMGS,1000.0
2645,0.0,transfer_acon__C_e,1000.0
2646,0.0004116795933889259,EX_acon__C_e,0.0004116795933889259
2647,0.0,transfer_2me4p_e,1000.0
2648,0.0,EX_2me4p_e,0.0
2649,0.0,transfer_icit_e,1000.0
2650,0.0,EX_icit_e,0.0
