[{"map_name":"new_map","map_id":"9PyAbfp85kDq","map_description":"","homepage":"https://escher.github.io","schema":"https://escher.github.io/escher/jsonschema/1-0-0#"},{"reactions":{"0":{"name":"E. coli biomass objective function (iJO1366) - core - with 53.95 GAM estimate","bigg_id":"BIOMASS_Ec_iJO1366_core_53p95M","reversibility":false,"label_x":-114.43731689453125,"label_y":-707.2314105033875,"gene_reaction_rule":"","genes":[],"metabolites":[{"bigg_id":"cys__L_c","coefficient":-0.09158},{"bigg_id":"utp_c","coefficient":-0.144104},{"bigg_id":"pydx5p_c","coefficient":-0.000223},{"bigg_id":"mobd_c","coefficient":-0.000007},{"bigg_id":"pe161_p","coefficient":-0.02106},{"bigg_id":"ile__L_c","coefficient":-0.290529},{"bigg_id":"so4_c","coefficient":-0.004338},{"bigg_id":"glu__L_c","coefficient":-0.26316},{"bigg_id":"cl_c","coefficient":-0.005205},{"bigg_id":"ni2_c","coefficient":-0.000323},{"bigg_id":"h2o_c","coefficient":-48.601527},{"bigg_id":"pe160_p","coefficient":-0.045946},{"bigg_id":"udcpdp_c","coefficient":-0.000055},{"bigg_id":"thmpp_c","coefficient":-0.000223},{"bigg_id":"arg__L_c","coefficient":-0.295792},{"bigg_id":"4fe4s_c","coefficient":-0.00026},{"bigg_id":"ctp_c","coefficient":-0.133508},{"bigg_id":"mg2_c","coefficient":-0.008675},{"bigg_id":"trp__L_c","coefficient":-0.056843},{"bigg_id":"val__L_c","coefficient":-0.423162},{"bigg_id":"asp__L_c","coefficient":-0.241055},{"bigg_id":"atp_c","coefficient":-54.124831},{"bigg_id":"sheme_c","coefficient":-0.000223},{"bigg_id":"datp_c","coefficient":-0.026166},{"bigg_id":"mn2_c","coefficient":-0.000691},{"bigg_id":"pro__L_c","coefficient":-0.221055},{"bigg_id":"2fe2s_c","coefficient":-0.000026},{"bigg_id":"pe160_c","coefficient":-0.017868},{"bigg_id":"fe2_c","coefficient":-0.006715},{"bigg_id":"ser__L_c","coefficient":-0.215792},{"bigg_id":"dgtp_c","coefficient":-0.027017},{"bigg_id":"coa_c","coefficient":-0.000576},{"bigg_id":"thf_c","coefficient":-0.000223},{"bigg_id":"nad_c","coefficient":-0.001831},{"bigg_id":"thr__L_c","coefficient":-0.253687},{"bigg_id":"ribflv_c","coefficient":-0.000223},{"bigg_id":"gly_c","coefficient":-0.612638},{"bigg_id":"bmocogdp_c","coefficient":-0.000122},{"bigg_id":"leu__L_c","coefficient":-0.450531},{"bigg_id":"lys__L_c","coefficient":-0.343161},{"bigg_id":"ca2_c","coefficient":-0.005205},{"bigg_id":"phe__L_c","coefficient":-0.185265},{"bigg_id":"ala__L_c","coefficient":-0.513689},{"bigg_id":"10fthf_c","coefficient":-0.000223},{"bigg_id":"btn_c","coefficient":-0.000002},{"bigg_id":"met__L_c","coefficient":-0.153686},{"bigg_id":"tyr__L_c","coefficient":-0.137896},{"bigg_id":"amet_c","coefficient":-0.000223},{"bigg_id":"cobalt2_c","coefficient":-0.000025},{"bigg_id":"dttp_c","coefficient":-0.026166},{"bigg_id":"nh4_c","coefficient":-0.013013},{"bigg_id":"gln__L_c","coefficient":-0.26316},{"bigg_id":"cu2_c","coefficient":-0.000709},{"bigg_id":"nadp_c","coefficient":-0.000447},{"bigg_id":"mlthf_c","coefficient":-0.000223},{"bigg_id":"2ohph_c","coefficient":-0.000223},{"bigg_id":"fe3_c","coefficient":-0.007808},{"bigg_id":"his__L_c","coefficient":-0.094738},{"bigg_id":"asn__L_c","coefficient":-0.241055},{"bigg_id":"adp_c","coefficient":53.95},{"bigg_id":"pheme_c","coefficient":-0.000223},{"bigg_id":"dctp_c","coefficient":-0.027017},{"bigg_id":"murein5px4p_p","coefficient":-0.013894},{"bigg_id":"ppi_c","coefficient":0.773903},{"bigg_id":"gtp_c","coefficient":-0.215096},{"bigg_id":"fad_c","coefficient":-0.000223},{"bigg_id":"pe161_c","coefficient":-0.054154},{"bigg_id":"k_c","coefficient":-0.195193},{"bigg_id":"pi_c","coefficient":53.945662},{"bigg_id":"zn2_c","coefficient":-0.000341},{"bigg_id":"kdo2lipid4_e","coefficient":-0.019456},{"bigg_id":"h_c","coefficient":53.95}],"segments":{"0":{"from_node_id":"1","to_node_id":"2","b1":null,"b2":null},"1":{"from_node_id":"3","to_node_id":"2","b1":null,"b2":null},"2":{"from_node_id":"1","to_node_id":"0","b1":{"x":122.56265640258789,"y":-551.2314295768738},"b2":{"x":122.56265640258789,"y":-605.4814295768738}},"3":{"from_node_id":"1","to_node_id":"4","b1":{"x":122.56265640258789,"y":-555.2314295768738},"b2":{"x":716.5626564025879,"y":-80.48142957687378}},"4":{"from_node_id":"1","to_node_id":"5","b1":{"x":122.56265640258789,"y":-555.2314295768738},"b2":{"x":698.5626564025879,"y":-95.48142957687378}},"5":{"from_node_id":"1","to_node_id":"6","b1":{"x":122.56265640258789,"y":-555.2314295768738},"b2":{"x":680.5626564025879,"y":-110.48142957687378}},"6":{"from_node_id":"1","to_node_id":"7","b1":{"x":122.56265640258789,"y":-555.2314295768738},"b2":{"x":662.5626564025879,"y":-125.48142957687378}},"7":{"from_node_id":"1","to_node_id":"8","b1":{"x":122.56265640258789,"y":-555.2314295768738},"b2":{"x":644.5626564025879,"y":-140.48142957687378}},"8":{"from_node_id":"1","to_node_id":"9","b1":{"x":122.56265640258789,"y":-555.2314295768738},"b2":{"x":626.5626564025879,"y":-155.48142957687378}},"9":{"from_node_id":"1","to_node_id":"10","b1":{"x":122.56265640258789,"y":-555.2314295768738},"b2":{"x":608.5626564025879,"y":-170.48142957687378}},"10":{"from_node_id":"1","to_node_id":"11","b1":{"x":122.56265640258789,"y":-555.2314295768738},"b2":{"x":590.5626564025879,"y":-185.48142957687378}},"11":{"from_node_id":"1","to_node_id":"12","b1":{"x":122.56265640258789,"y":-555.2314295768738},"b2":{"x":572.5626564025879,"y":-200.48142957687378}},"12":{"from_node_id":"1","to_node_id":"13","b1":{"x":122.56265640258789,"y":-555.2314295768738},"b2":{"x":554.5626564025879,"y":-215.48142957687378}},"13":{"from_node_id":"1","to_node_id":"14","b1":{"x":122.56265640258789,"y":-555.2314295768738},"b2":{"x":536.5626564025879,"y":-230.48142957687378}},"14":{"from_node_id":"1","to_node_id":"15","b1":{"x":122.56265640258789,"y":-555.2314295768738},"b2":{"x":518.5626564025879,"y":-245.48142957687378}},"15":{"from_node_id":"1","to_node_id":"16","b1":{"x":122.56265640258789,"y":-555.2314295768738},"b2":{"x":500.5626564025879,"y":-260.4814295768738}},"16":{"from_node_id":"1","to_node_id":"17","b1":{"x":122.56265640258789,"y":-555.2314295768738},"b2":{"x":482.5626564025879,"y":-275.4814295768738}},"17":{"from_node_id":"1","to_node_id":"18","b1":{"x":122.56265640258789,"y":-555.2314295768738},"b2":{"x":464.5626564025879,"y":-290.4814295768738}},"18":{"from_node_id":"1","to_node_id":"19","b1":{"x":122.56265640258789,"y":-555.2314295768738},"b2":{"x":446.5626564025879,"y":-305.4814295768738}},"19":{"from_node_id":"1","to_node_id":"20","b1":{"x":122.56265640258789,"y":-555.2314295768738},"b2":{"x":428.5626564025879,"y":-320.4814295768738}},"20":{"from_node_id":"1","to_node_id":"21","b1":{"x":122.56265640258789,"y":-555.2314295768738},"b2":{"x":410.5626564025879,"y":-335.4814295768738}},"21":{"from_node_id":"1","to_node_id":"22","b1":{"x":122.56265640258789,"y":-555.2314295768738},"b2":{"x":392.5626564025879,"y":-350.4814295768738}},"22":{"from_node_id":"1","to_node_id":"23","b1":{"x":122.56265640258789,"y":-555.2314295768738},"b2":{"x":374.5626564025879,"y":-365.4814295768738}},"23":{"from_node_id":"1","to_node_id":"24","b1":{"x":122.56265640258789,"y":-555.2314295768738},"b2":{"x":356.5626564025879,"y":-380.4814295768738}},"24":{"from_node_id":"1","to_node_id":"25","b1":{"x":122.56265640258789,"y":-555.2314295768738},"b2":{"x":338.5626564025879,"y":-395.4814295768738}},"25":{"from_node_id":"1","to_node_id":"26","b1":{"x":122.56265640258789,"y":-555.2314295768738},"b2":{"x":320.5626564025879,"y":-410.4814295768738}},"26":{"from_node_id":"1","to_node_id":"27","b1":{"x":122.56265640258789,"y":-555.2314295768738},"b2":{"x":302.5626564025879,"y":-425.4814295768738}},"27":{"from_node_id":"1","to_node_id":"28","b1":{"x":122.56265640258789,"y":-555.2314295768738},"b2":{"x":284.5626564025879,"y":-440.4814295768738}},"28":{"from_node_id":"1","to_node_id":"29","b1":{"x":122.56265640258789,"y":-555.2314295768738},"b2":{"x":266.5626564025879,"y":-455.4814295768738}},"29":{"from_node_id":"1","to_node_id":"30","b1":{"x":122.56265640258789,"y":-555.2314295768738},"b2":{"x":248.5626564025879,"y":-470.4814295768738}},"30":{"from_node_id":"1","to_node_id":"31","b1":{"x":122.56265640258789,"y":-555.2314295768738},"b2":{"x":230.5626564025879,"y":-485.4814295768738}},"31":{"from_node_id":"1","to_node_id":"32","b1":{"x":122.56265640258789,"y":-555.2314295768738},"b2":{"x":212.5626564025879,"y":-500.4814295768738}},"32":{"from_node_id":"1","to_node_id":"33","b1":{"x":122.56265640258789,"y":-555.2314295768738},"b2":{"x":194.5626564025879,"y":-515.4814295768738}},"33":{"from_node_id":"1","to_node_id":"34","b1":{"x":122.56265640258789,"y":-555.2314295768738},"b2":{"x":176.5626564025879,"y":-530.4814295768738}},"34":{"from_node_id":"1","to_node_id":"35","b1":{"x":122.56265640258789,"y":-555.2314295768738},"b2":{"x":158.5626564025879,"y":-545.4814295768738}},"35":{"from_node_id":"1","to_node_id":"36","b1":{"x":122.56265640258789,"y":-555.2314295768738},"b2":{"x":140.5626564025879,"y":-560.4814295768738}},"36":{"from_node_id":"1","to_node_id":"37","b1":{"x":122.56265640258789,"y":-555.2314295768738},"b2":{"x":104.56265640258789,"y":-560.4814295768738}},"37":{"from_node_id":"1","to_node_id":"38","b1":{"x":122.56265640258789,"y":-555.2314295768738},"b2":{"x":86.56265640258789,"y":-545.4814295768738}},"38":{"from_node_id":"1","to_node_id":"39","b1":{"x":122.56265640258789,"y":-555.2314295768738},"b2":{"x":68.56265640258789,"y":-530.4814295768738}},"39":{"from_node_id":"1","to_node_id":"40","b1":{"x":122.56265640258789,"y":-555.2314295768738},"b2":{"x":50.56265640258789,"y":-515.4814295768738}},"40":{"from_node_id":"1","to_node_id":"41","b1":{"x":122.56265640258789,"y":-555.2314295768738},"b2":{"x":32.56265640258789,"y":-500.4814295768738}},"41":{"from_node_id":"1","to_node_id":"42","b1":{"x":122.56265640258789,"y":-555.2314295768738},"b2":{"x":14.56265640258789,"y":-485.4814295768738}},"42":{"from_node_id":"1","to_node_id":"43","b1":{"x":122.56265640258789,"y":-555.2314295768738},"b2":{"x":-3.4373435974121094,"y":-470.4814295768738}},"43":{"from_node_id":"1","to_node_id":"44","b1":{"x":122.56265640258789,"y":-555.2314295768738},"b2":{"x":-21.43734359741211,"y":-455.4814295768738}},"44":{"from_node_id":"1","to_node_id":"45","b1":{"x":122.56265640258789,"y":-555.2314295768738},"b2":{"x":-39.43734359741211,"y":-440.4814295768738}},"45":{"from_node_id":"1","to_node_id":"46","b1":{"x":122.56265640258789,"y":-555.2314295768738},"b2":{"x":-57.43734359741211,"y":-425.4814295768738}},"46":{"from_node_id":"1","to_node_id":"47","b1":{"x":122.56265640258789,"y":-555.2314295768738},"b2":{"x":-75.43734359741211,"y":-410.4814295768738}},"47":{"from_node_id":"1","to_node_id":"48","b1":{"x":122.56265640258789,"y":-555.2314295768738},"b2":{"x":-93.43734359741211,"y":-395.4814295768738}},"48":{"from_node_id":"1","to_node_id":"49","b1":{"x":122.56265640258789,"y":-555.2314295768738},"b2":{"x":-111.43734359741211,"y":-380.4814295768738}},"49":{"from_node_id":"1","to_node_id":"50","b1":{"x":122.56265640258789,"y":-555.2314295768738},"b2":{"x":-129.4373435974121,"y":-365.4814295768738}},"50":{"from_node_id":"1","to_node_id":"51","b1":{"x":122.56265640258789,"y":-555.2314295768738},"b2":{"x":-147.4373435974121,"y":-350.4814295768738}},"51":{"from_node_id":"1","to_node_id":"52","b1":{"x":122.56265640258789,"y":-555.2314295768738},"b2":{"x":-165.4373435974121,"y":-335.4814295768738}},"52":{"from_node_id":"1","to_node_id":"53","b1":{"x":122.56265640258789,"y":-555.2314295768738},"b2":{"x":-183.4373435974121,"y":-320.4814295768738}},"53":{"from_node_id":"1","to_node_id":"54","b1":{"x":122.56265640258789,"y":-555.2314295768738},"b2":{"x":-201.4373435974121,"y":-305.4814295768738}},"54":{"from_node_id":"1","to_node_id":"55","b1":{"x":122.56265640258789,"y":-555.2314295768738},"b2":{"x":-219.4373435974121,"y":-290.4814295768738}},"55":{"from_node_id":"1","to_node_id":"56","b1":{"x":122.56265640258789,"y":-555.2314295768738},"b2":{"x":-237.4373435974121,"y":-275.4814295768738}},"56":{"from_node_id":"1","to_node_id":"57","b1":{"x":122.56265640258789,"y":-555.2314295768738},"b2":{"x":-255.4373435974121,"y":-260.4814295768738}},"57":{"from_node_id":"1","to_node_id":"58","b1":{"x":122.56265640258789,"y":-555.2314295768738},"b2":{"x":-273.4373435974121,"y":-245.48142957687378}},"58":{"from_node_id":"1","to_node_id":"59","b1":{"x":122.56265640258789,"y":-555.2314295768738},"b2":{"x":-291.4373435974121,"y":-230.48142957687378}},"59":{"from_node_id":"1","to_node_id":"60","b1":{"x":122.56265640258789,"y":-555.2314295768738},"b2":{"x":-309.4373435974121,"y":-215.48142957687378}},"60":{"from_node_id":"1","to_node_id":"61","b1":{"x":122.56265640258789,"y":-555.2314295768738},"b2":{"x":-327.4373435974121,"y":-200.48142957687378}},"61":{"from_node_id":"3","to_node_id":"62","b1":{"x":122.56265640258789,"y":-427.2314295768738},"b2":{"x":122.56265640258789,"y":-372.9814295768738}},"62":{"from_node_id":"1","to_node_id":"63","b1":{"x":122.56265640258789,"y":-555.2314295768738},"b2":{"x":-345.4373435974121,"y":-185.48142957687372}},"63":{"from_node_id":"1","to_node_id":"64","b1":{"x":122.56265640258789,"y":-555.2314295768738},"b2":{"x":-363.4373435974121,"y":-170.48142957687372}},"64":{"from_node_id":"1","to_node_id":"65","b1":{"x":122.56265640258789,"y":-555.2314295768738},"b2":{"x":-381.4373435974121,"y":-155.48142957687372}},"65":{"from_node_id":"3","to_node_id":"66","b1":{"x":122.56265640258789,"y":-423.2314295768738},"b2":{"x":140.5626564025879,"y":-417.9814295768738}},"66":{"from_node_id":"1","to_node_id":"67","b1":{"x":122.56265640258789,"y":-555.2314295768738},"b2":{"x":-399.4373435974121,"y":-140.48142957687378}},"67":{"from_node_id":"1","to_node_id":"68","b1":{"x":122.56265640258789,"y":-555.2314295768738},"b2":{"x":-417.4373435974121,"y":-125.48142957687378}},"68":{"from_node_id":"1","to_node_id":"69","b1":{"x":122.56265640258789,"y":-555.2314295768738},"b2":{"x":-435.4373435974121,"y":-110.48142957687378}},"69":{"from_node_id":"1","to_node_id":"70","b1":{"x":122.56265640258789,"y":-555.2314295768738},"b2":{"x":-453.4373435974121,"y":-95.48142957687378}},"70":{"from_node_id":"3","to_node_id":"71","b1":{"x":122.56265640258789,"y":-423.2314295768738},"b2":{"x":104.56265640258789,"y":-417.9814295768738}},"71":{"from_node_id":"1","to_node_id":"72","b1":{"x":122.56265640258789,"y":-555.2314295768738},"b2":{"x":-471.4373435974121,"y":-80.48142957687378}},"72":{"from_node_id":"1","to_node_id":"73","b1":{"x":122.56265640258789,"y":-555.2314295768738},"b2":{"x":-489.4373435974121,"y":-65.48142957687378}},"73":{"from_node_id":"3","to_node_id":"74","b1":{"x":122.56265640258789,"y":-423.2314295768738},"b2":{"x":86.56265640258789,"y":-432.9814295768738}}}},"1":{"name":"E. coli biomass objective function (iJO1366) - WT - with 53.95 GAM estimate","bigg_id":"BIOMASS_Ec_iJO1366_WT_53p95M","reversibility":false,"label_x":146.39310455322266,"label_y":300.2172164916992,"gene_reaction_rule":"","genes":[],"metabolites":[{"bigg_id":"pydx5p_c","coefficient":-0.000223},{"bigg_id":"cobalt2_c","coefficient":-0.000024},{"bigg_id":"fe3_c","coefficient":-0.007428},{"bigg_id":"mococdp_c","coefficient":-0.000007},{"bigg_id":"hemeO_c","coefficient":-0.000223},{"bigg_id":"ribflv_c","coefficient":-0.000223},{"bigg_id":"spmd_c","coefficient":-0.006744},{"bigg_id":"datp_c","coefficient":-0.024805},{"bigg_id":"ser__L_c","coefficient":-0.209684},{"bigg_id":"thr__L_c","coefficient":-0.246506},{"bigg_id":"murein3px4p_p","coefficient":-0.000605},{"bigg_id":"enter_c","coefficient":-0.000223},{"bigg_id":"ala__L_c","coefficient":-0.499149},{"bigg_id":"2dmmql8_c","coefficient":-0.000223},{"bigg_id":"met__L_c","coefficient":-0.149336},{"bigg_id":"cl_c","coefficient":-0.004952},{"bigg_id":"gln__L_c","coefficient":-0.255712},{"bigg_id":"cu2_c","coefficient":-0.000674},{"bigg_id":"nadp_c","coefficient":-0.000112},{"bigg_id":"his__L_c","coefficient":-0.092056},{"bigg_id":"ppi_c","coefficient":0.749831},{"bigg_id":"murein4px4px4p_p","coefficient":-0.000673},{"bigg_id":"pi_c","coefficient":53.945874},{"bigg_id":"fad_c","coefficient":-0.000223},{"bigg_id":"pg161_p","coefficient":-0.003805},{"bigg_id":"pe161_p","coefficient":-0.024732},{"bigg_id":"ile__L_c","coefficient":-0.282306},{"bigg_id":"ni2_c","coefficient":-0.000307},{"bigg_id":"pg161_c","coefficient":-0.004439},{"bigg_id":"pe161_c","coefficient":-0.009618},{"bigg_id":"ctp_c","coefficient":-0.129799},{"bigg_id":"gthrd_c","coefficient":-0.000223},{"bigg_id":"mg2_c","coefficient":-0.008253},{"bigg_id":"mql8_c","coefficient":-0.000223},{"bigg_id":"val__L_c","coefficient":-0.411184},{"bigg_id":"atp_c","coefficient":-54.119975},{"bigg_id":"mn2_c","coefficient":-0.000658},{"bigg_id":"2fe2s_c","coefficient":-0.000025},{"bigg_id":"so4_c","coefficient":-0.004126},{"bigg_id":"coa_c","coefficient":-0.000168},{"bigg_id":"thf_c","coefficient":-0.000223},{"bigg_id":"accoa_c","coefficient":-0.000279},{"bigg_id":"nadh_c","coefficient":-0.000045},{"bigg_id":"murein4px4p_p","coefficient":-0.005448},{"bigg_id":"10fthf_c","coefficient":-0.000223},{"bigg_id":"5mthf_c","coefficient":-0.000223},{"bigg_id":"amet_c","coefficient":-0.000223},{"bigg_id":"nh4_c","coefficient":-0.012379},{"bigg_id":"lipopb_c","coefficient":-0.000003},{"bigg_id":"btn_c","coefficient":-0.000002},{"bigg_id":"mlthf_c","coefficient":-0.000223},{"bigg_id":"q8h2_c","coefficient":-0.000223},{"bigg_id":"gtp_c","coefficient":-0.209121},{"bigg_id":"colipa_e","coefficient":-0.008151},{"bigg_id":"ptrc_c","coefficient":-0.03327},{"bigg_id":"clpn181_p","coefficient":-0.00118},{"bigg_id":"cys__L_c","coefficient":-0.088988},{"bigg_id":"utp_c","coefficient":-0.140101},{"bigg_id":"mobd_c","coefficient":-0.000007},{"bigg_id":"pg160_p","coefficient":-0.004892},{"bigg_id":"glu__L_c","coefficient":-0.255712},{"bigg_id":"pe160_p","coefficient":-0.031798},{"bigg_id":"4fe4s_c","coefficient":-0.000248},{"bigg_id":"pg160_c","coefficient":-0.005707},{"bigg_id":"pe160_c","coefficient":-0.012366},{"bigg_id":"dttp_c","coefficient":-0.024805},{"bigg_id":"pro__L_c","coefficient":-0.214798},{"bigg_id":"clpn161_p","coefficient":-0.00229},{"bigg_id":"nad_c","coefficient":-0.001787},{"bigg_id":"gly_c","coefficient":-0.595297},{"bigg_id":"ca2_c","coefficient":-0.004952},{"bigg_id":"mocogdp_c","coefficient":-0.000007},{"bigg_id":"phe__L_c","coefficient":-0.180021},{"bigg_id":"tyr__L_c","coefficient":-0.133993},{"bigg_id":"murein4p4p_p","coefficient":-0.005381},{"bigg_id":"murein3p3p_p","coefficient":-0.001345},{"bigg_id":"nadph_c","coefficient":-0.000335},{"bigg_id":"asn__L_c","coefficient":-0.234232},{"bigg_id":"k_c","coefficient":-0.18569},{"bigg_id":"h2o_c","coefficient":-48.752916},{"bigg_id":"fe2_c","coefficient":-0.006388},{"bigg_id":"pe181_p","coefficient":-0.012747},{"bigg_id":"udcpdp_c","coefficient":-0.000055},{"bigg_id":"thmpp_c","coefficient":-0.000223},{"bigg_id":"chor_c","coefficient":-0.000223},{"bigg_id":"arg__L_c","coefficient":-0.28742},{"bigg_id":"h_c","coefficient":53.95},{"bigg_id":"pe181_c","coefficient":-0.004957},{"bigg_id":"trp__L_c","coefficient":-0.055234},{"bigg_id":"malcoa_c","coefficient":-0.000031},{"bigg_id":"clpn160_p","coefficient":-0.002944},{"bigg_id":"dgtp_c","coefficient":-0.025612},{"bigg_id":"adp_c","coefficient":53.95},{"bigg_id":"bmocogdp_c","coefficient":-0.000116},{"bigg_id":"leu__L_c","coefficient":-0.437778},{"bigg_id":"lys__L_c","coefficient":-0.333448},{"bigg_id":"adocbl_c","coefficient":-0.000223},{"bigg_id":"pg181_p","coefficient":-0.001961},{"bigg_id":"glycogen_c","coefficient":-0.154187},{"bigg_id":"pg181_c","coefficient":-0.002288},{"bigg_id":"asp__L_c","coefficient":-0.234232},{"bigg_id":"succoa_c","coefficient":-0.000098},{"bigg_id":"pheme_c","coefficient":-0.000223},{"bigg_id":"dctp_c","coefficient":-0.025612},{"bigg_id":"sheme_c","coefficient":-0.000223},{"bigg_id":"zn2_c","coefficient":-0.000324}],"segments":{"74":{"from_node_id":"76","to_node_id":"77","b1":null,"b2":null},"75":{"from_node_id":"78","to_node_id":"77","b1":null,"b2":null},"76":{"from_node_id":"76","to_node_id":"75","b1":{"x":131.39310455322266,"y":228.21721649169922},"b2":{"x":131.39310455322266,"y":173.96721649169922}},"77":{"from_node_id":"76","to_node_id":"79","b1":{"x":131.39310455322266,"y":224.21721649169922},"b2":{"x":1031.3931045532227,"y":953.9672164916992}},"78":{"from_node_id":"76","to_node_id":"80","b1":{"x":131.39310455322266,"y":224.21721649169922},"b2":{"x":1013.3931045532227,"y":938.9672164916992}},"79":{"from_node_id":"76","to_node_id":"81","b1":{"x":131.39310455322266,"y":224.21721649169922},"b2":{"x":995.3931045532227,"y":923.9672164916992}},"80":{"from_node_id":"76","to_node_id":"82","b1":{"x":131.39310455322266,"y":224.21721649169922},"b2":{"x":977.3931045532227,"y":908.9672164916992}},"81":{"from_node_id":"76","to_node_id":"83","b1":{"x":131.39310455322266,"y":224.21721649169922},"b2":{"x":959.3931045532227,"y":893.9672164916992}},"82":{"from_node_id":"76","to_node_id":"84","b1":{"x":131.39310455322266,"y":224.21721649169922},"b2":{"x":941.3931045532227,"y":878.9672164916992}},"83":{"from_node_id":"76","to_node_id":"85","b1":{"x":131.39310455322266,"y":224.21721649169922},"b2":{"x":923.3931045532227,"y":863.9672164916992}},"84":{"from_node_id":"76","to_node_id":"86","b1":{"x":131.39310455322266,"y":224.21721649169922},"b2":{"x":905.3931045532227,"y":848.9672164916992}},"85":{"from_node_id":"76","to_node_id":"87","b1":{"x":131.39310455322266,"y":224.21721649169922},"b2":{"x":887.3931045532227,"y":833.9672164916992}},"86":{"from_node_id":"76","to_node_id":"88","b1":{"x":131.39310455322266,"y":224.21721649169922},"b2":{"x":869.3931045532227,"y":818.9672164916992}},"87":{"from_node_id":"76","to_node_id":"89","b1":{"x":131.39310455322266,"y":224.21721649169922},"b2":{"x":851.3931045532227,"y":803.9672164916992}},"88":{"from_node_id":"76","to_node_id":"90","b1":{"x":131.39310455322266,"y":224.21721649169922},"b2":{"x":833.3931045532227,"y":788.9672164916992}},"89":{"from_node_id":"76","to_node_id":"91","b1":{"x":131.39310455322266,"y":224.21721649169922},"b2":{"x":815.3931045532227,"y":773.9672164916992}},"90":{"from_node_id":"76","to_node_id":"92","b1":{"x":131.39310455322266,"y":224.21721649169922},"b2":{"x":797.3931045532227,"y":758.9672164916992}},"91":{"from_node_id":"76","to_node_id":"93","b1":{"x":131.39310455322266,"y":224.21721649169922},"b2":{"x":779.3931045532227,"y":743.9672164916992}},"92":{"from_node_id":"76","to_node_id":"94","b1":{"x":131.39310455322266,"y":224.21721649169922},"b2":{"x":761.3931045532227,"y":728.9672164916992}},"93":{"from_node_id":"76","to_node_id":"95","b1":{"x":131.39310455322266,"y":224.21721649169922},"b2":{"x":743.3931045532227,"y":713.9672164916992}},"94":{"from_node_id":"76","to_node_id":"96","b1":{"x":131.39310455322266,"y":224.21721649169922},"b2":{"x":725.3931045532227,"y":698.9672164916992}},"95":{"from_node_id":"76","to_node_id":"97","b1":{"x":131.39310455322266,"y":224.21721649169922},"b2":{"x":707.3931045532227,"y":683.9672164916992}},"96":{"from_node_id":"78","to_node_id":"98","b1":{"x":131.39310455322266,"y":352.2172164916992},"b2":{"x":131.39310455322266,"y":406.4672164916992}},"97":{"from_node_id":"76","to_node_id":"99","b1":{"x":131.39310455322266,"y":224.21721649169922},"b2":{"x":689.3931045532227,"y":668.9672164916992}},"98":{"from_node_id":"78","to_node_id":"100","b1":{"x":131.39310455322266,"y":356.2172164916992},"b2":{"x":149.39310455322266,"y":361.4672164916992}},"99":{"from_node_id":"76","to_node_id":"101","b1":{"x":131.39310455322266,"y":224.21721649169922},"b2":{"x":671.3931045532227,"y":653.9672164916992}},"100":{"from_node_id":"76","to_node_id":"102","b1":{"x":131.39310455322266,"y":224.21721649169922},"b2":{"x":653.3931045532227,"y":638.9672164916992}},"101":{"from_node_id":"76","to_node_id":"103","b1":{"x":131.39310455322266,"y":224.21721649169922},"b2":{"x":635.3931045532227,"y":623.9672164916992}},"102":{"from_node_id":"76","to_node_id":"104","b1":{"x":131.39310455322266,"y":224.21721649169922},"b2":{"x":617.3931045532227,"y":608.9672164916992}},"103":{"from_node_id":"76","to_node_id":"105","b1":{"x":131.39310455322266,"y":224.21721649169922},"b2":{"x":599.3931045532227,"y":593.9672164916992}},"104":{"from_node_id":"76","to_node_id":"106","b1":{"x":131.39310455322266,"y":224.21721649169922},"b2":{"x":581.3931045532227,"y":578.9672164916992}},"105":{"from_node_id":"76","to_node_id":"107","b1":{"x":131.39310455322266,"y":224.21721649169922},"b2":{"x":563.3931045532227,"y":563.9672164916992}},"106":{"from_node_id":"76","to_node_id":"108","b1":{"x":131.39310455322266,"y":224.21721649169922},"b2":{"x":545.3931045532227,"y":548.9672164916992}},"107":{"from_node_id":"76","to_node_id":"109","b1":{"x":131.39310455322266,"y":224.21721649169922},"b2":{"x":527.3931045532227,"y":533.9672164916992}},"108":{"from_node_id":"76","to_node_id":"110","b1":{"x":131.39310455322266,"y":224.21721649169922},"b2":{"x":509.39310455322266,"y":518.9672164916992}},"109":{"from_node_id":"76","to_node_id":"111","b1":{"x":131.39310455322266,"y":224.21721649169922},"b2":{"x":491.39310455322266,"y":503.9672164916992}},"110":{"from_node_id":"76","to_node_id":"112","b1":{"x":131.39310455322266,"y":224.21721649169922},"b2":{"x":473.39310455322266,"y":488.9672164916992}},"111":{"from_node_id":"76","to_node_id":"113","b1":{"x":131.39310455322266,"y":224.21721649169922},"b2":{"x":455.39310455322266,"y":473.9672164916992}},"112":{"from_node_id":"76","to_node_id":"114","b1":{"x":131.39310455322266,"y":224.21721649169922},"b2":{"x":437.39310455322266,"y":458.9672164916992}},"113":{"from_node_id":"76","to_node_id":"115","b1":{"x":131.39310455322266,"y":224.21721649169922},"b2":{"x":419.39310455322266,"y":443.9672164916992}},"114":{"from_node_id":"76","to_node_id":"116","b1":{"x":131.39310455322266,"y":224.21721649169922},"b2":{"x":401.39310455322266,"y":428.9672164916992}},"115":{"from_node_id":"76","to_node_id":"117","b1":{"x":131.39310455322266,"y":224.21721649169922},"b2":{"x":383.39310455322266,"y":413.9672164916992}},"116":{"from_node_id":"76","to_node_id":"118","b1":{"x":131.39310455322266,"y":224.21721649169922},"b2":{"x":365.39310455322266,"y":398.9672164916992}},"117":{"from_node_id":"76","to_node_id":"119","b1":{"x":131.39310455322266,"y":224.21721649169922},"b2":{"x":347.39310455322266,"y":383.9672164916992}},"118":{"from_node_id":"76","to_node_id":"120","b1":{"x":131.39310455322266,"y":224.21721649169922},"b2":{"x":329.39310455322266,"y":368.9672164916992}},"119":{"from_node_id":"76","to_node_id":"121","b1":{"x":131.39310455322266,"y":224.21721649169922},"b2":{"x":311.39310455322266,"y":353.9672164916992}},"120":{"from_node_id":"76","to_node_id":"122","b1":{"x":131.39310455322266,"y":224.21721649169922},"b2":{"x":293.39310455322266,"y":338.9672164916992}},"121":{"from_node_id":"76","to_node_id":"123","b1":{"x":131.39310455322266,"y":224.21721649169922},"b2":{"x":275.39310455322266,"y":323.9672164916992}},"122":{"from_node_id":"76","to_node_id":"124","b1":{"x":131.39310455322266,"y":224.21721649169922},"b2":{"x":257.39310455322266,"y":308.9672164916992}},"123":{"from_node_id":"76","to_node_id":"125","b1":{"x":131.39310455322266,"y":224.21721649169922},"b2":{"x":239.39310455322266,"y":293.9672164916992}},"124":{"from_node_id":"76","to_node_id":"126","b1":{"x":131.39310455322266,"y":224.21721649169922},"b2":{"x":221.39310455322266,"y":278.9672164916992}},"125":{"from_node_id":"76","to_node_id":"127","b1":{"x":131.39310455322266,"y":224.21721649169922},"b2":{"x":203.39310455322266,"y":263.9672164916992}},"126":{"from_node_id":"76","to_node_id":"128","b1":{"x":131.39310455322266,"y":224.21721649169922},"b2":{"x":185.39310455322266,"y":248.96721649169922}},"127":{"from_node_id":"76","to_node_id":"129","b1":{"x":131.39310455322266,"y":224.21721649169922},"b2":{"x":167.39310455322266,"y":233.96721649169922}},"128":{"from_node_id":"76","to_node_id":"130","b1":{"x":131.39310455322266,"y":224.21721649169922},"b2":{"x":149.39310455322266,"y":218.96721649169922}},"129":{"from_node_id":"76","to_node_id":"131","b1":{"x":131.39310455322266,"y":224.21721649169922},"b2":{"x":113.39310455322266,"y":218.96721649169922}},"130":{"from_node_id":"76","to_node_id":"132","b1":{"x":131.39310455322266,"y":224.21721649169922},"b2":{"x":95.39310455322266,"y":233.96721649169922}},"131":{"from_node_id":"76","to_node_id":"133","b1":{"x":131.39310455322266,"y":224.21721649169922},"b2":{"x":77.39310455322266,"y":248.96721649169922}},"132":{"from_node_id":"76","to_node_id":"134","b1":{"x":131.39310455322266,"y":224.21721649169922},"b2":{"x":59.393104553222656,"y":263.9672164916992}},"133":{"from_node_id":"76","to_node_id":"135","b1":{"x":131.39310455322266,"y":224.21721649169922},"b2":{"x":41.393104553222656,"y":278.9672164916992}},"134":{"from_node_id":"76","to_node_id":"136","b1":{"x":131.39310455322266,"y":224.21721649169922},"b2":{"x":23.393104553222656,"y":293.9672164916992}},"135":{"from_node_id":"76","to_node_id":"137","b1":{"x":131.39310455322266,"y":224.21721649169922},"b2":{"x":5.393104553222656,"y":308.9672164916992}},"136":{"from_node_id":"76","to_node_id":"138","b1":{"x":131.39310455322266,"y":224.21721649169922},"b2":{"x":-12.606895446777344,"y":323.9672164916992}},"137":{"from_node_id":"76","to_node_id":"139","b1":{"x":131.39310455322266,"y":224.21721649169922},"b2":{"x":-30.606895446777344,"y":338.9672164916992}},"138":{"from_node_id":"76","to_node_id":"140","b1":{"x":131.39310455322266,"y":224.21721649169922},"b2":{"x":-48.606895446777344,"y":353.9672164916992}},"139":{"from_node_id":"76","to_node_id":"141","b1":{"x":131.39310455322266,"y":224.21721649169922},"b2":{"x":-66.60689544677734,"y":368.9672164916992}},"140":{"from_node_id":"76","to_node_id":"142","b1":{"x":131.39310455322266,"y":224.21721649169922},"b2":{"x":-84.60689544677734,"y":383.9672164916992}},"141":{"from_node_id":"76","to_node_id":"143","b1":{"x":131.39310455322266,"y":224.21721649169922},"b2":{"x":-102.60689544677734,"y":398.9672164916992}},"142":{"from_node_id":"76","to_node_id":"144","b1":{"x":131.39310455322266,"y":224.21721649169922},"b2":{"x":-120.60689544677734,"y":413.9672164916992}},"143":{"from_node_id":"76","to_node_id":"145","b1":{"x":131.39310455322266,"y":224.21721649169922},"b2":{"x":-138.60689544677734,"y":428.9672164916992}},"144":{"from_node_id":"76","to_node_id":"146","b1":{"x":131.39310455322266,"y":224.21721649169922},"b2":{"x":-156.60689544677734,"y":443.9672164916992}},"145":{"from_node_id":"76","to_node_id":"147","b1":{"x":131.39310455322266,"y":224.21721649169922},"b2":{"x":-174.60689544677734,"y":458.9672164916992}},"146":{"from_node_id":"76","to_node_id":"148","b1":{"x":131.39310455322266,"y":224.21721649169922},"b2":{"x":-192.60689544677734,"y":473.9672164916992}},"147":{"from_node_id":"76","to_node_id":"149","b1":{"x":131.39310455322266,"y":224.21721649169922},"b2":{"x":-210.60689544677734,"y":488.9672164916992}},"148":{"from_node_id":"76","to_node_id":"150","b1":{"x":131.39310455322266,"y":224.21721649169922},"b2":{"x":-228.60689544677734,"y":503.9672164916992}},"149":{"from_node_id":"76","to_node_id":"151","b1":{"x":131.39310455322266,"y":224.21721649169922},"b2":{"x":-246.60689544677734,"y":518.9672164916992}},"150":{"from_node_id":"76","to_node_id":"152","b1":{"x":131.39310455322266,"y":224.21721649169922},"b2":{"x":-264.60689544677734,"y":533.9672164916992}},"151":{"from_node_id":"76","to_node_id":"153","b1":{"x":131.39310455322266,"y":224.21721649169922},"b2":{"x":-282.60689544677734,"y":548.9672164916992}},"152":{"from_node_id":"76","to_node_id":"154","b1":{"x":131.39310455322266,"y":224.21721649169922},"b2":{"x":-300.60689544677734,"y":563.9672164916992}},"153":{"from_node_id":"76","to_node_id":"155","b1":{"x":131.39310455322266,"y":224.21721649169922},"b2":{"x":-318.60689544677734,"y":578.9672164916992}},"154":{"from_node_id":"76","to_node_id":"156","b1":{"x":131.39310455322266,"y":224.21721649169922},"b2":{"x":-336.60689544677734,"y":593.9672164916992}},"155":{"from_node_id":"76","to_node_id":"157","b1":{"x":131.39310455322266,"y":224.21721649169922},"b2":{"x":-354.60689544677734,"y":608.9672164916992}},"156":{"from_node_id":"76","to_node_id":"158","b1":{"x":131.39310455322266,"y":224.21721649169922},"b2":{"x":-372.60689544677734,"y":623.9672164916992}},"157":{"from_node_id":"76","to_node_id":"159","b1":{"x":131.39310455322266,"y":224.21721649169922},"b2":{"x":-390.60689544677734,"y":638.9672164916992}},"158":{"from_node_id":"76","to_node_id":"160","b1":{"x":131.39310455322266,"y":224.21721649169922},"b2":{"x":-408.60689544677734,"y":653.9672164916992}},"159":{"from_node_id":"76","to_node_id":"161","b1":{"x":131.39310455322266,"y":224.21721649169922},"b2":{"x":-426.60689544677734,"y":668.9672164916992}},"160":{"from_node_id":"76","to_node_id":"162","b1":{"x":131.39310455322266,"y":224.21721649169922},"b2":{"x":-444.60689544677734,"y":683.9672164916992}},"161":{"from_node_id":"76","to_node_id":"163","b1":{"x":131.39310455322266,"y":224.21721649169922},"b2":{"x":-462.60689544677734,"y":698.9672164916992}},"162":{"from_node_id":"78","to_node_id":"164","b1":{"x":131.39310455322266,"y":356.2172164916992},"b2":{"x":113.39310455322266,"y":361.4672164916992}},"163":{"from_node_id":"76","to_node_id":"165","b1":{"x":131.39310455322266,"y":224.21721649169922},"b2":{"x":-480.60689544677734,"y":713.9672164916992}},"164":{"from_node_id":"76","to_node_id":"166","b1":{"x":131.39310455322266,"y":224.21721649169922},"b2":{"x":-498.60689544677734,"y":728.9672164916992}},"165":{"from_node_id":"76","to_node_id":"167","b1":{"x":131.39310455322266,"y":224.21721649169922},"b2":{"x":-516.6068954467773,"y":743.9672164916992}},"166":{"from_node_id":"76","to_node_id":"168","b1":{"x":131.39310455322266,"y":224.21721649169922},"b2":{"x":-534.6068954467773,"y":758.9672164916992}},"167":{"from_node_id":"76","to_node_id":"169","b1":{"x":131.39310455322266,"y":224.21721649169922},"b2":{"x":-552.6068954467773,"y":773.9672164916992}},"168":{"from_node_id":"78","to_node_id":"170","b1":{"x":131.39310455322266,"y":356.2172164916992},"b2":{"x":95.39310455322266,"y":346.4672164916992}},"169":{"from_node_id":"76","to_node_id":"171","b1":{"x":131.39310455322266,"y":224.21721649169922},"b2":{"x":-570.6068954467773,"y":788.9672164916992}},"170":{"from_node_id":"76","to_node_id":"172","b1":{"x":131.39310455322266,"y":224.21721649169922},"b2":{"x":-588.6068954467773,"y":803.9672164916992}},"171":{"from_node_id":"76","to_node_id":"173","b1":{"x":131.39310455322266,"y":224.21721649169922},"b2":{"x":-606.6068954467773,"y":818.9672164916992}},"172":{"from_node_id":"76","to_node_id":"174","b1":{"x":131.39310455322266,"y":224.21721649169922},"b2":{"x":-624.6068954467773,"y":833.9672164916992}},"173":{"from_node_id":"76","to_node_id":"175","b1":{"x":131.39310455322266,"y":224.21721649169922},"b2":{"x":-642.6068954467773,"y":848.9672164916992}},"174":{"from_node_id":"76","to_node_id":"176","b1":{"x":131.39310455322266,"y":224.21721649169922},"b2":{"x":-660.6068954467773,"y":863.9672164916992}},"175":{"from_node_id":"76","to_node_id":"177","b1":{"x":131.39310455322266,"y":224.21721649169922},"b2":{"x":-678.6068954467773,"y":878.9672164916992}},"176":{"from_node_id":"76","to_node_id":"178","b1":{"x":131.39310455322266,"y":224.21721649169922},"b2":{"x":-696.6068954467773,"y":893.9672164916992}},"177":{"from_node_id":"76","to_node_id":"179","b1":{"x":131.39310455322266,"y":224.21721649169922},"b2":{"x":-714.6068954467773,"y":908.9672164916992}},"178":{"from_node_id":"76","to_node_id":"180","b1":{"x":131.39310455322266,"y":224.21721649169922},"b2":{"x":-732.6068954467773,"y":923.9672164916992}},"179":{"from_node_id":"76","to_node_id":"181","b1":{"x":131.39310455322266,"y":224.21721649169922},"b2":{"x":-750.6068954467773,"y":938.9672164916992}},"180":{"from_node_id":"76","to_node_id":"182","b1":{"x":131.39310455322266,"y":224.21721649169922},"b2":{"x":-768.6068954467773,"y":953.9672164916992}},"181":{"from_node_id":"76","to_node_id":"183","b1":{"x":131.39310455322266,"y":224.21721649169922},"b2":{"x":-786.6068954467773,"y":968.9672164916992}}}},"2":{"name":"ATP maintenance requirement","bigg_id":"ATPM","reversibility":false,"label_x":-38.20462703704834,"label_y":1237.6051025390625,"gene_reaction_rule":"","genes":[],"metabolites":[{"bigg_id":"h2o_c","coefficient":-1},{"bigg_id":"pi_c","coefficient":1},{"bigg_id":"atp_c","coefficient":-1},{"bigg_id":"adp_c","coefficient":1},{"bigg_id":"h_c","coefficient":1}],"segments":{"182":{"from_node_id":"185","to_node_id":"186","b1":null,"b2":null},"183":{"from_node_id":"187","to_node_id":"186","b1":null,"b2":null},"184":{"from_node_id":"185","to_node_id":"184","b1":{"x":-53.20462703704834,"y":1165.6051025390625},"b2":{"x":-53.20462703704834,"y":1111.3551025390625}},"185":{"from_node_id":"187","to_node_id":"188","b1":{"x":-53.20462703704834,"y":1289.6051025390625},"b2":{"x":-53.20462703704834,"y":1343.8551025390625}},"186":{"from_node_id":"185","to_node_id":"189","b1":{"x":-53.20462703704834,"y":1161.6051025390625},"b2":{"x":-71.20462703704834,"y":1156.3551025390625}},"187":{"from_node_id":"187","to_node_id":"190","b1":{"x":-53.20462703704834,"y":1293.6051025390625},"b2":{"x":-35.20462703704834,"y":1298.8551025390625}},"188":{"from_node_id":"187","to_node_id":"191","b1":{"x":-53.20462703704834,"y":1293.6051025390625},"b2":{"x":-71.20462703704834,"y":1298.8551025390625}}}},"3":{"name":"Nucleoside-triphosphatase (ATP)","bigg_id":"NTP1","reversibility":false,"label_x":425.5794486999512,"label_y":1232.212158203125,"gene_reaction_rule":"b0650 or b4161","genes":[{"notes":{"original_bigg_ids":["b0650"]},"name":"hscC","bigg_id":"b0650"},{"notes":{"original_bigg_ids":["b4161"]},"name":"rsgA","bigg_id":"b4161"}],"metabolites":[{"bigg_id":"h2o_c","coefficient":-1},{"bigg_id":"pi_c","coefficient":1},{"bigg_id":"h_c","coefficient":1},{"bigg_id":"atp_c","coefficient":-1},{"bigg_id":"adp_c","coefficient":1}],"segments":{"189":{"from_node_id":"193","to_node_id":"194","b1":null,"b2":null},"190":{"from_node_id":"195","to_node_id":"194","b1":null,"b2":null},"191":{"from_node_id":"193","to_node_id":"192","b1":{"x":410.5794486999512,"y":1160.212158203125},"b2":{"x":410.5794486999512,"y":1105.962158203125}},"192":{"from_node_id":"195","to_node_id":"196","b1":{"x":410.5794486999512,"y":1284.212158203125},"b2":{"x":410.5794486999512,"y":1338.462158203125}},"193":{"from_node_id":"195","to_node_id":"197","b1":{"x":410.5794486999512,"y":1288.212158203125},"b2":{"x":428.5794486999512,"y":1293.462158203125}},"194":{"from_node_id":"193","to_node_id":"198","b1":{"x":410.5794486999512,"y":1156.212158203125},"b2":{"x":392.5794486999512,"y":1150.962158203125}},"195":{"from_node_id":"195","to_node_id":"199","b1":{"x":410.5794486999512,"y":1288.212158203125},"b2":{"x":392.5794486999512,"y":1293.462158203125}}}}},"nodes":{"0":{"node_type":"metabolite","x":122.56265640258789,"y":-664.2314295768738,"bigg_id":"cys__L_c","name":"L-Cysteine","label_x":147.5626564025879,"label_y":-664.2314295768738,"node_is_primary":false},"1":{"node_type":"multimarker","x":122.56265640258789,"y":-509.2314295768738},"2":{"node_type":"midmarker","x":122.56265640258789,"y":-489.2314295768738},"3":{"node_type":"multimarker","x":122.56265640258789,"y":-469.2314295768738},"4":{"node_type":"metabolite","x":2762.562656402588,"y":45.76857042312622,"bigg_id":"utp_c","name":"UTP","label_x":2777.562656402588,"label_y":45.76857042312622,"node_is_primary":false},"5":{"node_type":"metabolite","x":2682.562656402588,"y":25.76857042312622,"bigg_id":"pydx5p_c","name":"Pyridoxal 5'-phosphate","label_x":2697.562656402588,"label_y":25.76857042312622,"node_is_primary":false},"6":{"node_type":"metabolite","x":2602.562656402588,"y":5.768570423126221,"bigg_id":"mobd_c","name":"Molybdate","label_x":2617.562656402588,"label_y":5.768570423126221,"node_is_primary":false},"7":{"node_type":"metabolite","x":2522.562656402588,"y":-14.23142957687378,"bigg_id":"pe161_p","name":"Phosphatidylethanolamine (dihexadec-9enoyl, n-C16:1)","label_x":2537.562656402588,"label_y":-14.23142957687378,"node_is_primary":false},"8":{"node_type":"metabolite","x":2442.562656402588,"y":-34.23142957687378,"bigg_id":"ile__L_c","name":"L-Isoleucine","label_x":2457.562656402588,"label_y":-34.23142957687378,"node_is_primary":false},"9":{"node_type":"metabolite","x":2362.562656402588,"y":-54.23142957687378,"bigg_id":"so4_c","name":"Sulfate","label_x":2377.562656402588,"label_y":-54.23142957687378,"node_is_primary":false},"10":{"node_type":"metabolite","x":2282.562656402588,"y":-74.23142957687378,"bigg_id":"glu__L_c","name":"L-Glutamate","label_x":2297.562656402588,"label_y":-74.23142957687378,"node_is_primary":false},"11":{"node_type":"metabolite","x":2202.562656402588,"y":-94.23142957687378,"bigg_id":"cl_c","name":"Chloride","label_x":2217.562656402588,"label_y":-94.23142957687378,"node_is_primary":false},"12":{"node_type":"metabolite","x":2122.562656402588,"y":-114.23142957687378,"bigg_id":"ni2_c","name":"Nickel","label_x":2137.562656402588,"label_y":-114.23142957687378,"node_is_primary":false},"13":{"node_type":"metabolite","x":2042.562656402588,"y":-134.23142957687378,"bigg_id":"h2o_c","name":"H2O","label_x":2057.562656402588,"label_y":-134.23142957687378,"node_is_primary":false},"14":{"node_type":"metabolite","x":1962.562656402588,"y":-154.23142957687378,"bigg_id":"pe160_p","name":"Phosphatidylethanolamine (dihexadecanoyl, n-C16:0)","label_x":1977.562656402588,"label_y":-154.23142957687378,"node_is_primary":false},"15":{"node_type":"metabolite","x":1882.562656402588,"y":-174.23142957687378,"bigg_id":"udcpdp_c","name":"Undecaprenyl diphosphate","label_x":1897.562656402588,"label_y":-174.23142957687378,"node_is_primary":false},"16":{"node_type":"metabolite","x":1802.562656402588,"y":-194.23142957687378,"bigg_id":"thmpp_c","name":"Thiamine diphosphate","label_x":1817.562656402588,"label_y":-194.23142957687378,"node_is_primary":false},"17":{"node_type":"metabolite","x":1722.562656402588,"y":-214.23142957687378,"bigg_id":"arg__L_c","name":"L-Arginine","label_x":1737.562656402588,"label_y":-214.23142957687378,"node_is_primary":false},"18":{"node_type":"metabolite","x":1642.562656402588,"y":-234.23142957687378,"bigg_id":"4fe4s_c","name":"[4Fe-4S] iron-sulfur cluster","label_x":1657.562656402588,"label_y":-234.23142957687378,"node_is_primary":false},"19":{"node_type":"metabolite","x":1562.562656402588,"y":-254.23142957687378,"bigg_id":"ctp_c","name":"CTP","label_x":1577.562656402588,"label_y":-254.23142957687378,"node_is_primary":false},"20":{"node_type":"metabolite","x":1482.562656402588,"y":-274.2314295768738,"bigg_id":"mg2_c","name":"Magnesium","label_x":1497.562656402588,"label_y":-274.2314295768738,"node_is_primary":false},"21":{"node_type":"metabolite","x":1402.562656402588,"y":-294.2314295768738,"bigg_id":"trp__L_c","name":"L-Tryptophan","label_x":1417.562656402588,"label_y":-294.2314295768738,"node_is_primary":false},"22":{"node_type":"metabolite","x":1322.562656402588,"y":-314.2314295768738,"bigg_id":"val__L_c","name":"L-Valine","label_x":1337.562656402588,"label_y":-314.2314295768738,"node_is_primary":false},"23":{"node_type":"metabolite","x":1242.562656402588,"y":-334.2314295768738,"bigg_id":"asp__L_c","name":"L-Aspartate","label_x":1257.562656402588,"label_y":-334.2314295768738,"node_is_primary":false},"24":{"node_type":"metabolite","x":1162.562656402588,"y":-354.2314295768738,"bigg_id":"atp_c","name":"ATP","label_x":1177.562656402588,"label_y":-354.2314295768738,"node_is_primary":false},"25":{"node_type":"metabolite","x":1082.562656402588,"y":-374.2314295768738,"bigg_id":"sheme_c","name":"Siroheme","label_x":1097.562656402588,"label_y":-374.2314295768738,"node_is_primary":false},"26":{"node_type":"metabolite","x":1002.5626564025879,"y":-394.2314295768738,"bigg_id":"datp_c","name":"DATP","label_x":1017.5626564025879,"label_y":-394.2314295768738,"node_is_primary":false},"27":{"node_type":"metabolite","x":922.5626564025879,"y":-414.2314295768738,"bigg_id":"mn2_c","name":"Mn2+","label_x":937.5626564025879,"label_y":-414.2314295768738,"node_is_primary":false},"28":{"node_type":"metabolite","x":842.5626564025879,"y":-434.2314295768738,"bigg_id":"pro__L_c","name":"L-Proline","label_x":857.5626564025879,"label_y":-434.2314295768738,"node_is_primary":false},"29":{"node_type":"metabolite","x":762.5626564025879,"y":-454.2314295768738,"bigg_id":"2fe2s_c","name":"[2Fe-2S] iron-sulfur cluster","label_x":777.5626564025879,"label_y":-454.2314295768738,"node_is_primary":false},"30":{"node_type":"metabolite","x":682.5626564025879,"y":-474.2314295768738,"bigg_id":"pe160_c","name":"Phosphatidylethanolamine (dihexadecanoyl, n-C16:0)","label_x":697.5626564025879,"label_y":-474.2314295768738,"node_is_primary":false},"31":{"node_type":"metabolite","x":602.5626564025879,"y":-494.2314295768738,"bigg_id":"fe2_c","name":"Fe2+","label_x":617.5626564025879,"label_y":-494.2314295768738,"node_is_primary":false},"32":{"node_type":"metabolite","x":522.5626564025879,"y":-514.2314295768738,"bigg_id":"ser__L_c","name":"L-Serine","label_x":537.5626564025879,"label_y":-514.2314295768738,"node_is_primary":false},"33":{"node_type":"metabolite","x":442.5626564025879,"y":-534.2314295768738,"bigg_id":"dgtp_c","name":"DGTP","label_x":457.5626564025879,"label_y":-534.2314295768738,"node_is_primary":false},"34":{"node_type":"metabolite","x":362.5626564025879,"y":-554.2314295768738,"bigg_id":"coa_c","name":"Coenzyme A","label_x":377.5626564025879,"label_y":-554.2314295768738,"node_is_primary":false},"35":{"node_type":"metabolite","x":282.5626564025879,"y":-574.2314295768738,"bigg_id":"thf_c","name":"5,6,7,8-Tetrahydrofolate","label_x":297.5626564025879,"label_y":-574.2314295768738,"node_is_primary":false},"36":{"node_type":"metabolite","x":202.5626564025879,"y":-594.2314295768738,"bigg_id":"nad_c","name":"Nicotinamide adenine dinucleotide","label_x":217.5626564025879,"label_y":-594.2314295768738,"node_is_primary":false},"37":{"node_type":"metabolite","x":42.56265640258789,"y":-594.2314295768738,"bigg_id":"thr__L_c","name":"L-Threonine","label_x":-54.31379318237305,"label_y":-597.1038813591003,"node_is_primary":false},"38":{"node_type":"metabolite","x":-37.43734359741211,"y":-574.2314295768738,"bigg_id":"ribflv_c","name":"Riboflavin","label_x":-122.76401901245117,"label_y":-570.8847727775574,"node_is_primary":false},"39":{"node_type":"metabolite","x":-117.43734359741211,"y":-554.2314295768738,"bigg_id":"gly_c","name":"Glycine","label_x":-187.31377792358398,"label_y":-551.7732081413269,"node_is_primary":false},"40":{"node_type":"metabolite","x":-197.4373435974121,"y":-534.2314295768738,"bigg_id":"bmocogdp_c","name":"Bis-molybdopterin guanine dinucleotide","label_x":-336.30178451538086,"label_y":-530.8847727775574,"node_is_primary":false},"41":{"node_type":"metabolite","x":-277.4373435974121,"y":-514.2314295768738,"bigg_id":"leu__L_c","name":"L-Leucine","label_x":-379.6444664001465,"label_y":-509.1078791618347,"node_is_primary":false},"42":{"node_type":"metabolite","x":-357.4373435974121,"y":-494.2314295768738,"bigg_id":"lys__L_c","name":"L-Lysine","label_x":-458.7560386657715,"label_y":-489.1078791618347,"node_is_primary":false},"43":{"node_type":"metabolite","x":-437.4373435974121,"y":-474.2314295768738,"bigg_id":"ca2_c","name":"Calcium","label_x":-509.0906639099121,"label_y":-469.10786390304565,"node_is_primary":false},"44":{"node_type":"metabolite","x":-517.4373435974121,"y":-454.2314295768738,"bigg_id":"phe__L_c","name":"L-Phenylalanine","label_x":-624.0866966247559,"label_y":-452.66165113449097,"node_is_primary":false},"45":{"node_type":"metabolite","x":-597.4373435974121,"y":-434.2314295768737,"bigg_id":"ala__L_c","name":"L-Alanine","label_x":-699.6444358825684,"label_y":-429.9963221549987,"node_is_primary":false},"46":{"node_type":"metabolite","x":-677.4373435974121,"y":-414.2314295768738,"bigg_id":"10fthf_c","name":"10-Formyltetrahydrofolate","label_x":-769.8715476989746,"label_y":-409.99633741378784,"node_is_primary":false},"47":{"node_type":"metabolite","x":-757.4373435974121,"y":-394.2314295768738,"bigg_id":"btn_c","name":"Biotin","label_x":-828.2022361755371,"label_y":-388.21943616867065,"node_is_primary":false},"48":{"node_type":"metabolite","x":-837.4373435974121,"y":-374.2314295768738,"bigg_id":"met__L_c","name":"L-Methionine","label_x":-944.0866966247559,"label_y":-369.10786390304565,"node_is_primary":false},"49":{"node_type":"metabolite","x":-917.4373435974121,"y":-354.2314295768738,"bigg_id":"tyr__L_c","name":"L-Tyrosine","label_x":-1017.8675193786621,"label_y":-350.8847804069519,"node_is_primary":false},"50":{"node_type":"metabolite","x":-997.4373435974121,"y":-334.2314295768738,"bigg_id":"amet_c","name":"S-Adenosyl-L-methionine","label_x":-1083.4213523864746,"label_y":-328.21943616867065,"node_is_primary":false},"51":{"node_type":"metabolite","x":-1077.437343597412,"y":-314.2314295768738,"bigg_id":"cobalt2_c","name":"Co2+","label_x":-1185.090663909912,"label_y":-309.10786390304565,"node_is_primary":false},"52":{"node_type":"metabolite","x":-1157.437343597412,"y":-294.2314295768738,"bigg_id":"dttp_c","name":"DTTP","label_x":-1233.648525238037,"label_y":-289.9963221549988,"node_is_primary":false},"53":{"node_type":"metabolite","x":-1237.437343597412,"y":-274.2314295768738,"bigg_id":"nh4_c","name":"Ammonium","label_x":-1310.867519378662,"label_y":-269.1078944206238,"node_is_primary":false},"54":{"node_type":"metabolite","x":-1317.437343597412,"y":-254.23142957687378,"bigg_id":"gln__L_c","name":"L-Glutamine","label_x":-1416.979091644287,"label_y":-249.99632215499878,"node_is_primary":false},"55":{"node_type":"metabolite","x":-1397.437343597412,"y":-234.23142957687378,"bigg_id":"cu2_c","name":"Cu2+","label_x":-1470.867519378662,"label_y":-229.99632215499878,"node_is_primary":false},"56":{"node_type":"metabolite","x":-1477.437343597412,"y":-214.23142957687378,"bigg_id":"nadp_c","name":"Nicotinamide adenine dinucleotide phosphate","label_x":-1565.198329925537,"label_y":-209.99632215499878,"node_is_primary":false},"57":{"node_type":"metabolite","x":-1557.437343597412,"y":-194.23142957687378,"bigg_id":"mlthf_c","name":"5,10-Methylenetetrahydrofolate","label_x":-1642.648525238037,"label_y":-191.7732081413269,"node_is_primary":false},"58":{"node_type":"metabolite","x":-1637.437343597412,"y":-174.23142957687378,"bigg_id":"2ohph_c","name":"2-Octaprenyl-6-hydroxyphenol","label_x":-1734.1982078552246,"label_y":-171.7732081413269,"node_is_primary":false},"59":{"node_type":"metabolite","x":-1717.437343597412,"y":-154.23142957687378,"bigg_id":"fe3_c","name":"Fe3+","label_x":-1783.7599754333496,"label_y":-149.9963526725769,"node_is_primary":false},"60":{"node_type":"metabolite","x":-1797.437343597412,"y":-134.23142957687378,"bigg_id":"his__L_c","name":"L-Histidine","label_x":-1900.5329246520996,"label_y":-131.77317762374878,"node_is_primary":false},"61":{"node_type":"metabolite","x":-1877.437343597412,"y":-114.23142957687378,"bigg_id":"asn__L_c","name":"L-Asparagine","label_x":-1987.640468597412,"label_y":-109.10789442062378,"node_is_primary":false},"62":{"node_type":"metabolite","x":122.56265640258789,"y":-314.2314295768738,"bigg_id":"adp_c","name":"ADP","label_x":147.5626564025879,"label_y":-314.2314295768738,"node_is_primary":false},"63":{"node_type":"metabolite","x":-1957.437343597412,"y":-94.23142957687378,"bigg_id":"pheme_c","name":"Protoheme","label_x":-2062.194179534912,"label_y":-88.21940565109253,"node_is_primary":false},"64":{"node_type":"metabolite","x":-2037.437343597412,"y":-74.23142957687378,"bigg_id":"dctp_c","name":"DCTP","label_x":-2120.755947113037,"label_y":-69.10783338546753,"node_is_primary":false},"65":{"node_type":"metabolite","x":-2117.437343597412,"y":-54.23142957687378,"bigg_id":"murein5px4p_p","name":"Two disacharide linked murein units, pentapeptide crosslinked tetrapeptide (A2pm->D-ala) (middle of chain)","label_x":-2278.859462738037,"label_y":-49.99632215499878,"node_is_primary":false},"66":{"node_type":"metabolite","x":202.5626564025879,"y":-384.2314295768738,"bigg_id":"ppi_c","name":"Diphosphate","label_x":217.5626564025879,"label_y":-384.2314295768738,"node_is_primary":false},"67":{"node_type":"metabolite","x":-2197.437343597412,"y":-34.23142957687378,"bigg_id":"gtp_c","name":"GTP","label_x":-2265.536708831787,"label_y":-27.33097791671753,"node_is_primary":false},"68":{"node_type":"metabolite","x":-2277.437343597412,"y":-14.23142957687378,"bigg_id":"fad_c","name":"Flavin adenine dinucleotide oxidized","label_x":-2347.313808441162,"label_y":-10.88474988937378,"node_is_primary":false},"69":{"node_type":"metabolite","x":-2357.437343597412,"y":5.768570423126221,"bigg_id":"pe161_c","name":"Phosphatidylethanolamine (dihexadec-9enoyl, n-C16:1)","label_x":-2449.755947113037,"label_y":9.11525011062622,"node_is_primary":false},"70":{"node_type":"metabolite","x":-2437.437343597412,"y":25.76857042312622,"bigg_id":"k_c","name":"Potassium","label_x":-2492.867763519287,"label_y":28.22676134109497,"node_is_primary":false},"71":{"node_type":"metabolite","x":42.56265640258789,"y":-384.2314295768738,"bigg_id":"pi_c","name":"Phosphate","label_x":6.562656402587891,"label_y":-354.2314295768738,"node_is_primary":false},"72":{"node_type":"metabolite","x":-2517.437343597412,"y":45.76857042312622,"bigg_id":"zn2_c","name":"Zinc","label_x":-2588.202236175537,"label_y":47.33833360671997,"node_is_primary":false},"73":{"node_type":"metabolite","x":-2597.437343597412,"y":65.76857042312622,"bigg_id":"kdo2lipid4_e","name":"KDO(2)-lipid IV(A)","label_x":-2733.867519378662,"label_y":73.55744981765747,"node_is_primary":false},"74":{"node_type":"metabolite","x":-37.43734359741211,"y":-404.2314295768738,"bigg_id":"h_c","name":"H+","label_x":-64.43734359741211,"label_y":-374.2314295768738,"node_is_primary":false},"75":{"node_type":"metabolite","x":131.39310455322266,"y":115.21721649169922,"bigg_id":"pydx5p_c","name":"Pyridoxal 5'-phosphate","label_x":156.39310455322266,"label_y":115.21721649169922,"node_is_primary":false},"76":{"node_type":"multimarker","x":131.39310455322266,"y":270.2172164916992},"77":{"node_type":"midmarker","x":131.39310455322266,"y":290.2172164916992},"78":{"node_type":"multimarker","x":131.39310455322266,"y":310.2172164916992},"79":{"node_type":"metabolite","x":4131.393104553223,"y":1165.2172164916992,"bigg_id":"cobalt2_c","name":"Co2+","label_x":4146.393104553223,"label_y":1165.2172164916992,"node_is_primary":false},"80":{"node_type":"metabolite","x":4051.3931045532227,"y":1145.2172164916992,"bigg_id":"fe3_c","name":"Fe3+","label_x":4066.3931045532227,"label_y":1145.2172164916992,"node_is_primary":false},"81":{"node_type":"metabolite","x":3971.3931045532227,"y":1125.2172164916992,"bigg_id":"mococdp_c","name":"Molybdopterin cytosine dinucleotide","label_x":3986.3931045532227,"label_y":1125.2172164916992,"node_is_primary":false},"82":{"node_type":"metabolite","x":3891.3931045532227,"y":1105.2172164916992,"bigg_id":"hemeO_c","name":"Heme O","label_x":3906.3931045532227,"label_y":1105.2172164916992,"node_is_primary":false},"83":{"node_type":"metabolite","x":3811.3931045532227,"y":1085.2172164916992,"bigg_id":"ribflv_c","name":"Riboflavin","label_x":3826.3931045532227,"label_y":1085.2172164916992,"node_is_primary":false},"84":{"node_type":"metabolite","x":3731.3931045532227,"y":1065.2172164916992,"bigg_id":"spmd_c","name":"Spermidine","label_x":3746.3931045532227,"label_y":1065.2172164916992,"node_is_primary":false},"85":{"node_type":"metabolite","x":3651.3931045532227,"y":1045.2172164916992,"bigg_id":"datp_c","name":"DATP","label_x":3666.3931045532227,"label_y":1045.2172164916992,"node_is_primary":false},"86":{"node_type":"metabolite","x":3571.3931045532227,"y":1025.2172164916992,"bigg_id":"ser__L_c","name":"L-Serine","label_x":3586.3931045532227,"label_y":1025.2172164916992,"node_is_primary":false},"87":{"node_type":"metabolite","x":3491.3931045532227,"y":1005.2172164916992,"bigg_id":"thr__L_c","name":"L-Threonine","label_x":3506.3931045532227,"label_y":1005.2172164916992,"node_is_primary":false},"88":{"node_type":"metabolite","x":3411.3931045532227,"y":985.2172164916992,"bigg_id":"murein3px4p_p","name":"Two disacharide linked murein units, tripeptide crosslinked tetrapeptide (A2pm->D-ala) (middle of chain)","label_x":3426.3931045532227,"label_y":985.2172164916992,"node_is_primary":false},"89":{"node_type":"metabolite","x":3331.3931045532227,"y":965.2172164916992,"bigg_id":"enter_c","name":"Enterochelin","label_x":3346.3931045532227,"label_y":965.2172164916992,"node_is_primary":false},"90":{"node_type":"metabolite","x":3251.3931045532227,"y":945.2172164916992,"bigg_id":"ala__L_c","name":"L-Alanine","label_x":3266.3931045532227,"label_y":945.2172164916992,"node_is_primary":false},"91":{"node_type":"metabolite","x":3171.3931045532227,"y":925.2172164916992,"bigg_id":"2dmmql8_c","name":"2-Demethylmenaquinol 8","label_x":3186.3931045532227,"label_y":925.2172164916992,"node_is_primary":false},"92":{"node_type":"metabolite","x":3091.3931045532227,"y":905.2172164916992,"bigg_id":"met__L_c","name":"L-Methionine","label_x":3106.3931045532227,"label_y":905.2172164916992,"node_is_primary":false},"93":{"node_type":"metabolite","x":3011.3931045532227,"y":885.2172164916992,"bigg_id":"cl_c","name":"Chloride","label_x":3026.3931045532227,"label_y":885.2172164916992,"node_is_primary":false},"94":{"node_type":"metabolite","x":2931.3931045532227,"y":865.2172164916992,"bigg_id":"gln__L_c","name":"L-Glutamine","label_x":2946.3931045532227,"label_y":865.2172164916992,"node_is_primary":false},"95":{"node_type":"metabolite","x":2851.3931045532227,"y":845.2172164916992,"bigg_id":"cu2_c","name":"Cu2+","label_x":2866.3931045532227,"label_y":845.2172164916992,"node_is_primary":false},"96":{"node_type":"metabolite","x":2771.3931045532227,"y":825.2172164916992,"bigg_id":"nadp_c","name":"Nicotinamide adenine dinucleotide phosphate","label_x":2786.3931045532227,"label_y":825.2172164916992,"node_is_primary":false},"97":{"node_type":"metabolite","x":2691.3931045532227,"y":805.2172164916992,"bigg_id":"his__L_c","name":"L-Histidine","label_x":2706.3931045532227,"label_y":805.2172164916992,"node_is_primary":false},"98":{"node_type":"metabolite","x":131.39310455322266,"y":465.2172164916992,"bigg_id":"ppi_c","name":"Diphosphate","label_x":156.39310455322266,"label_y":465.2172164916992,"node_is_primary":false},"99":{"node_type":"metabolite","x":2611.3931045532227,"y":785.2172164916992,"bigg_id":"murein4px4px4p_p","name":"Three disacharide linked murein units (tetrapeptide crosslinked tetrapeptide (A2pm->D-ala) & tetrapeptide corsslinked tetrapeptide (A2pm->D-ala)) (middle of chain)","label_x":2626.3931045532227,"label_y":785.2172164916992,"node_is_primary":false},"100":{"node_type":"metabolite","x":211.39310455322266,"y":395.2172164916992,"bigg_id":"pi_c","name":"Phosphate","label_x":226.39310455322266,"label_y":395.2172164916992,"node_is_primary":false},"101":{"node_type":"metabolite","x":2531.3931045532227,"y":765.2172164916992,"bigg_id":"fad_c","name":"Flavin adenine dinucleotide oxidized","label_x":2546.3931045532227,"label_y":765.2172164916992,"node_is_primary":false},"102":{"node_type":"metabolite","x":2451.3931045532227,"y":745.2172164916992,"bigg_id":"pg161_p","name":"Phosphatidylglycerol (dihexadec-9-enoyl, n-C16:1)","label_x":2466.3931045532227,"label_y":745.2172164916992,"node_is_primary":false},"103":{"node_type":"metabolite","x":2371.3931045532227,"y":725.2172164916992,"bigg_id":"pe161_p","name":"Phosphatidylethanolamine (dihexadec-9enoyl, n-C16:1)","label_x":2386.3931045532227,"label_y":725.2172164916992,"node_is_primary":false},"104":{"node_type":"metabolite","x":2291.3931045532227,"y":705.2172164916992,"bigg_id":"ile__L_c","name":"L-Isoleucine","label_x":2306.3931045532227,"label_y":705.2172164916992,"node_is_primary":false},"105":{"node_type":"metabolite","x":2211.3931045532227,"y":685.2172164916992,"bigg_id":"ni2_c","name":"Nickel","label_x":2226.3931045532227,"label_y":685.2172164916992,"node_is_primary":false},"106":{"node_type":"metabolite","x":2131.3931045532227,"y":665.2172164916992,"bigg_id":"pg161_c","name":"Phosphatidylglycerol (dihexadec-9-enoyl, n-C16:1)","label_x":2146.3931045532227,"label_y":665.2172164916992,"node_is_primary":false},"107":{"node_type":"metabolite","x":2051.3931045532227,"y":645.2172164916992,"bigg_id":"pe161_c","name":"Phosphatidylethanolamine (dihexadec-9enoyl, n-C16:1)","label_x":2066.3931045532227,"label_y":645.2172164916992,"node_is_primary":false},"108":{"node_type":"metabolite","x":1971.3931045532227,"y":625.2172164916992,"bigg_id":"ctp_c","name":"CTP","label_x":1986.3931045532227,"label_y":625.2172164916992,"node_is_primary":false},"109":{"node_type":"metabolite","x":1891.3931045532227,"y":605.2172164916992,"bigg_id":"gthrd_c","name":"Reduced glutathione","label_x":1906.3931045532227,"label_y":605.2172164916992,"node_is_primary":false},"110":{"node_type":"metabolite","x":1811.3931045532227,"y":585.2172164916992,"bigg_id":"mg2_c","name":"Magnesium","label_x":1826.3931045532227,"label_y":585.2172164916992,"node_is_primary":false},"111":{"node_type":"metabolite","x":1731.3931045532227,"y":565.2172164916992,"bigg_id":"mql8_c","name":"Menaquinol 8","label_x":1746.3931045532227,"label_y":565.2172164916992,"node_is_primary":false},"112":{"node_type":"metabolite","x":1651.3931045532227,"y":545.2172164916992,"bigg_id":"val__L_c","name":"L-Valine","label_x":1666.3931045532227,"label_y":545.2172164916992,"node_is_primary":false},"113":{"node_type":"metabolite","x":1571.3931045532227,"y":525.2172164916992,"bigg_id":"atp_c","name":"ATP","label_x":1586.3931045532227,"label_y":525.2172164916992,"node_is_primary":false},"114":{"node_type":"metabolite","x":1491.3931045532227,"y":505.2172164916992,"bigg_id":"mn2_c","name":"Mn2+","label_x":1506.3931045532227,"label_y":505.2172164916992,"node_is_primary":false},"115":{"node_type":"metabolite","x":1411.3931045532227,"y":485.2172164916992,"bigg_id":"2fe2s_c","name":"[2Fe-2S] iron-sulfur cluster","label_x":1426.3931045532227,"label_y":485.2172164916992,"node_is_primary":false},"116":{"node_type":"metabolite","x":1331.3931045532227,"y":465.2172164916992,"bigg_id":"so4_c","name":"Sulfate","label_x":1346.3931045532227,"label_y":465.2172164916992,"node_is_primary":false},"117":{"node_type":"metabolite","x":1251.3931045532227,"y":445.2172164916992,"bigg_id":"coa_c","name":"Coenzyme A","label_x":1266.3931045532227,"label_y":445.2172164916992,"node_is_primary":false},"118":{"node_type":"metabolite","x":1171.3931045532227,"y":425.2172164916992,"bigg_id":"thf_c","name":"5,6,7,8-Tetrahydrofolate","label_x":1186.3931045532227,"label_y":425.2172164916992,"node_is_primary":false},"119":{"node_type":"metabolite","x":1091.3931045532227,"y":405.2172164916992,"bigg_id":"accoa_c","name":"Acetyl-CoA","label_x":1106.3931045532227,"label_y":405.2172164916992,"node_is_primary":false},"120":{"node_type":"metabolite","x":1011.3931045532227,"y":385.2172164916992,"bigg_id":"nadh_c","name":"Nicotinamide adenine dinucleotide - reduced","label_x":1026.3931045532227,"label_y":385.2172164916992,"node_is_primary":false},"121":{"node_type":"metabolite","x":931.3931045532227,"y":365.2172164916992,"bigg_id":"murein4px4p_p","name":"Two disacharide linked murein units, tetrapeptide corsslinked tetrapeptide (A2pm->D-ala) (middle of chain)","label_x":946.3931045532227,"label_y":365.2172164916992,"node_is_primary":false},"122":{"node_type":"metabolite","x":851.3931045532227,"y":345.2172164916992,"bigg_id":"10fthf_c","name":"10-Formyltetrahydrofolate","label_x":866.3931045532227,"label_y":345.2172164916992,"node_is_primary":false},"123":{"node_type":"metabolite","x":771.3931045532227,"y":325.2172164916992,"bigg_id":"5mthf_c","name":"5-Methyltetrahydrofolate","label_x":786.3931045532227,"label_y":325.2172164916992,"node_is_primary":false},"124":{"node_type":"metabolite","x":691.3931045532227,"y":305.2172164916992,"bigg_id":"amet_c","name":"S-Adenosyl-L-methionine","label_x":706.3931045532227,"label_y":305.2172164916992,"node_is_primary":false},"125":{"node_type":"metabolite","x":611.3931045532227,"y":285.2172164916992,"bigg_id":"nh4_c","name":"Ammonium","label_x":626.3931045532227,"label_y":285.2172164916992,"node_is_primary":false},"126":{"node_type":"metabolite","x":531.3931045532227,"y":265.2172164916992,"bigg_id":"lipopb_c","name":"Lipoate (protein bound)","label_x":546.3931045532227,"label_y":265.2172164916992,"node_is_primary":false},"127":{"node_type":"metabolite","x":451.39310455322266,"y":245.21721649169922,"bigg_id":"btn_c","name":"Biotin","label_x":466.39310455322266,"label_y":245.21721649169922,"node_is_primary":false},"128":{"node_type":"metabolite","x":371.39310455322266,"y":225.21721649169922,"bigg_id":"mlthf_c","name":"5,10-Methylenetetrahydrofolate","label_x":386.39310455322266,"label_y":225.21721649169922,"node_is_primary":false},"129":{"node_type":"metabolite","x":291.39310455322266,"y":205.21721649169922,"bigg_id":"q8h2_c","name":"Ubiquinol-8","label_x":306.39310455322266,"label_y":205.21721649169922,"node_is_primary":false},"130":{"node_type":"metabolite","x":211.39310455322266,"y":185.21721649169922,"bigg_id":"gtp_c","name":"GTP","label_x":226.39310455322266,"label_y":185.21721649169922,"node_is_primary":false},"131":{"node_type":"metabolite","x":51.393104553222656,"y":185.21721649169922,"bigg_id":"colipa_e","name":"Core oligosaccharide lipid A","label_x":-46.41198205947876,"label_y":187.6917953491211,"node_is_primary":false},"132":{"node_type":"metabolite","x":-28.606895446777344,"y":205.21721649169922,"bigg_id":"ptrc_c","name":"Putrescine","label_x":-106.69164276123047,"label_y":209.4121322631836,"node_is_primary":false},"133":{"node_type":"metabolite","x":-108.60689544677734,"y":225.21721649169922,"bigg_id":"clpn181_p","name":"Cardiolipin (tetraoctadec-11-enoyl, n-C18:1)","label_x":-224.0136947631836,"label_y":229.4121322631836,"node_is_primary":false},"134":{"node_type":"metabolite","x":-188.60689544677734,"y":245.21721649169922,"bigg_id":"cys__L_c","name":"L-Cysteine","label_x":-298.45435333251953,"label_y":251.1324691772461,"node_is_primary":false},"135":{"node_type":"metabolite","x":-268.60689544677734,"y":265.2172164916992,"bigg_id":"utp_c","name":"UTP","label_x":-337.69164276123047,"label_y":272.8528060913086,"node_is_primary":false},"136":{"node_type":"metabolite","x":-348.60689544677734,"y":285.2172164916992,"bigg_id":"mobd_c","name":"Molybdate","label_x":-440.45433807373047,"label_y":292.27938079833984,"node_is_primary":false},"137":{"node_type":"metabolite","x":-428.60689544677734,"y":305.2172164916992,"bigg_id":"pg160_p","name":"Phosphatidylglycerol (dihexadecanoyl, n-C16:0)","label_x":-526.0136642456055,"label_y":307.6917953491211,"node_is_primary":false},"138":{"node_type":"metabolite","x":-508.60689544677734,"y":325.2172164916992,"bigg_id":"glu__L_c","name":"L-Glutamate","label_x":-611.5730209350586,"label_y":329.98555755615234,"node_is_primary":false},"139":{"node_type":"metabolite","x":-588.6068954467773,"y":345.2172164916993,"bigg_id":"pe160_p","name":"Phosphatidylethanolamine (dihexadecanoyl, n-C16:0)","label_x":-687.1606063842773,"label_y":349.98555755615234,"node_is_primary":false},"140":{"node_type":"metabolite","x":-668.6068954467773,"y":365.2172164916992,"bigg_id":"4fe4s_c","name":"[4Fe-4S] iron-sulfur cluster","label_x":-760.2791976928711,"label_y":371.1324691772461,"node_is_primary":false},"141":{"node_type":"metabolite","x":-748.6068954467773,"y":385.2172164916992,"bigg_id":"pg160_c","name":"Phosphatidylglycerol (dihexadecanoyl, n-C16:0)","label_x":-844.8667831420898,"label_y":389.98555755615234,"node_is_primary":false},"142":{"node_type":"metabolite","x":-828.6068954467773,"y":405.2172164916992,"bigg_id":"pe160_c","name":"Phosphatidylethanolamine (dihexadecanoyl, n-C16:0)","label_x":-926.0136337280273,"label_y":411.1324691772461,"node_is_primary":false},"143":{"node_type":"metabolite","x":-908.6068954467773,"y":425.2172164916992,"bigg_id":"dttp_c","name":"DTTP","label_x":-984.3978500366211,"label_y":429.98558807373047,"node_is_primary":false},"144":{"node_type":"metabolite","x":-988.6068954467773,"y":445.2172164916992,"bigg_id":"pro__L_c","name":"L-Proline","label_x":-1095.0136337280273,"label_y":449.98558807373047,"node_is_primary":false},"145":{"node_type":"metabolite","x":-1068.6068954467773,"y":465.2172164916992,"bigg_id":"clpn161_p","name":"Cardiolipin (tetrahexadec-9-enoyl, n-C16:1)","label_x":-1181.7199325561523,"label_y":471.1324691772461,"node_is_primary":false},"146":{"node_type":"metabolite","x":-1148.6068954467773,"y":485.2172164916992,"bigg_id":"nad_c","name":"Nicotinamide adenine dinucleotide","label_x":-1222.2792587280273,"label_y":489.98558807373047,"node_is_primary":false},"147":{"node_type":"metabolite","x":-1228.6068954467773,"y":505.2172164916992,"bigg_id":"gly_c","name":"Glycine","label_x":-1295.3979110717773,"label_y":508.83870697021484,"node_is_primary":false},"148":{"node_type":"metabolite","x":-1308.6068954467773,"y":525.2172164916992,"bigg_id":"ca2_c","name":"Calcium","label_x":-1377.6916122436523,"label_y":531.132438659668,"node_is_primary":false},"149":{"node_type":"metabolite","x":-1388.6068954467773,"y":545.2172164916992,"bigg_id":"mocogdp_c","name":"Molybdopterin guanine dinucleotide","label_x":-1515.4825057983398,"label_y":549.9855270385742,"node_is_primary":false},"150":{"node_type":"metabolite","x":-1468.6068954467773,"y":565.2172164916992,"bigg_id":"phe__L_c","name":"L-Phenylalanine","label_x":-1576.1606063842773,"label_y":571.1324996948242,"node_is_primary":false},"151":{"node_type":"metabolite","x":-1548.6068954467773,"y":585.2172164916992,"bigg_id":"tyr__L_c","name":"L-Tyrosine","label_x":-1646.9854354858398,"label_y":591.1324996948242,"node_is_primary":false},"152":{"node_type":"metabolite","x":-1628.6068954467773,"y":605.2172164916992,"bigg_id":"murein4p4p_p","name":"Two linked disacharide tetrapeptide murein units (uncrosslinked, middle of chain)","label_x":-1780.1888046264648,"label_y":608.8386764526367,"node_is_primary":false},"153":{"node_type":"metabolite","x":-1708.6068954467773,"y":625.2172164916992,"bigg_id":"murein3p3p_p","name":"Two linked disacharide tripeptide murein units (uncrosslinked, middle of chain)","label_x":-1859.0418319702148,"label_y":628.8386764526367,"node_is_primary":false},"154":{"node_type":"metabolite","x":-1788.6068954467773,"y":645.2172164916992,"bigg_id":"nadph_c","name":"Nicotinamide adenine dinucleotide phosphate - reduced","label_x":-1889.4543075561523,"label_y":651.132438659668,"node_is_primary":false},"155":{"node_type":"metabolite","x":-1868.6068954467773,"y":665.2172164916992,"bigg_id":"asn__L_c","name":"L-Asparagine","label_x":-1978.4544296264648,"label_y":669.9855270385742,"node_is_primary":false},"156":{"node_type":"metabolite","x":-1948.6068954467773,"y":685.2172164916992,"bigg_id":"k_c","name":"Potassium","label_x":-1999.6917343139648,"label_y":691.132438659668,"node_is_primary":false},"157":{"node_type":"metabolite","x":-2028.6068954467773,"y":705.2172164916992,"bigg_id":"h2o_c","name":"H2O","label_x":-2103.4262313842773,"label_y":711.132438659668,"node_is_primary":false},"158":{"node_type":"metabolite","x":-2108.6068954467773,"y":725.2172164916992,"bigg_id":"fe2_c","name":"Fe2+","label_x":-2177.6916122436523,"label_y":729.9855880737305,"node_is_primary":false},"159":{"node_type":"metabolite","x":-2188.6068954467773,"y":745.2172164916992,"bigg_id":"pe181_p","name":"Phosphatidylethanolamine (dioctadec-11-enoyl, n-C18:1)","label_x":-2284.8666610717773,"label_y":748.8386764526367,"node_is_primary":false},"160":{"node_type":"metabolite","x":-2268.6068954467773,"y":765.2172164916992,"bigg_id":"udcpdp_c","name":"Undecaprenyl diphosphate","label_x":-2378.4543075561523,"label_y":772.2793502807617,"node_is_primary":false},"161":{"node_type":"metabolite","x":-2348.6068954467773,"y":785.2172164916992,"bigg_id":"thmpp_c","name":"Thiamine diphosphate","label_x":-2449.4543075561523,"label_y":791.132438659668,"node_is_primary":false},"162":{"node_type":"metabolite","x":-2428.6068954467773,"y":805.2172164916992,"bigg_id":"chor_c","name":"Chorismate","label_x":-2512.4259872436523,"label_y":812.2793502807617,"node_is_primary":false},"163":{"node_type":"metabolite","x":-2508.6068954467773,"y":825.2172164916992,"bigg_id":"arg__L_c","name":"L-Arginine","label_x":-2615.0136337280273,"label_y":829.9855270385742,"node_is_primary":false},"164":{"node_type":"metabolite","x":51.393104553222656,"y":395.2172164916992,"bigg_id":"h_c","name":"H+","label_x":24.393104553222656,"label_y":425.2172164916992,"node_is_primary":false},"165":{"node_type":"metabolite","x":-2588.6068954467773,"y":845.2172164916992,"bigg_id":"pe181_c","name":"Phosphatidylethanolamine (dioctadec-11-enoyl, n-C18:1)","label_x":-2686.0136337280273,"label_y":849.9855880737305,"node_is_primary":false},"166":{"node_type":"metabolite","x":-2668.6068954467773,"y":865.2172164916992,"bigg_id":"trp__L_c","name":"L-Tryptophan","label_x":-2765.8383407592773,"label_y":871.132438659668,"node_is_primary":false},"167":{"node_type":"metabolite","x":-2748.6068954467773,"y":885.2172164916992,"bigg_id":"malcoa_c","name":"Malonyl-CoA","label_x":-2855.0136337280273,"label_y":889.9855880737305,"node_is_primary":false},"168":{"node_type":"metabolite","x":-2828.6068954467773,"y":905.2172164916992,"bigg_id":"clpn160_p","name":"Cardiolipin (tetrahexadecanoyl, n-C16:0)","label_x":-2945.1606063842773,"label_y":909.9855880737305,"node_is_primary":false},"169":{"node_type":"metabolite","x":-2908.6068954467773,"y":925.2172164916992,"bigg_id":"dgtp_c","name":"DGTP","label_x":-2988.9853134155273,"label_y":931.1324996948242,"node_is_primary":false},"170":{"node_type":"metabolite","x":-28.606895446777344,"y":375.2172164916992,"bigg_id":"adp_c","name":"ADP","label_x":-73.60689544677734,"label_y":405.2172164916992,"node_is_primary":false},"171":{"node_type":"metabolite","x":-2988.6068954467773,"y":945.2172164916992,"bigg_id":"bmocogdp_c","name":"Bis-molybdopterin guanine dinucleotide","label_x":-3130.2172470092773,"label_y":949.9855880737305,"node_is_primary":false},"172":{"node_type":"metabolite","x":-3068.6068954467773,"y":965.2172164916992,"bigg_id":"leu__L_c","name":"L-Leucine","label_x":-3172.7199325561523,"label_y":971.132438659668,"node_is_primary":false},"173":{"node_type":"metabolite","x":-3148.6068954467773,"y":985.2172164916992,"bigg_id":"lys__L_c","name":"L-Lysine","label_x":-3253.8669052124023,"label_y":992.2793502807617,"node_is_primary":false},"174":{"node_type":"metabolite","x":-3228.6068954467773,"y":1005.2172164916992,"bigg_id":"adocbl_c","name":"Adenosylcobalamin","label_x":-3332.7199325561523,"label_y":1012.2793502807617,"node_is_primary":false},"175":{"node_type":"metabolite","x":-3308.6068954467773,"y":1025.2172164916992,"bigg_id":"pg181_p","name":"Phosphatidylglycerol (dioctadec-11-enoyl, n-C18:1)","label_x":-3408.3075790405273,"label_y":1029.9855880737305,"node_is_primary":false},"176":{"node_type":"metabolite","x":-3388.6068954467773,"y":1045.2172164916992,"bigg_id":"glycogen_c","name":"Glycogen","label_x":-3517.6010360717773,"label_y":1049.9855270385742,"node_is_primary":false},"177":{"node_type":"metabolite","x":-3468.6068954467773,"y":1065.2172164916992,"bigg_id":"pg181_c","name":"Phosphatidylglycerol (dioctadec-11-enoyl, n-C18:1)","label_x":-3568.3073348999023,"label_y":1072.2793502807617,"node_is_primary":false},"178":{"node_type":"metabolite","x":-3548.6068954467773,"y":1085.2172164916992,"bigg_id":"asp__L_c","name":"L-Aspartate","label_x":-3657.3073348999023,"label_y":1091.1324996948242,"node_is_primary":false},"179":{"node_type":"metabolite","x":-3628.6068954467773,"y":1105.2172164916992,"bigg_id":"succoa_c","name":"Succinyl-CoA","label_x":-3735.0136337280273,"label_y":1111.1324996948242,"node_is_primary":false},"180":{"node_type":"metabolite","x":-3708.6068954467773,"y":1125.2172164916992,"bigg_id":"pheme_c","name":"Protoheme","label_x":-3811.7482528686523,"label_y":1131.1324996948242,"node_is_primary":false},"181":{"node_type":"metabolite","x":-3788.6068954467773,"y":1145.2172164916992,"bigg_id":"dctp_c","name":"DCTP","label_x":-3872.4259872436523,"label_y":1149.9855270385742,"node_is_primary":false},"182":{"node_type":"metabolite","x":-3868.6068954467773,"y":1165.2172164916992,"bigg_id":"sheme_c","name":"Siroheme","label_x":-3970.6012802124023,"label_y":1168.8386764526367,"node_is_primary":false},"183":{"node_type":"metabolite","x":-3948.6068954467773,"y":1185.2172164916992,"bigg_id":"zn2_c","name":"Zinc","label_x":-4022.2792587280273,"label_y":1193.4262008666992,"node_is_primary":false},"184":{"node_type":"metabolite","x":-53.20462703704834,"y":1052.6051025390625,"bigg_id":"h2o_c","name":"H2O","label_x":-28.20462703704834,"label_y":1052.6051025390625,"node_is_primary":true},"185":{"node_type":"multimarker","x":-53.20462703704834,"y":1207.6051025390625},"186":{"node_type":"midmarker","x":-53.20462703704834,"y":1227.6051025390625},"187":{"node_type":"multimarker","x":-53.20462703704834,"y":1247.6051025390625},"188":{"node_type":"metabolite","x":-53.20462703704834,"y":1402.6051025390625,"bigg_id":"pi_c","name":"Phosphate","label_x":-28.20462703704834,"label_y":1402.6051025390625,"node_is_primary":true},"189":{"node_type":"metabolite","x":-133.20462703704834,"y":1122.6051025390625,"bigg_id":"atp_c","name":"ATP","label_x":-178.20462703704834,"label_y":1152.6051025390625,"node_is_primary":false},"190":{"node_type":"metabolite","x":26.79537296295166,"y":1332.6051025390625,"bigg_id":"adp_c","name":"ADP","label_x":41.79537296295166,"label_y":1332.6051025390625,"node_is_primary":false},"191":{"node_type":"metabolite","x":-133.20462703704834,"y":1332.6051025390625,"bigg_id":"h_c","name":"H+","label_x":-160.20462703704834,"label_y":1362.6051025390625,"node_is_primary":false},"192":{"node_type":"metabolite","x":410.5794486999512,"y":1047.212158203125,"bigg_id":"h2o_c","name":"H2O","label_x":435.5794486999512,"label_y":1047.212158203125,"node_is_primary":true},"193":{"node_type":"multimarker","x":410.5794486999512,"y":1202.212158203125},"194":{"node_type":"midmarker","x":410.5794486999512,"y":1222.212158203125},"195":{"node_type":"multimarker","x":410.5794486999512,"y":1242.212158203125},"196":{"node_type":"metabolite","x":410.5794486999512,"y":1397.212158203125,"bigg_id":"pi_c","name":"Phosphate","label_x":435.5794486999512,"label_y":1397.212158203125,"node_is_primary":true},"197":{"node_type":"metabolite","x":490.5794486999512,"y":1327.212158203125,"bigg_id":"h_c","name":"H+","label_x":505.5794486999512,"label_y":1327.212158203125,"node_is_primary":false},"198":{"node_type":"metabolite","x":330.5794486999512,"y":1117.212158203125,"bigg_id":"atp_c","name":"ATP","label_x":285.5794486999512,"label_y":1147.212158203125,"node_is_primary":false},"199":{"node_type":"metabolite","x":330.5794486999512,"y":1327.212158203125,"bigg_id":"adp_c","name":"ADP","label_x":285.5794486999512,"label_y":1357.212158203125,"node_is_primary":false}},"text_labels":{"0":{"x":-567.0007019042969,"y":-814.4805297851562,"text":"BIOMASS AND MAINTENANCE FUNCTIONS SUBSYSTEM"}},"canvas":{"x":-4073.65869140625,"y":-940.3408813476562,"width":8380.616455078125,"height":2438.1633911132812}}]