[{"map_name":"new_map","map_id":"zem272Mu8EWa","map_description":"","homepage":"https://escher.github.io","schema":"https://escher.github.io/escher/jsonschema/1-0-0#"},{"reactions":{"0":{"name":"Alanyl-tRNA synthetase","bigg_id":"ALATRS","reversibility":false,"label_x":-487.00006103515625,"label_y":-317,"gene_reaction_rule":"b2697","genes":[{"notes":{"original_bigg_ids":["b2697"]},"name":"alaS","bigg_id":"b2697"}],"metabolites":[{"bigg_id":"trnaala_c","coefficient":-1},{"bigg_id":"atp_c","coefficient":-1},{"bigg_id":"ppi_c","coefficient":1},{"bigg_id":"ala__L_c","coefficient":-1},{"bigg_id":"amp_c","coefficient":1},{"bigg_id":"alatrna_c","coefficient":1}],"segments":{"0":{"from_node_id":"1","to_node_id":"2","b1":null,"b2":null},"1":{"from_node_id":"3","to_node_id":"2","b1":null,"b2":null},"2":{"from_node_id":"1","to_node_id":"0","b1":{"x":-502.00006103515625,"y":-393},"b2":{"x":-484.00006103515625,"y":-398.25}},"3":{"from_node_id":"1","to_node_id":"4","b1":{"x":-502.00006103515625,"y":-393},"b2":{"x":-520.0000610351562,"y":-398.25}},"4":{"from_node_id":"3","to_node_id":"5","b1":{"x":-502.00006103515625,"y":-261},"b2":{"x":-520.0000610351562,"y":-255.75}},"5":{"from_node_id":"1","to_node_id":"6","b1":{"x":-502.00006103515625,"y":-389},"b2":{"x":-502.00006103515625,"y":-443.25}},"6":{"from_node_id":"3","to_node_id":"7","b1":{"x":-502.00006103515625,"y":-261},"b2":{"x":-484.00006103515625,"y":-255.75}},"7":{"from_node_id":"3","to_node_id":"8","b1":{"x":-502.00006103515625,"y":-265},"b2":{"x":-502.00006103515625,"y":-210.75}}}},"1":{"name":"Glutaminyl-tRNA synthetase","bigg_id":"GLNTRS","reversibility":false,"label_x":1.9999065399169922,"label_y":-326,"gene_reaction_rule":"b0680","genes":[{"notes":{"original_bigg_ids":["b0680"]},"name":"glnS","bigg_id":"b0680"}],"metabolites":[{"bigg_id":"glntrna_c","coefficient":1},{"bigg_id":"atp_c","coefficient":-1},{"bigg_id":"trnagln_c","coefficient":-1},{"bigg_id":"ppi_c","coefficient":1},{"bigg_id":"amp_c","coefficient":1},{"bigg_id":"gln__L_c","coefficient":-1}],"segments":{"8":{"from_node_id":"10","to_node_id":"11","b1":null,"b2":null},"9":{"from_node_id":"12","to_node_id":"11","b1":null,"b2":null},"10":{"from_node_id":"12","to_node_id":"13","b1":{"x":-13.000093460083008,"y":-274},"b2":{"x":-10.000093460083008,"y":-153.75000381469727}},"11":{"from_node_id":"10","to_node_id":"9","b1":{"x":-13.000093460083008,"y":-402},"b2":{"x":4.999906539916992,"y":-407.25}},"12":{"from_node_id":"10","to_node_id":"14","b1":{"x":-13.000093460083008,"y":-402},"b2":{"x":-31.000093460083008,"y":-407.25}},"13":{"from_node_id":"12","to_node_id":"15","b1":{"x":-13.000093460083008,"y":-270},"b2":{"x":4.999906539916992,"y":-264.75}},"14":{"from_node_id":"12","to_node_id":"16","b1":{"x":-13.000093460083008,"y":-270},"b2":{"x":-31.000093460083008,"y":-264.75}},"15":{"from_node_id":"10","to_node_id":"17","b1":{"x":-13.000093460083008,"y":-398},"b2":{"x":-13.000093460083008,"y":-452.25}}}},"2":{"name":"Phenylalanyl-tRNA synthetase","bigg_id":"PHETRS","reversibility":false,"label_x":475.9998779296875,"label_y":-334.9999694824219,"gene_reaction_rule":"b1713 and b1714","genes":[{"notes":{"original_bigg_ids":["b1713"]},"name":"pheT","bigg_id":"b1713"},{"notes":{"original_bigg_ids":["b1714"]},"name":"pheS","bigg_id":"b1714"}],"metabolites":[{"bigg_id":"trnaphe_c","coefficient":-1},{"bigg_id":"atp_c","coefficient":-1},{"bigg_id":"phe__L_c","coefficient":-1},{"bigg_id":"ppi_c","coefficient":1},{"bigg_id":"amp_c","coefficient":1},{"bigg_id":"phetrna_c","coefficient":1}],"segments":{"16":{"from_node_id":"19","to_node_id":"20","b1":null,"b2":null},"17":{"from_node_id":"21","to_node_id":"20","b1":null,"b2":null},"18":{"from_node_id":"19","to_node_id":"18","b1":{"x":460.9998779296875,"y":-410.9999694824219},"b2":{"x":478.9998779296875,"y":-416.2499694824219}},"19":{"from_node_id":"19","to_node_id":"22","b1":{"x":460.9998779296875,"y":-410.9999694824219},"b2":{"x":442.9998779296875,"y":-416.2499694824219}},"20":{"from_node_id":"19","to_node_id":"23","b1":{"x":460.9998779296875,"y":-406.9999694824219},"b2":{"x":460.9998779296875,"y":-461.2499694824219}},"21":{"from_node_id":"21","to_node_id":"24","b1":{"x":460.9998779296875,"y":-278.9999694824219},"b2":{"x":442.9998779296875,"y":-273.7499694824219}},"22":{"from_node_id":"21","to_node_id":"25","b1":{"x":460.9998779296875,"y":-278.9999694824219},"b2":{"x":478.9998779296875,"y":-273.7499694824219}},"23":{"from_node_id":"21","to_node_id":"26","b1":{"x":460.9998779296875,"y":-282.9999694824219},"b2":{"x":460.9998779296875,"y":-228.74996948242188}}}},"3":{"name":"Threonyl-tRNA synthetase","bigg_id":"THRTRS","reversibility":false,"label_x":943.9998168945312,"label_y":-331.9999694824219,"gene_reaction_rule":"b1719","genes":[{"notes":{"original_bigg_ids":["b1719"]},"name":"thrS","bigg_id":"b1719"}],"metabolites":[{"bigg_id":"atp_c","coefficient":-1},{"bigg_id":"thrtrna_c","coefficient":1},{"bigg_id":"ppi_c","coefficient":1},{"bigg_id":"amp_c","coefficient":1},{"bigg_id":"thr__L_c","coefficient":-1},{"bigg_id":"trnathr_c","coefficient":-1}],"segments":{"24":{"from_node_id":"28","to_node_id":"29","b1":null,"b2":null},"25":{"from_node_id":"30","to_node_id":"29","b1":null,"b2":null},"26":{"from_node_id":"28","to_node_id":"27","b1":{"x":928.9998168945312,"y":-407.9999694824219},"b2":{"x":910.9998168945312,"y":-413.2499694824219}},"27":{"from_node_id":"30","to_node_id":"31","b1":{"x":928.9998168945312,"y":-279.9999694824219},"b2":{"x":931.9998168945312,"y":-165.74996948242188}},"28":{"from_node_id":"30","to_node_id":"32","b1":{"x":928.9998168945312,"y":-275.9999694824219},"b2":{"x":946.9998168945312,"y":-270.7499694824219}},"29":{"from_node_id":"30","to_node_id":"33","b1":{"x":928.9998168945312,"y":-275.9999694824219},"b2":{"x":910.9998168945312,"y":-270.7499694824219}},"30":{"from_node_id":"28","to_node_id":"34","b1":{"x":928.9998168945312,"y":-403.9999694824219},"b2":{"x":928.9998168945312,"y":-458.2499694824219}},"31":{"from_node_id":"28","to_node_id":"35","b1":{"x":928.9998168945312,"y":-407.9999694824219},"b2":{"x":946.9998168945312,"y":-413.2499694824219}}}},"4":{"name":"Arginyl-tRNA synthetase","bigg_id":"ARGTRS","reversibility":false,"label_x":-490.00006103515625,"label_y":357.99993896484375,"gene_reaction_rule":"b1876","genes":[{"notes":{"original_bigg_ids":["b1876"]},"name":"argS","bigg_id":"b1876"}],"metabolites":[{"bigg_id":"atp_c","coefficient":-1},{"bigg_id":"ppi_c","coefficient":1},{"bigg_id":"argtrna_c","coefficient":1},{"bigg_id":"arg__L_c","coefficient":-1},{"bigg_id":"amp_c","coefficient":1},{"bigg_id":"trnaarg_c","coefficient":-1}],"segments":{"32":{"from_node_id":"37","to_node_id":"38","b1":null,"b2":null},"33":{"from_node_id":"39","to_node_id":"38","b1":null,"b2":null},"34":{"from_node_id":"37","to_node_id":"36","b1":{"x":-505.00006103515625,"y":281.99993896484375},"b2":{"x":-523.0000610351562,"y":276.74993896484375}},"35":{"from_node_id":"39","to_node_id":"40","b1":{"x":-505.00006103515625,"y":413.99993896484375},"b2":{"x":-523.0000610351562,"y":419.24993896484375}},"36":{"from_node_id":"39","to_node_id":"41","b1":{"x":-505.00006103515625,"y":409.99993896484375},"b2":{"x":-505.00006103515625,"y":464.24993896484375}},"37":{"from_node_id":"37","to_node_id":"42","b1":{"x":-505.00006103515625,"y":285.99993896484375},"b2":{"x":-505.00006103515625,"y":231.74993896484375}},"38":{"from_node_id":"39","to_node_id":"43","b1":{"x":-505.00006103515625,"y":413.99993896484375},"b2":{"x":-487.00006103515625,"y":419.24993896484375}},"39":{"from_node_id":"37","to_node_id":"44","b1":{"x":-505.00006103515625,"y":281.99993896484375},"b2":{"x":-487.00006103515625,"y":276.74993896484375}}}},"5":{"name":"Glycyl-tRNA synthetase","bigg_id":"GLYTRS","reversibility":false,"label_x":16.999905109405518,"label_y":357.99993896484375,"gene_reaction_rule":"b3559 and b3560","genes":[{"notes":{"original_bigg_ids":["b3559"]},"name":"glyS","bigg_id":"b3559"},{"notes":{"original_bigg_ids":["b3560"]},"name":"glyQ","bigg_id":"b3560"}],"metabolites":[{"bigg_id":"glytrna_c","coefficient":1},{"bigg_id":"atp_c","coefficient":-1},{"bigg_id":"ppi_c","coefficient":1},{"bigg_id":"trnagly_c","coefficient":-1},{"bigg_id":"amp_c","coefficient":1},{"bigg_id":"gly_c","coefficient":-1}],"segments":{"40":{"from_node_id":"46","to_node_id":"47","b1":null,"b2":null},"41":{"from_node_id":"48","to_node_id":"47","b1":null,"b2":null},"42":{"from_node_id":"48","to_node_id":"49","b1":{"x":1.999905109405546,"y":409.99993896484375},"b2":{"x":1.9999051094055176,"y":521.2498779296875}},"43":{"from_node_id":"46","to_node_id":"45","b1":{"x":1.9999051094055176,"y":281.99993896484375},"b2":{"x":19.999905109405518,"y":276.74993896484375}},"44":{"from_node_id":"48","to_node_id":"50","b1":{"x":1.999905109405546,"y":413.99993896484375},"b2":{"x":19.999905109405518,"y":419.24993896484375}},"45":{"from_node_id":"46","to_node_id":"51","b1":{"x":1.9999051094055176,"y":281.99993896484375},"b2":{"x":-16.000094890594482,"y":276.74993896484375}},"46":{"from_node_id":"48","to_node_id":"52","b1":{"x":1.999905109405546,"y":413.99993896484375},"b2":{"x":-16.000094890594482,"y":419.24993896484375}},"47":{"from_node_id":"46","to_node_id":"53","b1":{"x":1.9999051094055176,"y":285.99993896484375},"b2":{"x":1.9999051094055176,"y":231.74993896484375}}}},"6":{"name":"Prolyl-tRNA synthetase","bigg_id":"PROTRS","reversibility":false,"label_x":481.9998779296875,"label_y":345.99993896484375,"gene_reaction_rule":"b0194","genes":[{"notes":{"original_bigg_ids":["b0194"]},"name":"proS","bigg_id":"b0194"}],"metabolites":[{"bigg_id":"atp_c","coefficient":-1},{"bigg_id":"trnapro_c","coefficient":-1},{"bigg_id":"ppi_c","coefficient":1},{"bigg_id":"pro__L_c","coefficient":-1},{"bigg_id":"protrna_c","coefficient":1},{"bigg_id":"amp_c","coefficient":1}],"segments":{"48":{"from_node_id":"55","to_node_id":"56","b1":null,"b2":null},"49":{"from_node_id":"57","to_node_id":"56","b1":null,"b2":null},"50":{"from_node_id":"55","to_node_id":"54","b1":{"x":466.9998779296875,"y":269.99993896484375},"b2":{"x":484.9998779296875,"y":264.74993896484375}},"51":{"from_node_id":"55","to_node_id":"58","b1":{"x":466.9998779296875,"y":269.99993896484375},"b2":{"x":448.9998779296875,"y":264.74993896484375}},"52":{"from_node_id":"57","to_node_id":"59","b1":{"x":466.9998779296875,"y":401.99993896484375},"b2":{"x":448.9998779296875,"y":407.24993896484375}},"53":{"from_node_id":"55","to_node_id":"60","b1":{"x":466.9998779296875,"y":273.99993896484375},"b2":{"x":466.9998779296875,"y":219.74993896484375}},"54":{"from_node_id":"57","to_node_id":"61","b1":{"x":466.9998779296875,"y":397.99993896484375},"b2":{"x":466.9998779296875,"y":452.24993896484375}},"55":{"from_node_id":"57","to_node_id":"62","b1":{"x":466.9998779296875,"y":401.99993896484375},"b2":{"x":484.9998779296875,"y":407.24993896484375}}}},"7":{"name":"Tryptophanyl-tRNA synthetase","bigg_id":"TRPTRS","reversibility":false,"label_x":949.9998168945312,"label_y":348.99993896484375,"gene_reaction_rule":"b3384","genes":[{"notes":{"original_bigg_ids":["b3384"]},"name":"trpS","bigg_id":"b3384"}],"metabolites":[{"bigg_id":"atp_c","coefficient":-1},{"bigg_id":"ppi_c","coefficient":1},{"bigg_id":"trnatrp_c","coefficient":-1},{"bigg_id":"amp_c","coefficient":1},{"bigg_id":"trptrna_c","coefficient":1},{"bigg_id":"trp__L_c","coefficient":-1}],"segments":{"56":{"from_node_id":"64","to_node_id":"65","b1":null,"b2":null},"57":{"from_node_id":"66","to_node_id":"65","b1":null,"b2":null},"58":{"from_node_id":"64","to_node_id":"63","b1":{"x":934.9998168945312,"y":272.99993896484375},"b2":{"x":952.9998168945312,"y":267.74993896484375}},"59":{"from_node_id":"66","to_node_id":"67","b1":{"x":934.9998168945312,"y":404.99993896484375},"b2":{"x":952.9998168945312,"y":410.24993896484375}},"60":{"from_node_id":"64","to_node_id":"68","b1":{"x":934.9998168945312,"y":272.99993896484375},"b2":{"x":916.9998168945312,"y":267.74993896484375}},"61":{"from_node_id":"66","to_node_id":"69","b1":{"x":934.9998168945312,"y":404.99993896484375},"b2":{"x":916.9998168945312,"y":410.24993896484375}},"62":{"from_node_id":"66","to_node_id":"70","b1":{"x":934.9998168945312,"y":400.99993896484375},"b2":{"x":937.9998168945312,"y":509.2498779296875}},"63":{"from_node_id":"64","to_node_id":"71","b1":{"x":934.9998168945312,"y":276.99993896484375},"b2":{"x":934.9998168945312,"y":222.74993896484375}}}},"8":{"name":"Asparaginyl-tRNA synthetase","bigg_id":"ASNTRS","reversibility":false,"label_x":-490.0000605583191,"label_y":1023.9998779296875,"gene_reaction_rule":"b0930","genes":[{"notes":{"original_bigg_ids":["b0930"]},"name":"asnS","bigg_id":"b0930"}],"metabolites":[{"bigg_id":"trnaasn_c","coefficient":-1},{"bigg_id":"atp_c","coefficient":-1},{"bigg_id":"asn__L_c","coefficient":-1},{"bigg_id":"amp_c","coefficient":1},{"bigg_id":"asntrna_c","coefficient":1},{"bigg_id":"ppi_c","coefficient":1}],"segments":{"64":{"from_node_id":"73","to_node_id":"74","b1":null,"b2":null},"65":{"from_node_id":"75","to_node_id":"74","b1":null,"b2":null},"66":{"from_node_id":"73","to_node_id":"72","b1":{"x":-505.0000605583191,"y":947.9998779296875},"b2":{"x":-487.0000605583191,"y":942.7498779296875}},"67":{"from_node_id":"73","to_node_id":"76","b1":{"x":-505.0000605583191,"y":947.9998779296875},"b2":{"x":-523.0000605583191,"y":942.7498779296875}},"68":{"from_node_id":"73","to_node_id":"77","b1":{"x":-505.0000605583191,"y":951.9998779296875},"b2":{"x":-505.0000605583191,"y":897.7498779296875}},"69":{"from_node_id":"75","to_node_id":"78","b1":{"x":-505.0000605583191,"y":1079.9998779296875},"b2":{"x":-487.0000605583191,"y":1085.2498779296875}},"70":{"from_node_id":"75","to_node_id":"79","b1":{"x":-505.0000605583191,"y":1075.9998779296875},"b2":{"x":-505.0000605583191,"y":1130.2498779296875}},"71":{"from_node_id":"75","to_node_id":"80","b1":{"x":-505.0000605583191,"y":1079.9998779296875},"b2":{"x":-523.0000605583191,"y":1085.2498779296875}}}},"9":{"name":"Histidyl-tRNA synthetase","bigg_id":"HISTRS","reversibility":false,"label_x":19.999905109405518,"label_y":1020.9998779296875,"gene_reaction_rule":"b2514","genes":[{"notes":{"original_bigg_ids":["b2514"]},"name":"hisS","bigg_id":"b2514"}],"metabolites":[{"bigg_id":"histrna_c","coefficient":1},{"bigg_id":"atp_c","coefficient":-1},{"bigg_id":"his__L_c","coefficient":-1},{"bigg_id":"ppi_c","coefficient":1},{"bigg_id":"trnahis_c","coefficient":-1},{"bigg_id":"amp_c","coefficient":1}],"segments":{"72":{"from_node_id":"82","to_node_id":"83","b1":null,"b2":null},"73":{"from_node_id":"84","to_node_id":"83","b1":null,"b2":null},"74":{"from_node_id":"84","to_node_id":"85","b1":{"x":4.999905109405518,"y":1072.9998779296875},"b2":{"x":7.999905109405518,"y":1190.2498779296875}},"75":{"from_node_id":"82","to_node_id":"81","b1":{"x":4.999905109405518,"y":944.9998779296875},"b2":{"x":-13.000094890594482,"y":939.7498779296875}},"76":{"from_node_id":"82","to_node_id":"86","b1":{"x":4.999905109405518,"y":948.9998779296875},"b2":{"x":4.999905109405518,"y":894.7498779296875}},"77":{"from_node_id":"84","to_node_id":"87","b1":{"x":4.999905109405546,"y":1076.9998779296875},"b2":{"x":22.999905109405518,"y":1082.2498779296875}},"78":{"from_node_id":"82","to_node_id":"88","b1":{"x":4.999905109405518,"y":944.9998779296875},"b2":{"x":22.999905109405518,"y":939.7498779296875}},"79":{"from_node_id":"84","to_node_id":"89","b1":{"x":4.999905109405546,"y":1076.9998779296875},"b2":{"x":-13.000094890594482,"y":1082.2498779296875}}}},"10":{"name":"Lysyl-tRNA synthetase","bigg_id":"LYSTRS","reversibility":false,"label_x":487.99987840652466,"label_y":1017.9998779296875,"gene_reaction_rule":"b4129 or b2890","genes":[{"notes":{"original_bigg_ids":["b4129"]},"name":"lysU","bigg_id":"b4129"},{"notes":{"original_bigg_ids":["b2890"]},"name":"lysS","bigg_id":"b2890"}],"metabolites":[{"bigg_id":"trnalys_c","coefficient":-1},{"bigg_id":"lys__L_c","coefficient":-1},{"bigg_id":"atp_c","coefficient":-1},{"bigg_id":"ppi_c","coefficient":1},{"bigg_id":"amp_c","coefficient":1},{"bigg_id":"lystrna_c","coefficient":1}],"segments":{"80":{"from_node_id":"91","to_node_id":"92","b1":null,"b2":null},"81":{"from_node_id":"93","to_node_id":"92","b1":null,"b2":null},"82":{"from_node_id":"91","to_node_id":"90","b1":{"x":472.99987840652466,"y":941.9998779296875},"b2":{"x":454.99987840652466,"y":936.7498779296875}},"83":{"from_node_id":"91","to_node_id":"94","b1":{"x":472.99987840652466,"y":945.9998779296875},"b2":{"x":472.99987840652466,"y":891.7498779296875}},"84":{"from_node_id":"91","to_node_id":"95","b1":{"x":472.99987840652466,"y":941.9998779296875},"b2":{"x":490.99987840652466,"y":936.7498779296875}},"85":{"from_node_id":"93","to_node_id":"96","b1":{"x":472.99987840652466,"y":1073.9998779296875},"b2":{"x":454.99987840652466,"y":1079.2498779296875}},"86":{"from_node_id":"93","to_node_id":"97","b1":{"x":472.99987840652466,"y":1073.9998779296875},"b2":{"x":490.99987840652466,"y":1079.2498779296875}},"87":{"from_node_id":"93","to_node_id":"98","b1":{"x":472.99987840652466,"y":1069.9998779296875},"b2":{"x":472.99987840652466,"y":1124.2498779296875}}}},"11":{"name":"Tyrosyl-tRNA synthetase","bigg_id":"TYRTRS","reversibility":false,"label_x":949.9998173713684,"label_y":1008.9998779296875,"gene_reaction_rule":"b1637","genes":[{"notes":{"original_bigg_ids":["b1637"]},"name":"tyrS","bigg_id":"b1637"}],"metabolites":[{"bigg_id":"atp_c","coefficient":-1},{"bigg_id":"ppi_c","coefficient":1},{"bigg_id":"tyrtrna_c","coefficient":1},{"bigg_id":"trnatyr_c","coefficient":-1},{"bigg_id":"amp_c","coefficient":1},{"bigg_id":"tyr__L_c","coefficient":-1}],"segments":{"88":{"from_node_id":"100","to_node_id":"101","b1":null,"b2":null},"89":{"from_node_id":"102","to_node_id":"101","b1":null,"b2":null},"90":{"from_node_id":"100","to_node_id":"99","b1":{"x":934.9998173713684,"y":932.9998779296875},"b2":{"x":952.9998173713684,"y":927.7498779296875}},"91":{"from_node_id":"102","to_node_id":"103","b1":{"x":934.9998173713684,"y":1064.9998779296875},"b2":{"x":916.9998173713684,"y":1070.2498779296875}},"92":{"from_node_id":"102","to_node_id":"104","b1":{"x":934.9998173713684,"y":1060.9998779296875},"b2":{"x":940.9998173713684,"y":1181.2498779296875}},"93":{"from_node_id":"100","to_node_id":"105","b1":{"x":934.9998173713684,"y":932.9998779296875},"b2":{"x":916.9998173713684,"y":927.7498779296875}},"94":{"from_node_id":"102","to_node_id":"106","b1":{"x":934.9998173713684,"y":1064.9998779296875},"b2":{"x":952.9998173713684,"y":1070.2498779296875}},"95":{"from_node_id":"100","to_node_id":"107","b1":{"x":934.9998173713684,"y":936.9998779296875},"b2":{"x":934.9998173713684,"y":882.7498779296875}}}},"12":{"name":"Aspartyl-tRNA synthetase","bigg_id":"ASPTRS","reversibility":false,"label_x":-493.00006008148193,"label_y":1680.9998779296875,"gene_reaction_rule":"b1866","genes":[{"notes":{"original_bigg_ids":["b1866"]},"name":"aspS","bigg_id":"b1866"}],"metabolites":[{"bigg_id":"asptrna_c","coefficient":1},{"bigg_id":"atp_c","coefficient":-1},{"bigg_id":"asp__L_c","coefficient":-1},{"bigg_id":"ppi_c","coefficient":1},{"bigg_id":"amp_c","coefficient":1},{"bigg_id":"trnaasp_c","coefficient":-1}],"segments":{"96":{"from_node_id":"109","to_node_id":"110","b1":null,"b2":null},"97":{"from_node_id":"111","to_node_id":"110","b1":null,"b2":null},"98":{"from_node_id":"111","to_node_id":"112","b1":{"x":-508.00006008148193,"y":1732.9998779296875},"b2":{"x":-508.00006008148193,"y":1787.2498779296875}},"99":{"from_node_id":"109","to_node_id":"108","b1":{"x":-508.00006008148193,"y":1604.9998779296875},"b2":{"x":-526.0000600814819,"y":1599.7498779296875}},"100":{"from_node_id":"109","to_node_id":"113","b1":{"x":-508.00006008148193,"y":1608.9998779296875},"b2":{"x":-508.00006008148193,"y":1554.7498779296875}},"101":{"from_node_id":"111","to_node_id":"114","b1":{"x":-508.00006008148193,"y":1736.9998779296875},"b2":{"x":-490.00006008148193,"y":1742.2498779296875}},"102":{"from_node_id":"111","to_node_id":"115","b1":{"x":-508.00006008148193,"y":1736.9998779296875},"b2":{"x":-526.0000600814819,"y":1742.2498779296875}},"103":{"from_node_id":"109","to_node_id":"116","b1":{"x":-508.00006008148193,"y":1604.9998779296875},"b2":{"x":-490.00006008148193,"y":1599.7498779296875}}}},"13":{"name":"Isoleucyl-tRNA synthetase","bigg_id":"ILETRS","reversibility":false,"label_x":22.99990463256836,"label_y":1680.9998779296875,"gene_reaction_rule":"b0026","genes":[{"notes":{"original_bigg_ids":["b0026"]},"name":"ileS","bigg_id":"b0026"}],"metabolites":[{"bigg_id":"iletrna_c","coefficient":1},{"bigg_id":"trnaile_c","coefficient":-1},{"bigg_id":"atp_c","coefficient":-1},{"bigg_id":"ile__L_c","coefficient":-1},{"bigg_id":"ppi_c","coefficient":1},{"bigg_id":"amp_c","coefficient":1}],"segments":{"104":{"from_node_id":"118","to_node_id":"119","b1":null,"b2":null},"105":{"from_node_id":"120","to_node_id":"119","b1":null,"b2":null},"106":{"from_node_id":"120","to_node_id":"121","b1":{"x":7.999904632568359,"y":1732.9998779296875},"b2":{"x":7.999904632568359,"y":1853.2498779296875}},"107":{"from_node_id":"118","to_node_id":"117","b1":{"x":7.999904632568359,"y":1604.9998779296875},"b2":{"x":25.99990463256836,"y":1599.7498779296875}},"108":{"from_node_id":"118","to_node_id":"122","b1":{"x":7.999904632568359,"y":1604.9998779296875},"b2":{"x":-10.00009536743164,"y":1599.7498779296875}},"109":{"from_node_id":"118","to_node_id":"123","b1":{"x":7.999904632568359,"y":1608.9998779296875},"b2":{"x":7.999904632568359,"y":1554.7498779296875}},"110":{"from_node_id":"120","to_node_id":"124","b1":{"x":7.999904632568359,"y":1736.9998779296875},"b2":{"x":25.99990463256836,"y":1742.2498779296875}},"111":{"from_node_id":"120","to_node_id":"125","b1":{"x":7.999904632568359,"y":1736.9998779296875},"b2":{"x":-10.00009536743164,"y":1742.2498779296875}}}},"14":{"name":"Leucyl-tRNA synthetase","bigg_id":"LEUTRS","reversibility":false,"label_x":493.9998788833618,"label_y":1680.9998779296875,"gene_reaction_rule":"b0642","genes":[{"notes":{"original_bigg_ids":["b0642"]},"name":"leuS","bigg_id":"b0642"}],"metabolites":[{"bigg_id":"leutrna_c","coefficient":1},{"bigg_id":"leu__L_c","coefficient":-1},{"bigg_id":"atp_c","coefficient":-1},{"bigg_id":"ppi_c","coefficient":1},{"bigg_id":"amp_c","coefficient":1},{"bigg_id":"trnaleu_c","coefficient":-1}],"segments":{"112":{"from_node_id":"127","to_node_id":"128","b1":null,"b2":null},"113":{"from_node_id":"129","to_node_id":"128","b1":null,"b2":null},"114":{"from_node_id":"129","to_node_id":"130","b1":{"x":478.9998788833618,"y":1732.9998779296875},"b2":{"x":478.9998788833618,"y":1787.2498779296875}},"115":{"from_node_id":"127","to_node_id":"126","b1":{"x":478.9998788833618,"y":1608.9998779296875},"b2":{"x":478.9998788833618,"y":1554.7498779296875}},"116":{"from_node_id":"127","to_node_id":"131","b1":{"x":478.9998788833618,"y":1604.9998779296875},"b2":{"x":496.9998788833618,"y":1599.7498779296875}},"117":{"from_node_id":"129","to_node_id":"132","b1":{"x":478.9998788833618,"y":1736.9998779296875},"b2":{"x":496.9998788833618,"y":1742.2498779296875}},"118":{"from_node_id":"129","to_node_id":"133","b1":{"x":478.9998788833618,"y":1736.9998779296875},"b2":{"x":460.9998788833618,"y":1742.2498779296875}},"119":{"from_node_id":"127","to_node_id":"134","b1":{"x":478.9998788833618,"y":1604.9998779296875},"b2":{"x":460.9998788833618,"y":1599.7498779296875}}}},"15":{"name":"Valyl-tRNA synthetase","bigg_id":"VALTRS","reversibility":false,"label_x":946.9998178482056,"label_y":1674.9998779296875,"gene_reaction_rule":"b4258","genes":[{"notes":{"original_bigg_ids":["b4258"]},"name":"valS","bigg_id":"b4258"}],"metabolites":[{"bigg_id":"valtrna_c","coefficient":1},{"bigg_id":"atp_c","coefficient":-1},{"bigg_id":"ppi_c","coefficient":1},{"bigg_id":"amp_c","coefficient":1},{"bigg_id":"trnaval_c","coefficient":-1},{"bigg_id":"val__L_c","coefficient":-1}],"segments":{"120":{"from_node_id":"136","to_node_id":"137","b1":null,"b2":null},"121":{"from_node_id":"138","to_node_id":"137","b1":null,"b2":null},"122":{"from_node_id":"138","to_node_id":"139","b1":{"x":931.9998178482056,"y":1726.9998779296875},"b2":{"x":934.9998178482056,"y":1853.2498779296875}},"123":{"from_node_id":"136","to_node_id":"135","b1":{"x":931.9998178482056,"y":1598.9998779296875},"b2":{"x":949.9998178482056,"y":1593.7498779296875}},"124":{"from_node_id":"138","to_node_id":"140","b1":{"x":931.9998178482056,"y":1730.9998779296875},"b2":{"x":949.9998178482056,"y":1736.2498779296875}},"125":{"from_node_id":"138","to_node_id":"141","b1":{"x":931.9998178482056,"y":1730.9998779296875},"b2":{"x":913.9998178482056,"y":1736.2498779296875}},"126":{"from_node_id":"136","to_node_id":"142","b1":{"x":931.9998178482056,"y":1598.9998779296875},"b2":{"x":913.9998178482056,"y":1593.7498779296875}},"127":{"from_node_id":"136","to_node_id":"143","b1":{"x":931.9998178482056,"y":1602.9998779296875},"b2":{"x":931.9998178482056,"y":1548.7498779296875}}}},"16":{"name":"Cysteinyl-tRNA synthetase","bigg_id":"CYSTRS","reversibility":false,"label_x":-499.00006008148193,"label_y":2367.999755859375,"gene_reaction_rule":"b0526","genes":[{"notes":{"original_bigg_ids":["b0526"]},"name":"cysS","bigg_id":"b0526"}],"metabolites":[{"bigg_id":"cystrna_c","coefficient":1},{"bigg_id":"atp_c","coefficient":-1},{"bigg_id":"cys__L_c","coefficient":-1},{"bigg_id":"ppi_c","coefficient":1},{"bigg_id":"amp_c","coefficient":1},{"bigg_id":"trnacys_c","coefficient":-1}],"segments":{"128":{"from_node_id":"145","to_node_id":"146","b1":null,"b2":null},"129":{"from_node_id":"147","to_node_id":"146","b1":null,"b2":null},"130":{"from_node_id":"147","to_node_id":"148","b1":{"x":-514.0000600814819,"y":2419.999755859375},"b2":{"x":-514.0000600814819,"y":2474.249755859375}},"131":{"from_node_id":"145","to_node_id":"144","b1":{"x":-514.0000600814819,"y":2291.999755859375},"b2":{"x":-532.0000600814819,"y":2286.749755859375}},"132":{"from_node_id":"145","to_node_id":"149","b1":{"x":-514.0000600814819,"y":2295.999755859375},"b2":{"x":-514.0000600814819,"y":2241.749755859375}},"133":{"from_node_id":"147","to_node_id":"150","b1":{"x":-514.0000600814819,"y":2423.999755859375},"b2":{"x":-496.00006008148193,"y":2429.249755859375}},"134":{"from_node_id":"147","to_node_id":"151","b1":{"x":-514.0000600814819,"y":2423.999755859375},"b2":{"x":-532.0000600814819,"y":2429.249755859375}},"135":{"from_node_id":"145","to_node_id":"152","b1":{"x":-514.0000600814819,"y":2291.999755859375},"b2":{"x":-496.00006008148193,"y":2286.749755859375}}}},"17":{"name":"Methionyl-tRNA synthetase","bigg_id":"METTRS","reversibility":false,"label_x":19.999905586242676,"label_y":2368,"gene_reaction_rule":"b2114","genes":[{"notes":{"original_bigg_ids":["b2114"]},"name":"metG","bigg_id":"b2114"}],"metabolites":[{"bigg_id":"mettrna_c","coefficient":1},{"bigg_id":"atp_c","coefficient":-1},{"bigg_id":"ppi_c","coefficient":1},{"bigg_id":"amp_c","coefficient":1},{"bigg_id":"met__L_c","coefficient":-1},{"bigg_id":"trnamet_c","coefficient":-1}],"segments":{"136":{"from_node_id":"154","to_node_id":"155","b1":null,"b2":null},"137":{"from_node_id":"156","to_node_id":"155","b1":null,"b2":null},"138":{"from_node_id":"156","to_node_id":"157","b1":{"x":4.999905586242676,"y":2420},"b2":{"x":4.999905586242676,"y":2561.25}},"139":{"from_node_id":"154","to_node_id":"153","b1":{"x":4.999905586242676,"y":2292},"b2":{"x":-13.000094413757324,"y":2286.75}},"140":{"from_node_id":"156","to_node_id":"158","b1":{"x":4.999905586242676,"y":2424},"b2":{"x":22.999905586242676,"y":2429.25}},"141":{"from_node_id":"156","to_node_id":"159","b1":{"x":4.999905586242676,"y":2424},"b2":{"x":-13.000094413757324,"y":2429.25}},"142":{"from_node_id":"154","to_node_id":"160","b1":{"x":4.999905586242676,"y":2296},"b2":{"x":4.999905586242676,"y":2241.75}},"143":{"from_node_id":"154","to_node_id":"161","b1":{"x":4.999905586242676,"y":2292},"b2":{"x":22.999905586242676,"y":2286.75}}}},"18":{"name":"Seryl-tRNA synthetase","bigg_id":"SERTRS","reversibility":false,"label_x":511.9998788833618,"label_y":2464,"gene_reaction_rule":"b0893","genes":[{"notes":{"original_bigg_ids":["b0893"]},"name":"serS","bigg_id":"b0893"}],"metabolites":[{"bigg_id":"atp_c","coefficient":-1},{"bigg_id":"ppi_c","coefficient":1},{"bigg_id":"sertrna_c","coefficient":1},{"bigg_id":"ser__L_c","coefficient":-1},{"bigg_id":"amp_c","coefficient":1},{"bigg_id":"trnaser_c","coefficient":-1}],"segments":{"144":{"from_node_id":"163","to_node_id":"164","b1":null,"b2":null},"145":{"from_node_id":"165","to_node_id":"164","b1":null,"b2":null},"146":{"from_node_id":"163","to_node_id":"162","b1":{"x":496.9998788833618,"y":2388},"b2":{"x":478.9998788833618,"y":2382.75}},"147":{"from_node_id":"165","to_node_id":"166","b1":{"x":496.9998788833618,"y":2520},"b2":{"x":478.9998788833618,"y":2525.25}},"148":{"from_node_id":"165","to_node_id":"167","b1":{"x":496.9998788833618,"y":2516},"b2":{"x":499.9998788833618,"y":2621.25}},"149":{"from_node_id":"163","to_node_id":"168","b1":{"x":481.9998788833618,"y":2278},"b2":{"x":628.9998788833618,"y":2205.75}},"150":{"from_node_id":"165","to_node_id":"169","b1":{"x":496.9998788833618,"y":2520},"b2":{"x":514.9998788833618,"y":2525.25}},"151":{"from_node_id":"163","to_node_id":"170","b1":{"x":505.9998788833618,"y":2385},"b2":{"x":514.9998788833618,"y":2382.75}}}},"19":{"name":"Seryl-tRNA synthetase (selenocystein)","bigg_id":"SERTRS2","reversibility":false,"label_x":940.9998178482056,"label_y":2448.9998779296875,"gene_reaction_rule":"b0893","genes":[{"notes":{"original_bigg_ids":["b0893"]},"name":"serS","bigg_id":"b0893"}],"metabolites":[{"bigg_id":"trnasecys_c","coefficient":-1},{"bigg_id":"atp_c","coefficient":-1},{"bigg_id":"ppi_c","coefficient":1},{"bigg_id":"ser__L_c","coefficient":-1},{"bigg_id":"sertrna_sec_c","coefficient":1},{"bigg_id":"amp_c","coefficient":1}],"segments":{"152":{"from_node_id":"171","to_node_id":"172","b1":null,"b2":null},"153":{"from_node_id":"173","to_node_id":"172","b1":null,"b2":null},"154":{"from_node_id":"171","to_node_id":"174","b1":{"x":925.9998178482056,"y":2372.9998779296875},"b2":{"x":943.9998178482056,"y":2367.7498779296875}},"155":{"from_node_id":"171","to_node_id":"175","b1":{"x":925.9998178482056,"y":2372.9998779296875},"b2":{"x":907.9998178482056,"y":2367.7498779296875}},"156":{"from_node_id":"173","to_node_id":"176","b1":{"x":925.9998178482056,"y":2504.9998779296875},"b2":{"x":907.9998178482056,"y":2510.2498779296875}},"157":{"from_node_id":"171","to_node_id":"168","b1":{"x":937.9998178482056,"y":2295.9998779296875},"b2":{"x":787.9998178482056,"y":2205.75}},"158":{"from_node_id":"173","to_node_id":"177","b1":{"x":925.9998178482056,"y":2500.9998779296875},"b2":{"x":925.9998178482056,"y":2555.2498779296875}},"159":{"from_node_id":"173","to_node_id":"178","b1":{"x":925.9998178482056,"y":2504.9998779296875},"b2":{"x":943.9998178482056,"y":2510.2498779296875}}}},"20":{"name":"Selenocysteine synthase","bigg_id":"SELCYSS","reversibility":false,"label_x":940.9998178482056,"label_y":2798.9998779296875,"gene_reaction_rule":"b3591","genes":[{"notes":{"original_bigg_ids":["b3591"]},"name":"selA","bigg_id":"b3591"}],"metabolites":[{"bigg_id":"sertrna_sec_c","coefficient":-1},{"bigg_id":"pi_c","coefficient":1},{"bigg_id":"h_c","coefficient":1},{"bigg_id":"sectrna_c","coefficient":1},{"bigg_id":"selnp_c","coefficient":-1}],"segments":{"160":{"from_node_id":"179","to_node_id":"180","b1":null,"b2":null},"161":{"from_node_id":"181","to_node_id":"180","b1":null,"b2":null},"162":{"from_node_id":"179","to_node_id":"177","b1":{"x":925.9998178482056,"y":2726.9998779296875},"b2":{"x":925.9998178482056,"y":2672.7498779296875}},"163":{"from_node_id":"181","to_node_id":"182","b1":{"x":925.9998178482056,"y":2854.9998779296875},"b2":{"x":943.9998178482056,"y":2860.2498779296875}},"164":{"from_node_id":"181","to_node_id":"183","b1":{"x":925.9998178482056,"y":2854.9998779296875},"b2":{"x":907.9998178482056,"y":2860.2498779296875}},"165":{"from_node_id":"181","to_node_id":"184","b1":{"x":925.9998178482056,"y":2850.9998779296875},"b2":{"x":925.9998178482056,"y":2905.2498779296875}},"166":{"from_node_id":"179","to_node_id":"185","b1":{"x":925.9998178482056,"y":2722.9998779296875},"b2":{"x":949.9997568130493,"y":2714.7498779296875}}}},"21":{"name":"Selenophosphate synthase","bigg_id":"SELNPS","reversibility":false,"label_x":1195.9998178482056,"label_y":2643.9998779296875,"gene_reaction_rule":"b1764","genes":[{"notes":{"original_bigg_ids":["b1764"]},"name":"selD","bigg_id":"b1764"}],"metabolites":[{"bigg_id":"h2o_c","coefficient":-1},{"bigg_id":"atp_c","coefficient":-1},{"bigg_id":"seln_c","coefficient":-1},{"bigg_id":"selnp_c","coefficient":1},{"bigg_id":"amp_c","coefficient":1},{"bigg_id":"pi_c","coefficient":1}],"segments":{"167":{"from_node_id":"186","to_node_id":"187","b1":null,"b2":null},"168":{"from_node_id":"188","to_node_id":"187","b1":null,"b2":null},"169":{"from_node_id":"186","to_node_id":"189","b1":{"x":1311.9998178482056,"y":2683.9998779296875},"b2":{"x":1317.2498178482056,"y":2665.9998779296875}},"170":{"from_node_id":"186","to_node_id":"190","b1":{"x":1311.9998178482056,"y":2683.9998779296875},"b2":{"x":1317.2498178482056,"y":2701.9998779296875}},"171":{"from_node_id":"186","to_node_id":"191","b1":{"x":1307.9998178482056,"y":2683.9998779296875},"b2":{"x":1362.2498178482056,"y":2683.9998779296875}},"172":{"from_node_id":"188","to_node_id":"185","b1":{"x":1183.9998178482056,"y":2683.9998779296875},"b2":{"x":1060.7498178482056,"y":2680.9998779296875}},"173":{"from_node_id":"188","to_node_id":"192","b1":{"x":1179.9998178482056,"y":2683.9998779296875},"b2":{"x":1174.7498178482056,"y":2665.9998779296875}},"174":{"from_node_id":"188","to_node_id":"193","b1":{"x":1179.9998178482056,"y":2683.9998779296875},"b2":{"x":1174.7498178482056,"y":2701.9998779296875}}}},"23":{"name":"Methionyl-tRNA formyltransferase","bigg_id":"FMETTRS","reversibility":false,"label_x":1466.852783203125,"label_y":1676.5657958984375,"gene_reaction_rule":"b3288","genes":[{"notes":{"original_bigg_ids":["b3288"]},"name":"fmt","bigg_id":"b3288"}],"metabolites":[{"bigg_id":"thf_c","coefficient":1},{"bigg_id":"mettrna_c","coefficient":-1},{"bigg_id":"10fthf_c","coefficient":-1},{"bigg_id":"fmettrna_c","coefficient":1},{"bigg_id":"h_c","coefficient":1}],"segments":{"182":{"from_node_id":"203","to_node_id":"204","b1":null,"b2":null},"183":{"from_node_id":"205","to_node_id":"204","b1":null,"b2":null},"184":{"from_node_id":"205","to_node_id":"206","b1":{"x":1451.852783203125,"y":1732.5657958984375},"b2":{"x":1433.852783203125,"y":1737.8157958984375}},"185":{"from_node_id":"203","to_node_id":"202","b1":{"x":1451.852783203125,"y":1600.5657958984375},"b2":{"x":1433.852783203125,"y":1595.3157958984375}},"186":{"from_node_id":"203","to_node_id":"207","b1":{"x":1451.852783203125,"y":1604.5657958984375},"b2":{"x":1451.852783203125,"y":1550.3157958984375}},"187":{"from_node_id":"205","to_node_id":"208","b1":{"x":1451.852783203125,"y":1728.5657958984375},"b2":{"x":1451.852783203125,"y":1782.8157958984375}},"188":{"from_node_id":"205","to_node_id":"209","b1":{"x":1451.852783203125,"y":1732.5657958984375},"b2":{"x":1469.852783203125,"y":1737.8157958984375}}}}},"nodes":{"0":{"node_type":"metabolite","x":-422.00006103515625,"y":-432,"bigg_id":"trnaala_c","name":"TRNA(Ala)","label_x":-407.00006103515625,"label_y":-432,"node_is_primary":false},"1":{"node_type":"multimarker","x":-502.00006103515625,"y":-347},"2":{"node_type":"midmarker","x":-502.00006103515625,"y":-327},"3":{"node_type":"multimarker","x":-502.00006103515625,"y":-307},"4":{"node_type":"metabolite","x":-582.0000610351562,"y":-432,"bigg_id":"atp_c","name":"ATP","label_x":-645.0000610351562,"label_y":-402,"node_is_primary":false},"5":{"node_type":"metabolite","x":-582.0000610351562,"y":-222,"bigg_id":"ppi_c","name":"Diphosphate","label_x":-660.0000610351562,"label_y":-201,"node_is_primary":false},"6":{"node_type":"metabolite","x":-502.00006103515625,"y":-502,"bigg_id":"ala__L_c","name":"L-Alanine","label_x":-471.00006103515625,"label_y":-496.0000305175781,"node_is_primary":true},"7":{"node_type":"metabolite","x":-422.00006103515625,"y":-222,"bigg_id":"amp_c","name":"AMP","label_x":-407.00006103515625,"label_y":-222,"node_is_primary":false},"8":{"node_type":"metabolite","x":-502.00006103515625,"y":-152,"bigg_id":"alatrna_c","name":"L-Alanyl-tRNA(Ala)","label_x":-474.00006103515625,"label_y":-146,"node_is_primary":true},"9":{"node_type":"metabolite","x":66.99990653991699,"y":-441,"bigg_id":"atp_c","name":"ATP","label_x":81.99990653991699,"label_y":-441,"node_is_primary":false},"10":{"node_type":"multimarker","x":-13.000093460083008,"y":-356},"11":{"node_type":"midmarker","x":-13.000093460083008,"y":-336},"12":{"node_type":"multimarker","x":-13.000093460083008,"y":-316},"13":{"node_type":"metabolite","x":-10.000093460083008,"y":-95.00000381469727,"bigg_id":"glntrna_c","name":"L-Glutaminyl-tRNA(Gln)","label_x":17.999906539916992,"label_y":-86.00000381469727,"node_is_primary":true},"14":{"node_type":"metabolite","x":-93.00009346008301,"y":-441,"bigg_id":"trnagln_c","name":"TRNA(Gln)","label_x":-165.000093460083,"label_y":-411,"node_is_primary":false},"15":{"node_type":"metabolite","x":66.99990653991699,"y":-231,"bigg_id":"ppi_c","name":"Diphosphate","label_x":81.99990653991699,"label_y":-231,"node_is_primary":false},"16":{"node_type":"metabolite","x":-93.00009346008301,"y":-231,"bigg_id":"amp_c","name":"AMP","label_x":-138.000093460083,"label_y":-201,"node_is_primary":false},"17":{"node_type":"metabolite","x":-13.000093460083008,"y":-511,"bigg_id":"gln__L_c","name":"L-Glutamine","label_x":14.999906539916992,"label_y":-505.0000305175781,"node_is_primary":true},"18":{"node_type":"metabolite","x":540.9998779296875,"y":-449.9999694824219,"bigg_id":"trnaphe_c","name":"TRNA(Phe)","label_x":555.9998779296875,"label_y":-449.9999694824219,"node_is_primary":false},"19":{"node_type":"multimarker","x":460.9998779296875,"y":-364.9999694824219},"20":{"node_type":"midmarker","x":460.9998779296875,"y":-344.9999694824219},"21":{"node_type":"multimarker","x":460.9998779296875,"y":-324.9999694824219},"22":{"node_type":"metabolite","x":380.9998779296875,"y":-449.9999694824219,"bigg_id":"atp_c","name":"ATP","label_x":317.9998779296875,"label_y":-425.9999694824219,"node_is_primary":false},"23":{"node_type":"metabolite","x":460.9998779296875,"y":-519.9999694824219,"bigg_id":"phe__L_c","name":"L-Phenylalanine","label_x":491.9998779296875,"label_y":-516.9999694824219,"node_is_primary":true},"24":{"node_type":"metabolite","x":380.9998779296875,"y":-239.99996948242188,"bigg_id":"ppi_c","name":"Diphosphate","label_x":299.9998779296875,"label_y":-209.99996948242188,"node_is_primary":false},"25":{"node_type":"metabolite","x":540.9998779296875,"y":-239.99996948242188,"bigg_id":"amp_c","name":"AMP","label_x":555.9998779296875,"label_y":-239.99996948242188,"node_is_primary":false},"26":{"node_type":"metabolite","x":460.9998779296875,"y":-169.99996948242188,"bigg_id":"phetrna_c","name":"L-Phenylalanyl-tRNA(Phe)","label_x":488.9998779296875,"label_y":-160.99996948242188,"node_is_primary":true},"27":{"node_type":"metabolite","x":848.9998168945312,"y":-446.9999694824219,"bigg_id":"atp_c","name":"ATP","label_x":785.9998168945312,"label_y":-422.9999694824219,"node_is_primary":false},"28":{"node_type":"multimarker","x":928.9998168945312,"y":-361.9999694824219},"29":{"node_type":"midmarker","x":928.9998168945312,"y":-341.9999694824219},"30":{"node_type":"multimarker","x":928.9998168945312,"y":-321.9999694824219},"31":{"node_type":"metabolite","x":931.9998168945312,"y":-106.99996948242188,"bigg_id":"thrtrna_c","name":"L-Threonyl-tRNA(Thr)","label_x":959.9998168945312,"label_y":-97.99996948242188,"node_is_primary":true},"32":{"node_type":"metabolite","x":1008.9998168945312,"y":-236.99996948242188,"bigg_id":"ppi_c","name":"Diphosphate","label_x":1023.9998168945312,"label_y":-236.99996948242188,"node_is_primary":false},"33":{"node_type":"metabolite","x":848.9998168945312,"y":-236.99996948242188,"bigg_id":"amp_c","name":"AMP","label_x":803.9998168945312,"label_y":-206.99996948242188,"node_is_primary":false},"34":{"node_type":"metabolite","x":928.9998168945312,"y":-516.9999694824219,"bigg_id":"thr__L_c","name":"L-Threonine","label_x":959.9998168945312,"label_y":-510.9999694824219,"node_is_primary":true},"35":{"node_type":"metabolite","x":1008.9998168945312,"y":-446.9999694824219,"bigg_id":"trnathr_c","name":"TRNA(Thr)","label_x":1023.9998168945312,"label_y":-446.9999694824219,"node_is_primary":false},"36":{"node_type":"metabolite","x":-585.0000610351562,"y":242.99993896484375,"bigg_id":"atp_c","name":"ATP","label_x":-651.0000610351562,"label_y":263.99993896484375,"node_is_primary":false},"37":{"node_type":"multimarker","x":-505.00006103515625,"y":327.99993896484375},"38":{"node_type":"midmarker","x":-505.00006103515625,"y":347.99993896484375},"39":{"node_type":"multimarker","x":-505.00006103515625,"y":367.99993896484375},"40":{"node_type":"metabolite","x":-585.0000610351562,"y":452.99993896484375,"bigg_id":"ppi_c","name":"Diphosphate","label_x":-666.0000610351562,"label_y":482.99993896484375,"node_is_primary":false},"41":{"node_type":"metabolite","x":-505.00006103515625,"y":522.9999389648438,"bigg_id":"argtrna_c","name":"L-Arginyl-tRNA(Arg)","label_x":-477.00006103515625,"label_y":528.9999084472656,"node_is_primary":true},"42":{"node_type":"metabolite","x":-505.00006103515625,"y":172.99993896484375,"bigg_id":"arg__L_c","name":"L-Arginine","label_x":-474.00006103515625,"label_y":175.99993896484375,"node_is_primary":true},"43":{"node_type":"metabolite","x":-425.00006103515625,"y":452.99993896484375,"bigg_id":"amp_c","name":"AMP","label_x":-410.00006103515625,"label_y":452.99993896484375,"node_is_primary":false},"44":{"node_type":"metabolite","x":-425.00006103515625,"y":242.99993896484375,"bigg_id":"trnaarg_c","name":"TRNA(Arg)","label_x":-410.00006103515625,"label_y":242.99993896484375,"node_is_primary":false},"45":{"node_type":"metabolite","x":81.99990510940552,"y":242.99993896484375,"bigg_id":"atp_c","name":"ATP","label_x":96.99990510940552,"label_y":242.99993896484375,"node_is_primary":false},"46":{"node_type":"multimarker","x":1.9999051094055176,"y":327.99993896484375},"47":{"node_type":"midmarker","x":1.9999051094055176,"y":347.99993896484375},"48":{"node_type":"multimarker","x":1.9999051094055176,"y":367.99993896484375},"49":{"node_type":"metabolite","x":1.9999051094055176,"y":579.9998779296875,"bigg_id":"glytrna_c","name":"Glycyl-tRNA(Gly)","label_x":32.99990510940552,"label_y":585.9998779296875,"node_is_primary":true},"50":{"node_type":"metabolite","x":81.99990510940552,"y":452.99993896484375,"bigg_id":"ppi_c","name":"Diphosphate","label_x":96.99990510940552,"label_y":452.99993896484375,"node_is_primary":false},"51":{"node_type":"metabolite","x":-78.00009489059448,"y":242.99993896484375,"bigg_id":"trnagly_c","name":"TRNA(Gly)","label_x":-156.00008726119995,"label_y":278.99993896484375,"node_is_primary":false},"52":{"node_type":"metabolite","x":-78.00009489059448,"y":452.99993896484375,"bigg_id":"amp_c","name":"AMP","label_x":-123.00009489059448,"label_y":482.99993896484375,"node_is_primary":false},"53":{"node_type":"metabolite","x":1.9999051094055176,"y":172.99993896484375,"bigg_id":"gly_c","name":"Glycine","label_x":29.999905109405518,"label_y":178.99993896484375,"node_is_primary":true},"54":{"node_type":"metabolite","x":546.9998779296875,"y":230.99993896484375,"bigg_id":"atp_c","name":"ATP","label_x":561.9998779296875,"label_y":230.99993896484375,"node_is_primary":false},"55":{"node_type":"multimarker","x":466.9998779296875,"y":315.99993896484375},"56":{"node_type":"midmarker","x":466.9998779296875,"y":335.99993896484375},"57":{"node_type":"multimarker","x":466.9998779296875,"y":355.99993896484375},"58":{"node_type":"metabolite","x":386.9998779296875,"y":230.99993896484375,"bigg_id":"trnapro_c","name":"TRNA(Pro)","label_x":305.9998779296875,"label_y":266.99993896484375,"node_is_primary":false},"59":{"node_type":"metabolite","x":386.9998779296875,"y":440.99993896484375,"bigg_id":"ppi_c","name":"Diphosphate","label_x":305.9998779296875,"label_y":470.99993896484375,"node_is_primary":false},"60":{"node_type":"metabolite","x":466.9998779296875,"y":160.99993896484375,"bigg_id":"pro__L_c","name":"L-Proline","label_x":494.9998779296875,"label_y":163.99993896484375,"node_is_primary":true},"61":{"node_type":"metabolite","x":466.9998779296875,"y":510.99993896484375,"bigg_id":"protrna_c","name":"L-Prolyl-tRNA(Pro)","label_x":494.9998779296875,"label_y":519.9999389648438,"node_is_primary":true},"62":{"node_type":"metabolite","x":546.9998779296875,"y":440.99993896484375,"bigg_id":"amp_c","name":"AMP","label_x":561.9998779296875,"label_y":440.99993896484375,"node_is_primary":false},"63":{"node_type":"metabolite","x":1014.9998168945312,"y":233.99993896484375,"bigg_id":"atp_c","name":"ATP","label_x":1029.9998168945312,"label_y":233.99993896484375,"node_is_primary":false},"64":{"node_type":"multimarker","x":934.9998168945312,"y":318.99993896484375},"65":{"node_type":"midmarker","x":934.9998168945312,"y":338.99993896484375},"66":{"node_type":"multimarker","x":934.9998168945312,"y":358.99993896484375},"67":{"node_type":"metabolite","x":1014.9998168945312,"y":443.99993896484375,"bigg_id":"ppi_c","name":"Diphosphate","label_x":1029.9998168945312,"label_y":443.99993896484375,"node_is_primary":false},"68":{"node_type":"metabolite","x":854.9998168945312,"y":233.99993896484375,"bigg_id":"trnatrp_c","name":"TRNA(Trp)","label_x":782.9998168945312,"label_y":269.9999542236328,"node_is_primary":false},"69":{"node_type":"metabolite","x":854.9998168945312,"y":443.99993896484375,"bigg_id":"amp_c","name":"AMP","label_x":809.9998168945312,"label_y":473.99993896484375,"node_is_primary":false},"70":{"node_type":"metabolite","x":937.9998168945312,"y":567.9998779296875,"bigg_id":"trptrna_c","name":"L-Tryptophanyl-tRNA(Trp)","label_x":968.9998168945312,"label_y":573.9998474121094,"node_is_primary":true},"71":{"node_type":"metabolite","x":934.9998168945312,"y":163.99993896484375,"bigg_id":"trp__L_c","name":"L-Tryptophan","label_x":968.9998168945312,"label_y":166.99993896484375,"node_is_primary":true},"72":{"node_type":"metabolite","x":-425.0000605583191,"y":908.9998779296875,"bigg_id":"trnaasn_c","name":"TRNA(Asn)","label_x":-410.0000605583191,"label_y":908.9998779296875,"node_is_primary":false},"73":{"node_type":"multimarker","x":-505.0000605583191,"y":993.9998779296875},"74":{"node_type":"midmarker","x":-505.0000605583191,"y":1013.9998779296875},"75":{"node_type":"multimarker","x":-505.0000605583191,"y":1033.9998779296875},"76":{"node_type":"metabolite","x":-585.0000605583191,"y":908.9998779296875,"bigg_id":"atp_c","name":"ATP","label_x":-657.0000605583191,"label_y":938.9998779296875,"node_is_primary":false},"77":{"node_type":"metabolite","x":-505.0000605583191,"y":838.9998779296875,"bigg_id":"asn__L_c","name":"L-Asparagine","label_x":-480.0000605583191,"label_y":844.9998779296875,"node_is_primary":true},"78":{"node_type":"metabolite","x":-425.0000605583191,"y":1118.9998779296875,"bigg_id":"amp_c","name":"AMP","label_x":-410.0000605583191,"label_y":1118.9998779296875,"node_is_primary":false},"79":{"node_type":"metabolite","x":-505.0000605583191,"y":1188.9998779296875,"bigg_id":"asntrna_c","name":"L-Asparaginyl-tRNA(Asn)","label_x":-480.0000605583191,"label_y":1188.9998779296875,"node_is_primary":true},"80":{"node_type":"metabolite","x":-585.0000605583191,"y":1118.9998779296875,"bigg_id":"ppi_c","name":"Diphosphate","label_x":-630.0000605583191,"label_y":1148.9998779296875,"node_is_primary":false},"81":{"node_type":"metabolite","x":-75.00009489059448,"y":905.9998779296875,"bigg_id":"atp_c","name":"ATP","label_x":-132.00008726119995,"label_y":932.9998779296875,"node_is_primary":false},"82":{"node_type":"multimarker","x":4.999905109405518,"y":990.9998779296875},"83":{"node_type":"midmarker","x":4.999905109405518,"y":1010.9998779296875},"84":{"node_type":"multimarker","x":4.999905109405518,"y":1030.9998779296875},"85":{"node_type":"metabolite","x":7.999905109405518,"y":1248.9998779296875,"bigg_id":"histrna_c","name":"L-Histidyl-tRNA(His)","label_x":32.99990510940552,"label_y":1248.9998779296875,"node_is_primary":true},"86":{"node_type":"metabolite","x":4.999905109405518,"y":835.9998779296875,"bigg_id":"his__L_c","name":"L-Histidine","label_x":32.99990510940552,"label_y":841.9998779296875,"node_is_primary":true},"87":{"node_type":"metabolite","x":84.99990510940552,"y":1115.9998779296875,"bigg_id":"ppi_c","name":"Diphosphate","label_x":99.99990510940552,"label_y":1115.9998779296875,"node_is_primary":false},"88":{"node_type":"metabolite","x":84.99990510940552,"y":905.9998779296875,"bigg_id":"trnahis_c","name":"TRNA(His)","label_x":99.99990510940552,"label_y":905.9998779296875,"node_is_primary":false},"89":{"node_type":"metabolite","x":-75.00009489059448,"y":1115.9998779296875,"bigg_id":"amp_c","name":"AMP","label_x":-120.00009489059448,"label_y":1145.9998779296875,"node_is_primary":false},"90":{"node_type":"metabolite","x":392.99987840652466,"y":902.9998779296875,"bigg_id":"trnalys_c","name":"TRNA(Lys)","label_x":281.99987840652466,"label_y":908.9998779296875,"node_is_primary":false},"91":{"node_type":"multimarker","x":472.99987840652466,"y":987.9998779296875},"92":{"node_type":"midmarker","x":472.99987840652466,"y":1007.9998779296875},"93":{"node_type":"multimarker","x":472.99987840652466,"y":1027.9998779296875},"94":{"node_type":"metabolite","x":472.99987840652466,"y":832.9998779296875,"bigg_id":"lys__L_c","name":"L-Lysine","label_x":500.99987840652466,"label_y":838.9998779296875,"node_is_primary":true},"95":{"node_type":"metabolite","x":552.9998784065247,"y":902.9998779296875,"bigg_id":"atp_c","name":"ATP","label_x":567.9998784065247,"label_y":902.9998779296875,"node_is_primary":false},"96":{"node_type":"metabolite","x":392.99987840652466,"y":1112.9998779296875,"bigg_id":"ppi_c","name":"Diphosphate","label_x":311.99987840652466,"label_y":1142.9998779296875,"node_is_primary":false},"97":{"node_type":"metabolite","x":552.9998784065247,"y":1112.9998779296875,"bigg_id":"amp_c","name":"AMP","label_x":567.9998784065247,"label_y":1112.9998779296875,"node_is_primary":false},"98":{"node_type":"metabolite","x":472.99987840652466,"y":1182.9998779296875,"bigg_id":"lystrna_c","name":"L-Lysine-tRNA (Lys)","label_x":497.99987840652466,"label_y":1182.9998779296875,"node_is_primary":true},"99":{"node_type":"metabolite","x":1014.9998173713684,"y":893.9998779296875,"bigg_id":"atp_c","name":"ATP","label_x":1029.9998173713684,"label_y":893.9998779296875,"node_is_primary":false},"100":{"node_type":"multimarker","x":934.9998173713684,"y":978.9998779296875},"101":{"node_type":"midmarker","x":934.9998173713684,"y":998.9998779296875},"102":{"node_type":"multimarker","x":934.9998173713684,"y":1018.9998779296875},"103":{"node_type":"metabolite","x":854.9998173713684,"y":1103.9998779296875,"bigg_id":"ppi_c","name":"Diphosphate","label_x":773.9998173713684,"label_y":1133.9998779296875,"node_is_primary":false},"104":{"node_type":"metabolite","x":940.9998173713684,"y":1239.9998779296875,"bigg_id":"tyrtrna_c","name":"L-Tyrosyl-tRNA(Tyr)","label_x":965.9998173713684,"label_y":1239.9998779296875,"node_is_primary":true},"105":{"node_type":"metabolite","x":854.9998173713684,"y":893.9998779296875,"bigg_id":"trnatyr_c","name":"TRNA(Tyr)","label_x":764.9998173713684,"label_y":929.9998779296875,"node_is_primary":false},"106":{"node_type":"metabolite","x":1014.9998173713684,"y":1103.9998779296875,"bigg_id":"amp_c","name":"AMP","label_x":1029.9998173713684,"label_y":1103.9998779296875,"node_is_primary":false},"107":{"node_type":"metabolite","x":934.9998173713684,"y":823.9998779296875,"bigg_id":"tyr__L_c","name":"L-Tyrosine","label_x":962.9998173713684,"label_y":826.9998779296875,"node_is_primary":true},"108":{"node_type":"metabolite","x":-588.0000600814819,"y":1565.9998779296875,"bigg_id":"atp_c","name":"ATP","label_x":-645.0000600814819,"label_y":1592.9998779296875,"node_is_primary":false},"109":{"node_type":"multimarker","x":-508.00006008148193,"y":1650.9998779296875},"110":{"node_type":"midmarker","x":-508.00006008148193,"y":1670.9998779296875},"111":{"node_type":"multimarker","x":-508.00006008148193,"y":1690.9998779296875},"112":{"node_type":"metabolite","x":-508.00006008148193,"y":1845.9998779296875,"bigg_id":"asptrna_c","name":"L-Aspartyl-tRNA(Asp)","label_x":-480.00006008148193,"label_y":1854.9998779296875,"node_is_primary":true},"113":{"node_type":"metabolite","x":-508.00006008148193,"y":1495.9998779296875,"bigg_id":"asp__L_c","name":"L-Aspartate","label_x":-474.00006008148193,"label_y":1501.9998779296875,"node_is_primary":true},"114":{"node_type":"metabolite","x":-428.00006008148193,"y":1775.9998779296875,"bigg_id":"ppi_c","name":"Diphosphate","label_x":-413.00006008148193,"label_y":1775.9998779296875,"node_is_primary":false},"115":{"node_type":"metabolite","x":-588.0000600814819,"y":1775.9998779296875,"bigg_id":"amp_c","name":"AMP","label_x":-633.0000600814819,"label_y":1805.9998779296875,"node_is_primary":false},"116":{"node_type":"metabolite","x":-428.00006008148193,"y":1565.9998779296875,"bigg_id":"trnaasp_c","name":"TRNA(Asp)","label_x":-413.00006008148193,"label_y":1565.9998779296875,"node_is_primary":false},"117":{"node_type":"metabolite","x":87.99990463256836,"y":1565.9998779296875,"bigg_id":"trnaile_c","name":"TRNA(Ile)","label_x":102.99990463256836,"label_y":1565.9998779296875,"node_is_primary":false},"118":{"node_type":"multimarker","x":7.999904632568359,"y":1650.9998779296875},"119":{"node_type":"midmarker","x":7.999904632568359,"y":1670.9998779296875},"120":{"node_type":"multimarker","x":7.999904632568359,"y":1690.9998779296875},"121":{"node_type":"metabolite","x":7.999904632568359,"y":1911.9998779296875,"bigg_id":"iletrna_c","name":"L-Isoleucyl-tRNA(Ile)","label_x":38.99990463256836,"label_y":1917.9998779296875,"node_is_primary":true},"122":{"node_type":"metabolite","x":-72.00009536743164,"y":1565.9998779296875,"bigg_id":"atp_c","name":"ATP","label_x":-141.00009536743164,"label_y":1586.9998779296875,"node_is_primary":false},"123":{"node_type":"metabolite","x":7.999904632568359,"y":1495.9998779296875,"bigg_id":"ile__L_c","name":"L-Isoleucine","label_x":35.99990463256836,"label_y":1501.9998779296875,"node_is_primary":true},"124":{"node_type":"metabolite","x":87.99990463256836,"y":1775.9998779296875,"bigg_id":"ppi_c","name":"Diphosphate","label_x":102.99990463256836,"label_y":1775.9998779296875,"node_is_primary":false},"125":{"node_type":"metabolite","x":-72.00009536743164,"y":1775.9998779296875,"bigg_id":"amp_c","name":"AMP","label_x":-117.00009536743164,"label_y":1805.9998779296875,"node_is_primary":false},"126":{"node_type":"metabolite","x":478.9998788833618,"y":1495.9998779296875,"bigg_id":"leu__L_c","name":"L-Leucine","label_x":509.9998788833618,"label_y":1501.9998779296875,"node_is_primary":true},"127":{"node_type":"multimarker","x":478.9998788833618,"y":1650.9998779296875},"128":{"node_type":"midmarker","x":478.9998788833618,"y":1670.9998779296875},"129":{"node_type":"multimarker","x":478.9998788833618,"y":1690.9998779296875},"130":{"node_type":"metabolite","x":478.9998788833618,"y":1845.9998779296875,"bigg_id":"leutrna_c","name":"L-Leucyl-tRNA(Leu)","label_x":512.9998788833618,"label_y":1854.9998779296875,"node_is_primary":true},"131":{"node_type":"metabolite","x":558.9998788833618,"y":1565.9998779296875,"bigg_id":"atp_c","name":"ATP","label_x":573.9998788833618,"label_y":1565.9998779296875,"node_is_primary":false},"132":{"node_type":"metabolite","x":558.9998788833618,"y":1775.9998779296875,"bigg_id":"ppi_c","name":"Diphosphate","label_x":573.9998788833618,"label_y":1775.9998779296875,"node_is_primary":false},"133":{"node_type":"metabolite","x":398.9998788833618,"y":1775.9998779296875,"bigg_id":"amp_c","name":"AMP","label_x":353.9998788833618,"label_y":1805.9998779296875,"node_is_primary":false},"134":{"node_type":"metabolite","x":398.9998788833618,"y":1565.9998779296875,"bigg_id":"trnaleu_c","name":"TRNA(Leu)","label_x":305.9998788833618,"label_y":1595.9998779296875,"node_is_primary":false},"135":{"node_type":"metabolite","x":1011.9998178482056,"y":1559.9998779296875,"bigg_id":"atp_c","name":"ATP","label_x":1026.9998178482056,"label_y":1559.9998779296875,"node_is_primary":false},"136":{"node_type":"multimarker","x":931.9998178482056,"y":1644.9998779296875},"137":{"node_type":"midmarker","x":931.9998178482056,"y":1664.9998779296875},"138":{"node_type":"multimarker","x":931.9998178482056,"y":1684.9998779296875},"139":{"node_type":"metabolite","x":934.9998178482056,"y":1911.9998779296875,"bigg_id":"valtrna_c","name":"L-Valyl-tRNA(Val)","label_x":962.9998178482056,"label_y":1914.9998779296875,"node_is_primary":true},"140":{"node_type":"metabolite","x":1011.9998178482056,"y":1769.9998779296875,"bigg_id":"ppi_c","name":"Diphosphate","label_x":1026.9998178482056,"label_y":1769.9998779296875,"node_is_primary":false},"141":{"node_type":"metabolite","x":851.9998178482056,"y":1769.9998779296875,"bigg_id":"amp_c","name":"AMP","label_x":806.9998178482056,"label_y":1799.9998779296875,"node_is_primary":false},"142":{"node_type":"metabolite","x":851.9998178482056,"y":1559.9998779296875,"bigg_id":"trnaval_c","name":"TRNA(Val)","label_x":773.9998178482056,"label_y":1592.9998779296875,"node_is_primary":false},"143":{"node_type":"metabolite","x":931.9998178482056,"y":1489.9998779296875,"bigg_id":"val__L_c","name":"L-Valine","label_x":962.9998178482056,"label_y":1495.9998779296875,"node_is_primary":true},"144":{"node_type":"metabolite","x":-594.0000600814819,"y":2252.999755859375,"bigg_id":"atp_c","name":"ATP","label_x":-675.0000600814819,"label_y":2282.999755859375,"node_is_primary":false},"145":{"node_type":"multimarker","x":-514.0000600814819,"y":2337.999755859375},"146":{"node_type":"midmarker","x":-514.0000600814819,"y":2357.999755859375},"147":{"node_type":"multimarker","x":-514.0000600814819,"y":2377.999755859375},"148":{"node_type":"metabolite","x":-514.0000600814819,"y":2532.999755859375,"bigg_id":"cystrna_c","name":"L-Cysteinyl-tRNA(Cys)","label_x":-489.00006008148193,"label_y":2532.999755859375,"node_is_primary":true},"149":{"node_type":"metabolite","x":-514.0000600814819,"y":2182.999755859375,"bigg_id":"cys__L_c","name":"L-Cysteine","label_x":-489.00006008148193,"label_y":2182.999755859375,"node_is_primary":true},"150":{"node_type":"metabolite","x":-434.00006008148193,"y":2462.999755859375,"bigg_id":"ppi_c","name":"Diphosphate","label_x":-419.00006008148193,"label_y":2462.999755859375,"node_is_primary":false},"151":{"node_type":"metabolite","x":-594.0000600814819,"y":2462.999755859375,"bigg_id":"amp_c","name":"AMP","label_x":-639.0000600814819,"label_y":2492.999755859375,"node_is_primary":false},"152":{"node_type":"metabolite","x":-434.00006008148193,"y":2252.999755859375,"bigg_id":"trnacys_c","name":"TRNA(Cys)","label_x":-419.00006008148193,"label_y":2252.999755859375,"node_is_primary":false},"153":{"node_type":"metabolite","x":-75.00009441375732,"y":2253,"bigg_id":"atp_c","name":"ATP","label_x":-156.00009441375732,"label_y":2283,"node_is_primary":false},"154":{"node_type":"multimarker","x":4.999905586242676,"y":2338},"155":{"node_type":"midmarker","x":4.999905586242676,"y":2358},"156":{"node_type":"multimarker","x":4.999905586242676,"y":2378},"157":{"node_type":"metabolite","x":4.999905586242676,"y":2620,"bigg_id":"mettrna_c","name":"L-Methionyl-tRNA (Met)","label_x":29.999905586242676,"label_y":2620,"node_is_primary":true},"158":{"node_type":"metabolite","x":84.99990558624268,"y":2463,"bigg_id":"ppi_c","name":"Diphosphate","label_x":99.99990558624268,"label_y":2463,"node_is_primary":false},"159":{"node_type":"metabolite","x":-75.00009441375732,"y":2463,"bigg_id":"amp_c","name":"AMP","label_x":-120.00009441375732,"label_y":2493,"node_is_primary":false},"160":{"node_type":"metabolite","x":4.999905586242676,"y":2183,"bigg_id":"met__L_c","name":"L-Methionine","label_x":29.999905586242676,"label_y":2183,"node_is_primary":true},"161":{"node_type":"metabolite","x":84.99990558624268,"y":2253,"bigg_id":"trnamet_c","name":"TRNA(Met)","label_x":99.99990558624268,"label_y":2253,"node_is_primary":false},"162":{"node_type":"metabolite","x":416.9998788833618,"y":2349,"bigg_id":"atp_c","name":"ATP","label_x":335.9998788833618,"label_y":2379,"node_is_primary":false},"163":{"node_type":"multimarker","x":496.9998788833618,"y":2434},"164":{"node_type":"midmarker","x":496.9998788833618,"y":2454},"165":{"node_type":"multimarker","x":496.9998788833618,"y":2474},"166":{"node_type":"metabolite","x":416.9998788833618,"y":2559,"bigg_id":"ppi_c","name":"Diphosphate","label_x":335.9998788833618,"label_y":2589,"node_is_primary":false},"167":{"node_type":"metabolite","x":499.9998788833618,"y":2680,"bigg_id":"sertrna_c","name":"L-Seryl-tRNA(Ser)","label_x":524.9998788833618,"label_y":2680,"node_is_primary":true},"168":{"node_type":"metabolite","x":697.9998788833618,"y":2180,"bigg_id":"ser__L_c","name":"L-Serine","label_x":653.9998788833618,"label_y":2234,"node_is_primary":true},"169":{"node_type":"metabolite","x":576.9998788833618,"y":2559,"bigg_id":"amp_c","name":"AMP","label_x":591.9998788833618,"label_y":2559,"node_is_primary":false},"170":{"node_type":"metabolite","x":576.9998788833618,"y":2349,"bigg_id":"trnaser_c","name":"TRNA(Ser)","label_x":591.9998788833618,"label_y":2349,"node_is_primary":false},"171":{"node_type":"multimarker","x":925.9998178482056,"y":2418.9998779296875},"172":{"node_type":"midmarker","x":925.9998178482056,"y":2438.9998779296875},"173":{"node_type":"multimarker","x":925.9998178482056,"y":2458.9998779296875},"174":{"node_type":"metabolite","x":1005.9998178482056,"y":2333.9998779296875,"bigg_id":"trnasecys_c","name":"TRNA(SeCys)","label_x":1020.9998178482056,"label_y":2333.9998779296875,"node_is_primary":false},"175":{"node_type":"metabolite","x":845.9998178482056,"y":2333.9998779296875,"bigg_id":"atp_c","name":"ATP","label_x":800.9998178482056,"label_y":2363.9998779296875,"node_is_primary":false},"176":{"node_type":"metabolite","x":845.9998178482056,"y":2543.9998779296875,"bigg_id":"ppi_c","name":"Diphosphate","label_x":788.9998178482056,"label_y":2570.9998779296875,"node_is_primary":false},"177":{"node_type":"metabolite","x":925.9998178482056,"y":2613.9998779296875,"bigg_id":"sertrna_sec_c","name":"L-Seryl-tRNA(Sec)","label_x":950.9998178482056,"label_y":2613.9998779296875,"node_is_primary":true},"178":{"node_type":"metabolite","x":1005.9998178482056,"y":2543.9998779296875,"bigg_id":"amp_c","name":"AMP","label_x":1020.9998178482056,"label_y":2543.9998779296875,"node_is_primary":false},"179":{"node_type":"multimarker","x":925.9998178482056,"y":2768.9998779296875},"180":{"node_type":"midmarker","x":925.9998178482056,"y":2788.9998779296875},"181":{"node_type":"multimarker","x":925.9998178482056,"y":2808.9998779296875},"182":{"node_type":"metabolite","x":1005.9998178482056,"y":2893.9998779296875,"bigg_id":"pi_c","name":"Phosphate","label_x":1020.9998178482056,"label_y":2893.9998779296875,"node_is_primary":false},"183":{"node_type":"metabolite","x":845.9998178482056,"y":2893.9998779296875,"bigg_id":"h_c","name":"H+","label_x":818.9998178482056,"label_y":2923.9998779296875,"node_is_primary":false},"184":{"node_type":"metabolite","x":925.9998178482056,"y":2963.9998779296875,"bigg_id":"sectrna_c","name":"L-Selenocysteinyl-tRNA(Sec)","label_x":950.9998178482056,"label_y":2963.9998779296875,"node_is_primary":true},"185":{"node_type":"metabolite","x":1001.9998178482056,"y":2680.9998779296875,"bigg_id":"selnp_c","name":"Selenophosphate","label_x":965.9998178482056,"label_y":2752.9998779296875,"node_is_primary":false},"186":{"node_type":"multimarker","x":1265.9998178482056,"y":2683.9998779296875},"187":{"node_type":"midmarker","x":1245.9998178482056,"y":2683.9998779296875},"188":{"node_type":"multimarker","x":1225.9998178482056,"y":2683.9998779296875},"189":{"node_type":"metabolite","x":1350.9998178482056,"y":2603.9998779296875,"bigg_id":"h2o_c","name":"H2O","label_x":1323.9998178482056,"label_y":2583.9998779296875,"node_is_primary":false},"190":{"node_type":"metabolite","x":1350.9998178482056,"y":2763.9998779296875,"bigg_id":"atp_c","name":"ATP","label_x":1318.5998178482055,"label_y":2803.9998779296875,"node_is_primary":false},"191":{"node_type":"metabolite","x":1420.9998178482056,"y":2683.9998779296875,"bigg_id":"seln_c","name":"Selenide","label_x":1393.9998178482056,"label_y":2723.9998779296875,"node_is_primary":true},"192":{"node_type":"metabolite","x":1140.9998178482056,"y":2603.9998779296875,"bigg_id":"amp_c","name":"AMP","label_x":1113.9998178482056,"label_y":2583.9998779296875,"node_is_primary":false},"193":{"node_type":"metabolite","x":1140.9998178482056,"y":2763.9998779296875,"bigg_id":"pi_c","name":"Phosphate","label_x":1119.3998178482057,"label_y":2803.9998779296875,"node_is_primary":false},"202":{"node_type":"metabolite","x":1371.852783203125,"y":1561.5657958984375,"bigg_id":"mettrna_c","name":"L-Methionyl-tRNA (Met)","label_x":1299.852783203125,"label_y":1591.5657958984375,"node_is_primary":false},"203":{"node_type":"multimarker","x":1451.852783203125,"y":1646.5657958984375},"204":{"node_type":"midmarker","x":1451.852783203125,"y":1666.5657958984375},"205":{"node_type":"multimarker","x":1451.852783203125,"y":1686.5657958984375},"206":{"node_type":"metabolite","x":1371.852783203125,"y":1771.5657958984375,"bigg_id":"thf_c","name":"5,6,7,8-Tetrahydrofolate","label_x":1344.852783203125,"label_y":1801.5657958984375,"node_is_primary":false},"207":{"node_type":"metabolite","x":1451.852783203125,"y":1491.5657958984375,"bigg_id":"10fthf_c","name":"10-Formyltetrahydrofolate","label_x":1476.852783203125,"label_y":1491.5657958984375,"node_is_primary":true},"208":{"node_type":"metabolite","x":1451.852783203125,"y":1841.5657958984375,"bigg_id":"fmettrna_c","name":"N-Formylmethionyl-tRNA","label_x":1476.852783203125,"label_y":1841.5657958984375,"node_is_primary":true},"209":{"node_type":"metabolite","x":1531.852783203125,"y":1771.5657958984375,"bigg_id":"h_c","name":"H+","label_x":1546.852783203125,"label_y":1771.5657958984375,"node_is_primary":false}},"text_labels":{"0":{"x":-613,"y":-552.9999694824219,"text":" L-Alanine"},"1":{"x":-166.00007820129395,"y":-555.9999847412109,"text":" L-Glutamine"},"2":{"x":256.9999008178711,"y":-555.9999694824219,"text":"L-Phenylalanine"},"3":{"x":760.9998168945312,"y":-555.9999694824219,"text":"L-Threonine"},"4":{"x":-628.0000457763672,"y":115.99993896484375,"text":"L-Arginine"},"5":{"x":-91.00008010864258,"y":112.99993896484375,"text":"Glycine"},"6":{"x":352.9998779296875,"y":112.99993896484375,"text":"L-Proline"},"7":{"x":772.9998779296875,"y":109.99993896484375,"text":"L-Tryptophan"},"11":{"x":-667.0000605583191,"y":784.9998779296875,"text":"L-Asparagine"},"12":{"x":-133.00008153915405,"y":784.9998779296875,"text":"L-Histidine"},"13":{"x":349.99987840652466,"y":778.9998779296875,"text":"L-Lysine"},"14":{"x":796.9997563362122,"y":775.9998779296875,"text":"L-Tyrosine"},"15":{"x":-646.0000600814819,"y":1438.9998779296875,"text":"L-Aspartate"},"16":{"x":-145.00007915496826,"y":1438.9998779296875,"text":"L-Isoleucine"},"17":{"x":340.9998788833618,"y":1441.9998779296875,"text":"L-Leucine"},"18":{"x":823.9998178482056,"y":1441.999755859375,"text":"L-Valine"},"19":{"x":-640.0000600814819,"y":2134.9998779296875,"text":"L-Cysteine"},"20":{"x":-163.00007677078247,"y":2140.9998779296875,"text":"L-Methionine"},"21":{"x":592.9998941421509,"y":2128.9998779296875,"text":"L-Serine"},"22":{"x":1447.9997568130493,"y":2698.999755859375,"text":"Selenide"},"23":{"x":-763.0000600814819,"y":2614.999755859375,"text":"L-Cysteinyl-tRNA(Cys)"},"24":{"x":-244.00007152557373,"y":2704.999755859375,"text":"L-Methionyl-tRNA (Met)"},"25":{"x":301.9998788833618,"y":2764.999755859375,"text":"L-Seryl-tRNA(Ser)"},"26":{"x":625.9999399185181,"y":3031.999755859375,"text":"L-Selenocysteinyl-tRNA(Sec)"},"27":{"x":-760.0000600814819,"y":1921.9998779296875,"text":"L-Aspartyl-tRNA(Asp)"},"28":{"x":-205.00009059906006,"y":1993.9998779296875,"text":"L-Isoleucyl-tRNA(Ile)"},"29":{"x":250.99987888336182,"y":1924.9998779296875,"text":"L-Leucyl-tRNA(Leu)"},"30":{"x":745.9998178482056,"y":1990.9998779296875,"text":"L-Valyl-tRNA(Val)"},"31":{"x":-778.0000605583191,"y":1255.9998779296875,"text":"L-Asparaginyl-tRNA(Asn)"},"32":{"x":-223.00009298324585,"y":1324.9998779296875,"text":" L-Histidyl-tRNA(His)"},"33":{"x":259.99987840652466,"y":1258.9998779296875,"text":"L-Lysine-tRNA (Lys)"},"34":{"x":715.9998173713684,"y":1318.9998779296875,"text":"L-Tyrosyl-tRNA(Tyr)"},"36":{"x":-718.0000610351562,"y":601.9999389648438,"text":"L-Arginyl-tRNA(Arg)"},"37":{"x":-202.00009441375732,"y":661.9999389648438,"text":"Glycyl-tRNA(Gly)"},"38":{"x":256.9998779296875,"y":592.9999389648438,"text":"L-Prolyl-tRNA(Pro)"},"39":{"x":643.9998168945312,"y":652.9999389648438,"text":"L-Tryptophanyl-tRNA(Trp)"},"40":{"x":-709.0000610351562,"y":-79.00003051757812,"text":"L-Alanyl-tRNA(Ala)"},"41":{"x":-271.000093460083,"y":-16.00003719329834,"text":"L-Glutaminyl-tRNA(Gln)"},"42":{"x":169.9998779296875,"y":-97.00003051757812,"text":"L-Phenylalanyl-tRNA(Phe)"},"43":{"x":682.9998168945312,"y":-28.000036239624023,"text":" L-Threonyl-tRNA(Thr)"},"44":{"x":-41.55632781982422,"y":-698.4977416992188,"text":"tRNA CHARGING SUBSYSTEM"},"46":{"x":1149.00439453125,"y":1433.8447265625,"text":"10-Formyltetrahydrofolate"},"47":{"x":1163.996826171875,"y":1913.6048583984375,"text":"N-Formylmethionyl-tRNA"}},"canvas":{"x":-848.6012573242188,"y":-817,"width":2714.4605102539062,"height":3913.80810546875}}]