,fluxes
10FTHF5GLUtl,0.0
10FTHF5GLUtm,0.0
10FTHF6GLUtl,0.0
10FTHF6GLUtm,0.0
10FTHF7GLUtl,0.0
10FTHF7GLUtm,0.0
10FTHFtl,0.0
10FTHFtm,0.0
13DAMPPOX,0.0
1PPDCRp,0.0
25HVITD2t,0.0
25HVITD2tin,0.0
25HVITD2tin_m,0.0
25HVITD2tm,0.0
25HVITD3t,0.0
25HVITD3tin,0.0
25HVITD3tin_m,0.0
25HVITD3tm,0.0
2AMACHYD,0.0
2AMADPTm,0.0
2DR1PP,0.0
2HCO3_NAt,3.584107251361502
2OXOADOXm,0.0
2OXOADPTm,0.0
34DHPLACOX,0.0
34DHPLACOX_NADP_,0.0
34DHXMANDACOX,0.0
34DHXMANDACOX_NADP_,0.0
34HPPOR,0.0
34HPPte,0.0
35CGMPtn,0.0
3DSPHR,0.00066112647038355
3HAO,0.0
3HBCOAHLm,0.0
3HCO3_NAt,0.0
3MOBt2im,0.0
3MOBte,-0.000307378665472402
3MOPt2im,0.0
3MOPte,-0.000296450144605764
3MOX4HOXPGALDOX,0.0
3MOX4HOXPGALDOX_NADP_,0.0
3SALAASPm,0.0
3SALATAi,0.0
3SALATAim,0.0
3SPYRSP,0.0
3SPYRSPm,0.0
4ABUTtm,0.0
4HGLSDm,0.0
4HPRO_LTte,0.27419382908074036
4MOPt2im,0.0
4MOPte,-0.000280033567680713
4PYRDX,0.0
5DHFtl,0.0
5MTAte,0.0
5MTHFt,0.0
5MTHFt2,0.0
5OXPROt,-9.87449072193386e-05
5THFtl,0.0
5THFtm,0.0
6DHFtl,0.0
6DHFtm,0.0
6THFtl,0.0
6THFtm,0.0
7DHFtl,0.0
7DHFtm,0.0
7THFtl,0.0
7THFtm,0.0
A4GNT2g,1.6453802059639412e-16
AACOAT,-0.006941827939027292
AACTOOR,0.0
AACTtm,0.0
AAPSAS,0.0
AASAD3,0.0
AASAD3m,0.0
AATAi,0.0
ABTArm,0.0
ABUTD,0.0
ABUTt2r,0.0
ABUTt4_2_r,0.0
ACACT1,0.0
ACACT10m,0.0
ACACT1r,0.006941827939027292
ACACT1rm,-0.002313942646342431
ACACt2m,0.006941827939027292
ACACtx,0.0
ACALDtm,0.0
ACCOAC,1.3550427685261381
ACCOACm,0.0
ACCOAtn,0.0
ACETONEt2m,0.0
ACGAM2E,0.0
ACGAM6PSi,0.05740037193949215
ACGAMK,0.0
ACGAMPM,0.05740037193949214
ACGAMtly,0.0
ACGPID,0.057400371939491796
ACHEe,0.0
ACHVESSEC,0.0
ACHtn,0.0
ACITL,1.5625039627650696
ACNAM9PL,0.0
ACNAM9PL2,13.103139924740924
ACNAMPH,0.0
ACNAMlt,5.073255635055478e-16
ACNAMtn,0.0
ACNMLr,-5.073255635055478e-16
ACOAD10m,0.0
ACOAD8m,0.0
ACOAD9m,0.0
ACOAHi,0.0
ACOAO7p,0.0
ACONT,0.0
ACONTm,-1.5684927683225047
ACP1_FMN,0.0
ACRNtm,0.0
ACS,0.057400371939491796
ACSm,0.0
ACTLMO,0.0
ACTNMO,0.0
ACYP,0.0
ACt2m,0.0
ACt2r,0.0
ADA,0.0
ADAe,0.0
ADCim,0.0
ADK1,0.09211383171479431
ADK1m,0.0
ADK3,0.0
ADK3m,0.0
ADKd,0.0
ADMDC,2.3257403080360094e-15
ADNCYC,0.0
ADNK1,0.0
ADNK1m,0.0
ADNt,0.0
ADNt4,0.0
ADNt5,0.0
ADNtm,0.0
ADPRDP,0.0
ADPT,0.0
ADPtx,-0.01388365587805458
ADRNCOAtx,0.0
ADRNt,0.0
ADSK,0.0
ADSL1,0.002525989162805572
ADSL2,0.004265740004548573
ADSS,0.002525989162805572
AG13T10g,4.6619105835644857e-17
AG13T11g,4.6619105835644857e-17
AG13T12g,4.6619105835644857e-17
AG13T13g,4.6619105835644857e-17
AG13T14g,4.6619105835644857e-17
AG13T15g,4.6619105835644857e-17
AG13T16g,6.581520823855797e-17
AG13T17g,6.581520823855797e-17
AG13T18g,6.581520823855797e-17
AG13T1g,-1.6453802059639412e-16
AG13T2g,-1.6453802059639412e-16
AG13T3g,-1.6453802059639412e-16
AG13T4g,4.6619105835644875e-17
AG13T5g,4.6619105835644857e-17
AG13T6g,4.6619105835644857e-17
AG13T7g,4.6619105835644857e-17
AG13T8g,4.6619105835644857e-17
AG13T9g,4.6619105835644857e-17
AGDC,0.0
AGPAT1,0.06742745674030898
AGTix,0.2741938290807403
AHC,0.0
AHCYStr,0.0
AHEXASEly,-2.2761092849167827e-16
AICART,0.004265740004548573
AIRCr,0.004265740004548573
AK2LGCHOLt,0.0
AKGDm,0.0
AKGMALtm,0.048731620852579066
ALAASNNaEx,0.0
ALACYSNaEx,0.0
ALADGLNexR,0.0
ALADGLYexR,0.0
ALAGLNNaEx,0.0
ALAGLNexR,0.0
ALAGLYexR,0.0
ALAR,0.0
ALASERNaEx,0.0
ALATA_L,-0.01911671490234258
ALATHRNaEx,0.0
ALAt2r,-7.427877374555607
ALAt4,0.0
ALAtN1,7.429736869519621
ALCD1,0.0
ALCD21_D,0.0
ALCD21_L,0.0
ALCD22_D,0.0
ALCD22_L,0.0
ALDD2x,0.0
ALDD2xm,0.0
ALDD2y,0.0
ALR,0.0
ALR2,0.0
ALR3,0.0
AM6SAD,0.0
AMANK,0.0
AMCOXO,0.0
AMETr,0.0
AMETt2m,0.0
AMPDA,0.0
AMPTASECG,0.0
AMPTASECGe,9.87449072193386e-05
ANTHte,0.000146905653041589
AOBUTDsm,0.0
APAT2rm,0.0
APOCF,0.0
APOCFm,0.0
APOC_LYS_BTNP,0.0
APOC_LYS_BTNPm,0.0
ARACHDCOAtx,0.0
ARACHDt2,0.0
ARACHt,0.0
ARGLYSex,0.0
ARGSL,0.01358292900955918
ARGSS,0.013582929009559179
ARGt4,0.0
ARGte,0.0
ARGtiDF,0.0
ARSA,-2.6326083295422967e-16
ARTCOAL1,0.0
ARTCOAL2,0.0
ARTCOAL3,0.0
ARTFR11,0.0
ARTFR12,0.0
ARTFR13,0.0
ARTFR31,0.0
ARTFR32,0.0
ARTFR33,0.0
ARTFR34,0.0
ARTFR41,1.3292408080945282
ARTFR42,0.0
ARTFR43,0.0
ARTFR44,1.309681044587622e-15
ARTFR46,0.0
ARTFR61,0.0
ARTPLM1,1.261152224883837
ARTPLM1m,0.0
ARTPLM2,-0.06742745674030898
ARTPLM2m,0.0
ARTPLM3,0.0
ARTPLM3m,0.0
ASAH1,0.0
ASCBOX,0.0
ASCBt,0.0
ASCBt4,0.0
ASNALANaEx,0.0
ASNCYSNaEx,0.0
ASNGLNNaEx,0.0
ASNNm,0.0
ASNS1,0.010564500340768241
ASNSERNaEx,0.0
ASNTHRNaEx,0.0
ASN_X_SER_THRtr,1.8099182265603338e-16
ASNt4,0.0
ASNtN1,0.0
ASNtm,0.0
ASP1DC,0.0
ASPCTr,0.0043484930622204165
ASPGLUm,0.28046524965055564
ASPNATm,0.0
ASPPROASCT1,0.0
ASPTA,0.23184620478349396
ASPTAm,-0.006271420569815317
ASPt6,0.0
ASPte,0.0
ATPM,0.0
ATPS4m,1.2023549331539776
ATPasel,-1.5151209396584619e-16
ATPtm,0.0
ATPtn,-1.3670901387235113e-20
ATPtx,0.013883655878054584
A_MANASEly,-1.8099182265603334e-16
B3GNT39g,0.0
BACCL,0.0
BACCLm,0.0
BALAtmr,0.0
BAMPPALDOX,0.0
BDMT_L,0.0
BDMT_U,-1.8099182265603346e-16
BETALDHxm,0.0
BHMT,0.0
BILDGLCURt,0.0
BILDGLCURte,0.0
BILGLCURt,0.0
BILGLCURte,0.0
BIOCYTtn,0.0
BMTer_L,0.05740037193949181
BMTer_U,0.0
BPNT,0.0
BPNT2,-6.972611193684198e-32
BTND1,0.0
BTND1n,0.0
BTNDm,0.0
BTNPL,0.0
BTNPLm,0.0
BTNt2,-6.96770601431841
BTNt3i,0.0
BTNt4i,6.96770601431841
BTNtn,0.0
B_MANNASEly,-1.8099182265603334e-16
C110CPT2m,0.0
C14STRr,0.0007713142154474767
C160CPT1,0.0
C160CPT2,0.0
C160CRNt,0.0
C161CPT1,0.0
C161CPT12,0.0
C161CPT2,0.0
C161CPT22,0.0
C161CRN2t,0.0
C161CRNt,0.0
C180CPT1,0.0
C180CPT2,0.0
C180CRNt,0.0
C181CPT1,0.0
C181CPT2,0.0
C181CRNt,0.0
C20CPT1,0.0
C3STDH1Pr,0.0
C3STDH1r,0.0007713142154474767
C3STKR2r,0.0007713142154474766
C4STMO1r,0.0007713142154474769
C4STMO2Pr,0.0007713142154474767
C4STMO2r,0.0
CAATPS,0.0
CATm,0.0
CATp,0.0
CAt7r,0.0
CBPS,0.004348493062220417
CBPSam,0.01358292900955918
CDIPTr,0.05828187390000321
CDPDAGtm,0.0
CDS,0.059273563605578526
CDSm,0.0
CEPTC,0.12361576348409761
CEPTE,0.0
CERT1gt,0.0
CERT1rt,0.0
CERT2gt,0.0
CERT2rt,0.0
CGLYt3_2_,0.0
CHAT,0.0
CHATn,0.0
CHLP,0.0
CHLPCTD,0.12361576348409761
CHLtm,0.0
CHOLATEt,0.0
CHOLATEt2,0.0
CHOLATEt3,0.0
CHOLD2m,0.0
CHOLK,0.12361576348409764
CHOLPtg,0.0
CHOLPtl,0.0
CHOLt4,0.0
CHOLtg,0.0
CHOLtn,0.0
CHOLtr,0.0
CHOLtu,0.00650107695877161
CHSTEROLSULT,0.0
CHSTEROLt2,0.000771314215447477
CHSTEROLt3,-0.0007713142154474773
CITL,0.0
CITRtm,0.01358292900955918
CITt4_2,-0.00598880555743508
CITt4_4,0.0
CITtam,-1.5684927683225047
CITtbm,0.0
CK,0.0
CKc,0.0
CLHCO3tex2,0.0
CLHCOtex,2.904411620567323
CLI2tex,0.0
CLOHtex2,0.0
CLOXAtex2,0.0
CLPNDCOAtx,0.0
CLS_hs,0.00044075098025570246
CMPACNAtg,0.0
CMPACNAtn,0.0
CMPSAS,0.0
CMPSASn,0.0
CO2t,-1.3619571617777766
CO2ter,-0.0015426284308949535
CO2tm,0.0
CO2tp,-0.004627885292684861
COAtm,0.00462788529268486
COAtn,0.0
COAtp,-0.009255770585369685
CORE2GTg,0.0
CORE3GTg,6.581520823855797e-17
CORE4GTg,6.581520823855796e-17
CORE5GTg,0.0
CORE6GTg,0.0
CORE7GTg,0.0
CORE8GTg,-6.581520823855797e-17
CREATtmdiffir,0.0
CRNCARtp,0.0
CRNt,0.0
CRNtHa,0.0
CRNtim,0.0
CRNtuIR,0.0
CRNtuNa,0.0
CRVNCtr,0.0
CSNATm,0.0
CSNATp,0.0
CSNATr,0.0
CSm,0.0
CTPS1,0.0
CTPS2,0.002281817460902066
CTPtn,0.0
CYOOm2,1.0098173639664416
CYOOm3,0.0
CYOR_u10m,0.004348493062220416
CYSALANaEx,0.0018594949640140391
CYSASNNaEx,0.0
CYSGLNNaEx,0.0
CYSGLTH,0.0
CYSGLUexR,0.0
CYSGLYex,0.0
CYSGLYexR,0.0
CYSO,0.0
CYSSERNaEx,0.0
CYSTHRNaEx,0.0
CYSt4,0.0
CYStec,0.0
CYTD,0.0
CYTDK1,0.0
CYTDK2m,0.0
CYTDn,0.0
CYTDt,0.0
CYTDt4,0.0
CYTDt5,0.0
CYTDtm,0.0
CYTDtn,0.0
CYTK1,0.36497269653967357
CYTK10,0.0
CYTK10n,0.0
CYTK11,0.0
CYTK11n,0.0
CYTK12,-0.00040297881983935473
CYTK12n,0.0
CYTK13,0.0
CYTK13n,0.0
CYTK14,0.0
CYTK14n,0.0
CYTK1m,0.0
CYTK1n,0.0
CYTK2,0.0
CYTK2n,-4.5989023662123e-05
CYTK3,0.0
CYTK3n,0.0
CYTK4,0.0
CYTK4n,0.0
CYTK5,0.0
CYTK5n,0.0
CYTK6,-0.18208336944999742
CYTK6n,0.0
CYTK7,0.0
CYTK7n,0.0
CYTK8,0.0
CYTK8n,0.0
CYTK9,0.0
CYTK9n,0.0
DADA,0.0
DADAe,0.0
DADNK,0.0
DADNt4,0.0
DAGK_hs,-0.008153893134730432
DAGKn_hs,0.0
DAG_HSter,0.1148007438789836
DAGt,0.0
DALAOXx,0.0
DALAt2r,0.0
DALAxt,0.0
DASCBR,0.0
DATPtn,0.0004984060439382592
DCK1n,-4.5989023662123e-05
DCK2n,0.0
DCMPDA,0.00040297881983935473
DCT,0.0
DCTPtn,0.00040297881983935473
DCYTD,0.0
DCYTDn,4.598902366212301e-05
DDPGAm,0.2741938290807403
DESAT16_2,1.3292408080945282
DESAT18_3,1.309681044587622e-15
DESAT18_4,0.0
DESAT18_5,0.0
DESAT18_6,1.309681044587622e-15
DESAT18_7,0.0
DESAT18_8,0.0
DESAT22_2p,0.0
DGAT,0.0
DGK1,0.0
DGK2m,0.0
DGNSKm,0.0
DGSNtm,0.0
DGTPtn,0.00037423568005052804
DGULND,0.0
DHCR241r,0.0
DHCR242r,0.0
DHCR243r,0.000771314215447477
DHCR71r,0.0007713142154474769
DHCR72r,0.0
DHCRD1,0.0
DHCRD2,0.0006611264703835495
DHEASULT,0.0
DHFR,0.0004949568671636008
DHFtl,0.0
DHFtm,0.0
DHORD9,0.0043484930622204165
DHORTS,-0.0043484930622204165
DHPM1,0.0
DHPR,0.0
DHPR2,0.0
DIDPtn,0.0
DINt,0.0
DITPtn,0.0
DKMPPD,0.0
DMATTx,0.0015426284308949533
DMGDHm,0.0
DMGtm,0.0
DMNONCRNCPT2,0.0
DM_4hrpo,0.0
DM_Lcystin,0.0
DM_Ser_Thr_ly_,0.0
DM_T_antigen(g),-2.5366278175277385e-16
DM_anth,0.00014690565304158906
DM_atp_c_,0.0
DM_core5_g_,0.0
DM_core7_g_,0.0
DM_core8_g_,-6.581520823855797e-17
DM_datp(m),0.0
DM_datp(n),0.0
DM_dctp(m),0.0
DM_dctp(n),0.0
DM_dem2emgacpail_prot_hs(r),0.0
DM_dgpi_prot_hs(r),0.0
DM_dgtp(m),0.0
DM_dgtp(n),0.0
DM_dsT_antigen(g),2.5366278175277385e-16
DM_dttp(m),0.0
DM_dttp(n),0.0
DM_ethamp(r),0.0
DM_gncore2(g),1.6453802059639412e-16
DM_gpi_sig(er),0.0574003719394918
DM_kdn(c),13.103139924740924
DM_m(em)3gacpail_prot_hs(r),0.0
DM_melanin(c),0.0
DM_mem2emgacpail_prot_hs(r),0.0574003719394918
DM_ncam,0.0
DM_sTn_antigen(g),0.0
DM_sprm(c),1.1628701540180047e-15
DNADDP,0.0
DNADtn,0.0
DNDPt10m,0.0
DNDPt11m,0.0
DNDPt12m,0.0
DNDPt13m,0.0
DNDPt14m,0.0
DNDPt15m,0.0
DNDPt16m,0.0
DNDPt17m,0.0
DNDPt18m,0.0
DNDPt19m,0.0
DNDPt1m,0.0
DNDPt20m,0.0
DNDPt21m,0.0
DNDPt22m,0.0
DNDPt23m,0.0
DNDPt24m,0.0
DNDPt25m,0.0
DNDPt26m,0.0
DNDPt27m,0.0
DNDPt28m,0.0
DNDPt29m,0.0
DNDPt2m,0.0
DNDPt30m,0.0
DNDPt31m,0.0
DNDPt32m,0.0
DNDPt33m,0.0
DNDPt34m,0.0
DNDPt35m,0.0
DNDPt36m,0.0
DNDPt37m,0.0
DNDPt38m,0.0
DNDPt39m,0.0
DNDPt3m,0.0
DNDPt40m,0.0
DNDPt41m,0.0
DNDPt42m,0.0
DNDPt43m,0.0
DNDPt44m,0.0
DNDPt45m,0.0
DNDPt46m,0.0
DNDPt47m,0.0
DNDPt48m,0.0
DNDPt49m,0.0
DNDPt4m,0.0
DNDPt50m,0.0
DNDPt51m,0.0
DNDPt52m,0.0
DNDPt53m,0.0
DNDPt54m,0.0
DNDPt55m,0.0
DNDPt56m,0.0
DNDPt57m,0.0
DNDPt58m,0.0
DNDPt59m,0.0
DNDPt5m,0.0
DNDPt60m,0.0
DNDPt61m,0.0
DNDPt62m,0.0
DNDPt63m,0.0
DNDPt6m,0.0
DNDPt7m,0.0
DNDPt8m,0.0
DNDPt9m,0.0
DOLASNT_Ler,0.0
DOLASNT_Uer,-1.8099182265603338e-16
DOLDPP_Ler,0.0
DOLDPP_Uer,-1.8099182265603338e-16
DOLGLCP_Lter,0.0
DOLGLCP_Uter,-5.429754679681002e-16
DOLGPP_Ler,0.0
DOLGPP_Uer,0.0
DOLICHOL_Lter,0.0
DOLICHOL_Uter,-2.872953099939858e-17
DOLK_L,0.0
DOLK_U,0.0
DOLMANP_Lter,0.17220111581847541
DOLMANP_Uter,0.05740037193949108
DOLPGT1_Ler,0.0
DOLPGT1_Uer,-1.8099182265603338e-16
DOLPGT2_Ler,0.0
DOLPGT2_Uer,-1.8099182265603338e-16
DOLPGT3_Ler,0.0
DOLPGT3_Uer,-1.8099182265603338e-16
DOLPH_Ler,0.0
DOLPH_Uer,-2.872953099939858e-17
DOLPMT1_Ler,0.0
DOLPMT1_Uer,-1.8099182265603343e-16
DOLPMT2_Ler,0.0
DOLPMT2_Uer,-1.8099182265603338e-16
DOLPMT3_Ler,0.0
DOLPMT3_Uer,-1.8099182265603338e-16
DOLPMT4_Ler,0.0
DOLPMT4_Uer,-1.8099182265603338e-16
DOLPMT_L,0.17220111581847541
DOLPMT_U,0.05740037193949109
DOLP_Lter,0.17220111581847541
DOLP_Uter,0.05740037193949036
DOPACHRMISO,0.0
DOPAQNISO1,0.0
DOPAVESSEC,0.0
DOPAt4_2_r,0.0
DOPAtu,0.0
DPCOAPP,0.0
DPGM,0.0
DPGase,0.0
DPMVDx,0.00462788529268486
DRBK,0.0
DRPA,0.0
DSAT,0.0006611264703835499
DTDPtn,9.197804732424597e-05
DTMPK,0.0004949568671636009
DTTPtn,0.0004029788198393548
DUDPtn,4.598902366212299e-05
DUMPtn,-4.5989023662123e-05
DURAD,0.0
DURIK1,4.598902366212301e-05
DURIK1m,0.0
DURIPP,0.0
DURItn,-4.5989023662123e-05
DUTPDPm,0.0
DUTPDPn,4.5989023662123e-05
EBP1r,0.0007713142154474765
EBP2r,0.0
ECOAH12m,0.0
ECOAH1m,0.0
ECOAH9m,0.0
EHGLAT2m,0.27419382908074036
EHGLATm,0.0
ELAIDCPT1,0.0
ELAIDCPT2,0.0
ELAIDCRNt,0.0
ENGASE3ly,4.661910583564486e-17
ENGASEly,-2.2761092849167827e-16
ENO,31.509320260729485
ESTRADIOLGLCt,0.0
ESTRADIOLGLCt2,0.0
ESTRADIOLtr,0.0
ESTRONESt,0.0
ESTRONESt2,0.0
ESTRONEtr,0.0
ESTSULT,0.0
ETF,0.0
ETFQO,0.0
ETHAK,0.0
ETHP,0.0
EX_34hpp,0.0
EX_3mob(e),0.000307378665472402
EX_3mop(e),0.000296450144605764
EX_4HPRO(e),-0.27419382908074036
EX_4mop(e),0.000280033567680713
EX_4pyrdx(e),0.0
EX_5mta(e),0.0
EX_5oxpro(e),9.87449072193386e-05
EX_ala_L(e),0.0
EX_anth(e),-0.000146905653041589
EX_asn_L(e),0.0
EX_chol(e),-0.00650107695877161
EX_cit(e),0.00598880555743508
EX_co2(e),1.3619571617777766
EX_cys_L(e),-0.0017607500567947006
EX_glc(e),-29.2
EX_gln_L(e),-2.5143699638801937
EX_glu_L(e),0.000800522110408457
EX_gly(e),0.00762517727017882
EX_glyb(e),0.0
EX_h(e),27.166236825055993
EX_h2o(e),6.835025091284651
EX_hco3(e),-1.3593912615883585
EX_his_L(e),-0.254962819678073
EX_ile_L(e),-0.011112486207773267
EX_lac_L(e),21.76075471648283
EX_leu_L(e),-0.020905962804418747
EX_lys_L(e),-0.022386679293532743
EX_mal_L(e),0.0459622885332899
EX_met_L(e),-0.005785321615184947
EX_nh4(e),2.904411620567323
EX_o2(e),-2.346
EX_orn(e),1.5973700395957064
EX_phe_L(e),-0.00980989317357053
EX_pi(e),-0.21913656113561408
EX_pro_L(e),-0.458300936198188
EX_pydxn(e),0.0
EX_pyr(e),-1.63431588001901
EX_so4(e),9.872281235783685e-17
EX_succ(e),0.023115901244765782
EX_thr_L(e),-0.011822178952764575
EX_trp_L(e),-0.0005030714447984877
EX_tyr_L(e),-0.006036857337581846
EX_uri(e),0.0
EX_val_L(e),-0.01363877195263236
F1Atg,0.0
F1PGT,-1.8099182265603338e-16
F6Tg,-1.8099182265603334e-16
FACOAL160i,0.0
FACOAL191,0.004627885292684824
FACOAL204,0.0
FACOAL204i,0.0
FACOAL226,0.0
FACOAL226i,0.0
FADDP,0.0
FADH2tru,0.000771314215447477
FADtru,0.000771314215447477
FAEL204,0.0
FAEL205,0.0
FALDH,0.0
FALDtly,0.0
FALDtm,0.0
FAOXC140,0.0
FAOXC160,0.0
FAOXC16080m,0.0
FAOXC16080x,0.0
FAOXC161802m,0.0
FAOXC16180m,0.0
FAOXC180,0.0
FAOXC180x,0.0
FAOXC1811601m,0.0
FAOXC1811602m,0.0
FAOXC1811603m,0.0
FAOXC18280m,0.0
FAOXC2242046x,0.0
FAOXC226205x,0.0
FAOXC80,0.0
FAS100COA,0.19357753836087666
FAS120COA,0.19357753836087666
FAS140COA,0.19357753836087668
FAS160COA,0.19357753836087666
FAS180COA,1.3096810445876218e-15
FAS80COA_L,0.19357753836087668
FATP1t,0.0
FATP2t,0.0
FATP3t,0.0
FATP4t,0.0
FATP5t,0.0
FATP6t,0.0
FATP7t,0.0
FATP8t,0.0
FATP9t,0.0
FBA,15.735428984771481
FBA2,0.0
FBA4,0.0
FBP,0.0
FBP26,0.0
FDH,0.0
FK,-1.8099182265603338e-16
FKYNH,0.0
FMNAT,0.0
FORt2m,0.0
FORtr,-0.0007713142154474767
FPGS,0.0
FPGS2,0.0
FPGS2m,0.0
FPGS3,0.0
FPGS3m,0.0
FPGS4,0.0
FPGS4m,0.0
FPGS5,0.0
FPGS5m,0.0
FPGS6,0.0
FPGS6m,0.0
FPGS7,0.0
FPGS7m,0.0
FPGS8,0.0
FPGS8m,0.0
FPGS9,0.0
FPGS9m,0.0
FPGSm,0.0
FRDPtr,0.0015426284308949535
FRUt1r,0.0
FRUt4,0.0
FTCD,0.25018364095248735
FTHFDH,0.0
FTHFL,0.0007713142154474767
FTHFLm,0.0
FUCASE2ly,4.661910583564486e-17
FUCASEly,-2.276109284916782e-16
FUCtly,-1.8099182265603338e-16
FUM,0.0
FUMAC,0.0
FUMSO3tm,0.0
FUMSO4tm,0.0
FUMTSULtm,0.0
FUMm,-0.0027412430678524554
FUMtm,0.020374658176913325
G12MT1_L,0.0
G12MT1_U,-1.8099182265603346e-16
G12MT2_L,0.0
G12MT2_U,-1.8099182265603346e-16
G13MT_L,0.0
G13MT_U,-1.8099182265603346e-16
G14T10g,4.661910583564487e-17
G14T11g,4.661910583564487e-17
G14T12g,4.661910583564487e-17
G14T13g,4.661910583564487e-17
G14T14g,4.661910583564487e-17
G14T15g,4.661910583564487e-17
G14T16g,4.661910583564487e-17
G14T17g,4.661910583564487e-17
G14T18g,6.581520823855795e-17
G14T19g,6.581520823855797e-17
G14T20g,6.581520823855797e-17
G14T21g,6.581520823855797e-17
G14T2g,-1.6453802059639412e-16
G14T3g,-1.6453802059639412e-16
G14T4g,-1.6453802059639412e-16
G14T5g,-1.6453802059639412e-16
G14T6g,4.661910583564487e-17
G14T7g,4.661910583564487e-17
G14T8g,4.661910583564487e-17
G14T9g,4.661910583564487e-17
G14Tg,-1.809918226560333e-16
G16MT_L,0.0
G16MT_U,-1.8099182265603346e-16
G3PD1,-1.4203351048049249
G3PD2m,1.352356709339296
G5SADrm,-0.442705721409435
G5SDym,1.1682472471958316
G6PDA,2.403595370818849
G6PDH1er,0.0
G6PDH1rer,0.0
G6PDH2r,0.0
G6PDH2rer,0.0
G6PPer,0.0
G6Pter,0.0
GABAVESSEC,0.0
GACPAILter,0.05740037193949181
GAL3ST11,-2.632608329542297e-16
GALASE10ly,4.661910583564493e-17
GALASE11ly,4.661910583564494e-17
GALASE12ly,4.6619105835644955e-17
GALASE13ly,4.661910583564497e-17
GALASE14ly,4.661910583564498e-17
GALASE15ly,4.6619105835644974e-17
GALASE16ly,-1.645380205963941e-16
GALASE17ly,0.0
GALASE18ly,0.0
GALASE19ly,0.0
GALASE1ly,-2.276109284916782e-16
GALASE20ly,6.581520823855796e-17
GALASE3ly,4.661910583564487e-17
GALASE4ly,4.661910583564486e-17
GALASE5ly,4.6619105835644875e-17
GALASE6ly,4.661910583564489e-17
GALASE7ly,4.66191058356449e-17
GALASE8ly,4.661910583564491e-17
GALASE9ly,4.661910583564492e-17
GALGLUSIDEtg,0.0
GALGLUSIDEtl,0.0
GALK,0.0
GALNTg,0.0
GALSIDEtg,-2.6326083295422967e-16
GALSIDEtl,2.6326083295422967e-16
GALT,0.0
GALU,-7.404210926837731e-16
GALt1r,0.0
GALt2_2,0.0
GALt4,0.0
GALt4_2,0.0
GALtly,0.0
GAPD,31.400008163055077
GARFT,0.004265740004548572
GASNASE3ly,4.661910583564486e-17
GASNASEly,-2.276109284916783e-16
GBA,0.0
GBAl,0.0
GCALDD,0.0
GCC2am,0.0
GCC2bim,0.0
GCC2cm,0.0
GCCam,0.0
GCCbim,0.0
GCCcm,0.0
GCHOLAt,0.0
GCHOLAt2,0.0
GCHOLAt3,0.0
GCHOLAte,0.0
GDPFUCtg,-1.8099182265603334e-16
GDPtg,1.8099182265603334e-16
GF6PTA,2.460995742758341
GGH_10FTHF5GLUl,0.0
GGH_10FTHF6GLUl,0.0
GGH_10FTHF7GLUl,0.0
GGH_5DHFl,0.0
GGH_5THFl,0.0
GGH_6DHFl,0.0
GGH_6THFl,0.0
GGH_7DHFl,0.0
GGH_7THFl,0.0
GGLUCT,9.874490721933858e-05
GGNG,0.0
GHMT2r,-0.2419285182916741
GK1,0.0017397508417430932
GLACter,0.0
GLB1,0.0
GLBRAN,0.0
GLCAASE8ly,0.0
GLCAASE9ly,0.0
GLCMter,0.0
GLCNACPT_L,0.0
GLCNACPT_U,-1.8099182265603346e-16
GLCNACT_L,0.0
GLCNACT_U,-1.8099182265603343e-16
GLCURter,0.0
GLCURtly,0.0
GLCt1r,29.2
GLCt2_2,0.0
GLCt2r,0.0
GLCt4,0.0
GLCt4_2,0.0
GLCter,0.0
GLCtg,0.0
GLCtly,0.0
GLDBRAN,0.0
GLGNS1,0.0
GLNALANaEx,0.0
GLNASNNaEx,0.0
GLNCYSNaEx,0.0
GLNLASEer,0.0
GLNS,0.0
GLNSERNaEx,0.0
GLNTHRNaEx,0.0
GLNt4,0.0
GLNtN1,0.0
GLNtm,0.01358292900955918
GLPASE1,0.0
GLPASE2,0.0
GLRASE,0.0
GLU5Km,1.1682472471958316
GLUCYS,9.87449072193304e-05
GLUDC,0.0
GLUDxm,0.0
GLUDym,0.0
GLUNm,0.01358292900955918
GLUPRT,0.004265740004548573
GLUTCOADHm,0.0
GLUVESSEC,0.0008005221104084571
GLUt2m,2.491423457710799
GLUt6,0.0
GLUt7l,0.0
GLXtm,-0.2741938290807403
GLXtp,0.2741938290807403
GLYATm,0.0
GLYBt4_2_r,0.0
GLYBtm,0.0
GLYCK2,0.2741938290807403
GLYCLTDy,0.0
GLYCLTtp,0.0
GLYCTO1p,0.0
GLYCt,0.0
GLYK,0.0
GLYOX,0.0
GLYOp,0.0
GLYVESSEC,0.0
GLYt2r,-0.007526432362959482
GLYt4,0.0
GLYt7_211_r,0.0
GLYt7_311_r,0.0
GLYtm,0.0
GLYtp,-0.2741938290807403
GMPR,0.0
GMPS2,0.0017397508417430932
GMPtg,-1.8099182265603334e-16
GMPtn,0.0
GND,0.0
GNMT,0.0
GPAM_hs,0.06742745674030898
GPDDA1,0.0
GPIAT,0.0574003719394918
GPIDA2er,0.0
GPIDAer,0.0
GPIMTer_L,0.05740037193949181
GPIMTer_U,0.0
GRTTx,0.0015426284308949537
GSNt,0.0
GSNt4,0.0
GSNt5,0.0
GTHDH,0.0
GTHO,0.0
GTHOm,0.0
GTHP,0.0
GTHPm,0.0
GTHS,9.874490721935097e-05
GTMLTe,9.87449072193386e-05
GUACYC,0.0
GUAPRT,0.0
GULLACter,0.0
GULN3D,0.0
GULNDer,0.0
GULNter,0.0
GUR1PP,0.0
GluForTx,0.25018364095248735
H2CO3D,0.0
H2CO3D2,0.0
H2CO3Dm,0.01358292900955918
H2ETer,0.0574003719394918
H2MTer_L,0.0
H2MTer_U,0.0
H2O2syn,0.0
H2O2t,0.0
H2O2tly,0.0
H2O2tm,0.0
H2O2tn,0.0
H2O2tp,0.0
H2Ot,-6.83512383619187
H2Oter,-0.008484456369922637
H2Otg,-7.239672906241334e-16
H2Otly,-1.1325700417718439e-15
H2Otm,-2.201843781271994
H2Otn,-0.000137967070986369
H2Otp,0.004627885292684825
H3ETer,0.0
H3MTer_L,0.0
H3MTer_U,0.0
H4ET3er,0.0
H4ETer,0.0
H5MTer_L,0.0
H5MTer_U,0.05740037193949181
H6ET3er,0.0574003719394918
H6MTer_L,0.0
H6MTer_U,0.0
H6_ET2er,0.0
H6_ETer,0.0
H7ET2er,0.0
H7MTer_L,0.05740037193949181
H7MTer_U,0.0
H7_ETer,0.0
H7_TAer,0.0
H8MTer_L,0.0
H8MTer_U,0.0
H8TAer,0.0
HACD1m,0.0
HACD9m,0.0
HAS1,0.0
HAS2,0.0
HAtly,0.0
HCO3_CLt,0.0
HCO3_NAt,0.0
HDCAter,0.0
HDCAtr,0.0
HDD2COAtx,0.0
HEX1,29.2
HEX4,0.0
HEX7,0.0
HGNTOR,0.0
HIBDm,0.0
HISD,0.25018364095248735
HISTAVESSEC,0.0
HISTAtu,0.0
HISt4,0.0
HIStN1,0.0
HIStiDF,0.254962819678073
HKYNH,0.0
HKt,0.0
HMGCOARx,0.004627885292684861
HMGCOASi,0.0
HMGCOASim,0.004627885292684861
HMGCOAtm,-0.004627885292684861
HMGCOAtx,0.004627885292684861
HMGLm,0.0
HMGLx,0.0
HPROxm,0.27419382908074036
HPYRDC,0.0
HPYRRy,0.2741938290807403
HPYRtp,-0.2741938290807403
HSD11B1r,0.0
HSD11B2r,0.0
HSD17B1,0.0
HSD17B7r,0.0
HSD17B8r,0.0
HSD17B9r,0.0
HSD3A1r,0.0007713142154474766
HSD3A2r,-0.0007713142154474766
HSD3B2r,0.0
HSD3B3r,0.0
HXPRT,0.0
HYPOE,0.0
Htg,-1.8099182265603306e-16
Htm,0.0
Htr,-0.2226596598189383
Htx,0.0
ICDHxm,0.0
ICDHy,0.0
ICDHyrm,-1.5684927683225047
IDPtn,0.0
ILETA,0.000296450144605764
ILETAm,0.0
ILEt4,0.011112486207773267
ILEt5m,0.0
ILEtec,0.0
IMPC,-0.004265740004548573
IMPD,0.0017397508417430934
INOSTO,0.0
INSTt2r,0.0
INSTt4,0.0
INSTt4_2,0.0
INSt,0.0
INSt4,0.0
INSt5,0.0
IPDDIx,0.0015426284308949533
ITCOAL1m,0.0
ITCOALm,0.0
ITPtn,0.0
IZPN,0.25018364095248735
It,0.0
KAS8,0.0
KCC2t,-2.904411620567323
KCCt,0.0
KDNH,13.103139924740924
KHK,0.0
KHK2,0.0
KSII_CORE2t,-1.6453802059639412e-16
KSII_CORE2tly,-1.6453802059639412e-16
KSII_CORE4t,6.581520823855796e-17
KSII_CORE4tly,6.581520823855796e-17
KSIt,4.661910583564485e-17
KSItly,4.6619105835644857e-17
KYN,0.0
KYN3OX,0.0
LACZe,0.0
LALDD,0.0
LALDO,0.0
LALDO2,0.0
LALDO2x,0.0
LCADi,0.0
LCADi_D,0.0
LCTStg,0.0
LDH_D,0.0
LDH_L,-23.776040951353497
LEUTA,0.000280033567680713
LEUTAm,0.0
LEUt4,0.020905962804418747
LEUt5m,0.0
LEUtec,0.0
LGNCt,0.0
LGTHL,0.0
LNELDCCPT1,0.0
LNELDCCPT2,0.0
LNELDCCRNt,0.0
LNS14DMr,0.0007713142154474769
LNSTLSr,0.0007713142154474767
LPASE,0.0
LPCHOLt,0.0
LPCOXp,0.0
LPS,0.0
LPS2,0.0
LPS2e,0.0
LPS3,0.0
LPS3e,0.0
LPSe,0.0
LRAT,0.0
LRAT1,0.0
LRAT2,0.0
LSTO1r,0.0007713142154474769
LSTO2r,0.0
LYSOXp,0.0
LYSt4,0.022386679293532743
LYStiDF,0.0
LYStip,0.0
LYStm,0.0
LYStn,0.0
L_LACDcm,2.015286234870663
L_LACt2r,0.0
L_LACt4r,-21.760754716482833
M1316Mg,-1.8099182265603334e-16
M13N2Tg,-1.8099182265603334e-16
M16NTg,-1.8099182265603334e-16
M4ATAer,0.0
M4BET2er,0.0
M4BTAer,0.0574003719394918
M4CET3er,0.0
M4MPDOL_Lter,0.0
M4MPDOL_Uter,-1.8099182265603343e-17
M7MASNBterg,-1.809918226560333e-16
M8MASNterg,1.809918226560333e-16
MACACI,0.0
MAGt,0.0
MALSO3tm,0.0
MALSO4tm,0.0
MALTSULtm,0.0
MAL_Lte,-0.0459622885332899
MALtm,0.13116348984018986
MAN1PT2,0.22960148775796557
MAN6PI,-13.33274141249889
MANt1r,0.0
MANt4,0.0
MANter,-1.8099182265603329e-16
MANtg,7.239672906241332e-16
MANtly,-5.429754679680999e-16
MCCCrm,0.0
MCD,0.0
MCDm,0.0
MDH,-1.7943501675485634
MDHm,0.28046524965055564
MDRPD,0.0
ME1m,0.0
ME2,0.0
ME2m,1.4651813862968652
MECOALm,0.0
MECOAS1m,0.0
MEOHtly,0.0
METAT,2.32574030803601e-15
METLEUex,0.0
METS,0.0
METt4,0.005785321615184947
METtec,0.0
MEVK1x,0.004627885292684861
MG1er,0.0
MG2er,0.0
MG3er,0.0
MGCHrm,0.0
MGSA,0.0
MGSA2,0.0
MI1345PP,0.0
MI134P4P,0.0
MI134PP,0.0
MI13PP,0.0
MI145PK,0.0
MI145PP,0.0
MI14P4P,0.0
MI14PP,0.0
MI14Ptn,0.0
MI1PP,0.0582818739000032
MI1PS,0.058281873900003195
MI1P_Dtn,0.0
MI34PP,0.0
MI3PP,0.0
MI4PP,0.0
MM5ag,0.0
MM5bg,0.0
MM5cg,-1.8099182265603334e-16
MM6B1ag,0.0
MM6B1bg,0.0
MM6B2g,-1.8099182265603334e-16
MM6ag,0.0
MM6bg,0.0
MM7Ag,0.0
MM7B1g,0.0
MM7B2g,-1.8099182265603334e-16
MM7Cag,0.0
MM7Cbg,0.0
MM8Ag,1.8099182265603334e-16
MM8Ber,-1.8099182265603329e-16
MM8Cg,0.0
MMCDm,0.0
MMEm,0.0
MMMm,0.0
MMSAD1m,0.0
MMSAD3m,0.0
MMTSADm,0.0
MOGAT,0.0
MTAP,0.0
MTHFC,0.007760165793649668
MTHFCm,0.0
MTHFD,3.0041289505977375
MTHFD2,-3.246552425756575
MTHFD2m,0.0
MTHFDm,0.0
MTHFR3,0.0
MTRI,0.0
N3Tg,0.0
N4Tg,0.0
NACASPAH,0.0
NACASPtm,0.0
NACHEX10ly,4.661910583564487e-17
NACHEX11ly,4.661910583564487e-17
NACHEX12ly,4.661910583564488e-17
NACHEX13ly,4.6619105835644894e-17
NACHEX14ly,4.6619105835644906e-17
NACHEX15ly,4.661910583564492e-17
NACHEX16ly,4.6619105835644925e-17
NACHEX17ly,4.6619105835644937e-17
NACHEX18ly,4.661910583564495e-17
NACHEX19ly,4.661910583564496e-17
NACHEX20ly,4.6619105835644974e-17
NACHEX21ly,4.6619105835644974e-17
NACHEX22ly,4.6619105835644974e-17
NACHEX23ly,-1.6453802059639412e-16
NACHEX24ly,0.0
NACHEX25ly,0.0
NACHEX26ly,1.6453802059639412e-16
NACHEX27ly,0.0
NACHEXA10ly,0.0
NACHEXA11ly,0.0
NACHEXA12ly,0.0
NACHEXA13ly,0.0
NACHEXA14ly,0.0
NACHEXA15ly,0.0
NACHEXA16ly,0.0
NACHEXA17ly,0.0
NACHEXA18ly,0.0
NACHEXA19ly,0.0
NACHEXA20ly,0.0
NACHEXA21ly,0.0
NACHEXA22ly,0.0
NACHEXA9ly,0.0
NADHtpu,0.0
NADHtru,0.0
NADK,0.0
NADN,0.0
NADPHtru,0.00771314215447477
NADPHtxu,0.009255770585369721
NADPN,0.0
NADPtru,0.00771314215447477
NADPtxu,0.009255770585369721
NADS2,0.0
NADtn,0.0
NADtpu,0.0
NADtru,0.0
NAGA2ly,0.0
NAGLCAly,0.0
NAHCO3_HCLt,0.0
NAIt,0.0
NAt,0.0
NAt3_1,0.0
NAt5,0.0
NCCt,0.0
NCKt,0.0
NCNt,0.0
NDP6,0.0
NDP7er,0.0
NDP7g,0.0
NDP8,0.0
NDPK1,0.003891504324497993
NDPK10,0.0
NDPK10n,0.0
NDPK1m,0.0
NDPK1n,0.0
NDPK2,0.0
NDPK2n,0.0
NDPK3,0.0
NDPK3m,0.0
NDPK3n,0.0
NDPK4,0.00040297881983935473
NDPK4m,0.0
NDPK4n,9.197804732424597e-05
NDPK5,0.0
NDPK5m,0.0
NDPK5n,0.0
NDPK6,0.0
NDPK6m,0.0
NDPK6n,4.5989023662123005e-05
NDPK7,0.0
NDPK7m,0.0
NDPK7n,-4.5989023662123005e-05
NDPK8,0.0004984060439382592
NDPK8m,0.0
NDPK8n,0.0
NDPK9,0.0
NDPK9n,0.0
NH4t3r,0.0
NH4tn,-4.598902366212301e-05
NH4tp,0.0
NICRNS,0.0
NICRNTtn,0.0
NKCC2t,0.0
NKCCt,0.0
NMNATn,0.0
NMNATr,0.0
NMNS,0.0
NMNtn,0.0
NNAT,0.0
NNATn,0.0
NNATr,0.0
NNDPR,0.0
NRPPHRVESSEC,0.0
NRPPHRt4_2_r,0.0
NRPPHRtu,0.0
NRVNCt,0.0
NS26T2g,2.5366278175277385e-16
NS26Tg,0.0
NT5C,0.0
NTD1,0.0
NTD11,0.0
NTD1m,0.0
NTD2,0.0
NTD3,0.0
NTD4,0.0
NTD5,0.0
NTD5m,0.0
NTD6,0.0
NTD7,0.0
NTD8,0.0
NTD9,0.0
NaKt,0.0
O2St,0.0
O2Stm,0.0
O2Stn,0.0
O2Stx,0.0
O2t,2.3459999999999996
O2ter,0.006941827939027291
O2tm,1.0098173639664416
O2tn,0.0
O2tp,0.0
OCBTm,0.01358292900955918
OCCOAtm,0.0
OCCOAtx,0.0
OCDCAtr,0.0
OCDCEAtr,0.0
OCOAT1m,0.006941827939027292
OIVD1m,0.0
OIVD2m,0.0
OIVD3m,0.0
OMPDC,0.004348493062220416
OPAHir,0.0
ORNDC,1.162870154018005e-15
ORNTArm,-1.6109529686052666
ORNt,-1.5973700395957062
ORNt3m,1.5973700395957073
ORNt4m,0.0
ORNtiDF,0.0
ORPT,-0.004348493062220416
OXAHCOtex,0.0
P5CDm,0.0
P5CR,0.0
P5CRm,0.0
P5CRx,0.00011018774506392738
P5CRxm,0.0
PAFH,0.0
PAFHe,0.0
PAFS,0.0
PAFt,0.0
PAIL45P_HStn,0.0
PAIL4P_HStn,0.0
PAIL_HStn,0.0
PAPStg,6.972611193684197e-32
PAPtg,0.0
PA_HSter,0.0
PA_HStg,0.0
PA_HStn,0.0
PCFLOPm,0.0
PCHOLP_hs,0.0
PCHOLPg_hs,0.0
PCHOLPm_hs,0.0
PCHOLPr_hs,0.0
PCHOL_HSter,0.0
PCHOL_HStg,0.0
PCLAD,0.0
PCREATtmdiffir,0.0
PCm,0.0
PCt,0.0
PDE1,0.0
PDE4,0.0
PDE4n,0.0
PDHm,0.0
PDX5PO,0.0
PDXPP,0.0
PEFLIP,0.0
PEFLIPm,0.0
PEPCK,0.0
PEPCKm,0.0
PETHCT,0.0
PETOHMm_hs,0.0
PETOHMr_hs,0.0
PE_HSter,0.1148007438789836
PE_HStm,-0.1168943110351982
PEt,0.0
PFK,15.735428984771481
PFK26,0.0
PGCD,0.16488173140633114
PGI,29.131313591254386
PGK,-31.400008163055077
PGL,0.0
PGM,-31.235126431648744
PGMT,7.404210926837732e-16
PGPPT,0.0005509387253196278
PGPP_hs,0.0005509387253196278
PHCDm,0.27419382908074036
PHCHGSm,0.0
PHETHPTOX2,0.0
PHEt4,0.009809893173570531
PHEtec,0.0
PI345P3P,0.0
PI345P3Pn,0.0
PI345P5P,0.0
PI345P5Pn,0.0
PI34P3Pn,0.0
PI34P4Pn,0.0
PI34P5K,0.0
PI34P5Kn,0.0
PI35P3P,0.0
PI3P3Pn,0.0
PI3P4K,0.0
PI3P4Kn,0.0
PI3P5K,0.0
PI3PP,0.0
PI45P3K,0.0
PI45P3Kn,0.0
PI45P4P,0.0
PI45P5P,0.0
PI45P5Pn,0.0
PI45PLC,0.0
PI4P3K,0.0
PI4P3Kn,0.0
PI4P4Pn,0.0
PI4P5K,0.0
PI4P5Kn,0.0
PI4PLC,0.0
PI4PLCn,0.0
PI4PP,0.0
PI5P3K,0.0
PI5P4K,0.0
PI5P4Kn,0.0
PIACGT,0.0574003719394918
PIK3,0.0
PIK3n,0.0
PIK4,0.0
PIK4n,0.0
PIK5,0.0
PIK5n,0.0
PIPLC,0.0
PIPLCn,0.0
PIt2m_2,0.1284222467723375
PIt7,0.0
PIt7ir,0.0
PIt8,0.2191365611356141
PIt9,0.0
PIter,-2.0972135365543196e-16
PItg,0.0
PItn,9.197804732424601e-05
PItx,-0.00462788529268486
PLA2_2,0.0
PLA2_2e,0.0
PMANM,-0.22960148775796557
PMEVKx,0.004627885292684861
PMTCOAtx,0.0
PNP,0.0
PNTORDe,0.0
PNTOt5,0.0
PNTOte,0.0
PPA,0.3345054268738433
PPAP,0.0
PPAer,0.0
PPAm,0.0
PPAn,4.5989023662123e-05
PPCOACm,0.0
PPD2CSPp,0.0
PPDOx,0.0
PPDOy,0.0
PPItr,-0.0015426284308949535
PPItx,-0.0030852568617899074
PPM,0.0
PRAGSr,0.004265740004548572
PRAIS,0.004265740004548573
PRASCS,0.004265740004548573
PRDX,0.0
PRDXl,0.0
PRFGS,0.004265740004548573
PRGNLONESULT,0.0
PRISTCOAtx,-0.004627885292684824
PRISTtx,0.004627885292684824
PRO1x,0.0
PRO1xm,0.442705721409435
PROD2,0.00011018774506392738
PROD2m,0.0
PROSTGE1t,0.0
PROSTGE1t3,0.0
PROSTGE2t,0.0
PROSTGE2t2,0.0
PROSTGE2t3,0.0
PROt2r,0.0
PROt4,0.458300936198188
PROt4_2_r,0.0
PROtm,0.442705721409435
PRPPS,0.008614233066768989
PSDm_hs,0.11689431103519819
PSERT,0.16488173140633117
PSFLIP,0.0
PSFLIPm,0.11689431103519818
PSP_L,0.16488173140633117
PSSA1_hs,0.11711468652532603
PSSA2_hs,0.0
PSt3,0.0
PTE3x,0.004627885292684825
PTPAT,0.0
PTRCOX1,0.0
PUNP1,0.0
PUNP2,0.0
PUNP3,0.0
PUNP4,0.0
PUNP5,0.0
PUNP6,0.0
PYDAMK,0.0
PYDXDH,0.0
PYDXK,0.0
PYDXNK,0.0
PYDXNtr,0.0
PYDXPP,0.0
PYK,18.406180335988562
PYNP2r,0.0
PYRt2m,-1.7393752153776056
PYRt2p,3.5197269310676716e-17
PYRt2r,1.63431588001901
QUILSYN,0.0
RAI1,0.0
RAI2,0.0
RBFK,0.0
RDH1,0.0
RDH1a,0.0
RDH2,0.0
RDH2a,0.0
RDH3,0.0
RDH3a,0.0
RETFA,0.0
RETFAt,0.0
RETH,0.0
RETH1,0.0
RETH2,0.0
RETHe,0.0
RETI1,0.0
RETI2,0.0
RETt,0.0
RIBt,0.0
RIBt2,0.0
RNDR1,0.0004984060439382592
RNDR2,0.00037423568005052804
RNDR3,0.0008059576396787094
RNDR4,4.5989023662123e-05
RNMK,0.0
RPE,-0.00574282204451266
RPI,-0.00574282204451266
RTOT1,0.0
RTOT3,0.0
RTOT4,1.3292408080945297
RTOT6,0.0
RTOTAL2CRNCPT1,0.0
RTOTAL2CRNCPT2,0.0
RTOTAL2CRNt,0.0
RTOTAL2t,0.0
RTOTAL3CRNCPT1,0.0
RTOTAL3CRNCPT2,0.0
RTOTAL3CRNt,0.0
RTOTAL3t,0.0
RTOTALCRNCPT1,0.0
RTOTALCRNCPT2,0.0
RTOTALCRNt,0.0
RTOTALt,0.0
Rtotaltl,0.0
S23T2g,-1.6453802059639412e-16
S23T3g,4.661910583564487e-17
S23T4g,6.581520823855796e-17
S23Tg,2.5366278175277385e-16
S26Tg,-2.276109284916782e-16
S2L2FN2M2MASNt,-2.276109284916782e-16
S2L2FN2M2MASNtly,-2.276109284916782e-16
S6T10g,4.661910583564487e-17
S6T11g,4.661910583564487e-17
S6T12g,4.661910583564487e-17
S6T13g,4.661910583564487e-17
S6T14g,4.661910583564487e-17
S6T15g,4.6619105835644857e-17
S6T16g,6.581520823855797e-17
S6T17g,6.581520823855797e-17
S6T18g,6.581520823855797e-17
S6T1g,-1.6453802059639412e-16
S6T2g,-1.6453802059639412e-16
S6T3g,-1.6453802059639412e-16
S6T4g,4.661910583564487e-17
S6T5g,4.661910583564487e-17
S6T6g,4.661910583564487e-17
S6T7g,4.661910583564487e-17
S6T8g,4.661910583564487e-17
S6T9g,4.661910583564487e-17
S6TASE10ly,4.6619105835644857e-17
S6TASE11ly,4.661910583564486e-17
S6TASE12ly,4.6619105835644875e-17
S6TASE13ly,4.661910583564489e-17
S6TASE14ly,4.6619105835644894e-17
S6TASE15ly,4.6619105835644906e-17
S6TASE16ly,4.661910583564492e-17
S6TASE17ly,4.661910583564493e-17
S6TASE18ly,4.661910583564494e-17
S6TASE19ly,4.6619105835644955e-17
S6TASE20ly,4.661910583564496e-17
S6TASE21ly,4.6619105835644974e-17
S6TASE22ly,-1.6453802059639412e-16
S6TASE23ly,-1.6453802059639412e-16
S6TASE24ly,0.0
S6TASE25ly,6.581520823855796e-17
S6TASE26ly,6.581520823855796e-17
SACCD3m,0.0
SACCD4m,0.0
SADT,6.972611193684198e-32
SARCStm,0.0
SARDHm,0.0
SBPP1er,0.0
SBPP3er,0.0
SBTD_D2,0.0
SBTR,0.0
SERALANaEx,0.0
SERASNNaEx,0.0
SERCYSNaEx,0.0
SERDGLNexR,0.0
SERDGLYexR,0.0
SERGLNNaEx,0.0
SERGLNexR,0.0
SERGLYexR,0.0
SERHL,0.0
SERLYSNaex,0.0
SERPT,0.0006611264703835499
SERTHRNaEx,0.0
SERt4,0.0
SERtN1,0.0
SERtp,0.2741938290807403
SFGTH,0.0
SGALSIDEtg,2.6326083295422967e-16
SGALSIDEtl,-2.6326083295422967e-16
SGPL12r,0.0
SIAASE2ly,4.661910583564486e-17
SIAASE3ly,-1.645380205963941e-16
SIAASE4ly,6.581520823855796e-17
SIAASEly,-2.276109284916782e-16
SLCBK1,0.0
SMPD3g,0.0
SMPD3l,0.0
SMPD4,0.0
SMS,0.00066112647038355
SO4CLtex2,0.0
SO4HCOtex,0.0
SO4OXAtex2,0.0
SO4t4_2,-9.872281235783685e-17
SO4t4_3,0.0
SO4tl,9.872281235783693e-17
SPH1Ptr,0.0
SPHGNtr,0.0
SPHINGStl,0.0
SPHINGStr,0.0
SPHK21c,0.0
SPHMDAc,0.0
SPHMYLNtg,0.0
SPHMYLNtl,0.0
SPHS1Ptr,0.0
SPMDOX,0.0
SPMS,1.1628701540180047e-15
SPODM,0.0
SPODMe,0.0
SPODMm,0.0
SPODMn,0.0
SPODMx,0.0
SPRMS,1.1628701540180047e-15
SPTix,0.2741938290807403
SQLEr,0.0007713142154474767
SQLSr,0.0007713142154474766
SRTNt6_2_r,0.0
SRTNtu,0.0
SSALxm,0.0
STCOAtx,0.0
STS1,0.0
STS2,0.0
STS3,0.0
STS4,0.0
SUCCt2m,-0.023115901244765782
SUCCt4_2,0.0
SUCCt4_3,-0.023115901244765782
SUCD1m,-0.023115901244765782
SUCOAS1m,0.0
SUCOASm,0.00694182793902729
SULFOX,0.0
Ser_Thrtg,0.0
TAGt,0.0
TALA,-0.0028714110222563295
TCHOLAt,0.0
TCHOLAt2,0.0
TCHOLAt3,0.0
TCHOLAte,0.0
TDP,0.0
THBPT4ACAMDASE,0.0
THD1m,1.2715586292214716
THFtl,0.0
THFtm,0.0
THMP,0.0
THMTP,0.0
THP2Ctp,0.0
THRALANaEx,0.0
THRASNNaEx,0.0
THRCYSNaEx,0.0
THRGLNNaEx,0.0
THRGLNexR,-2.514369963880194
THRGLYexR,0.0
THRSERNaEx,0.0
THRt4,2.526192142832959
THYOXt,0.0
THYOXt2,0.0
TKT1,-0.0028714110222563295
TKT2,-0.0028714110222563295
TMDK1,0.0
TMDK1m,0.0
TMDPK,0.0
TMDPPK,0.0
TMDS,0.0004949568671636008
TMNDNCCOAtx,0.0
TPI,15.66745058930585
TRDR,0.0017245883873296193
TRIODTHYt,0.0
TRIODTHYt2,0.0
TRIOK,0.0
TRPO2,0.0
TRPt,0.0005030714447984877
TRPt4,0.0
TTDCAt,0.0
TTDCAtr,0.0
TTDCPT1,0.0
TTDCPT2,0.0
TTDCRNt,0.0
TYR3MO2,0.0
TYRASE,0.0
TYRDOPO,0.0
TYRDOPO3,0.0
TYRTA,0.0
TYRt,0.006036857337581845
TYRt4,0.0
UAG2EMAi,5.073255635055478e-16
UAG4E,0.0
UAGDP,0.05740037193949215
UDPACGALtl,0.0
UDPDOLPT_L,0.0
UDPDOLPT_U,-5.429754679681003e-16
UDPG1P,0.0
UDPG4E,-1.974456247156728e-16
UDPGALtg,-1.974456247156728e-16
UDPGD,0.0
UDPGLCter,0.0
UDPGNP,0.0
UDPGP,0.0
UDPtl,0.0
UGALGTg,0.0
UGALNACtg,0.0
UGCG,0.0
UGLCNACtg,2.04645694234847e-16
UGLT,0.0
UMPK,0.06642560472032047
UMPK2,0.0
UMPK2n,0.0
UMPK3,-0.06170287597804971
UMPK3n,0.0
UMPK4,0.0
UMPK4n,0.0
UMPK5,0.0
UMPK5n,0.0
UMPK6,0.0
UMPK6n,0.0
UMPK7,-0.00037423568005052804
UMPK7n,0.0
UMPKn,0.0
UNK2,0.0
UNK3,0.0
UPPN,0.0
URCN,0.25018364095248735
UREAt,0.0
UREAt5,0.0
URIDK2m,0.0
URIK1,0.0
URIt,0.0
URIt4,0.0
URIt5,0.0
UROLACer,0.0
Uritn,0.0
VACCCPT1,0.0
VACCCPT2,0.0
VACCCRNt,0.0
VALTA,0.00030737866547240203
VALTAm,0.0
VALt4,0.01363877195263236
VALt5m,0.0
VALtec,0.0
VITD3t,0.0
VITD3t2,0.0
VITD3tm,0.0
VITD3tm3,0.0
XYLK,0.0
XYLTD_Dr,0.0
XYLUR,0.0
sink_citr-L,0.0
sink_pre_prot(er),-0.0574003719394918
biomass_reaction2,0.0378080280305425
DM_adprbp[c],0.0
