[{"map_name":"new_map","map_id":"JLbmLFKiOHRV","map_description":"\nLast Modified Wed Mar 07 2018 09:33:39 GMT-0700 (Mountain Standard Time)","homepage":"https://escher.github.io","schema":"https://escher.github.io/escher/jsonschema/1-0-0#"},{"reactions":{"0":{"name":"Acetolactate synthase","bigg_id":"ACLS","reversibility":false,"label_x":-1107,"label_y":170.99993896484375,"gene_reaction_rule":"(b3670 and b3671) or (b0077 and b0078)","genes":[{"notes":{"original_bigg_ids":["b3670"]},"name":"ilvN","bigg_id":"b3670"},{"notes":{"original_bigg_ids":["b3671"]},"name":"ilvB","bigg_id":"b3671"},{"notes":{"original_bigg_ids":["b0077"]},"name":"ilvI","bigg_id":"b0077"},{"notes":{"original_bigg_ids":["b0078"]},"name":"ilvH","bigg_id":"b0078"}],"metabolites":[{"bigg_id":"pyr_c","coefficient":-2},{"bigg_id":"co2_c","coefficient":1},{"bigg_id":"h_c","coefficient":-1},{"bigg_id":"alac__S_c","coefficient":1}],"segments":{"0":{"from_node_id":"1","to_node_id":"2","b1":null,"b2":null},"1":{"from_node_id":"3","to_node_id":"2","b1":null,"b2":null},"2":{"from_node_id":"1","to_node_id":"0","b1":{"x":-1125,"y":190.99993896484375},"b2":{"x":-1179.25,"y":190.99993896484375}},"3":{"from_node_id":"3","to_node_id":"4","b1":{"x":-997,"y":190.99993896484375},"b2":{"x":-991.75,"y":208.99993896484375}},"4":{"from_node_id":"1","to_node_id":"5","b1":{"x":-1129,"y":190.99993896484375},"b2":{"x":-1134.25,"y":208.99993896484375}},"5":{"from_node_id":"3","to_node_id":"6","b1":{"x":-1001,"y":190.99993896484375},"b2":{"x":-946.75,"y":190.99993896484375}}}},"1":{"name":"Ketol-acid reductoisomerase (2,3-dihydroxy-3-methylbutanoate)","bigg_id":"KARA1","reversibility":true,"label_x":-761,"label_y":166.99993896484375,"gene_reaction_rule":"b3774","genes":[{"notes":{"original_bigg_ids":["b3774"]},"name":"ilvC","bigg_id":"b3774"}],"metabolites":[{"bigg_id":"nadp_c","coefficient":-1},{"bigg_id":"nadph_c","coefficient":1},{"bigg_id":"h_c","coefficient":1},{"bigg_id":"23dhmb_c","coefficient":-1},{"bigg_id":"alac__S_c","coefficient":1}],"segments":{"6":{"from_node_id":"7","to_node_id":"8","b1":null,"b2":null},"7":{"from_node_id":"9","to_node_id":"8","b1":null,"b2":null},"8":{"from_node_id":"7","to_node_id":"10","b1":{"x":-647,"y":190.99993896484375},"b2":{"x":-641.75,"y":208.99993896484375}},"9":{"from_node_id":"9","to_node_id":"11","b1":{"x":-779,"y":190.99993896484375},"b2":{"x":-784.25,"y":172.99993896484375}},"10":{"from_node_id":"9","to_node_id":"12","b1":{"x":-779,"y":190.99993896484375},"b2":{"x":-784.25,"y":208.99993896484375}},"11":{"from_node_id":"7","to_node_id":"13","b1":{"x":-651,"y":190.99993896484375},"b2":{"x":-596.75,"y":190.99993896484375}},"12":{"from_node_id":"9","to_node_id":"6","b1":{"x":-775,"y":190.99993896484375},"b2":{"x":-829.25,"y":190.99993896484375}}}},"2":{"name":"Dihydroxy-acid dehydratase (2,3-dihydroxy-3-methylbutanoate)","bigg_id":"DHAD1","reversibility":false,"label_x":-436.9999694824219,"label_y":173.99993896484375,"gene_reaction_rule":"b3771","genes":[{"notes":{"original_bigg_ids":["b3771"]},"name":"ilvD","bigg_id":"b3771"}],"metabolites":[{"bigg_id":"h2o_c","coefficient":1},{"bigg_id":"23dhmb_c","coefficient":-1},{"bigg_id":"3mob_c","coefficient":1}],"segments":{"13":{"from_node_id":"14","to_node_id":"15","b1":null,"b2":null},"14":{"from_node_id":"16","to_node_id":"15","b1":null,"b2":null},"15":{"from_node_id":"16","to_node_id":"17","b1":{"x":-297,"y":190.99993896484375},"b2":{"x":-271.75,"y":164.99993324279785}},"16":{"from_node_id":"14","to_node_id":"13","b1":{"x":-425,"y":190.99993896484375},"b2":{"x":-479.25,"y":190.99993896484375}},"17":{"from_node_id":"16","to_node_id":"18","b1":{"x":-301,"y":190.99993896484375},"b2":{"x":-246.75,"y":190.99993896484375}}}},"3":{"name":"2-isopropylmalate synthase","bigg_id":"IPPS","reversibility":false,"label_x":25,"label_y":172.99993896484375,"gene_reaction_rule":"b0074","genes":[{"notes":{"original_bigg_ids":["b0074"]},"name":"leuA","bigg_id":"b0074"}],"metabolites":[{"bigg_id":"h2o_c","coefficient":-1},{"bigg_id":"accoa_c","coefficient":-1},{"bigg_id":"3mob_c","coefficient":-1},{"bigg_id":"coa_c","coefficient":1},{"bigg_id":"h_c","coefficient":1},{"bigg_id":"3c3hmp_c","coefficient":1}],"segments":{"18":{"from_node_id":"19","to_node_id":"20","b1":null,"b2":null},"19":{"from_node_id":"21","to_node_id":"20","b1":null,"b2":null},"20":{"from_node_id":"19","to_node_id":"22","b1":{"x":-7,"y":190.99993896484375},"b2":{"x":-14.250001907348633,"y":234.99993133544922}},"21":{"from_node_id":"19","to_node_id":"23","b1":{"x":-7,"y":190.99993896484375},"b2":{"x":-34.25,"y":126.99994695186615}},"22":{"from_node_id":"19","to_node_id":"18","b1":{"x":-3,"y":190.99993896484375},"b2":{"x":-129.25,"y":190.99993896484375}},"23":{"from_node_id":"21","to_node_id":"24","b1":{"x":125,"y":190.99993896484375},"b2":{"x":130.25,"y":172.99993896484375}},"24":{"from_node_id":"21","to_node_id":"25","b1":{"x":125,"y":190.99993896484375},"b2":{"x":130.25,"y":208.99993896484375}},"25":{"from_node_id":"21","to_node_id":"26","b1":{"x":121,"y":190.99993896484375},"b2":{"x":175.25,"y":190.99993896484375}}}},"4":{"name":"2-isopropylmalate hydratase","bigg_id":"IPPMIb","reversibility":true,"label_x":361,"label_y":170.99993896484375,"gene_reaction_rule":"b0071 and b0072","genes":[{"notes":{"original_bigg_ids":["b0071"]},"name":"leuD","bigg_id":"b0071"},{"notes":{"original_bigg_ids":["b0072"]},"name":"leuC","bigg_id":"b0072"}],"metabolites":[{"bigg_id":"2ippm_c","coefficient":-1},{"bigg_id":"h2o_c","coefficient":-1},{"bigg_id":"3c3hmp_c","coefficient":1}],"segments":{"26":{"from_node_id":"27","to_node_id":"28","b1":null,"b2":null},"27":{"from_node_id":"29","to_node_id":"28","b1":null,"b2":null},"28":{"from_node_id":"27","to_node_id":"30","b1":{"x":471,"y":190.99993896484375},"b2":{"x":525.25,"y":190.99993896484375}},"29":{"from_node_id":"27","to_node_id":"31","b1":{"x":475,"y":190.99993896484375},"b2":{"x":480.25,"y":208.99993896484375}},"30":{"from_node_id":"29","to_node_id":"26","b1":{"x":347,"y":190.99993896484375},"b2":{"x":292.75,"y":190.99993896484375}}}},"5":{"name":"3-isopropylmalate dehydratase","bigg_id":"IPPMIa","reversibility":true,"label_x":709,"label_y":170.99993896484375,"gene_reaction_rule":"b0071 and b0072","genes":[{"notes":{"original_bigg_ids":["b0071"]},"name":"leuD","bigg_id":"b0071"},{"notes":{"original_bigg_ids":["b0072"]},"name":"leuC","bigg_id":"b0072"}],"metabolites":[{"bigg_id":"3c2hmp_c","coefficient":-1},{"bigg_id":"h2o_c","coefficient":1},{"bigg_id":"2ippm_c","coefficient":1}],"segments":{"31":{"from_node_id":"32","to_node_id":"33","b1":null,"b2":null},"32":{"from_node_id":"34","to_node_id":"33","b1":null,"b2":null},"33":{"from_node_id":"32","to_node_id":"35","b1":{"x":821,"y":190.99993896484375},"b2":{"x":875.25,"y":190.99993896484375}},"34":{"from_node_id":"34","to_node_id":"36","b1":{"x":693,"y":190.99993896484375},"b2":{"x":687.75,"y":208.99993896484375}},"35":{"from_node_id":"34","to_node_id":"30","b1":{"x":697,"y":190.99993896484375},"b2":{"x":642.75,"y":190.99993896484375}}}},"6":{"name":"3-isopropylmalate dehydrogenase","bigg_id":"IPMD","reversibility":false,"label_x":1065,"label_y":170.99993896484375,"gene_reaction_rule":"b0073","genes":[{"notes":{"original_bigg_ids":["b0073"]},"name":"leuB","bigg_id":"b0073"}],"metabolites":[{"bigg_id":"3c4mop_c","coefficient":1},{"bigg_id":"3c2hmp_c","coefficient":-1},{"bigg_id":"nadh_c","coefficient":1},{"bigg_id":"h_c","coefficient":1},{"bigg_id":"nad_c","coefficient":-1}],"segments":{"36":{"from_node_id":"37","to_node_id":"38","b1":null,"b2":null},"37":{"from_node_id":"39","to_node_id":"38","b1":null,"b2":null},"38":{"from_node_id":"39","to_node_id":"40","b1":{"x":1171,"y":190.99993896484375},"b2":{"x":1225.25,"y":190.99993896484375}},"39":{"from_node_id":"37","to_node_id":"35","b1":{"x":1047,"y":190.99993896484375},"b2":{"x":992.75,"y":190.99993896484375}},"40":{"from_node_id":"39","to_node_id":"41","b1":{"x":1175,"y":190.99993896484375},"b2":{"x":1180.25,"y":172.99993896484375}},"41":{"from_node_id":"39","to_node_id":"42","b1":{"x":1175,"y":190.99993896484375},"b2":{"x":1180.25,"y":208.99993896484375}},"42":{"from_node_id":"37","to_node_id":"43","b1":{"x":1043,"y":190.99993896484375},"b2":{"x":1037.75,"y":208.99993896484375}}}},"7":{"name":"2-Oxo-4-methyl-3-carboxypentanoate decarboxylation","bigg_id":"OMCDC","reversibility":false,"label_x":1401,"label_y":170.99993896484375,"gene_reaction_rule":"s0001","genes":[{"notes":{"original_bigg_ids":["s0001"]},"name":"None","bigg_id":"s0001"}],"metabolites":[{"bigg_id":"3c4mop_c","coefficient":-1},{"bigg_id":"co2_c","coefficient":1},{"bigg_id":"4mop_c","coefficient":1},{"bigg_id":"h_c","coefficient":-1}],"segments":{"43":{"from_node_id":"44","to_node_id":"45","b1":null,"b2":null},"44":{"from_node_id":"46","to_node_id":"45","b1":null,"b2":null},"45":{"from_node_id":"44","to_node_id":"40","b1":{"x":1397,"y":190.99993896484375},"b2":{"x":1342.75,"y":190.99993896484375}},"46":{"from_node_id":"46","to_node_id":"47","b1":{"x":1525,"y":190.99993896484375},"b2":{"x":1530.25,"y":208.99993896484375}},"47":{"from_node_id":"46","to_node_id":"48","b1":{"x":1521,"y":190.99993896484375},"b2":{"x":1575.25,"y":190.99993896484375}},"48":{"from_node_id":"44","to_node_id":"49","b1":{"x":1393,"y":190.99993896484375},"b2":{"x":1387.75,"y":208.99993896484375}}}},"8":{"name":"Leucine transaminase (irreversible)","bigg_id":"LEUTAi","reversibility":false,"label_x":1747,"label_y":170.99993896484375,"gene_reaction_rule":"b3770 or b4054","genes":[{"notes":{"original_bigg_ids":["b3770"]},"name":"ilvE","bigg_id":"b3770"},{"notes":{"original_bigg_ids":["b4054"]},"name":"tyrB","bigg_id":"b4054"}],"metabolites":[{"bigg_id":"akg_c","coefficient":1},{"bigg_id":"glu__L_c","coefficient":-1},{"bigg_id":"4mop_c","coefficient":-1},{"bigg_id":"leu__L_c","coefficient":1}],"segments":{"49":{"from_node_id":"50","to_node_id":"51","b1":null,"b2":null},"50":{"from_node_id":"52","to_node_id":"51","b1":null,"b2":null},"51":{"from_node_id":"52","to_node_id":"53","b1":{"x":1875,"y":190.99993896484375},"b2":{"x":1880.25,"y":208.99993896484375}},"52":{"from_node_id":"50","to_node_id":"54","b1":{"x":1743,"y":190.99993896484375},"b2":{"x":1723.75,"y":246.99993896484375}},"53":{"from_node_id":"50","to_node_id":"48","b1":{"x":1747,"y":190.99993896484375},"b2":{"x":1692.75,"y":190.99993896484375}},"54":{"from_node_id":"52","to_node_id":"55","b1":{"x":1871,"y":190.99993896484375},"b2":{"x":1925.25,"y":190.99993896484375}}}},"9":{"name":"Valine transaminase","bigg_id":"VALTA","reversibility":true,"label_x":-292.9999694824219,"label_y":597.9999694824219,"gene_reaction_rule":"b3770","genes":[{"notes":{"original_bigg_ids":["b3770"]},"name":"ilvE","bigg_id":"b3770"}],"metabolites":[{"bigg_id":"akg_c","coefficient":-1},{"bigg_id":"glu__L_c","coefficient":1},{"bigg_id":"val__L_c","coefficient":-1},{"bigg_id":"3mob_c","coefficient":1}],"segments":{"55":{"from_node_id":"56","to_node_id":"57","b1":null,"b2":null},"56":{"from_node_id":"58","to_node_id":"57","b1":null,"b2":null},"57":{"from_node_id":"56","to_node_id":"59","b1":{"x":-307.9999694824219,"y":653.9999694824219},"b2":{"x":-325.9999694824219,"y":659.2499694824219}},"58":{"from_node_id":"58","to_node_id":"60","b1":{"x":-307.9999694824219,"y":521.9999694824219},"b2":{"x":-325.9999694824219,"y":516.7499694824219}},"59":{"from_node_id":"56","to_node_id":"61","b1":{"x":-307.9999694824219,"y":649.9999694824219},"b2":{"x":-196.99996948242188,"y":932.2499694824219}},"60":{"from_node_id":"58","to_node_id":"18","b1":{"x":-315.9999694824219,"y":407.9999694824219},"b2":{"x":-220,"y":249.74993896484375}}}},"10":{"name":"Valine-pyruvate aminotransferase","bigg_id":"VPAMTr","reversibility":true,"label_x":-50.00000762939453,"label_y":597.9999389648438,"gene_reaction_rule":"b3572","genes":[{"notes":{"original_bigg_ids":["b3572"]},"name":"avtA","bigg_id":"b3572"}],"metabolites":[{"bigg_id":"pyr_c","coefficient":1},{"bigg_id":"3mob_c","coefficient":-1},{"bigg_id":"ala__L_c","coefficient":-1},{"bigg_id":"val__L_c","coefficient":1}],"segments":{"61":{"from_node_id":"62","to_node_id":"63","b1":null,"b2":null},"62":{"from_node_id":"64","to_node_id":"63","b1":null,"b2":null},"63":{"from_node_id":"64","to_node_id":"65","b1":{"x":-65.0000076293945,"y":653.9999389648438},"b2":{"x":-23.00001621246338,"y":665.2499389648438}},"64":{"from_node_id":"62","to_node_id":"18","b1":{"x":-65.00000762939453,"y":401.99993896484375},"b2":{"x":-158,"y":247.74993896484375}},"65":{"from_node_id":"62","to_node_id":"66","b1":{"x":-59.00000762939453,"y":519.9999389648438},"b2":{"x":-25.000013828277588,"y":503.74993896484375}},"66":{"from_node_id":"64","to_node_id":"61","b1":{"x":-65.0000076293945,"y":649.9999389648438},"b2":{"x":-190.99999618530273,"y":929.2499389648438}}}},"11":{"name":"L-threonine deaminase","bigg_id":"THRD_L","reversibility":false,"label_x":-1123,"label_y":-236.00003051757812,"gene_reaction_rule":"b3117 or b3772","genes":[{"notes":{"original_bigg_ids":["b3117"]},"name":"tdcB","bigg_id":"b3117"},{"notes":{"original_bigg_ids":["b3772"]},"name":"ilvA","bigg_id":"b3772"}],"metabolites":[{"bigg_id":"thr__L_c","coefficient":-1},{"bigg_id":"2obut_c","coefficient":1},{"bigg_id":"nh4_c","coefficient":1}],"segments":{"67":{"from_node_id":"69","to_node_id":"70","b1":null,"b2":null},"68":{"from_node_id":"71","to_node_id":"70","b1":null,"b2":null},"69":{"from_node_id":"69","to_node_id":"68","b1":{"x":-1125,"y":-212.00003051757812},"b2":{"x":-1179.25,"y":-212.00003051757812}},"70":{"from_node_id":"71","to_node_id":"72","b1":{"x":-1001,"y":-212.00003051757812},"b2":{"x":-946.75,"y":-212.00003051757812}},"71":{"from_node_id":"71","to_node_id":"73","b1":{"x":-997,"y":-212.00003051757812},"b2":{"x":-991.75,"y":-194.00003051757812}}}},"12":{"name":"2-aceto-2-hydroxybutanoate synthase","bigg_id":"ACHBS","reversibility":false,"label_x":-763,"label_y":-236.00003051757812,"gene_reaction_rule":"(b3670 and b3671) or (b0077 and b0078)","genes":[{"notes":{"original_bigg_ids":["b3670"]},"name":"ilvN","bigg_id":"b3670"},{"notes":{"original_bigg_ids":["b3671"]},"name":"ilvB","bigg_id":"b3671"},{"notes":{"original_bigg_ids":["b0077"]},"name":"ilvI","bigg_id":"b0077"},{"notes":{"original_bigg_ids":["b0078"]},"name":"ilvH","bigg_id":"b0078"}],"metabolites":[{"bigg_id":"2ahbut_c","coefficient":1},{"bigg_id":"2obut_c","coefficient":-1},{"bigg_id":"pyr_c","coefficient":-1},{"bigg_id":"co2_c","coefficient":1},{"bigg_id":"h_c","coefficient":-1}],"segments":{"72":{"from_node_id":"74","to_node_id":"75","b1":null,"b2":null},"73":{"from_node_id":"76","to_node_id":"75","b1":null,"b2":null},"74":{"from_node_id":"76","to_node_id":"77","b1":{"x":-651,"y":-212.00003051757812},"b2":{"x":-596.75,"y":-212.00003051757812}},"75":{"from_node_id":"74","to_node_id":"72","b1":{"x":-775,"y":-212.00003051757812},"b2":{"x":-829.25,"y":-212.00003051757812}},"76":{"from_node_id":"74","to_node_id":"78","b1":{"x":-779,"y":-212.00003051757812},"b2":{"x":-784.25,"y":-230.00003051757812}},"77":{"from_node_id":"76","to_node_id":"79","b1":{"x":-647,"y":-212.00003051757812},"b2":{"x":-641.75,"y":-194.00003051757812}},"78":{"from_node_id":"74","to_node_id":"80","b1":{"x":-779,"y":-212.00003051757812},"b2":{"x":-784.25,"y":-194.00003051757812}}}},"13":{"name":"Ketol-acid reductoisomerase (2-Acetolactate)","bigg_id":"KARA2","reversibility":true,"label_x":-413,"label_y":-234.00003051757812,"gene_reaction_rule":"b3774","genes":[{"notes":{"original_bigg_ids":["b3774"]},"name":"ilvC","bigg_id":"b3774"}],"metabolites":[{"bigg_id":"2ahbut_c","coefficient":-1},{"bigg_id":"23dhmp_c","coefficient":1},{"bigg_id":"nadp_c","coefficient":1},{"bigg_id":"nadph_c","coefficient":-1},{"bigg_id":"h_c","coefficient":-1}],"segments":{"79":{"from_node_id":"81","to_node_id":"82","b1":null,"b2":null},"80":{"from_node_id":"83","to_node_id":"82","b1":null,"b2":null},"81":{"from_node_id":"81","to_node_id":"77","b1":{"x":-425,"y":-212.00003051757812},"b2":{"x":-479.25,"y":-212.00003051757812}},"82":{"from_node_id":"83","to_node_id":"84","b1":{"x":-301,"y":-212.00003051757812},"b2":{"x":-246.75,"y":-212.00003051757812}},"83":{"from_node_id":"83","to_node_id":"85","b1":{"x":-297,"y":-212.00003051757812},"b2":{"x":-291.75,"y":-194.00003051757812}},"84":{"from_node_id":"81","to_node_id":"86","b1":{"x":-429,"y":-212.00003051757812},"b2":{"x":-434.25,"y":-230.00003051757812}},"85":{"from_node_id":"81","to_node_id":"87","b1":{"x":-429,"y":-212.00003051757812},"b2":{"x":-434.25,"y":-194.00003051757812}}}},"14":{"name":"Dihydroxy-acid dehydratase (2,3-dihydroxy-3-methylpentanoate)","bigg_id":"DHAD2","reversibility":false,"label_x":-70.99999976158142,"label_y":-236.00003051757812,"gene_reaction_rule":"b3771","genes":[{"notes":{"original_bigg_ids":["b3771"]},"name":"ilvD","bigg_id":"b3771"}],"metabolites":[{"bigg_id":"23dhmp_c","coefficient":-1},{"bigg_id":"3mop_c","coefficient":1},{"bigg_id":"h2o_c","coefficient":1}],"segments":{"86":{"from_node_id":"88","to_node_id":"89","b1":null,"b2":null},"87":{"from_node_id":"90","to_node_id":"89","b1":null,"b2":null},"88":{"from_node_id":"88","to_node_id":"84","b1":{"x":-75,"y":-212.00003051757812},"b2":{"x":-129.25,"y":-212.00003051757812}},"89":{"from_node_id":"90","to_node_id":"91","b1":{"x":49,"y":-212.00003051757812},"b2":{"x":103.25,"y":-212.00003051757812}},"90":{"from_node_id":"90","to_node_id":"92","b1":{"x":53,"y":-212.00003051757812},"b2":{"x":58.25,"y":-194.00003051757812}}}},"15":{"name":"Isoleucine transaminase","bigg_id":"ILETA","reversibility":true,"label_x":285,"label_y":-234.00003051757812,"gene_reaction_rule":"b3770","genes":[{"notes":{"original_bigg_ids":["b3770"]},"name":"ilvE","bigg_id":"b3770"}],"metabolites":[{"bigg_id":"ile__L_c","coefficient":-1},{"bigg_id":"3mop_c","coefficient":1},{"bigg_id":"glu__L_c","coefficient":1},{"bigg_id":"akg_c","coefficient":-1}],"segments":{"91":{"from_node_id":"93","to_node_id":"94","b1":null,"b2":null},"92":{"from_node_id":"95","to_node_id":"94","b1":null,"b2":null},"93":{"from_node_id":"93","to_node_id":"96","b1":{"x":399,"y":-212.00003051757812},"b2":{"x":453.25,"y":-212.00003051757812}},"94":{"from_node_id":"95","to_node_id":"91","b1":{"x":275,"y":-212.00003051757812},"b2":{"x":220.75,"y":-212.00003051757812}},"95":{"from_node_id":"95","to_node_id":"97","b1":{"x":271,"y":-212.00003051757812},"b2":{"x":237.75,"y":-256.00001525878906}},"96":{"from_node_id":"93","to_node_id":"98","b1":{"x":403,"y":-212.00003051757812},"b2":{"x":408.25,"y":-194.00003051757812}}}}},"nodes":{"0":{"node_type":"metabolite","x":-1238,"y":190.99993896484375,"bigg_id":"pyr_c","name":"Pyruvate","label_x":-1265,"label_y":236.99993896484375,"node_is_primary":true},"1":{"node_type":"multimarker","x":-1083,"y":190.99993896484375},"2":{"node_type":"midmarker","x":-1063,"y":190.99993896484375},"3":{"node_type":"multimarker","x":-1043,"y":190.99993896484375},"4":{"node_type":"metabolite","x":-958,"y":270.99993896484375,"bigg_id":"co2_c","name":"CO2","label_x":-985,"label_y":310.99993896484375,"node_is_primary":false},"5":{"node_type":"metabolite","x":-1168,"y":270.99993896484375,"bigg_id":"h_c","name":"H+","label_x":-1184.2,"label_y":310.99993896484375,"node_is_primary":false},"6":{"node_type":"metabolite","x":-888,"y":190.99993896484375,"bigg_id":"alac__S_c","name":"(S)-2-Acetolactate","label_x":-936.6,"label_y":230.99993896484375,"node_is_primary":true},"7":{"node_type":"multimarker","x":-693,"y":190.99993896484375},"8":{"node_type":"midmarker","x":-713,"y":190.99993896484375},"9":{"node_type":"multimarker","x":-733,"y":190.99993896484375},"10":{"node_type":"metabolite","x":-608,"y":270.99993896484375,"bigg_id":"nadp_c","name":"Nicotinamide adenine dinucleotide phosphate","label_x":-640.4,"label_y":310.99993896484375,"node_is_primary":false},"11":{"node_type":"metabolite","x":-818,"y":110.99993896484375,"bigg_id":"nadph_c","name":"Nicotinamide adenine dinucleotide phosphate - reduced","label_x":-855.8,"label_y":90.99993896484375,"node_is_primary":false},"12":{"node_type":"metabolite","x":-818,"y":270.99993896484375,"bigg_id":"h_c","name":"H+","label_x":-834.2,"label_y":310.99993896484375,"node_is_primary":false},"13":{"node_type":"metabolite","x":-538,"y":190.99993896484375,"bigg_id":"23dhmb_c","name":"(R)-2,3-Dihydroxy-3-methylbutanoate","label_x":-581.2,"label_y":230.99993896484375,"node_is_primary":true},"14":{"node_type":"multimarker","x":-383,"y":190.99993896484375},"15":{"node_type":"midmarker","x":-363,"y":190.99993896484375},"16":{"node_type":"multimarker","x":-343,"y":190.99993896484375},"17":{"node_type":"metabolite","x":-252,"y":92.99994087219238,"bigg_id":"h2o_c","name":"H2O","label_x":-277,"label_y":72.99994850158691,"node_is_primary":false},"18":{"node_type":"metabolite","x":-188,"y":190.99993896484375,"bigg_id":"3mob_c","name":"3-Methyl-2-oxobutanoate","label_x":-224.4,"label_y":160.99993896484375,"node_is_primary":true},"19":{"node_type":"multimarker","x":39,"y":190.99993896484375},"20":{"node_type":"midmarker","x":59,"y":190.99993896484375},"21":{"node_type":"multimarker","x":79,"y":190.99993896484375},"22":{"node_type":"metabolite","x":-36.000003814697266,"y":274.9999313354492,"bigg_id":"h2o_c","name":"H2O","label_x":-59.000003814697266,"label_y":314.9999313354492,"node_is_primary":false},"23":{"node_type":"metabolite","x":-50,"y":60.999950766563416,"bigg_id":"accoa_c","name":"Acetyl-CoA","label_x":-35.80000381469728,"label_y":86.99995076656342,"node_is_primary":false},"24":{"node_type":"metabolite","x":164,"y":110.99993896484375,"bigg_id":"coa_c","name":"Coenzyme A","label_x":137,"label_y":90.99993896484375,"node_is_primary":false},"25":{"node_type":"metabolite","x":164,"y":270.99993896484375,"bigg_id":"h_c","name":"H+","label_x":147.8,"label_y":310.99993896484375,"node_is_primary":false},"26":{"node_type":"metabolite","x":234,"y":190.99993896484375,"bigg_id":"3c3hmp_c","name":"3-Carboxy-3-hydroxy-4-methylpentanoate","label_x":190.8,"label_y":230.99993896484375,"node_is_primary":true},"27":{"node_type":"multimarker","x":429,"y":190.99993896484375},"28":{"node_type":"midmarker","x":409,"y":190.99993896484375},"29":{"node_type":"multimarker","x":389,"y":190.99993896484375},"30":{"node_type":"metabolite","x":584,"y":190.99993896484375,"bigg_id":"2ippm_c","name":"2-Isopropylmaleate","label_x":546.2,"label_y":230.99993896484375,"node_is_primary":true},"31":{"node_type":"metabolite","x":514,"y":270.99993896484375,"bigg_id":"h2o_c","name":"H2O","label_x":487,"label_y":310.99993896484375,"node_is_primary":false},"32":{"node_type":"multimarker","x":779,"y":190.99993896484375},"33":{"node_type":"midmarker","x":759,"y":190.99993896484375},"34":{"node_type":"multimarker","x":739,"y":190.99993896484375},"35":{"node_type":"metabolite","x":934,"y":190.99993896484375,"bigg_id":"3c2hmp_c","name":"3-Carboxy-2-hydroxy-4-methylpentanoate","label_x":890.8,"label_y":230.99993896484375,"node_is_primary":true},"36":{"node_type":"metabolite","x":654,"y":270.99993896484375,"bigg_id":"h2o_c","name":"H2O","label_x":627,"label_y":310.99993896484375,"node_is_primary":false},"37":{"node_type":"multimarker","x":1089,"y":190.99993896484375},"38":{"node_type":"midmarker","x":1109,"y":190.99993896484375},"39":{"node_type":"multimarker","x":1129,"y":190.99993896484375},"40":{"node_type":"metabolite","x":1284,"y":190.99993896484375,"bigg_id":"3c4mop_c","name":"3-Carboxy-4-methyl-2-oxopentanoate","label_x":1240.8,"label_y":230.99993896484375,"node_is_primary":true},"41":{"node_type":"metabolite","x":1214,"y":110.99993896484375,"bigg_id":"nadh_c","name":"Nicotinamide adenine dinucleotide - reduced","label_x":1181.6,"label_y":90.99993896484375,"node_is_primary":false},"42":{"node_type":"metabolite","x":1214,"y":270.99993896484375,"bigg_id":"h_c","name":"H+","label_x":1197.8,"label_y":310.99993896484375,"node_is_primary":false},"43":{"node_type":"metabolite","x":1004,"y":270.99993896484375,"bigg_id":"nad_c","name":"Nicotinamide adenine dinucleotide","label_x":977,"label_y":310.99993896484375,"node_is_primary":false},"44":{"node_type":"multimarker","x":1439,"y":190.99993896484375},"45":{"node_type":"midmarker","x":1459,"y":190.99993896484375},"46":{"node_type":"multimarker","x":1479,"y":190.99993896484375},"47":{"node_type":"metabolite","x":1564,"y":270.99993896484375,"bigg_id":"co2_c","name":"CO2","label_x":1537,"label_y":310.99993896484375,"node_is_primary":false},"48":{"node_type":"metabolite","x":1634,"y":190.99993896484375,"bigg_id":"4mop_c","name":"4-Methyl-2-oxopentanoate","label_x":1601.6,"label_y":230.99993896484375,"node_is_primary":true},"49":{"node_type":"metabolite","x":1354,"y":270.99993896484375,"bigg_id":"h_c","name":"H+","label_x":1337.8,"label_y":310.99993896484375,"node_is_primary":false},"50":{"node_type":"multimarker","x":1789,"y":190.99993896484375},"51":{"node_type":"midmarker","x":1809,"y":190.99993896484375},"52":{"node_type":"multimarker","x":1829,"y":190.99993896484375},"53":{"node_type":"metabolite","x":1914,"y":270.99993896484375,"bigg_id":"akg_c","name":"2-Oxoglutarate","label_x":1887,"label_y":310.99993896484375,"node_is_primary":false},"54":{"node_type":"metabolite","x":1702,"y":314.99993896484375,"bigg_id":"glu__L_c","name":"L-Glutamate","label_x":1722.8,"label_y":306.99993896484375,"node_is_primary":false},"55":{"node_type":"metabolite","x":1984,"y":190.99993896484375,"bigg_id":"leu__L_c","name":"L-Leucine","label_x":1944.8,"label_y":234.99993896484375,"node_is_primary":true},"56":{"node_type":"multimarker","x":-307.9999694824219,"y":607.9999694824219},"57":{"node_type":"midmarker","x":-307.9999694824219,"y":587.9999694824219},"58":{"node_type":"multimarker","x":-307.9999694824219,"y":567.9999694824219},"59":{"node_type":"metabolite","x":-387.9999694824219,"y":692.9999694824219,"bigg_id":"akg_c","name":"2-Oxoglutarate","label_x":-411.9999694824219,"label_y":734.9999694824219,"node_is_primary":false},"60":{"node_type":"metabolite","x":-387.9999694824219,"y":482.9999694824219,"bigg_id":"glu__L_c","name":"L-Glutamate","label_x":-427.9999694824219,"label_y":456.9999694824219,"node_is_primary":false},"61":{"node_type":"metabolite","x":-196.99996948242188,"y":990.9999694824219,"bigg_id":"val__L_c","name":"L-Valine","label_x":-165.99996948242188,"label_y":998.9999694824219,"node_is_primary":true},"62":{"node_type":"multimarker","x":-65.00000762939453,"y":567.9999389648438},"63":{"node_type":"midmarker","x":-65.00000762939453,"y":587.9999389648438},"64":{"node_type":"multimarker","x":-65.00000762939453,"y":607.9999389648438},"65":{"node_type":"metabolite","x":12.999978065490723,"y":688.9999389648438,"bigg_id":"pyr_c","name":"Pyruvate","label_x":-32.00002193450928,"label_y":718.9999389648438,"node_is_primary":false},"66":{"node_type":"metabolite","x":6.999980449676514,"y":481.99993896484375,"bigg_id":"ala__L_c","name":"L-Alanine","label_x":-53.00002031028998,"label_y":453.99993896484375,"node_is_primary":false},"68":{"node_type":"metabolite","x":-1238,"y":-212.00003051757812,"bigg_id":"thr__L_c","name":"L-Threonine","label_x":-1277.2,"label_y":-156.00003051757812,"node_is_primary":true},"69":{"node_type":"multimarker","x":-1083,"y":-212.00003051757812},"70":{"node_type":"midmarker","x":-1063,"y":-212.00003051757812},"71":{"node_type":"multimarker","x":-1043,"y":-212.00003051757812},"72":{"node_type":"metabolite","x":-888,"y":-212.00003051757812,"bigg_id":"2obut_c","name":"2-Oxobutanoate","label_x":-925.8,"label_y":-172.00003051757812,"node_is_primary":true},"73":{"node_type":"metabolite","x":-958,"y":-132.00003051757812,"bigg_id":"nh4_c","name":"Ammonium","label_x":-985,"label_y":-92.00003051757812,"node_is_primary":false},"74":{"node_type":"multimarker","x":-733,"y":-212.00003051757812},"75":{"node_type":"midmarker","x":-713,"y":-212.00003051757812},"76":{"node_type":"multimarker","x":-693,"y":-212.00003051757812},"77":{"node_type":"metabolite","x":-538,"y":-212.00003051757812,"bigg_id":"2ahbut_c","name":"(S)-2-Aceto-2-hydroxybutanoate","label_x":-581.2,"label_y":-172.00003051757812,"node_is_primary":true},"78":{"node_type":"metabolite","x":-818,"y":-292.0000305175781,"bigg_id":"pyr_c","name":"Pyruvate","label_x":-887,"label_y":-274.00006103515625,"node_is_primary":false},"79":{"node_type":"metabolite","x":-608,"y":-132.00003051757812,"bigg_id":"co2_c","name":"CO2","label_x":-635,"label_y":-92.00003051757812,"node_is_primary":false},"80":{"node_type":"metabolite","x":-818,"y":-132.00003051757812,"bigg_id":"h_c","name":"H+","label_x":-834.2,"label_y":-92.00003051757812,"node_is_primary":false},"81":{"node_type":"multimarker","x":-383,"y":-212.00003051757812},"82":{"node_type":"midmarker","x":-363,"y":-212.00003051757812},"83":{"node_type":"multimarker","x":-343,"y":-212.00003051757812},"84":{"node_type":"metabolite","x":-188,"y":-212.00003051757812,"bigg_id":"23dhmp_c","name":"(R)-2,3-Dihydroxy-3-methylpentanoate","label_x":-231.2,"label_y":-172.00003051757812,"node_is_primary":true},"85":{"node_type":"metabolite","x":-258,"y":-132.00003051757812,"bigg_id":"nadp_c","name":"Nicotinamide adenine dinucleotide phosphate","label_x":-290.4,"label_y":-92.00003051757812,"node_is_primary":false},"86":{"node_type":"metabolite","x":-468,"y":-292.0000305175781,"bigg_id":"nadph_c","name":"Nicotinamide adenine dinucleotide phosphate - reduced","label_x":-505.79999999999995,"label_y":-312.0000305175781,"node_is_primary":false},"87":{"node_type":"metabolite","x":-468,"y":-132.00003051757812,"bigg_id":"h_c","name":"H+","label_x":-484.2,"label_y":-92.00003051757812,"node_is_primary":false},"88":{"node_type":"multimarker","x":-33,"y":-212.00003051757812},"89":{"node_type":"midmarker","x":-13,"y":-212.00003051757812},"90":{"node_type":"multimarker","x":7,"y":-212.00003051757812},"91":{"node_type":"metabolite","x":162,"y":-212.00003051757812,"bigg_id":"3mop_c","name":"(S)-3-Methyl-2-oxopentanoate","label_x":129.6,"label_y":-172.00003051757812,"node_is_primary":true},"92":{"node_type":"metabolite","x":92,"y":-132.00003051757812,"bigg_id":"h2o_c","name":"H2O","label_x":65,"label_y":-92.00003051757812,"node_is_primary":false},"93":{"node_type":"multimarker","x":357,"y":-212.00003051757812},"94":{"node_type":"midmarker","x":337,"y":-212.00003051757812},"95":{"node_type":"multimarker","x":317,"y":-212.00003051757812},"96":{"node_type":"metabolite","x":512,"y":-212.00003051757812,"bigg_id":"ile__L_c","name":"L-Isoleucine","label_x":478.8,"label_y":-162.00003051757812,"node_is_primary":true},"97":{"node_type":"metabolite","x":216,"y":-312.00001525878906,"bigg_id":"glu__L_c","name":"L-Glutamate","label_x":116.80000000000001,"label_y":-282.00001525878906,"node_is_primary":false},"98":{"node_type":"metabolite","x":442,"y":-132.00003051757812,"bigg_id":"akg_c","name":"2-Oxoglutarate","label_x":415,"label_y":-92.00003051757812,"node_is_primary":false}},"text_labels":{"0":{"x":-1562,"y":-198.50003051757812,"text":"L-Threonine"},"1":{"x":63.99989318847656,"y":-338.50001525878906,"text":"L-Glutamate"},"2":{"x":-920.0000610351562,"y":-320.5,"text":"Pyruvate"},"3":{"x":-1488,"y":207.49993896484375,"text":"Pyruvate"},"5":{"x":-176.00003242492676,"y":41.49995231628418,"text":"Acetyl-CoA"},"6":{"x":1565.9999389648438,"y":377.49993896484375,"text":"L-Glutamate"},"7":{"x":545.9998779296875,"y":-192.50003051757812,"text":"L-Isoleucine"},"8":{"x":-424.0000305175781,"y":1003.4998779296875,"text":"L-Valine"},"10":{"x":2021.999755859375,"y":203.49993896484375,"text":"L-Leucine"},"12":{"x":39.999908447265625,"y":703.4999389648438,"text":"Pyruvate"},"13":{"x":29.999908447265625,"y":501.49993896484375,"text":"L-Alanine"},"14":{"x":-716.0000610351562,"y":501.49993896484375,"text":"L-Glutamate"},"15":{"x":-772,"y":709.4999389648438,"text":"2-Oxoglutarate"},"16":{"x":-529.4538879394531,"y":-476.4651794433594,"text":"VALINE, LEUCINE, AND ISOLEUCINE METABOLISM SUBSYSTEM"}},"canvas":{"x":-1590.5771484375,"y":-595.2069091796875,"width":3883.4169921875,"height":1659.6837158203125}}]