[{"map_name":"iJO1366.Nucleotide metabolism","map_id":"49d4752b48ef59713f50a7d2ca35df78","map_description":"\nLast Modified Tue Mar 13 2018 17:32:13 GMT-0600 (Mountain Daylight Time)","homepage":"https://escher.github.io","schema":"https://escher.github.io/escher/jsonschema/1-0-0#"},{"reactions":{"1353039":{"name":"Phosphoribosylaminoimidazole carboxylase","bigg_id":"AIRC2","reversibility":false,"label_x":-1738.4936028831685,"label_y":-3238.8338693644646,"gene_reaction_rule":"b0522","genes":[{"bigg_id":"b0522","name":"purK"}],"metabolites":[{"coefficient":1,"bigg_id":"pi_c"},{"coefficient":1,"bigg_id":"h_c"},{"coefficient":-1,"bigg_id":"air_c"},{"coefficient":1,"bigg_id":"adp_c"},{"coefficient":1,"bigg_id":"5caiz_c"},{"coefficient":-1,"bigg_id":"atp_c"},{"coefficient":-1,"bigg_id":"hco3_c"}],"segments":{"1353902":{"from_node_id":"1353280","to_node_id":"1353279","b1":null,"b2":null},"1353903":{"from_node_id":"1353279","to_node_id":"1353278","b1":null,"b2":null},"1353904":{"from_node_id":"1352393","to_node_id":"1353280","b1":{"x":-1602.256741970682,"y":-3207.2868222476036},"b2":{"x":-1635.2755139780656,"y":-3207.1834050153766}},"1353905":{"from_node_id":"1352394","to_node_id":"1353280","b1":{"x":-1589.2187386875125,"y":-3207.327658236689},"b2":{"x":-1631.3641129931202,"y":-3207.195655812101}},"1353906":{"from_node_id":"1352395","to_node_id":"1353280","b1":{"x":-1549.4269067576765,"y":-3207.4522891927527},"b2":{"x":-1619.4265634141693,"y":-3207.233045098922}},"1353907":{"from_node_id":"1353278","to_node_id":"1352396","b1":{"x":-1754.9258987992453,"y":-3206.8086511744377},"b2":{"x":-1814.4256069572602,"y":-3206.622293694677}},"1353908":{"from_node_id":"1353278","to_node_id":"1352397","b1":{"x":-1743.5769261632613,"y":-3206.844196994807},"b2":{"x":-1821.7808471318913,"y":-3226.6537982643376}},"1353909":{"from_node_id":"1353278","to_node_id":"1352398","b1":{"x":-1747.4883271482108,"y":-3206.831946198079},"b2":{"x":-1789.6337014538185,"y":-3206.6999437734967}},"1353910":{"from_node_id":"1353278","to_node_id":"1352399","b1":{"x":-1759.4258767271604,"y":-3206.794556911256},"b2":{"x":-1829.4255333836545,"y":-3206.5753128174283}}}},"1353057":{"name":"Dihydroorotase","bigg_id":"DHORTS","reversibility":true,"label_x":-3396.0234375,"label_y":-4457.8046875,"gene_reaction_rule":"b1062","genes":[{"bigg_id":"b1062","name":"pyrC"}],"metabolites":[{"coefficient":1,"bigg_id":"cbasp_c"},{"coefficient":1,"bigg_id":"h_c"},{"coefficient":-1,"bigg_id":"dhor__S_c"},{"coefficient":-1,"bigg_id":"h2o_c"}],"segments":{"1353992":{"from_node_id":"1353322","to_node_id":"1353320","b1":null,"b2":null},"1353993":{"from_node_id":"1353320","to_node_id":"1353321","b1":null,"b2":null},"1353994":{"from_node_id":"1352453","to_node_id":"1353322","b1":{"y":-4432,"x":-3237.830094339717},"b2":{"y":-4432,"x":-3270.849028301915}},"1353995":{"from_node_id":"1352454","to_node_id":"1353322","b1":{"y":-4432,"x":-3185},"b2":{"y":-4432,"x":-3255}},"1353996":{"from_node_id":"1353321","to_node_id":"1352455","b1":{"y":-4432,"x":-3395},"b2":{"y":-4432,"x":-3465}},"1353997":{"from_node_id":"1353321","to_node_id":"1352456","b1":{"y":-4432,"x":-3379.150971698085},"b2":{"y":-4432,"x":-3412.169905660283}}}},"1353065":{"name":"Phosphoribosylpyrophosphate synthetase","bigg_id":"PRPPS","reversibility":true,"label_x":-3941.030517578125,"label_y":-3924.13525390625,"gene_reaction_rule":"b1207","genes":[{"bigg_id":"b1207","name":"prs"}],"metabolites":[{"coefficient":-1,"bigg_id":"r5p_c"},{"coefficient":1,"bigg_id":"h_c"},{"coefficient":1,"bigg_id":"prpp_c"},{"coefficient":-1,"bigg_id":"atp_c"},{"coefficient":1,"bigg_id":"amp_c"}],"segments":{"1354034":{"from_node_id":"1353342","to_node_id":"1353341","b1":null,"b2":null},"1354035":{"from_node_id":"1353341","to_node_id":"1353340","b1":null,"b2":null},"1354036":{"from_node_id":"1352477","to_node_id":"1353342","b1":{"y":-3899,"x":-3994},"b2":{"y":-3899,"x":-3948.5}},"1354037":{"from_node_id":"1352478","to_node_id":"1353342","b1":{"y":-3899,"x":-3981.2015325445527},"b2":{"y":-3899,"x":-3944.660459763366}},"1354038":{"from_node_id":"1353340","to_node_id":"1352479","b1":{"y":-3899,"x":-3854.5},"b2":{"y":-3899,"x":-3774}},"1354039":{"from_node_id":"1353340","to_node_id":"1352480","b1":{"y":-3899,"x":-3864.398170799715},"b2":{"y":-3899,"x":-3806.993902665716}},"1354040":{"from_node_id":"1353340","to_node_id":"1352481","b1":{"y":-3899,"x":-3873.339540236634},"b2":{"y":-3899,"x":-3836.7984674554473}}}},"1353072":{"name":"Dihydoorotic acid dehydrogenase (quinone8)","bigg_id":"DHORD2","reversibility":false,"label_x":-2862.9228515625,"label_y":-4249.5869140625,"gene_reaction_rule":"b0945","genes":[{"bigg_id":"b0945","name":"pyrD"}],"metabolites":[{"coefficient":1,"bigg_id":"orot_c"},{"coefficient":1,"bigg_id":"q8h2_c"},{"coefficient":-1,"bigg_id":"dhor__S_c"},{"coefficient":-1,"bigg_id":"q8_c"}],"segments":{"1354074":{"from_node_id":"1353359","to_node_id":"1353360","b1":null,"b2":null},"1354075":{"from_node_id":"1353360","to_node_id":"1353361","b1":null,"b2":null},"1354076":{"from_node_id":"1352454","to_node_id":"1353359","b1":{"y":-4289,"x":-3007.9318917124438},"b2":{"x":-2869.983815560608,"y":-4227.1240234375}},"1354077":{"from_node_id":"1352501","to_node_id":"1353359","b1":{"x":-2880.274153707158,"y":-4227.1240234375},"b2":{"x":-2847.25521974496,"y":-4227.1240234375}},"1354078":{"from_node_id":"1353361","to_node_id":"1352502","b1":{"x":-2738.95327634879,"y":-4227.1240234375},"b2":{"x":-2705.934342386592,"y":-4227.1240234375}},"1354079":{"from_node_id":"1353361","to_node_id":"1352503","b1":{"x":-2711.1675099763,"y":-4227.1240234375},"b2":{"x":-2589.362728566834,"y":-4292.9921875}}}},"1353086":{"name":"Glutamine phosphoribosyldiphosphate amidotransferase","bigg_id":"GLUPRT","reversibility":false,"label_x":-3498.81884765625,"label_y":-3929.79833984375,"gene_reaction_rule":"b2312","genes":[{"bigg_id":"b2312","name":"purF"}],"metabolites":[{"coefficient":-1,"bigg_id":"h2o_c"},{"coefficient":1,"bigg_id":"glu__L_c"},{"coefficient":1,"bigg_id":"ppi_c"},{"coefficient":-1,"bigg_id":"prpp_c"},{"coefficient":1,"bigg_id":"pram_c"},{"coefficient":-1,"bigg_id":"gln__L_c"}],"segments":{"1354159":{"from_node_id":"1353401","to_node_id":"1353400","b1":null,"b2":null},"1354160":{"from_node_id":"1353400","to_node_id":"1353399","b1":null,"b2":null},"1354161":{"from_node_id":"1352479","to_node_id":"1353401","b1":{"y":-3899,"x":-3579},"b2":{"y":-3899,"x":-3523}},"1354162":{"from_node_id":"1352545","to_node_id":"1353401","b1":{"y":-3899,"x":-3546.169905660283},"b2":{"y":-3899,"x":-3513.150971698085}},"1354163":{"from_node_id":"1352546","to_node_id":"1353401","b1":{"y":-3899,"x":-3559.2079728939616},"b2":{"y":-3899,"x":-3517.0623918681886}},"1354164":{"from_node_id":"1353399","to_node_id":"1352547","b1":{"y":-3899,"x":-3342.775019260412},"b2":{"y":-3899,"x":-3304.9167308680403}},"1354165":{"from_node_id":"1353399","to_node_id":"1352548","b1":{"y":-3899,"x":-3332},"b2":{"x":-3243.052001953125,"y":-3899}},"1354166":{"from_node_id":"1353399","to_node_id":"1352549","b1":{"y":-3899,"x":-3347.28462548614},"b2":{"y":-3899,"x":-3319.9487516204667}}}},"1353133":{"name":"Carbamate kinase","bigg_id":"CBMKr","reversibility":true,"label_x":-4316.1318359375,"label_y":-4458.7177734375,"gene_reaction_rule":"b0521 or b0323 or b2874","genes":[{"bigg_id":"b2874","name":"yqeA"},{"bigg_id":"b0521","name":"ybcF"},{"bigg_id":"b0323","name":"yahI"}],"metabolites":[{"coefficient":2,"bigg_id":"h_c"},{"coefficient":1,"bigg_id":"cbp_c"},{"coefficient":1,"bigg_id":"adp_c"},{"coefficient":-1,"bigg_id":"co2_c"},{"coefficient":-1,"bigg_id":"atp_c"},{"coefficient":-1,"bigg_id":"nh4_c"}],"segments":{"1354434":{"from_node_id":"1353527","to_node_id":"1353528","b1":null,"b2":null},"1354435":{"from_node_id":"1353528","to_node_id":"1353526","b1":null,"b2":null},"1354436":{"from_node_id":"1352682","to_node_id":"1353527","b1":{"y":-4432,"x":-4365.927038972403},"b2":{"y":-4432,"x":-4323.978111691721}},"1354437":{"from_node_id":"1352683","to_node_id":"1353527","b1":{"y":-4432,"x":-4383.6208734813},"b2":{"y":-4432,"x":-4329.28626204439}},"1354438":{"from_node_id":"1352684","to_node_id":"1353527","b1":{"y":-4432,"x":-4383.809061168992},"b2":{"y":-4432,"x":-4329.342718350697}},"1354439":{"from_node_id":"1353526","to_node_id":"1352685","b1":{"y":-4432,"x":-4199.339540236634},"b2":{"y":-4432,"x":-4162.798467455447}},"1354440":{"from_node_id":"1353526","to_node_id":"1352686","b1":{"y":-4432,"x":-4198.566954025501},"b2":{"y":-4432,"x":-4160.223180085003}},"1354441":{"from_node_id":"1353526","to_node_id":"1352687","b1":{"y":-4432,"x":-4189.5},"b2":{"y":-4432,"x":-4130}}}},"1353140":{"name":"Dihydroorotic acid (menaquinone-8)","bigg_id":"DHORD5","reversibility":false,"label_x":-2867.658447265625,"label_y":-4666.39404296875,"gene_reaction_rule":"b0945","genes":[{"bigg_id":"b0945","name":"pyrD"}],"metabolites":[{"coefficient":1,"bigg_id":"orot_c"},{"coefficient":-1,"bigg_id":"mqn8_c"},{"coefficient":1,"bigg_id":"mql8_c"},{"coefficient":-1,"bigg_id":"dhor__S_c"}],"segments":{"1354464":{"from_node_id":"1353540","to_node_id":"1353541","b1":null,"b2":null},"1354465":{"from_node_id":"1353541","to_node_id":"1353539","b1":null,"b2":null},"1354466":{"from_node_id":"1352700","to_node_id":"1353540","b1":{"x":-2898.3163104933556,"y":-4633.91552734375},"b2":{"x":-2863.8453081870693,"y":-4633.91552734375}},"1354467":{"from_node_id":"1352454","to_node_id":"1353540","b1":{"x":-3031.026351936157,"y":-4560.06396484375},"b2":{"x":-2887.490766908972,"y":-4633.91552734375}},"1354468":{"from_node_id":"1353539","to_node_id":"1352701","b1":{"x":-2752.9165270629715,"y":-4633.91552734375},"b2":{"x":-2715.22037341303,"y":-4633.91552734375}},"1354469":{"from_node_id":"1353539","to_node_id":"1352503","b1":{"x":-2725.305681678538,"y":-4633.91552734375},"b2":{"x":-2583.2640561159596,"y":-4584.01611328125}}}},"1353152":{"name":"Orotidine-5'-phosphate decarboxylase","bigg_id":"OMPDC","reversibility":false,"label_x":-1862.1640625,"label_y":-4458.0751953125,"gene_reaction_rule":"b1281","genes":[{"bigg_id":"b1281","name":"pyrF"}],"metabolites":[{"coefficient":1,"bigg_id":"co2_c"},{"coefficient":-1,"bigg_id":"orot5p_c"},{"coefficient":1,"bigg_id":"ump_c"},{"coefficient":-1,"bigg_id":"h_c"}],"segments":{"1354532":{"from_node_id":"1353569","to_node_id":"1353571","b1":null,"b2":null},"1354533":{"from_node_id":"1353571","to_node_id":"1353570","b1":null,"b2":null},"1354534":{"from_node_id":"1352732","to_node_id":"1353569","b1":{"x":-1949.15185546875,"y":-4435.9921875},"b2":{"x":-1879.15185546875,"y":-4435.9921875}},"1354535":{"from_node_id":"1352733","to_node_id":"1353569","b1":{"x":-1896.3217611290331,"y":-4435.9921875},"b2":{"x":-1863.302827166835,"y":-4435.9921875}},"1354536":{"from_node_id":"1353570","to_node_id":"1352734","b1":{"x":-1755.000883770665,"y":-4435.9921875},"b2":{"x":-1721.9819498084669,"y":-4435.9921875}},"1354537":{"from_node_id":"1353570","to_node_id":"1352735","b1":{"x":-1739.15185546875,"y":-4435.9921875},"b2":{"x":-1669.15185546875,"y":-4435.9921875}}}},"1353166":{"name":"ADPribose diphosphatase","bigg_id":"ADPRDP","reversibility":false,"label_x":-4303.373046875,"label_y":-3845.873291015625,"gene_reaction_rule":"b3397 or b3034","genes":[{"bigg_id":"b3034","name":"nudF"},{"bigg_id":"b3397","name":"nudE"}],"metabolites":[{"coefficient":1,"bigg_id":"amp_c"},{"coefficient":1,"bigg_id":"r5p_c"},{"coefficient":2,"bigg_id":"h_c"},{"coefficient":-1,"bigg_id":"h2o_c"},{"coefficient":-1,"bigg_id":"adprib_c"}],"segments":{"1354603":{"from_node_id":"1353604","to_node_id":"1353605","b1":null,"b2":null},"1354604":{"from_node_id":"1353605","to_node_id":"1353603","b1":null,"b2":null},"1354605":{"from_node_id":"1352762","to_node_id":"1353604","b1":{"x":-4323.117548169553,"y":-3900.995849609375},"b2":{"x":-4286.576475388366,"y":-3900.995849609375}},"1354606":{"from_node_id":"1352763","to_node_id":"1353604","b1":{"x":-4398.740234375,"y":-3900.99609375},"b2":{"x":-4282.916015625,"y":-3900.995849609375}},"1354607":{"from_node_id":"1353603","to_node_id":"1352764","b1":{"x":-4215.255555861634,"y":-3900.995849609375},"b2":{"x":-4178.714483080447,"y":-3900.995849609375}},"1354608":{"from_node_id":"1353603","to_node_id":"1352765","b1":{"x":-4211.706642912702,"y":-3900.995849609375},"b2":{"x":-4166.884773250671,"y":-3900.995849609375}},"1354609":{"from_node_id":"1353603","to_node_id":"1352477","b1":{"x":-4211.416015625,"y":-3900.995849609375},"b2":{"y":-3899,"x":-4124}}}},"1353169":{"name":"Orotate phosphoribosyltransferase","bigg_id":"ORPT","reversibility":true,"label_x":-2323.40869140625,"label_y":-4453.8125,"gene_reaction_rule":"b3642","genes":[{"bigg_id":"b3642","name":"pyrE"}],"metabolites":[{"coefficient":-1,"bigg_id":"ppi_c"},{"coefficient":1,"bigg_id":"orot_c"},{"coefficient":-1,"bigg_id":"orot5p_c"},{"coefficient":1,"bigg_id":"prpp_c"}],"segments":{"1354623":{"from_node_id":"1353613","to_node_id":"1353614","b1":null,"b2":null},"1354624":{"from_node_id":"1353614","to_node_id":"1353612","b1":null,"b2":null},"1354625":{"from_node_id":"1352732","to_node_id":"1353613","b1":{"x":-2149.15185546875,"y":-4435.9921875},"b2":{"x":-2219.15185546875,"y":-4435.9921875}},"1354626":{"from_node_id":"1352771","to_node_id":"1353613","b1":{"x":-2201.981949808467,"y":-4435.9921875},"b2":{"x":-2235.000883770665,"y":-4435.9921875}},"1354627":{"from_node_id":"1353612","to_node_id":"1352772","b1":{"x":-2343.302827166835,"y":-4435.9921875},"b2":{"x":-2376.321761129033,"y":-4435.9921875}},"1354628":{"from_node_id":"1353612","to_node_id":"1352503","b1":{"x":-2352.85612723567,"y":-4435.9921875},"b2":{"x":-2408.1660946918164,"y":-4435.9921875}}}},"1353173":{"name":"Aspartate carbamoyltransferase","bigg_id":"ASPCT","reversibility":false,"label_x":-3880.345703125,"label_y":-4450.40869140625,"gene_reaction_rule":"(b4244 and b4245) or b4245","genes":[{"bigg_id":"b4245","name":"pyrB"},{"bigg_id":"b4244","name":"pyrI"}],"metabolites":[{"coefficient":-1,"bigg_id":"cbp_c"},{"coefficient":1,"bigg_id":"cbasp_c"},{"coefficient":1,"bigg_id":"h_c"},{"coefficient":-1,"bigg_id":"asp__L_c"},{"coefficient":1,"bigg_id":"pi_c"}],"segments":{"1354647":{"from_node_id":"1353624","to_node_id":"1353625","b1":null,"b2":null},"1354648":{"from_node_id":"1353625","to_node_id":"1353626","b1":null,"b2":null},"1354649":{"from_node_id":"1352687","to_node_id":"1353624","b1":{"y":-4432,"x":-3945},"b2":{"y":-4432,"x":-3875}},"1354650":{"from_node_id":"1352779","to_node_id":"1353624","b1":{"y":-4432,"x":-3892.169905660283},"b2":{"y":-4432,"x":-3859.150971698085}},"1354651":{"from_node_id":"1353626","to_node_id":"1352780","b1":{"y":-4432,"x":-3746.9376081318114},"b2":{"y":-4432,"x":-3704.7920271060384}},"1354652":{"from_node_id":"1353626","to_node_id":"1352781","b1":{"y":-4432,"x":-3750.849028301915},"b2":{"y":-4432,"x":-3717.830094339717}},"1354653":{"from_node_id":"1353626","to_node_id":"1352455","b1":{"y":-4432,"x":-3735},"b2":{"y":-4432,"x":-3665}}}},"1353176":{"name":"Phosphoribosylaminoimidazole carboxylase (mutase rxn)","bigg_id":"AIRC3","reversibility":true,"label_x":-2132.8756436058343,"label_y":-3157.268545971142,"gene_reaction_rule":"b0523","genes":[{"bigg_id":"b0523","name":"purE"}],"metabolites":[{"coefficient":1,"bigg_id":"5caiz_c"},{"coefficient":-1,"bigg_id":"5aizc_c"}],"segments":{"1354667":{"from_node_id":"1352787","to_node_id":"1353633","b1":{"x":-2225.4235910404095,"y":-3205.3350176580416},"b2":{"x":-2169.4238657152073,"y":-3205.5104129331094}},"1354668":{"from_node_id":"1353633","to_node_id":"1352399","b1":{"x":-2065.424375825555,"y":-3205.8361470153695},"b2":{"x":-2009.4246505003575,"y":-3206.0115422904346}}}},"1353178":{"name":"GAR transformylase-T","bigg_id":"GART","reversibility":false,"label_x":-2337.437744140625,"label_y":-3760.48046875,"gene_reaction_rule":"b1849","genes":[{"bigg_id":"b1849","name":"purT"}],"metabolites":[{"coefficient":1,"bigg_id":"h_c"},{"coefficient":-1,"bigg_id":"gar_c"},{"coefficient":1,"bigg_id":"fgam_c"},{"coefficient":1,"bigg_id":"adp_c"},{"coefficient":-1,"bigg_id":"for_c"},{"coefficient":-1,"bigg_id":"atp_c"},{"coefficient":1,"bigg_id":"pi_c"}],"segments":{"1354671":{"from_node_id":"1353637","to_node_id":"1353636","b1":null,"b2":null},"1354672":{"from_node_id":"1353636","to_node_id":"1353635","b1":null,"b2":null},"1354673":{"from_node_id":"1352789","to_node_id":"1353637","b1":{"y":-3819,"x":-2415.485292703892},"b2":{"y":-3819,"x":-2361.9455878111676}},"1354674":{"from_node_id":"1352790","to_node_id":"1353637","b1":{"y":-3819,"x":-2399.2079728939616},"b2":{"y":-3819,"x":-2357.0623918681886}},"1354675":{"from_node_id":"1352791","to_node_id":"1353637","b1":{"y":-3819,"x":-2465.491106406735},"b2":{"y":-3819,"x":-2376.9473319220206}},"1354676":{"from_node_id":"1353635","to_node_id":"1352792","b1":{"y":-3819,"x":-2234.8132267551046},"b2":{"y":-3819,"x":-2178.3774225170146}},"1354677":{"from_node_id":"1353635","to_node_id":"1352793","b1":{"y":-3819,"x":-2243.054781280898},"b2":{"y":-3808.97265625,"x":-2172.425198670702}},"1354678":{"from_node_id":"1353635","to_node_id":"1352794","b1":{"y":-3819,"x":-2245.1706833140606},"b2":{"y":-3808.97265625,"x":-2172.7933909947856}},"1354679":{"from_node_id":"1353635","to_node_id":"1352795","b1":{"y":-3819,"x":-2224.3698108581543},"b2":{"y":-3819,"x":-2143.566036193848}}}},"1353181":{"name":"Phosphoribosylglycinamide formyltransferase","bigg_id":"GARFT","reversibility":true,"label_x":-2358.764404296875,"label_y":-3996.4560546875,"gene_reaction_rule":"b2500","genes":[{"bigg_id":"b2500","name":"purN"}],"metabolites":[{"coefficient":-1,"bigg_id":"10fthf_c"},{"coefficient":1,"bigg_id":"thf_c"},{"coefficient":-1,"bigg_id":"gar_c"},{"coefficient":1,"bigg_id":"fgam_c"},{"coefficient":1,"bigg_id":"h_c"}],"segments":{"1354688":{"from_node_id":"1353644","to_node_id":"1353643","b1":null,"b2":null},"1354689":{"from_node_id":"1353643","to_node_id":"1353642","b1":null,"b2":null},"1354690":{"from_node_id":"1352791","to_node_id":"1353644","b1":{"y":-3969,"x":-2469.208152801713},"b2":{"y":-3969,"x":-2385.0624458405136}},"1354691":{"from_node_id":"1352799","to_node_id":"1353644","b1":{"y":-3969,"x":-2407.309518948453},"b2":{"y":-3969,"x":-2366.4928556845357}},"1354692":{"from_node_id":"1353642","to_node_id":"1352800","b1":{"y":-3969,"x":-2248.597794236897},"b2":{"y":-3969,"x":-2200.9926474563226}},"1354693":{"from_node_id":"1353642","to_node_id":"1352801","b1":{"y":-3969,"x":-2251.897368623513},"b2":{"y":-3969,"x":-2211.991228745043}},"1354694":{"from_node_id":"1353642","to_node_id":"1352795","b1":{"y":-3969,"x":-2232.472613014342},"b2":{"y":-3969,"x":-2147.242043381141}}}},"1353187":{"name":"Phosphoribosylglycinamide synthase","bigg_id":"PRAGSr","reversibility":true,"label_x":-2919.163330078125,"label_y":-3848.89111328125,"gene_reaction_rule":"b4005","genes":[{"bigg_id":"b4005","name":"purD"}],"metabolites":[{"coefficient":1,"bigg_id":"h_c"},{"coefficient":1,"bigg_id":"gar_c"},{"coefficient":1,"bigg_id":"adp_c"},{"coefficient":-1,"bigg_id":"pram_c"},{"coefficient":-1,"bigg_id":"atp_c"},{"coefficient":-1,"bigg_id":"gly_c"},{"coefficient":1,"bigg_id":"pi_c"}],"segments":{"1354720":{"from_node_id":"1353658","to_node_id":"1353656","b1":null,"b2":null},"1354721":{"from_node_id":"1353656","to_node_id":"1353657","b1":null,"b2":null},"1354722":{"from_node_id":"1352548","to_node_id":"1353658","b1":{"x":-3013.052001953125,"y":-3899},"b2":{"y":-3899,"x":-2941}},"1354723":{"from_node_id":"1352634","to_node_id":"1353658","b1":{"x":-2979.5847710857374,"y":-3877.0439453125},"b2":{"y":-3899,"x":-2938.145402028846}},"1354724":{"from_node_id":"1352813","to_node_id":"1353658","b1":{"y":-3899,"x":-2946.169905660283},"b2":{"y":-3899,"x":-2913.150971698085}},"1354725":{"from_node_id":"1353657","to_node_id":"1352814","b1":{"y":-3899,"x":-2800.9376081318114},"b2":{"y":-3899,"x":-2758.7920271060384}},"1354726":{"from_node_id":"1353657","to_node_id":"1352791","b1":{"y":-3899,"x":-2783},"b2":{"y":-3899,"x":-2699}},"1354727":{"from_node_id":"1353657","to_node_id":"1352815","b1":{"y":-3899,"x":-2800.875431039608},"b2":{"y":-3899,"x":-2758.584770132027}},"1354728":{"from_node_id":"1353657","to_node_id":"1352816","b1":{"y":-3899,"x":-2796.152680682408},"b2":{"y":-3899,"x":-2742.842268941361}}}},"1353192":{"name":"Phosphoribosylformylglycinamidine synthase","bigg_id":"PRFGS","reversibility":false,"label_x":-1831.030517578125,"label_y":-3912.788818359375,"gene_reaction_rule":"b2557","genes":[{"bigg_id":"b2557","name":"purL"}],"metabolites":[{"coefficient":-1,"bigg_id":"h2o_c"},{"coefficient":1,"bigg_id":"adp_c"},{"coefficient":-1,"bigg_id":"atp_c"},{"coefficient":1,"bigg_id":"glu__L_c"},{"coefficient":1,"bigg_id":"fpram_c"},{"coefficient":-1,"bigg_id":"gln__L_c"},{"coefficient":-1,"bigg_id":"fgam_c"},{"coefficient":1,"bigg_id":"h_c"},{"coefficient":1,"bigg_id":"pi_c"}],"segments":{"1354749":{"from_node_id":"1353671","to_node_id":"1353670","b1":null,"b2":null},"1354750":{"from_node_id":"1353670","to_node_id":"1353669","b1":null,"b2":null},"1354751":{"from_node_id":"1352824","to_node_id":"1353671","b1":{"y":-3889,"x":-1897.5234995535982},"b2":{"y":-3889,"x":-1856.5570498660795}},"1354752":{"from_node_id":"1352825","to_node_id":"1353671","b1":{"y":-3889,"x":-1879.3112887414927},"b2":{"y":-3889,"x":-1851.0933866224477}},"1354753":{"from_node_id":"1352795","to_node_id":"1353671","b1":{"y":-3889,"x":-1939},"b2":{"y":-3889,"x":-1869}},"1354754":{"from_node_id":"1352826","to_node_id":"1353671","b1":{"y":-3889,"x":-1899.2079728939614},"b2":{"y":-3889,"x":-1857.0623918681883}},"1354755":{"from_node_id":"1353669","to_node_id":"1352827","b1":{"y":-3889,"x":-1704.1705819641297},"b2":{"x":-1673.1543405965783,"y":-3889}},"1354756":{"from_node_id":"1353669","to_node_id":"1352405","b1":{"y":-3889,"x":-1690},"b2":{"x":-1578.0628662109375,"y":-3889}},"1354757":{"from_node_id":"1353669","to_node_id":"1352828","b1":{"y":-3889,"x":-1707.1596703321584},"b2":{"x":-1658.1949948571948,"y":-3904.968017578125}},"1354758":{"from_node_id":"1353669","to_node_id":"1352829","b1":{"y":-3889,"x":-1715.1706833140606},"b2":{"y":-3889,"x":-1682.9022777135356}},"1354759":{"from_node_id":"1353669","to_node_id":"1352830","b1":{"y":-3889,"x":-1709.442392784392},"b2":{"y":-3889,"x":-1663.8079759479735}}}},"1353211":{"name":"IMP dehydrogenase","bigg_id":"IMPD","reversibility":false,"label_x":-4114.3980940297615,"label_y":-2877.5002685793856,"gene_reaction_rule":"b2508","genes":[{"bigg_id":"b2508","name":"guaB"}],"metabolites":[{"coefficient":1,"bigg_id":"xmp_c"},{"coefficient":1,"bigg_id":"nadh_c"},{"coefficient":-1,"bigg_id":"h2o_c"},{"coefficient":1,"bigg_id":"h_c"},{"coefficient":-1,"bigg_id":"nad_c"},{"coefficient":-1,"bigg_id":"imp_c"}],"segments":{"1354858":{"from_node_id":"1353720","to_node_id":"1353722","b1":null,"b2":null},"1354859":{"from_node_id":"1353722","to_node_id":"1353721","b1":null,"b2":null},"1354860":{"from_node_id":"1352878","to_node_id":"1353720","b1":{"x":-4019.816563561669,"y":-3008.7139095177945},"b2":{"x":-4069.3606564811616,"y":-2958.8584899850607}},"1354861":{"from_node_id":"1352879","to_node_id":"1353720","b1":{"x":-4065.208060857489,"y":-2963.0371798099936},"b2":{"x":-4082.9781056699076,"y":-2945.155471072723}},"1354862":{"from_node_id":"1352880","to_node_id":"1353720","b1":{"x":-4060.6713382912612,"y":-2967.602410365538},"b2":{"x":-4081.617088900037,"y":-2946.5250402393826}},"1354863":{"from_node_id":"1353721","to_node_id":"1352881","b1":{"x":-4163.877934317859,"y":-2863.747281726643},"b2":{"x":-4204.617386233689,"y":-2822.7518300569996}},"1354864":{"from_node_id":"1353721","to_node_id":"1352882","b1":{"x":-4159.1277331277215,"y":-2868.5273323692904},"b2":{"x":-4188.783382266562,"y":-2838.6853321991575}},"1354865":{"from_node_id":"1353721","to_node_id":"1352883","b1":{"x":-4167.651351890858,"y":-2859.950152642457},"b2":{"x":-4217.19544481035,"y":-2810.094733109726}}}},"1353218":{"name":"Adenylosuccinate lyase","bigg_id":"ADSL2r","reversibility":true,"label_x":-2928.02961762929,"label_y":-3160.099569106377,"gene_reaction_rule":"b1131","genes":[{"bigg_id":"b1131","name":"purB"}],"metabolites":[{"coefficient":1,"bigg_id":"aicar_c"},{"coefficient":1,"bigg_id":"fum_c"},{"coefficient":-1,"bigg_id":"25aics_c"}],"segments":{"1354906":{"from_node_id":"1352905","to_node_id":"1353741","b1":{"x":-2753.4210012494045,"y":-3203.681290778859},"b2":{"x":-2809.420726574601,"y":-3203.5058955037966}},"1354907":{"from_node_id":"1353741","to_node_id":"1353742","b1":null,"b2":null},"1354908":{"from_node_id":"1353742","to_node_id":"1352906","b1":{"x":-2957.078635694584,"y":-3203.0434200285144},"b2":{"x":-3021.6151303485644,"y":-3202.8412869615004}},"1354909":{"from_node_id":"1353742","to_node_id":"1352907","b1":{"x":-2957.078635694584,"y":-3203.0434200285144},"b2":{"x":-3021.6151303485644,"y":-3202.8412869615004}}}},"1353221":{"name":"Phosphoribosylaminoimidazolesuccinocarboxamide synthase","bigg_id":"PRASCSi","reversibility":false,"label_x":-2520.252415885759,"label_y":-3236.582830435893,"gene_reaction_rule":"b2476","genes":[{"bigg_id":"b2476","name":"purC"}],"metabolites":[{"coefficient":1,"bigg_id":"h_c"},{"coefficient":1,"bigg_id":"25aics_c"},{"coefficient":1,"bigg_id":"pi_c"},{"coefficient":1,"bigg_id":"adp_c"},{"coefficient":-1,"bigg_id":"5aizc_c"},{"coefficient":-1,"bigg_id":"atp_c"},{"coefficient":-1,"bigg_id":"asp__L_c"}],"segments":{"1354923":{"from_node_id":"1353749","to_node_id":"1353750","b1":null,"b2":null},"1354924":{"from_node_id":"1353750","to_node_id":"1353751","b1":null,"b2":null},"1354925":{"from_node_id":"1352787","to_node_id":"1353749","b1":{"x":-2347.424849204559,"y":-3205.9529056131196},"b2":{"x":-2416.025405574883,"y":-3205.7380436047015}},"1354926":{"from_node_id":"1352914","to_node_id":"1353749","b1":{"x":-2381.394715712278,"y":-3205.8465094826824},"b2":{"x":-2426.216365527196,"y":-3205.70612476557}},"1354927":{"from_node_id":"1352915","to_node_id":"1353749","b1":{"x":-2363.419948917317,"y":-3205.902807779652},"b2":{"x":-2420.8239354887082,"y":-3205.7230142546605}},"1354928":{"from_node_id":"1353751","to_node_id":"1352916","b1":{"x":-2513.7272524007803,"y":-3205.4320342055653},"b2":{"x":-2588.1731245827086,"y":-3221.9111044114907}},"1354929":{"from_node_id":"1353751","to_node_id":"1352905","b1":{"x":-2522.0255756776623,"y":-3205.406043244271},"b2":{"x":-2607.4258740051755,"y":-3205.1385632034508}},"1354930":{"from_node_id":"1353751","to_node_id":"1352917","b1":{"x":-2502.9182177067128,"y":-3205.4658889004295},"b2":{"x":-2547.0090315173334,"y":-3183.6021007156505}},"1354931":{"from_node_id":"1353751","to_node_id":"1352918","b1":{"x":-2507.72444156896,"y":-3205.4508354523787},"b2":{"x":-2576.3627255063425,"y":-3171.811619070033}}}},"1353225":{"name":"Phosphoribosylaminoimidazolecarboxamide formyltransferase","bigg_id":"AICART","reversibility":true,"label_x":-3371.0854568881614,"label_y":-3030.3547614916333,"gene_reaction_rule":"b4006","genes":[{"bigg_id":"b4006","name":"purH"}],"metabolites":[{"coefficient":-1,"bigg_id":"10fthf_c"},{"coefficient":-1,"bigg_id":"aicar_c"},{"coefficient":1,"bigg_id":"fprica_c"},{"coefficient":1,"bigg_id":"thf_c"}],"segments":{"1354942":{"from_node_id":"1353758","to_node_id":"1353757","b1":null,"b2":null},"1354943":{"from_node_id":"1353757","to_node_id":"1353759","b1":null,"b2":null},"1354944":{"from_node_id":"1352923","to_node_id":"1353758","b1":{"x":-3221.872949003019,"y":-3082.2134760935196},"b2":{"x":-3254.891721010412,"y":-3082.1100588612953}},"1354945":{"from_node_id":"1352906","to_node_id":"1353758","b1":{"x":-3169.0431137900096,"y":-3082.378943038674},"b2":{"x":-3239.0427704465055,"y":-3082.159698944838}},"1354946":{"from_node_id":"1353759","to_node_id":"1352924","b1":{"x":-3379.0420837595,"y":-3081.721210757177},"b2":{"x":-3449.0417404159957,"y":-3081.501966663347}},"1354947":{"from_node_id":"1353759","to_node_id":"1352925","b1":{"x":-3363.1931331955993,"y":-3081.7708508407186},"b2":{"x":-3396.2119052029875,"y":-3081.667433608499}}}},"1353245":{"name":"GMP reductase","bigg_id":"GMPR","reversibility":false,"label_x":-4195.780787782669,"label_y":-2562.775814084747,"gene_reaction_rule":"b0104","genes":[{"bigg_id":"b0104","name":"guaC"}],"metabolites":[{"coefficient":-2,"bigg_id":"h_c"},{"coefficient":-1,"bigg_id":"nadph_c"},{"coefficient":1,"bigg_id":"nadp_c"},{"coefficient":-1,"bigg_id":"gmp_c"},{"coefficient":1,"bigg_id":"imp_c"},{"coefficient":1,"bigg_id":"nh4_c"}],"segments":{"1355059":{"from_node_id":"1353814","to_node_id":"1353815","b1":null,"b2":null},"1355060":{"from_node_id":"1353815","to_node_id":"1353813","b1":null,"b2":null},"1355061":{"from_node_id":"1352972","to_node_id":"1353814","b1":{"x":-4161.36296573608,"y":-2440.2055918812116},"b2":{"x":-4161.600695322971,"y":-2483.2512822626663}},"1355062":{"from_node_id":"1352973","to_node_id":"1353814","b1":{"x":-4332.40113014487,"y":-2305.238410395733},"b2":{"x":-4201.377737493716,"y":-2441.7945639670124}},"1355063":{"from_node_id":"1352974","to_node_id":"1353814","b1":{"x":-4171.784457014496,"y":-2453.655465353356},"b2":{"x":-4157.70812195853,"y":-2487.308228395615}},"1355064":{"from_node_id":"1353813","to_node_id":"1352975","b1":{"x":-4073.7766758908747,"y":-2571.708273738042},"b2":{"x":-4039.647042004459,"y":-2604.868198206884}},"1355065":{"from_node_id":"1353813","to_node_id":"1352976","b1":{"x":-4075.4717119744128,"y":-2570.0613979265713},"b2":{"x":-4045.29716228291,"y":-2599.378612168632}},"1355066":{"from_node_id":"1353813","to_node_id":"1352878","b1":{"x":-4030.232490742673,"y":-2614.015258201368},"b2":{"x":-3894.499758177114,"y":-2745.891479751297}}}},"1353246":{"name":"Adenylsuccinate lyase","bigg_id":"ADSL1r","reversibility":true,"label_x":-4288.335408184506,"label_y":-3445.302791635453,"gene_reaction_rule":"b1131","genes":[{"bigg_id":"b1131","name":"purB"}],"metabolites":[{"coefficient":1,"bigg_id":"amp_c"},{"coefficient":1,"bigg_id":"fum_c"},{"coefficient":-1,"bigg_id":"dcamp_c"}],"segments":{"1355067":{"from_node_id":"1352977","to_node_id":"1353816","b1":{"x":-4258.26659807744,"y":-3390.550730047894},"b2":{"x":-4250.996221481217,"y":-3384.9916869166236}},"1355068":{"from_node_id":"1353816","to_node_id":"1353817","b1":null,"b2":null},"1355069":{"from_node_id":"1353817","to_node_id":"1352978","b1":{"x":-4313.724265401055,"y":-3436.7589180044906},"b2":{"x":-4347.7760006957915,"y":-3457.567073218662}},"1355070":{"from_node_id":"1353817","to_node_id":"1352979","b1":{"x":-4317.095527175799,"y":-3438.8190109092784},"b2":{"x":-4359.013539944939,"y":-3464.43404956797}}}},"1353248":{"name":"GMP synthase","bigg_id":"GMPS2","reversibility":false,"label_x":-4427.436304574757,"label_y":-2546.3410940027943,"gene_reaction_rule":"b2507","genes":[{"bigg_id":"b2507","name":"guaA"}],"metabolites":[{"coefficient":-1,"bigg_id":"xmp_c"},{"coefficient":-1,"bigg_id":"h2o_c"},{"coefficient":1,"bigg_id":"gmp_c"},{"coefficient":-1,"bigg_id":"atp_c"},{"coefficient":1,"bigg_id":"glu__L_c"},{"coefficient":1,"bigg_id":"amp_c"},{"coefficient":1,"bigg_id":"ppi_c"},{"coefficient":-1,"bigg_id":"gln__L_c"},{"coefficient":2,"bigg_id":"h_c"}],"segments":{"1355078":{"from_node_id":"1353822","to_node_id":"1353821","b1":null,"b2":null},"1355079":{"from_node_id":"1353821","to_node_id":"1353823","b1":null,"b2":null},"1355080":{"from_node_id":"1352883","to_node_id":"1353822","b1":{"x":-4356.506655762907,"y":-2665.4030756345223},"b2":{"x":-4406.918897847092,"y":-2616.4231731433406}},"1355081":{"from_node_id":"1352983","to_node_id":"1353822","b1":{"x":-4405.751879474261,"y":-2632.990617907624},"b2":{"x":-4410.18157539919,"y":-2613.253196531411}},"1355082":{"from_node_id":"1352984","to_node_id":"1353822","b1":{"x":-4387.8727520361035,"y":-2634.928169669724},"b2":{"x":-4416.328726729051,"y":-2607.2807013539045}},"1355083":{"from_node_id":"1352985","to_node_id":"1353822","b1":{"x":-4418.195341699482,"y":-2665.004239334642},"b2":{"x":-4418.371899715285,"y":-2605.295580091665}},"1355084":{"from_node_id":"1353823","to_node_id":"1352986","b1":{"x":-4503.791277703011,"y":-2520.6948341450743},"b2":{"x":-4546.824496610458,"y":-2477.391201844029}},"1355085":{"from_node_id":"1353823","to_node_id":"1352973","b1":{"x":-4512.488168753039,"y":-2511.943293317913},"b2":{"x":-4575.814133443877,"y":-2448.2193990868263}},"1355086":{"from_node_id":"1353823","to_node_id":"1352987","b1":{"x":-4503.827612280551,"y":-2520.6582712472587},"b2":{"x":-4546.945611868911,"y":-2477.2693255179847}},"1355087":{"from_node_id":"1353823","to_node_id":"1352988","b1":{"x":-4495.247387315718,"y":-2529.292412879482},"b2":{"x":-4518.344861986133,"y":-2506.0497976253996}},"1355088":{"from_node_id":"1353823","to_node_id":"1352989","b1":{"x":-4507.356493027999,"y":-2517.1072156162463},"b2":{"x":-4558.708547693751,"y":-2465.432473414611}}}},"1353254":{"name":"Adenylosuccinate synthase","bigg_id":"ADSS","reversibility":false,"label_x":-4075.9824814783096,"label_y":-3271.96363645199,"gene_reaction_rule":"b4177","genes":[{"bigg_id":"b4177","name":"purA"}],"metabolites":[{"coefficient":-1,"bigg_id":"asp__L_c"},{"coefficient":2,"bigg_id":"h_c"},{"coefficient":1,"bigg_id":"pi_c"},{"coefficient":1,"bigg_id":"dcamp_c"},{"coefficient":-1,"bigg_id":"gtp_c"},{"coefficient":-1,"bigg_id":"imp_c"},{"coefficient":1,"bigg_id":"gdp_c"}],"segments":{"1355118":{"from_node_id":"1353837","to_node_id":"1353838","b1":null,"b2":null},"1355119":{"from_node_id":"1353838","to_node_id":"1353839","b1":null,"b2":null},"1355120":{"from_node_id":"1352878","to_node_id":"1353837","b1":{"x":-4030.4094582092375,"y":-3140.919735491717},"b2":{"x":-4072.458989094408,"y":-3196.621458556062}},"1355121":{"from_node_id":"1353004","to_node_id":"1353837","b1":{"x":-4059.5201357666583,"y":-3179.4817566459333},"b2":{"x":-4081.1921923616355,"y":-3208.190064902323}},"1355122":{"from_node_id":"1353005","to_node_id":"1353837","b1":{"x":-4046.9475721158515,"y":-3162.8272674294303},"b2":{"x":-4077.4204232663933,"y":-3203.193718137374}},"1355123":{"from_node_id":"1353839","to_node_id":"1353006","b1":{"x":-4127.469680453677,"y":-3262.2365183902784},"b2":{"x":-4155.226138099219,"y":-3289.8196483608117}},"1355124":{"from_node_id":"1353839","to_node_id":"1352977","b1":{"x":-4130.620963052084,"y":-3265.3681225234814},"b2":{"x":-4165.730413427251,"y":-3300.2583288048136}},"1355125":{"from_node_id":"1353839","to_node_id":"1353007","b1":{"x":-4126.424534912531,"y":-3261.1978993536686},"b2":{"x":-4151.742319628733,"y":-3286.3575849054423}},"1355126":{"from_node_id":"1353839","to_node_id":"1353008","b1":{"x":-4125.20877743388,"y":-3259.9897337810125},"b2":{"x":-4147.689794699894,"y":-3282.330366329914}}}},"1353257":{"name":"IMP cyclohydrolase","bigg_id":"IMPC","reversibility":true,"label_x":-3701.595396780748,"label_y":-3035.6468599733153,"gene_reaction_rule":"b4006","genes":[{"bigg_id":"b4006","name":"purH"}],"metabolites":[{"coefficient":-1,"bigg_id":"h2o_c"},{"coefficient":1,"bigg_id":"fprica_c"},{"coefficient":-1,"bigg_id":"imp_c"}],"segments":{"1355139":{"from_node_id":"1353847","to_node_id":"1353846","b1":null,"b2":null},"1355140":{"from_node_id":"1353846","to_node_id":"1352924","b1":{"x":-3685.040582857895,"y":-3080.7628008612855},"b2":{"x":-3629.0408575326987,"y":-3080.938196136358}},"1355141":{"from_node_id":"1352878","to_node_id":"1353847","b1":{"x":-3849.039778453115,"y":-3080.2491432700244},"b2":{"x":-3779.0401217966205,"y":-3080.4683873638596}},"1355142":{"from_node_id":"1353015","to_node_id":"1353847","b1":{"x":-3799.040023698475,"y":-3080.405746194193},"b2":{"x":-3764.0401953702285,"y":-3080.5153682411064}}}},"1353277":{"name":"Fumarate dependent DHORD","bigg_id":"DHORDfum","reversibility":false,"label_x":-2878.163818359375,"label_y":-4462.02001953125,"gene_reaction_rule":"","genes":[],"metabolites":[{"bigg_id":"fum_c","coefficient":-1},{"bigg_id":"succ_c","coefficient":1},{"bigg_id":"dhor__S_c","coefficient":-1},{"bigg_id":"orot_c","coefficient":1}],"segments":{"1355246":{"from_node_id":"1353923","to_node_id":"1353924","b1":null,"b2":null},"1355247":{"from_node_id":"1353925","to_node_id":"1353924","b1":null,"b2":null},"1355248":{"from_node_id":"1353923","to_node_id":"1353926","b1":{"x":-2862.227783203125,"y":-4435.9921875},"b2":{"x":-2867.477783203125,"y":-4417.9921875}},"1355249":{"from_node_id":"1353925","to_node_id":"1353927","b1":{"x":-2730.227783203125,"y":-4435.9921875},"b2":{"x":-2724.977783203125,"y":-4417.9921875}},"1355250":{"from_node_id":"1353923","to_node_id":"1352454","b1":{"x":-2858.227783203125,"y":-4435.9921875},"b2":{"x":-3026.25,"y":-4432}},"1355251":{"from_node_id":"1353925","to_node_id":"1352503","b1":{"x":-2734.227783203125,"y":-4435.9921875},"b2":{"x":-2554.229248046875,"y":-4432}}}},"1353278":{"name":"Orotate transport via proton symport (2 H) (periplasm)","bigg_id":"OROTt2_2pp","reversibility":false,"label_x":-2474.14794921875,"label_y":-4705.7763671875,"gene_reaction_rule":"b3528","genes":[{"notes":{"original_bigg_ids":["b3528"]},"name":"dctA","bigg_id":"b3528"}],"metabolites":[{"bigg_id":"orot_c","coefficient":1},{"bigg_id":"h_c","coefficient":2},{"bigg_id":"h_p","coefficient":-2},{"bigg_id":"orot_p","coefficient":-1}],"segments":{"1355252":{"from_node_id":"1353929","to_node_id":"1353930","b1":null,"b2":null},"1355253":{"from_node_id":"1353931","to_node_id":"1353930","b1":null,"b2":null},"1355254":{"from_node_id":"1353931","to_node_id":"1352503","b1":{"x":-2489.14794921875,"y":-4653.7763671875},"b2":{"x":-2487.15185546875,"y":-4491.7421875}},"1355255":{"from_node_id":"1353931","to_node_id":"1353932","b1":{"x":-2489.14794921875,"y":-4649.7763671875},"b2":{"x":-2471.14794921875,"y":-4644.5263671875}},"1355256":{"from_node_id":"1353929","to_node_id":"1353933","b1":{"x":-2489.14794921875,"y":-4781.7763671875},"b2":{"x":-2471.14794921875,"y":-4787.0263671875}},"1355257":{"from_node_id":"1353929","to_node_id":"1353934","b1":{"x":-2489.14794921875,"y":-4777.7763671875},"b2":{"x":-2493.14013671875,"y":-4945.79833984375}}}},"1353279":{"name":"Orotate transport via diffusion (extracellular to periplasm)","bigg_id":"OROTtex","reversibility":true,"label_x":-2718.14013671875,"label_y":-5044.54833984375,"gene_reaction_rule":"b2215 or b1377 or b0929 or b0241","genes":[{"notes":{"original_bigg_ids":["b2215"]},"name":"ompC","bigg_id":"b2215"},{"notes":{"original_bigg_ids":["b1377"]},"name":"ompN","bigg_id":"b1377"},{"notes":{"original_bigg_ids":["b0929"]},"name":"ompF","bigg_id":"b0929"},{"notes":{"original_bigg_ids":["b0241"]},"name":"phoE","bigg_id":"b0241"}],"metabolites":[{"bigg_id":"orot_e","coefficient":-1},{"bigg_id":"orot_p","coefficient":1}],"segments":{"1355258":{"from_node_id":"1353935","to_node_id":"1353936","b1":null,"b2":null},"1355259":{"from_node_id":"1353937","to_node_id":"1353936","b1":null,"b2":null},"1355260":{"from_node_id":"1353935","to_node_id":"1353938","b1":{"x":-2730.14013671875,"y":-5004.54833984375},"b2":{"x":-2784.39013671875,"y":-5004.54833984375}},"1355261":{"from_node_id":"1353937","to_node_id":"1353934","b1":{"x":-2606.14013671875,"y":-5004.54833984375},"b2":{"x":-2551.89013671875,"y":-5004.54833984375}}}},"1353280":{"name":"Orotate exchange","bigg_id":"EX_orot_e","reversibility":false,"label_x":-3041.274658203125,"label_y":-5026.63818359375,"gene_reaction_rule":"","genes":[],"metabolites":[{"bigg_id":"orot_e","coefficient":-1}],"segments":{"1355262":{"from_node_id":"1353939","to_node_id":"1353940","b1":null,"b2":null},"1355263":{"from_node_id":"1353941","to_node_id":"1353940","b1":null,"b2":null},"1355264":{"from_node_id":"1353939","to_node_id":"1353938","b1":{"x":-2956.14013671875,"y":-5004.54833984375},"b2":{"x":-2901.89013671875,"y":-5004.54833984375}}}},"1353281":{"name":"Phosphoribosylaminoimidazole synthase","bigg_id":"PRAIS","reversibility":false,"label_x":-1433.0628662109375,"label_y":-3569.404296875,"gene_reaction_rule":"b2499","genes":[{"notes":{"original_bigg_ids":["b2499"]},"name":"purM","bigg_id":"b2499"}],"metabolites":[{"bigg_id":"atp_c","coefficient":-1},{"bigg_id":"air_c","coefficient":1},{"bigg_id":"h_c","coefficient":2},{"bigg_id":"adp_c","coefficient":1},{"bigg_id":"fpram_c","coefficient":-1},{"bigg_id":"pi_c","coefficient":1}],"segments":{"1355265":{"from_node_id":"1353942","to_node_id":"1353943","b1":null,"b2":null},"1355266":{"from_node_id":"1353944","to_node_id":"1353943","b1":null,"b2":null},"1355267":{"from_node_id":"1353942","to_node_id":"1353945","b1":{"x":-1448.0628662109375,"y":-3645.404296875},"b2":{"x":-1466.0628662109375,"y":-3650.654296875}},"1355268":{"from_node_id":"1353944","to_node_id":"1352395","b1":{"x":-1448.0628662109375,"y":-3517.404296875},"b2":{"x":-1448.0628662109375,"y":-3265.747314453125}},"1355269":{"from_node_id":"1353944","to_node_id":"1353947","b1":{"x":-1448.0628662109375,"y":-3513.404296875},"b2":{"x":-1430.0628662109375,"y":-3508.154296875}},"1355270":{"from_node_id":"1353944","to_node_id":"1353948","b1":{"x":-1448.0628662109375,"y":-3513.404296875},"b2":{"x":-1466.0628662109375,"y":-3508.154296875}},"1355271":{"from_node_id":"1353942","to_node_id":"1352405","b1":{"x":-1448.0628662109375,"y":-3641.404296875},"b2":{"x":-1448.0628662109375,"y":-3830.25}},"1355272":{"from_node_id":"1353944","to_node_id":"1353949","b1":{"x":-1448.0628662109375,"y":-3513.404296875},"b2":{"x":-1484.0628662109375,"y":-3523.154296875}}}},"1353282":{"name":"CTP synthase (glutamine)","bigg_id":"CTPS2","reversibility":false,"label_x":-2557.80908203125,"label_y":-2576.241455078125,"gene_reaction_rule":"b2780","genes":[{"notes":{"original_bigg_ids":["b2780"]},"name":"pyrG","bigg_id":"b2780"}],"metabolites":[{"bigg_id":"h2o_c","coefficient":-1},{"bigg_id":"atp_c","coefficient":-1},{"bigg_id":"glu__L_c","coefficient":1},{"bigg_id":"utp_c","coefficient":-1},{"bigg_id":"h_c","coefficient":2},{"bigg_id":"adp_c","coefficient":1},{"bigg_id":"ctp_c","coefficient":1},{"bigg_id":"pi_c","coefficient":1},{"bigg_id":"gln__L_c","coefficient":-1}],"segments":{"1355273":{"from_node_id":"1353951","to_node_id":"1353952","b1":null,"b2":null},"1355274":{"from_node_id":"1353953","to_node_id":"1353952","b1":null,"b2":null},"1355275":{"from_node_id":"1353951","to_node_id":"1353950","b1":{"x":-2564.512939453125,"y":-2546.865478515625},"b2":{"x":-2554.762939453125,"y":-2510.865478515625}},"1355276":{"from_node_id":"1353951","to_node_id":"1353954","b1":{"x":-2564.512939453125,"y":-2546.865478515625},"b2":{"x":-2569.762939453125,"y":-2528.865478515625}},"1355277":{"from_node_id":"1353953","to_node_id":"1353955","b1":{"x":-2432.512939453125,"y":-2546.865478515625},"b2":{"x":-2442.262939453125,"y":-2582.865478515625}},"1355278":{"from_node_id":"1353951","to_node_id":"1353956","b1":{"x":-2560.512939453125,"y":-2546.865478515625},"b2":{"x":-2614.762939453125,"y":-2546.865478515625}},"1355279":{"from_node_id":"1353953","to_node_id":"1353957","b1":{"x":-2432.512939453125,"y":-2546.865478515625},"b2":{"x":-2427.262939453125,"y":-2564.865478515625}},"1355280":{"from_node_id":"1353953","to_node_id":"1353958","b1":{"x":-2432.512939453125,"y":-2546.865478515625},"b2":{"x":-2427.262939453125,"y":-2528.865478515625}},"1355281":{"from_node_id":"1353953","to_node_id":"1353959","b1":{"x":-2436.512939453125,"y":-2546.865478515625},"b2":{"x":-2382.262939453125,"y":-2546.865478515625}},"1355282":{"from_node_id":"1353953","to_node_id":"1353960","b1":{"x":-2432.512939453125,"y":-2546.865478515625},"b2":{"x":-2442.262939453125,"y":-2510.865478515625}},"1355283":{"from_node_id":"1353951","to_node_id":"1353961","b1":{"x":-2564.512939453125,"y":-2546.865478515625},"b2":{"x":-2569.762939453125,"y":-2564.865478515625}}}}},"nodes":{"1352393":{"node_type":"metabolite","x":-1569.583411583691,"y":-3257.3894027777305,"bigg_id":"atp_c","name":"ATP","label_x":-1579.6106332633785,"label_y":-3220.6772445746055,"node_is_primary":false},"1352394":{"node_type":"metabolite","x":-1569.144923396032,"y":-3117.390089464736,"bigg_id":"hco3_c","name":"Bicarbonate","label_x":-1591.079005427282,"label_y":-3081.587843370986,"node_is_primary":false},"1352395":{"node_type":"metabolite","x":-1449.4273972483938,"y":-3207.765495041085,"bigg_id":"air_c","name":"5-amino-1-(5-phospho-D-ribosyl)imidazole","label_x":-1475.3753952952688,"label_y":-3162.020866134835,"node_is_primary":true},"1352396":{"node_type":"metabolite","x":-1809.8954402542972,"y":-3356.637218251014,"bigg_id":"pi_c","name":"Phosphate","label_x":-1833.3292781449222,"label_y":-3388.158458485389,"node_is_primary":false},"1352397":{"node_type":"metabolite","x":-1854.7673833672015,"y":-3276.5507272434916,"bigg_id":"adp_c","name":"ADP","label_x":-1896.581714421889,"label_y":-3300.4191354466166,"node_is_primary":false},"1352398":{"node_type":"metabolite","x":-1809.143746218303,"y":-3116.638395428741,"bigg_id":"h_c","name":"H+","label_x":-1831.0779503198655,"label_y":-3082.830045819366,"node_is_primary":false},"1352399":{"node_type":"metabolite","x":-1929.4250428929354,"y":-3206.2621069691004,"bigg_id":"5caiz_c","name":"5-phosphoribosyl-5-carboxyaminoimidazole","label_x":-1965.3172548069979,"label_y":-3158.5255347034745,"node_is_primary":true},"1352405":{"node_type":"metabolite","x":-1448.0628662109375,"y":-3889,"bigg_id":"fpram_c","name":"2-(Formamido)-N1-(5-phospho-D-ribosyl)acetamidine","label_x":-1485.9869384765625,"label_y":-3924.988037109375,"node_is_primary":true},"1352453":{"node_type":"metabolite","x":-3205,"y":-4382,"bigg_id":"h2o_c","name":"H2O","label_x":-3228.951904296875,"label_y":-4346.03173828125,"node_is_primary":false},"1352454":{"node_type":"metabolite","x":-3085,"y":-4432,"bigg_id":"dhor__S_c","name":"(S)-Dihydroorotate","label_x":-3053.72802734375,"label_y":-4454.5439453125,"node_is_primary":true},"1352455":{"node_type":"metabolite","x":-3565,"y":-4432,"bigg_id":"cbasp_c","name":"N-Carbamoyl-L-aspartate","label_x":-3602.924072265625,"label_y":-4468.02783203125,"node_is_primary":true},"1352456":{"node_type":"metabolite","x":-3445,"y":-4382,"bigg_id":"h_c","name":"H+","label_x":-3472.944091796875,"label_y":-4348.02783203125,"node_is_primary":false},"1352477":{"node_type":"metabolite","x":-4059,"y":-3899,"bigg_id":"r5p_c","name":"Alpha-D-Ribose 5-phosphate","label_x":-4076.36962890625,"label_y":-3851.287841796875,"node_is_primary":true},"1352478":{"node_type":"metabolite","x":-3959,"y":-3799,"bigg_id":"atp_c","name":"ATP","label_x":-3980.7255859375,"label_y":-3758.945556640625,"node_is_primary":false},"1352479":{"node_type":"metabolite","x":-3659,"y":-3899,"bigg_id":"prpp_c","name":"5-Phospho-alpha-D-ribose 1-diphosphate","label_x":-3695.93212890625,"label_y":-3856.14794921875,"node_is_primary":true},"1352480":{"node_type":"metabolite","x":-3759,"y":-3799,"bigg_id":"h_c","name":"H+","label_x":-3748.97265625,"label_y":-3770.643798828125,"node_is_primary":false},"1352481":{"node_type":"metabolite","x":-3859,"y":-3799,"bigg_id":"amp_c","name":"AMP","label_x":-3869.02734375,"label_y":-3762.287841796875,"node_is_primary":false},"1352501":{"node_type":"metabolite","x":-2913.104248046875,"y":-4177.1240234375,"bigg_id":"q8_c","name":"Ubiquinone-8","label_x":-2943.368896484375,"label_y":-4137.76611328125,"node_is_primary":false},"1352502":{"node_type":"metabolite","x":-2673.104248046875,"y":-4177.1240234375,"bigg_id":"q8h2_c","name":"Ubiquinol-8","label_x":-2690.926513671875,"label_y":-4137.48828125,"node_is_primary":false},"1352503":{"node_type":"metabolite","x":-2487.15185546875,"y":-4432.9921875,"bigg_id":"orot_c","name":"Orotate","label_x":-2467.5166015625,"label_y":-4459.5625,"node_is_primary":true},"1352545":{"node_type":"metabolite","x":-3579,"y":-3849,"bigg_id":"gln__L_c","name":"L-Glutamine","label_x":-3609.054443359375,"label_y":-3815.2880859375,"node_is_primary":false},"1352546":{"node_type":"metabolite","x":-3579,"y":-3989,"bigg_id":"h2o_c","name":"H2O","label_x":-3579,"label_y":-4009,"node_is_primary":false},"1352547":{"node_type":"metabolite","x":-3299,"y":-3989,"bigg_id":"ppi_c","name":"Diphosphate","label_x":-3299,"label_y":-4009,"node_is_primary":false},"1352548":{"node_type":"metabolite","x":-3153.052001953125,"y":-3899,"bigg_id":"pram_c","name":"5-Phospho-beta-D-ribosylamine","label_x":-3182.9921875,"label_y":-3934.988037109375,"node_is_primary":true},"1352549":{"node_type":"metabolite","x":-3299,"y":-3849,"bigg_id":"glu__L_c","name":"L-Glutamate","label_x":-3304.013671875,"label_y":-3813.959228515625,"node_is_primary":false},"1352634":{"node_type":"metabolite","x":-3001.171875,"y":-3803.828125,"bigg_id":"gly_c","name":"Glycine","label_x":-3027.68310546875,"label_y":-3763.83984375,"node_is_primary":false},"1352682":{"node_type":"metabolite","x":-4375,"y":-4334,"bigg_id":"atp_c","name":"ATP","label_x":-4448.533203125,"label_y":-4305.64404296875,"node_is_primary":false},"1352683":{"node_type":"metabolite","x":-4450,"y":-4490,"bigg_id":"co2_c","name":"CO2","label_x":-4525.1494140625,"label_y":-4509.38330078125,"node_is_primary":false},"1352684":{"node_type":"metabolite","x":-4450,"y":-4373,"bigg_id":"nh4_c","name":"Ammonium","label_x":-4536.1767578125,"label_y":-4356.63037109375,"node_is_primary":false},"1352685":{"node_type":"metabolite","x":-4185,"y":-4332,"bigg_id":"adp_c","name":"ADP","label_x":-4169.958984375,"label_y":-4300.30126953125,"node_is_primary":false},"1352686":{"node_type":"metabolite","x":-4124,"y":-4371,"bigg_id":"h_c","name":"H+","label_x":-4110,"label_y":-4356,"node_is_primary":false},"1352687":{"node_type":"metabolite","x":-4045,"y":-4432,"bigg_id":"cbp_c","name":"Carbamoyl phosphate","label_x":-4070.099609375,"label_y":-4466.43701171875,"node_is_primary":true},"1352700":{"node_type":"metabolite","x":-2939.072021484375,"y":-4673.91552734375,"bigg_id":"mqn8_c","name":"Menaquinone 8","label_x":-2975,"label_y":-4705.91162109375,"node_is_primary":false},"1352701":{"node_type":"metabolite","x":-2669.072021484375,"y":-4673.91552734375,"bigg_id":"mql8_c","name":"Menaquinol 8","label_x":-2695.02001953125,"label_y":-4701.89990234375,"node_is_primary":false},"1352732":{"node_type":"metabolite","x":-2049.15185546875,"y":-4435.9921875,"bigg_id":"orot5p_c","name":"Orotidine 5'-phosphate","label_x":-2087.589599609375,"label_y":-4470.97900390625,"node_is_primary":true},"1352733":{"node_type":"metabolite","x":-1929.15185546875,"y":-4385.9921875,"bigg_id":"h_c","name":"H+","label_x":-1945.444580078125,"label_y":-4352.2978515625,"node_is_primary":false},"1352734":{"node_type":"metabolite","x":-1689.15185546875,"y":-4385.9921875,"bigg_id":"co2_c","name":"CO2","label_x":-1719.36962890625,"label_y":-4351.3232421875,"node_is_primary":false},"1352735":{"node_type":"metabolite","x":-1569.15185546875,"y":-4435.9921875,"bigg_id":"ump_c","name":"UMP","label_x":-1601.2294921875,"label_y":-4473.94921875,"node_is_primary":true},"1352762":{"node_type":"metabolite","x":-4300.916015625,"y":-4000.995849609375,"bigg_id":"h2o_c","name":"H2O","label_x":-4344.3671875,"label_y":-4022.6669921875,"node_is_primary":false},"1352763":{"node_type":"metabolite","x":-4438.740234375,"y":-3900.99609375,"bigg_id":"adprib_c","name":"ADPribose","label_x":-4540.60205078125,"label_y":-3921.05078125,"node_is_primary":true},"1352764":{"node_type":"metabolite","x":-4200.916015625,"y":-4000.995849609375,"bigg_id":"amp_c","name":"AMP","label_x":-4214.28564453125,"label_y":-4020.995849609375,"node_is_primary":false},"1352765":{"node_type":"metabolite","x":-4150.916015625,"y":-4000.995849609375,"bigg_id":"h_c","name":"H+","label_x":-4130.861572265625,"label_y":-4004.28369140625,"node_is_primary":false},"1352771":{"node_type":"metabolite","x":-2169.15185546875,"y":-4385.9921875,"bigg_id":"ppi_c","name":"Diphosphate","label_x":-2180.70849609375,"label_y":-4347.65576171875,"node_is_primary":false},"1352772":{"node_type":"metabolite","x":-2409.15185546875,"y":-4385.9921875,"bigg_id":"prpp_c","name":"5-Phospho-alpha-D-ribose 1-diphosphate","label_x":-2440.01904296875,"label_y":-4346.31005859375,"node_is_primary":false},"1352779":{"node_type":"metabolite","x":-3925,"y":-4382,"bigg_id":"asp__L_c","name":"L-Aspartate","label_x":-3968.451416015625,"label_y":-4345.2880859375,"node_is_primary":false},"1352780":{"node_type":"metabolite","x":-3685,"y":-4522,"bigg_id":"pi_c","name":"Phosphate","label_x":-3685,"label_y":-4542,"node_is_primary":false},"1352781":{"node_type":"metabolite","x":-3685,"y":-4382,"bigg_id":"h_c","name":"H+","label_x":-3696.698486328125,"label_y":-4341.9453125,"node_is_primary":false},"1352787":{"node_type":"metabolite","x":-2249.423473322635,"y":-3205.2598482544454,"bigg_id":"5aizc_c","name":"5-amino-1-(5-phospho-D-ribosyl)imidazole-4-carboxylate","label_x":-2285.315563166385,"label_y":-3239.2779146606954,"node_is_primary":true},"1352789":{"node_type":"metabolite","x":-2489,"y":-3789,"bigg_id":"for_c","name":"Formate","label_x":-2544.095458984375,"label_y":-3752.233642578125,"node_is_primary":false},"1352790":{"node_type":"metabolite","x":-2429,"y":-3739,"bigg_id":"atp_c","name":"ATP","label_x":-2449.054443359375,"label_y":-3710.64404296875,"node_is_primary":false},"1352791":{"node_type":"metabolite","x":-2579,"y":-3899,"bigg_id":"gar_c","name":"N1-(5-Phospho-D-ribosyl)glycinamide","label_x":-2626.16552734375,"label_y":-3854.445068359375,"node_is_primary":true},"1352792":{"node_type":"metabolite","x":-2179,"y":-3679,"bigg_id":"pi_c","name":"Phosphate","label_x":-2155.63037109375,"label_y":-3667.301513671875,"node_is_primary":false},"1352793":{"node_type":"metabolite","x":-2145.575927734375,"y":-3738.97265625,"bigg_id":"adp_c","name":"ADP","label_x":-2125.575927734375,"label_y":-3738.97265625,"node_is_primary":false},"1352794":{"node_type":"metabolite","x":-2128.89111328125,"y":-3788.97265625,"bigg_id":"h_c","name":"H+","label_x":-2098.864013671875,"label_y":-3778.9453125,"node_is_primary":false},"1352795":{"node_type":"metabolite","x":-2039,"y":-3889,"bigg_id":"fgam_c","name":"N2-Formyl-N1-(5-phospho-D-ribosyl)glycinamide","label_x":-2037.0040283203125,"label_y":-3930.99609375,"node_is_primary":true},"1352799":{"node_type":"metabolite","x":-2449,"y":-4029,"bigg_id":"10fthf_c","name":"10-Formyltetrahydrofolate","label_x":-2482.93212890625,"label_y":-4049,"node_is_primary":false},"1352800":{"node_type":"metabolite","x":-2139,"y":-4009,"bigg_id":"h_c","name":"H+","label_x":-2119,"label_y":-4019,"node_is_primary":false},"1352801":{"node_type":"metabolite","x":-2179,"y":-4039,"bigg_id":"thf_c","name":"5,6,7,8-Tetrahydrofolate","label_x":-2179,"label_y":-4059,"node_is_primary":false},"1352813":{"node_type":"metabolite","x":-2979,"y":-3949,"bigg_id":"atp_c","name":"ATP","label_x":-2979,"label_y":-3969,"node_is_primary":false},"1352814":{"node_type":"metabolite","x":-2739,"y":-3809,"bigg_id":"h_c","name":"H+","label_x":-2752.971923828125,"label_y":-3775.028076171875,"node_is_primary":false},"1352815":{"node_type":"metabolite","x":-2709,"y":-3949,"bigg_id":"adp_c","name":"ADP","label_x":-2709,"label_y":-3969,"node_is_primary":false},"1352816":{"node_type":"metabolite","x":-2759,"y":-4039,"bigg_id":"pi_c","name":"Phosphate","label_x":-2759,"label_y":-4059,"node_is_primary":false},"1352824":{"node_type":"metabolite","x":-1949,"y":-3849,"bigg_id":"atp_c","name":"ATP","label_x":-1991.66015625,"label_y":-3812.9375,"node_is_primary":false},"1352825":{"node_type":"metabolite","x":-1879,"y":-3819,"bigg_id":"h2o_c","name":"H2O","label_x":-1859,"label_y":-3788.945556640625,"node_is_primary":false},"1352826":{"node_type":"metabolite","x":-1919,"y":-3979,"bigg_id":"gln__L_c","name":"L-Glutamine","label_x":-1919,"label_y":-3999,"node_is_primary":false},"1352827":{"node_type":"metabolite","x":-1605.9190673828125,"y":-3819,"bigg_id":"adp_c","name":"ADP","label_x":-1585.9190673828125,"label_y":-3799,"node_is_primary":false},"1352828":{"node_type":"metabolite","x":-1590.99609375,"y":-3944.968017578125,"bigg_id":"glu__L_c","name":"L-Glutamate","label_x":-1628.9202880859375,"label_y":-3966.9638671875,"node_is_primary":false},"1352829":{"node_type":"metabolite","x":-1669,"y":-3819,"bigg_id":"h_c","name":"H+","label_x":-1679.0272216796875,"label_y":-3783.958984375,"node_is_primary":false},"1352830":{"node_type":"metabolite","x":-1659,"y":-3999,"bigg_id":"pi_c","name":"Phosphate","label_x":-1659,"label_y":-4019,"node_is_primary":false},"1352878":{"node_type":"metabolite","x":-3949.0392879623937,"y":-3079.9359374216983,"bigg_id":"imp_c","name":"IMP","label_x":-4044.5231746811432,"label_y":-3077.2948241404483,"node_is_primary":true},"1352879":{"node_type":"metabolite","x":-4088.8193571815573,"y":-3009.4977925775383,"bigg_id":"nad_c","name":"Nicotinamide adenine dinucleotide","label_x":-4168.459982181557,"label_y":-3007.5397847650383,"node_is_primary":false},"1352880":{"node_type":"metabolite","x":-4008.6631466499653,"y":-2959.7486025015637,"bigg_id":"h2o_c","name":"H2O","label_x":-4014.6450802437153,"label_y":-2985.7605653921887,"node_is_primary":false},"1352881":{"node_type":"metabolite","x":-4177.910618779751,"y":-2719.21732973713,"bigg_id":"h_c","name":"H+","label_x":-4144.012669561001,"label_y":-2733.2651812996305,"node_is_primary":false},"1352882":{"node_type":"metabolite","x":-4139.042356527429,"y":-2761.339274011878,"bigg_id":"nadh_c","name":"Nicotinamide adenine dinucleotide - reduced","label_x":-4202.289793050866,"label_y":-2685.136149011878,"node_is_primary":false},"1352883":{"node_type":"metabolite","x":-4287.972720409623,"y":-2738.872705205821,"bigg_id":"xmp_c","name":"Xanthosine 5'-phosphate","label_x":-4347.793032909623,"label_y":-2776.609033330821,"node_is_primary":true},"1352905":{"node_type":"metabolite","x":-2729.421118967176,"y":-3203.756460182456,"bigg_id":"25aics_c","name":"(S)-2-[5-Amino-1-(5-phospho-D-ribosyl)imidazole-4-carboxamido]succinate","label_x":-2765.313208810926,"label_y":-3243.756460182456,"node_is_primary":true},"1352906":{"node_type":"metabolite","x":-3069.0436042807323,"y":-3082.692148887002,"bigg_id":"aicar_c","name":"5-Amino-1-(5-Phospho-D-ribosyl)imidazole-4-carboxamide","label_x":-3110.9178718588573,"label_y":-3020.967539512002,"node_is_primary":true},"1352907":{"node_type":"metabolite","x":-3069.7952983167233,"y":-3322.690971709273,"bigg_id":"fum_c","name":"Fumarate","label_x":-3093.7232768323483,"label_y":-3362.451469756148,"node_is_primary":true},"1352914":{"node_type":"metabolite","x":-2365.1128305635507,"y":-3105.8970150561963,"bigg_id":"atp_c","name":"ATP","label_x":-2295.3225473604257,"label_y":-3095.9868588061963,"node_is_primary":false},"1352915":{"node_type":"metabolite","x":-2315.1130758089084,"y":-3106.0536179803603,"bigg_id":"asp__L_c","name":"L-Aspartate","label_x":-2421.367638186838,"label_y":-3069.8983445428603,"node_is_primary":false},"1352916":{"node_type":"metabolite","x":-2653.5197853566806,"y":-3121.7059433512386,"bigg_id":"pi_c","name":"Phosphate","label_x":-2693.4001564504306,"label_y":-3091.8558456949886,"node_is_primary":false},"1352917":{"node_type":"metabolite","x":-2548.386298428897,"y":-3083.597296520854,"bigg_id":"adp_c","name":"ADP","label_x":-2580.5761954892914,"label_y":-3046.093634411479,"node_is_primary":false},"1352918":{"node_type":"metabolite","x":-2611.7190009650617,"y":-3071.700390111255,"bigg_id":"h_c","name":"H+","label_x":-2637.6411201056867,"label_y":-3035.86811472063,"node_is_primary":false},"1352923":{"node_type":"metabolite","x":-3189.199618616035,"y":-3132.3160566236447,"bigg_id":"10fthf_c","name":"10-Formyltetrahydrofolate","label_x":-3226.8201630496287,"label_y":-3149.7650312330197,"node_is_primary":false},"1352924":{"node_type":"metabolite","x":-3549.041249925276,"y":-3081.18876081502,"bigg_id":"fprica_c","name":"5-Formamido-1-(5-phospho-D-ribosyl)imidazole-4-carboxamide","label_x":-3549.041249925276,"label_y":-3111.18876081502,"node_is_primary":true},"1352925":{"node_type":"metabolite","x":-3429.198441438305,"y":-3131.564362587652,"bigg_id":"thf_c","name":"5,6,7,8-Tetrahydrofolate","label_x":-3453.449356965649,"label_y":-3151.710114540777,"node_is_primary":false},"1352972":{"node_type":"metabolite","x":-4218.428623248053,"y":-2385.7465041778064,"bigg_id":"h_c","name":"H+","label_x":-4252.296787310553,"label_y":-2353.8722365996814,"node_is_primary":false},"1352973":{"node_type":"metabolite","x":-4666.780674321235,"y":-2357.6843868469077,"bigg_id":"gmp_c","name":"GMP","label_x":-4763.336826664985,"label_y":-2354.6904903625327,"node_is_primary":true},"1352974":{"node_type":"metabolite","x":-4122.797754232215,"y":-2377.045982977126,"bigg_id":"nadph_c","name":"Nicotinamide adenine dinucleotide phosphate - reduced","label_x":-4157.810327474403,"label_y":-2343.353356024001,"node_is_primary":false},"1352975":{"node_type":"metabolite","x":-3967.598442961933,"y":-2619.875552509342,"bigg_id":"nadp_c","name":"Nicotinamide adenine dinucleotide phosphate","label_x":-3953.1051568291205,"label_y":-2614.159243915592,"node_is_primary":false},"1352976":{"node_type":"metabolite","x":-3968.3823260216786,"y":-2550.8727588894567,"bigg_id":"nh4_c","name":"Ammonium","label_x":-3998.9355486779286,"label_y":-2514.1005420925817,"node_is_primary":false},"1352977":{"node_type":"metabolite","x":-4215.886771106056,"y":-3350.1014806352887,"bigg_id":"dcamp_c","name":"N6-(1,2-Dicarboxyethyl)-AMP","label_x":-4331.769095324806,"label_y":-3324.3429357134146,"node_is_primary":true},"1352978":{"node_type":"metabolite","x":-4329.475043846401,"y":-3537.746635904119,"bigg_id":"fum_c","name":"Fumarate","label_x":-4345.480170799526,"label_y":-3579.419243325994,"node_is_primary":true},"1352979":{"node_type":"metabolite","x":-4439.161298458278,"y":-3437.4025999616797,"bigg_id":"amp_c","name":"AMP","label_x":-4491.157148067653,"label_y":-3394.9953733991797,"node_is_primary":true},"1352983":{"node_type":"metabolite","x":-4478.830407865183,"y":-2693.097457149631,"bigg_id":"h2o_c","name":"H2O","label_x":-4508.626550443308,"label_y":-2710.983687618381,"node_is_primary":false},"1352984":{"node_type":"metabolite","x":-4317.596726244414,"y":-2618.7793320401893,"bigg_id":"gln__L_c","name":"L-Glutamine","label_x":-4320.032273119414,"label_y":-2641.1265000089393,"node_is_primary":false},"1352985":{"node_type":"metabolite","x":-4431.324409880708,"y":-2724.190248877134,"bigg_id":"atp_c","name":"ATP","label_x":-4446.953560271333,"label_y":-2750.963930517759,"node_is_primary":false},"1352986":{"node_type":"metabolite","x":-4657.438455651801,"y":-2567.714677401227,"bigg_id":"h_c","name":"H+","label_x":-4717.169412683052,"label_y":-2563.726396151227,"node_is_primary":false},"1352987":{"node_type":"metabolite","x":-4657.250532142804,"y":-2507.714971695658,"bigg_id":"amp_c","name":"AMP","label_x":-4742.902875892805,"label_y":-2501.732793961283,"node_is_primary":false},"1352988":{"node_type":"metabolite","x":-4507.0633443698825,"y":-2448.1850747625867,"bigg_id":"ppi_c","name":"Diphosphate","label_x":-4533.654286752695,"label_y":-2409.9189614813367,"node_is_primary":false},"1352989":{"node_type":"metabolite","x":-4667.031238999899,"y":-2437.683994454329,"bigg_id":"glu__L_c","name":"L-Glutamate","label_x":-4776.64207884365,"label_y":-2435.690097969954,"node_is_primary":false},"1353004":{"node_type":"metabolite","x":-3989.540221123435,"y":-3239.8098702972156,"bigg_id":"gtp_c","name":"GTP","label_x":-3977.9790638968725,"label_y":-3246.3230538909656,"node_is_primary":false},"1353005":{"node_type":"metabolite","x":-3959.289803591987,"y":-3159.904224444287,"bigg_id":"asp__L_c","name":"L-Aspartate","label_x":-3973.385262576362,"label_y":-3178.355884600537,"node_is_primary":false},"1353006":{"node_type":"metabolite","x":-4065.887506842133,"y":-3350.571289407784,"bigg_id":"pi_c","name":"Phosphate","label_x":-4068.167536139008,"label_y":-3372.388183939034,"node_is_primary":false},"1353007":{"node_type":"metabolite","x":-4135.88716349863,"y":-3350.3520453139536,"bigg_id":"gdp_c","name":"GDP","label_x":-4157.289873459567,"label_y":-3375.4545843764536,"node_is_primary":false},"1353008":{"node_type":"metabolite","x":-4205.604934891629,"y":-3260.133242661771,"bigg_id":"h_c","name":"H+","label_x":-4231.467239579129,"label_y":-3228.229189927396,"node_is_primary":false},"1353015":{"node_type":"metabolite","x":-3828.851953042262,"y":-3020.312078734126,"bigg_id":"h2o_c","name":"H2O","label_x":-3858.912011636012,"label_y":-2986.443914671626,"node_is_primary":false},"1353278":{"node_type":"multimarker","x":-1729.4260238743755,"y":-3206.888518665759},"1353279":{"node_type":"midmarker","x":-1689.4262200706685,"y":-3207.0138010050905},"1353280":{"node_type":"multimarker","x":-1649.4264162669547,"y":-3207.13908334443},"1353320":{"node_type":"midmarker","x":-3325,"y":-4432},"1353321":{"node_type":"multimarker","x":-3365,"y":-4432},"1353322":{"node_type":"multimarker","x":-3285,"y":-4432},"1353340":{"node_type":"multimarker","x":-3889,"y":-3899},"1353341":{"node_type":"midmarker","x":-3909,"y":-3899},"1353342":{"node_type":"multimarker","x":-3929,"y":-3899},"1353359":{"node_type":"multimarker","x":-2833.104248046875,"y":-4227.1240234375},"1353360":{"node_type":"midmarker","x":-2793.104248046875,"y":-4227.1240234375},"1353361":{"node_type":"multimarker","x":-2753.104248046875,"y":-4227.1240234375},"1353399":{"node_type":"multimarker","x":-3359,"y":-3899},"1353400":{"node_type":"midmarker","x":-3429,"y":-3899},"1353401":{"node_type":"multimarker","x":-3499,"y":-3899},"1353526":{"node_type":"multimarker","x":-4215,"y":-4432},"1353527":{"node_type":"multimarker","x":-4306,"y":-4432},"1353528":{"node_type":"midmarker","x":-4264,"y":-4432},"1353539":{"node_type":"multimarker","x":-2769.072021484375,"y":-4633.91552734375},"1353540":{"node_type":"multimarker","x":-2849.072021484375,"y":-4633.91552734375},"1353541":{"node_type":"midmarker","x":-2809.072021484375,"y":-4633.91552734375},"1353569":{"node_type":"multimarker","x":-1849.15185546875,"y":-4435.9921875},"1353570":{"node_type":"multimarker","x":-1769.15185546875,"y":-4435.9921875},"1353571":{"node_type":"midmarker","x":-1809.15185546875,"y":-4435.9921875},"1353603":{"node_type":"multimarker","x":-4230.916015625,"y":-3900.995849609375},"1353604":{"node_type":"multimarker","x":-4270.916015625,"y":-3900.995849609375},"1353605":{"node_type":"midmarker","x":-4250.916015625,"y":-3900.995849609375},"1353612":{"node_type":"multimarker","x":-2329.15185546875,"y":-4435.9921875},"1353613":{"node_type":"multimarker","x":-2249.15185546875,"y":-4435.9921875},"1353614":{"node_type":"midmarker","x":-2289.15185546875,"y":-4435.9921875},"1353624":{"node_type":"multimarker","x":-3845,"y":-4432},"1353625":{"node_type":"midmarker","x":-3805,"y":-4432},"1353626":{"node_type":"multimarker","x":-3765,"y":-4432},"1353633":{"node_type":"midmarker","x":-2089.4242581077874,"y":-3205.760977611767},"1353635":{"node_type":"multimarker","x":-2259,"y":-3819},"1353636":{"node_type":"midmarker","x":-2299,"y":-3819},"1353637":{"node_type":"multimarker","x":-2339,"y":-3819},"1353642":{"node_type":"multimarker","x":-2269,"y":-3969},"1353643":{"node_type":"midmarker","x":-2309,"y":-3969},"1353644":{"node_type":"multimarker","x":-2349,"y":-3969},"1353656":{"node_type":"midmarker","x":-2859,"y":-3899},"1353657":{"node_type":"multimarker","x":-2819,"y":-3899},"1353658":{"node_type":"multimarker","x":-2899,"y":-3899},"1353669":{"node_type":"multimarker","x":-1729,"y":-3889},"1353670":{"node_type":"midmarker","x":-1799,"y":-3889},"1353671":{"node_type":"multimarker","x":-1839,"y":-3889},"1353720":{"node_type":"multimarker","x":-4090.593839160945,"y":-2937.4918816138907},"1353721":{"node_type":"multimarker","x":-4146.418169211076,"y":-2881.316761013632},"1353722":{"node_type":"midmarker","x":-4118.5060041860115,"y":-2909.4043213137606},"1353741":{"node_type":"midmarker","x":-2889.4203341820244,"y":-3203.255330825127},"1353742":{"node_type":"multimarker","x":-2929.4201379857354,"y":-3203.130048485803},"1353749":{"node_type":"multimarker","x":-2445.425644019303,"y":-3205.6459598868114},"1353750":{"node_type":"midmarker","x":-2465.4255459211595,"y":-3205.583318717143},"1353751":{"node_type":"multimarker","x":-2485.4254478230164,"y":-3205.520677547479},"1353757":{"node_type":"midmarker","x":-3309.042427103005,"y":-3081.9404548510092},"1353758":{"node_type":"multimarker","x":-3269.0426232992922,"y":-3082.0657371903435},"1353759":{"node_type":"multimarker","x":-3349.042230906717,"y":-3081.8151725116777},"1353813":{"node_type":"multimarker","x":-4088.403661842197,"y":-2557.4968775371112},"1353814":{"node_type":"multimarker","x":-4145.22485492894,"y":-2500.3186297832717},"1353815":{"node_type":"midmarker","x":-4117.3158219623565,"y":-2529.4061851784963},"1353816":{"node_type":"midmarker","x":-4286.105671856381,"y":-3419.881893197953},"1353817":{"node_type":"multimarker","x":-4299.1306645604545,"y":-3427.841137198413},"1353821":{"node_type":"midmarker","x":-4457.436304574756,"y":-2567.3410940027943},"1353822":{"node_type":"multimarker","x":-4428.524144454596,"y":-2595.4317863614074},"1353823":{"node_type":"multimarker","x":-4485.348469599823,"y":-2539.253533702662},"1353837":{"node_type":"multimarker","x":-4090.4802166166246,"y":-3220.4936255836337},"1353838":{"node_type":"midmarker","x":-4105.542784212685,"y":-3240.44654660824},"1353839":{"node_type":"multimarker","x":-4115.574055748444,"y":-3250.4151769743394},"1353846":{"node_type":"midmarker","x":-3709.040465140123,"y":-3080.6876314576903},"1353847":{"node_type":"multimarker","x":-3749.040268943836,"y":-3080.562349118357},"1353923":{"node_type":"multimarker","x":-2816.227783203125,"y":-4435.9921875},"1353924":{"node_type":"midmarker","x":-2796.227783203125,"y":-4435.9921875},"1353925":{"node_type":"multimarker","x":-2776.227783203125,"y":-4435.9921875},"1353926":{"node_type":"metabolite","x":-2901.227783203125,"y":-4355.9921875,"bigg_id":"fum_c","name":"Fumarate","label_x":-2928.227783203125,"label_y":-4315.9921875,"node_is_primary":false},"1353927":{"node_type":"metabolite","x":-2691.227783203125,"y":-4355.9921875,"bigg_id":"succ_c","name":"Succinate","label_x":-2723.627783203125,"label_y":-4315.9921875,"node_is_primary":false},"1353929":{"node_type":"multimarker","x":-2489.14794921875,"y":-4735.7763671875},"1353930":{"node_type":"midmarker","x":-2489.14794921875,"y":-4715.7763671875},"1353931":{"node_type":"multimarker","x":-2489.14794921875,"y":-4695.7763671875},"1353932":{"node_type":"metabolite","x":-2409.14794921875,"y":-4610.7763671875,"bigg_id":"h_c","name":"H+","label_x":-2394.14794921875,"label_y":-4610.7763671875,"node_is_primary":false},"1353933":{"node_type":"metabolite","x":-2409.14794921875,"y":-4820.7763671875,"bigg_id":"h_p","name":"H+","label_x":-2394.14794921875,"label_y":-4820.7763671875,"node_is_primary":false},"1353934":{"node_type":"metabolite","x":-2493.14013671875,"y":-5004.54833984375,"bigg_id":"orot_p","name":"Orotate","label_x":-2468.14013671875,"label_y":-5004.54833984375,"node_is_primary":true},"1353935":{"node_type":"multimarker","x":-2688.14013671875,"y":-5004.54833984375},"1353936":{"node_type":"midmarker","x":-2668.14013671875,"y":-5004.54833984375},"1353937":{"node_type":"multimarker","x":-2648.14013671875,"y":-5004.54833984375},"1353938":{"node_type":"metabolite","x":-2843.14013671875,"y":-5004.54833984375,"bigg_id":"orot_e","name":"Orotate","label_x":-2875.54013671875,"label_y":-4964.54833984375,"node_is_primary":true},"1353939":{"node_type":"multimarker","x":-2998.14013671875,"y":-5004.54833984375},"1353940":{"node_type":"midmarker","x":-3018.14013671875,"y":-5004.54833984375},"1353941":{"node_type":"multimarker","x":-3038.14013671875,"y":-5004.54833984375},"1353942":{"node_type":"multimarker","x":-1448.0628662109375,"y":-3599.404296875},"1353943":{"node_type":"midmarker","x":-1448.0628662109375,"y":-3579.404296875},"1353944":{"node_type":"multimarker","x":-1448.0628662109375,"y":-3559.404296875},"1353945":{"node_type":"metabolite","x":-1528.0628662109375,"y":-3684.404296875,"bigg_id":"atp_c","name":"ATP","label_x":-1602.9730224609375,"label_y":-3676.338623046875,"node_is_primary":false},"1353947":{"node_type":"metabolite","x":-1368.0628662109375,"y":-3474.404296875,"bigg_id":"h_c","name":"H+","label_x":-1353.0628662109375,"label_y":-3474.404296875,"node_is_primary":false},"1353948":{"node_type":"metabolite","x":-1528.0628662109375,"y":-3474.404296875,"bigg_id":"adp_c","name":"ADP","label_x":-1573.0628662109375,"label_y":-3444.404296875,"node_is_primary":false},"1353949":{"node_type":"metabolite","x":-1608.0628662109375,"y":-3494.404296875,"bigg_id":"pi_c","name":"Phosphate","label_x":-1644.0628662109375,"label_y":-3464.404296875,"node_is_primary":false},"1353950":{"node_type":"metabolite","x":-2583.512939453125,"y":-2386.865478515625,"bigg_id":"h2o_c","name":"H2O","label_x":-2626.712939453125,"label_y":-2346.865478515625,"node_is_primary":false},"1353951":{"node_type":"multimarker","x":-2518.512939453125,"y":-2546.865478515625},"1353952":{"node_type":"midmarker","x":-2498.512939453125,"y":-2546.865478515625},"1353953":{"node_type":"multimarker","x":-2478.512939453125,"y":-2546.865478515625},"1353954":{"node_type":"metabolite","x":-2603.512939453125,"y":-2466.865478515625,"bigg_id":"atp_c","name":"ATP","label_x":-2647.777099609375,"label_y":-2436.16162109375,"node_is_primary":false},"1353955":{"node_type":"metabolite","x":-2413.512939453125,"y":-2706.865478515625,"bigg_id":"glu__L_c","name":"L-Glutamate","label_x":-2456.712939453125,"label_y":-2726.865478515625,"node_is_primary":false},"1353956":{"node_type":"metabolite","x":-2673.512939453125,"y":-2546.865478515625,"bigg_id":"utp_c","name":"UTP","label_x":-2756.289306640625,"label_y":-2540.065673828125,"node_is_primary":true},"1353957":{"node_type":"metabolite","x":-2393.512939453125,"y":-2626.865478515625,"bigg_id":"h_c","name":"H+","label_x":-2396.43291015625,"label_y":-2648.193603515625,"node_is_primary":false},"1353958":{"node_type":"metabolite","x":-2393.512939453125,"y":-2466.865478515625,"bigg_id":"adp_c","name":"ADP","label_x":-2404.576904296875,"label_y":-2434.83349609375,"node_is_primary":false},"1353959":{"node_type":"metabolite","x":-2323.512939453125,"y":-2546.865478515625,"bigg_id":"ctp_c","name":"CTP","label_x":-2294.736328125,"label_y":-2540.065673828125,"node_is_primary":true},"1353960":{"node_type":"metabolite","x":-2413.512939453125,"y":-2386.865478515625,"bigg_id":"pi_c","name":"Phosphate","label_x":-2435.112939453125,"label_y":-2346.865478515625,"node_is_primary":false},"1353961":{"node_type":"metabolite","x":-2603.512939453125,"y":-2626.865478515625,"bigg_id":"gln__L_c","name":"L-Glutamine","label_x":-2630.512939453125,"label_y":-2646.865478515625,"node_is_primary":false}},"text_labels":{"17":{"x":-3752.749267578125,"y":-3936.34716796875,"text":"PRPP"},"18":{"x":-2489.2005157470703,"y":-3496.339599609375,"text":"IMP Biosynthesis"},"19":{"x":-3932.7113037109375,"y":-3105.04638671875,"text":"IMP"},"20":{"x":-4727.07177734375,"y":-2275.331787109375,"text":"GMP"},"21":{"x":-1538.6494140625,"y":-4412.91064453125,"text":"UMP"},"22":{"x":-3683.4658203125,"y":-5173.3408203125,"text":"PURINE AND PYRIMIDINE BIOSYNTHESIS SUBSYSTEM (PLUS)"},"23":{"x":-2694.429443359375,"y":-2792.879638671875,"text":"Extra Reaction"}},"canvas":{"x":-4857.18896484375,"y":-5272.89453125,"width":3606.1431884765625,"height":3085.23779296875}}]