[{"map_name":"new_map","map_id":"EVhWKQWVus9F","map_description":"\nLast Modified Wed Mar 07 2018 07:00:12 GMT-0700 (Mountain Standard Time)","homepage":"https://escher.github.io","schema":"https://escher.github.io/escher/jsonschema/1-0-0#"},{"reactions":{"5":{"name":"L-alanine transaminase","bigg_id":"ALATA_L","reversibility":true,"label_x":1145.7421245867774,"label_y":130.33306930300387,"gene_reaction_rule":"b2290 or b2379","genes":[{"notes":{"original_bigg_ids":["b2290"]},"name":"alaA","bigg_id":"b2290"},{"notes":{"original_bigg_ids":["b2379"]},"name":"alaC","bigg_id":"b2379"}],"metabolites":[{"bigg_id":"akg_c","coefficient":-1},{"bigg_id":"pyr_c","coefficient":1},{"bigg_id":"ala__L_c","coefficient":-1},{"bigg_id":"glu__L_c","coefficient":1}],"segments":{"30":{"from_node_id":"35","to_node_id":"36","b1":null,"b2":null},"31":{"from_node_id":"37","to_node_id":"36","b1":null,"b2":null},"32":{"from_node_id":"35","to_node_id":"34","b1":{"x":1310.535134229077,"y":125.54005237942363},"b2":{"x":1304.859209926011,"y":107.66978703987547}},"33":{"from_node_id":"37","to_node_id":"94","b1":{"x":1204.2699034076472,"y":196.89620641303372},"b2":{"x":999.2317098759086,"y":311.13894375491475}},"34":{"from_node_id":"35","to_node_id":"102","b1":{"x":1307.2143457659074,"y":127.76993219297435},"b2":{"x":1496.2525392976463,"y":25.527187221698455}},"35":{"from_node_id":"37","to_node_id":"40","b1":{"x":1200.9491149444773,"y":199.12608622658377},"b2":{"x":1186.5561209255911,"y":187.1092553976049}}}},"6":{"name":"L-asparaginase","bigg_id":"ASNN","reversibility":false,"label_x":1288.908506345872,"label_y":1074.214102840221,"gene_reaction_rule":"b1767 or b0828","genes":[{"notes":{"original_bigg_ids":["b1767"]},"name":"ansA","bigg_id":"b1767"},{"notes":{"original_bigg_ids":["b0828"]},"name":"iaaA","bigg_id":"b0828"}],"metabolites":[{"bigg_id":"asp__L_c","coefficient":1},{"bigg_id":"h2o_c","coefficient":-1},{"bigg_id":"asn__L_c","coefficient":-1},{"bigg_id":"nh4_c","coefficient":1}],"segments":{"36":{"from_node_id":"42","to_node_id":"43","b1":null,"b2":null},"37":{"from_node_id":"44","to_node_id":"43","b1":null,"b2":null},"38":{"from_node_id":"44","to_node_id":"71","b1":{"x":1112.909002391773,"y":1105.9660918612594},"b2":{"x":1054.6594364319362,"y":1101.7490822546679}},"39":{"from_node_id":"42","to_node_id":"41","b1":{"x":1408.9079782970093,"y":1098.4781145275022},"b2":{"x":1406.2299394805627,"y":1084.499259470499}},"40":{"from_node_id":"42","to_node_id":"72","b1":{"x":1548.9079492648145,"y":1098.4621138191822},"b2":{"x":1655.1575762598072,"y":1098.6791234257737}},"41":{"from_node_id":"44","to_node_id":"47","b1":{"x":1260.9090343947348,"y":1097.95009115294},"b2":{"x":1263.7310795860612,"y":1083.9292342365952}}}},"8":{"name":"Asparagine synthase (glutamine-hydrolysing)","bigg_id":"ASNS1","reversibility":false,"label_x":1272.9999389648438,"label_y":816.4999504089355,"gene_reaction_rule":"b0674","genes":[{"notes":{"original_bigg_ids":["b0674"]},"name":"asnB","bigg_id":"b0674"}],"metabolites":[{"bigg_id":"h2o_c","coefficient":-1},{"bigg_id":"atp_c","coefficient":-1},{"bigg_id":"h_c","coefficient":1},{"bigg_id":"asn__L_c","coefficient":1},{"bigg_id":"glu__L_c","coefficient":1},{"bigg_id":"asp__L_c","coefficient":-1},{"bigg_id":"amp_c","coefficient":1},{"bigg_id":"ppi_c","coefficient":1},{"bigg_id":"gln__L_c","coefficient":-1}],"segments":{"48":{"from_node_id":"56","to_node_id":"57","b1":null,"b2":null},"49":{"from_node_id":"58","to_node_id":"57","b1":null,"b2":null},"50":{"from_node_id":"56","to_node_id":"55","b1":{"x":1256.9999389648438,"y":752.4999504089355},"b2":{"x":1254.7499389648438,"y":772.4999504089355}},"51":{"from_node_id":"56","to_node_id":"59","b1":{"x":1256.9999389648438,"y":752.4999504089355},"b2":{"x":1239.7499389648438,"y":770.4999504089355}},"52":{"from_node_id":"58","to_node_id":"60","b1":{"x":1388.9999389648438,"y":752.4999504089355},"b2":{"x":1395.2499389648438,"y":768.4999504089355}},"53":{"from_node_id":"58","to_node_id":"72","b1":{"x":1500.9998779296875,"y":748.4999504089355},"b2":{"x":1683.2499389648438,"y":984.5}},"54":{"from_node_id":"58","to_node_id":"62","b1":{"x":1396.9999389648438,"y":740.4999504089355},"b2":{"x":1394.2499389648438,"y":734.4999504089355}},"55":{"from_node_id":"56","to_node_id":"71","b1":{"x":1136.9999389648438,"y":752.4999504089355},"b2":{"x":986.7499389648438,"y":1032.5}},"56":{"from_node_id":"58","to_node_id":"64","b1":{"x":1388.9999389648438,"y":740.4999504089355},"b2":{"x":1379.2499389648438,"y":716.4999504089355}},"57":{"from_node_id":"58","to_node_id":"65","b1":{"x":1380.9999389648438,"y":760.4999504089355},"b2":{"x":1410.2499389648438,"y":770.4999504089355}},"58":{"from_node_id":"56","to_node_id":"66","b1":{"x":1256.9999389648438,"y":740.4999504089355},"b2":{"x":1235.7499389648438,"y":742.4999504089355}}}},"9":{"name":"Asparagine synthetase","bigg_id":"ASNS2","reversibility":false,"label_x":1296.9999389648438,"label_y":1276.4998779296875,"gene_reaction_rule":"b3744","genes":[{"notes":{"original_bigg_ids":["b3744"]},"name":"asnA","bigg_id":"b3744"}],"metabolites":[{"bigg_id":"atp_c","coefficient":-1},{"bigg_id":"asp__L_c","coefficient":-1},{"bigg_id":"asn__L_c","coefficient":1},{"bigg_id":"ppi_c","coefficient":1},{"bigg_id":"amp_c","coefficient":1},{"bigg_id":"nh4_c","coefficient":-1},{"bigg_id":"h_c","coefficient":1}],"segments":{"59":{"from_node_id":"68","to_node_id":"69","b1":null,"b2":null},"60":{"from_node_id":"70","to_node_id":"69","b1":null,"b2":null},"61":{"from_node_id":"68","to_node_id":"67","b1":{"x":1284.9999389648438,"y":1312.4998779296875},"b2":{"x":1279.7499389648438,"y":1330.4998779296875}},"62":{"from_node_id":"68","to_node_id":"71","b1":{"x":1116.9999389648438,"y":1312.4998779296875},"b2":{"x":986.7499389648438,"y":1148.5}},"63":{"from_node_id":"70","to_node_id":"72","b1":{"x":1596.9998779296875,"y":1300.4998779296875},"b2":{"x":1703.2499389648438,"y":1148.5}},"64":{"from_node_id":"70","to_node_id":"73","b1":{"x":1408.9999389648438,"y":1324.4998779296875},"b2":{"x":1407.2499389648438,"y":1348.4998779296875}},"65":{"from_node_id":"70","to_node_id":"74","b1":{"x":1404.9999389648438,"y":1296.4998779296875},"b2":{"x":1422.2499389648438,"y":1294.4998779296875}},"66":{"from_node_id":"68","to_node_id":"75","b1":{"x":1292.9999389648438,"y":1304.4998779296875},"b2":{"x":1279.7499389648438,"y":1294.4998779296875}},"67":{"from_node_id":"70","to_node_id":"76","b1":{"x":1420.9999389648438,"y":1320.4998779296875},"b2":{"x":1422.2499389648438,"y":1330.4998779296875}}}},"12":{"name":"D-Amino acid dehydrogenase","bigg_id":"DAAD","reversibility":false,"label_x":1242.9999084472656,"label_y":400.4999694824219,"gene_reaction_rule":"b1189","genes":[{"notes":{"original_bigg_ids":["b1189"]},"name":"dadA","bigg_id":"b1189"}],"metabolites":[{"bigg_id":"h2o_c","coefficient":-1},{"bigg_id":"pyr_c","coefficient":1},{"bigg_id":"fadh2_c","coefficient":1},{"bigg_id":"ala__D_c","coefficient":-1},{"bigg_id":"nh4_c","coefficient":1},{"bigg_id":"fad_c","coefficient":-1}],"segments":{"79":{"from_node_id":"91","to_node_id":"92","b1":null,"b2":null},"80":{"from_node_id":"93","to_node_id":"92","b1":null,"b2":null},"81":{"from_node_id":"91","to_node_id":"90","b1":{"x":1354.9999084472656,"y":344.4999694824219},"b2":{"x":1360.2499084472656,"y":326.4999694824219}},"82":{"from_node_id":"93","to_node_id":"94","b1":{"x":1226.9999084472656,"y":344.49996948242193},"b2":{"x":1008.7499084472656,"y":348.49996948242193}},"83":{"from_node_id":"93","to_node_id":"95","b1":{"x":1222.9999084472656,"y":344.49996948242193},"b2":{"x":1217.7499084472656,"y":326.4999694824219}},"84":{"from_node_id":"91","to_node_id":"96","b1":{"x":1350.9999084472656,"y":344.4999694824219},"b2":{"x":1485.2499084472656,"y":344.4999694824219}},"85":{"from_node_id":"93","to_node_id":"97","b1":{"x":1222.9999084472656,"y":344.49996948242193},"b2":{"x":1217.7499084472656,"y":362.4999694824219}},"86":{"from_node_id":"91","to_node_id":"98","b1":{"x":1354.9999084472656,"y":344.4999694824219},"b2":{"x":1360.2499084472656,"y":362.4999694824219}}}},"13":{"name":"Alanine racemase","bigg_id":"ALAR","reversibility":true,"label_x":1558.9999084472656,"label_y":179.49996948242188,"gene_reaction_rule":"b1190 or b4053","genes":[{"notes":{"original_bigg_ids":["b1190"]},"name":"dadX","bigg_id":"b1190"},{"notes":{"original_bigg_ids":["b4053"]},"name":"alr","bigg_id":"b4053"}],"metabolites":[{"bigg_id":"ala__D_c","coefficient":1},{"bigg_id":"ala__L_c","coefficient":-1}],"segments":{"87":{"from_node_id":"99","to_node_id":"100","b1":null,"b2":null},"88":{"from_node_id":"101","to_node_id":"100","b1":null,"b2":null},"89":{"from_node_id":"101","to_node_id":"96","b1":{"x":1543.9999084472656,"y":231.49996948242188},"b2":{"x":1543.9999084472656,"y":285.7499694824219}},"90":{"from_node_id":"99","to_node_id":"102","b1":{"x":1543.9999084472656,"y":107.49996948242188},"b2":{"x":1543.9999084472656,"y":53.249969482421875}}}},"15":{"name":"Aspartate transaminase","bigg_id":"ASPTA","reversibility":true,"label_x":446.99997329711914,"label_y":1156.5,"gene_reaction_rule":"b0928","genes":[{"notes":{"original_bigg_ids":["b0928"]},"name":"aspC","bigg_id":"b0928"}],"metabolites":[{"bigg_id":"akg_c","coefficient":-1},{"bigg_id":"asp__L_c","coefficient":-1},{"bigg_id":"glu__L_c","coefficient":1},{"bigg_id":"oaa_c","coefficient":1}],"segments":{"97":{"from_node_id":"111","to_node_id":"112","b1":null,"b2":null},"98":{"from_node_id":"113","to_node_id":"112","b1":null,"b2":null},"99":{"from_node_id":"111","to_node_id":"110","b1":{"x":562.9999732971191,"y":1104.5},"b2":{"x":568.2499732971191,"y":1086.5}},"100":{"from_node_id":"111","to_node_id":"71","b1":{"x":558.9999732971191,"y":1104.5},"b2":{"x":893.2499313354492,"y":1108.5}},"101":{"from_node_id":"113","to_node_id":"115","b1":{"x":430.99997329711914,"y":1104.5},"b2":{"x":425.74997329711914,"y":1086.5}},"102":{"from_node_id":"113","to_node_id":"116","b1":{"x":434.99997329711914,"y":1104.5},"b2":{"x":188.74997520446777,"y":1100.5}}}},"16":{"name":"L-asparaginase","bigg_id":"ASNNpp","reversibility":false,"label_x":54.07431936264038,"label_y":398.4595947265625,"gene_reaction_rule":"b2957","genes":[{"notes":{"original_bigg_ids":["b2957"]},"name":"ansB","bigg_id":"b2957"}],"metabolites":[{"bigg_id":"h2o_p","coefficient":-1},{"bigg_id":"asp__L_p","coefficient":1},{"bigg_id":"nh4_p","coefficient":1},{"bigg_id":"asn__L_p","coefficient":-1}],"segments":{"103":{"from_node_id":"118","to_node_id":"119","b1":null,"b2":null},"104":{"from_node_id":"120","to_node_id":"119","b1":null,"b2":null},"105":{"from_node_id":"118","to_node_id":"117","b1":{"x":186.07431936264038,"y":350.4595947265625},"b2":{"x":191.32431936264038,"y":332.4595947265625}},"106":{"from_node_id":"120","to_node_id":"121","b1":{"x":58.07431936264038,"y":350.4595947265625},"b2":{"x":3.824319362640381,"y":350.4595947265625}},"107":{"from_node_id":"120","to_node_id":"122","b1":{"x":54.07431936264038,"y":350.4595947265625},"b2":{"x":48.82431936264038,"y":332.4595947265625}},"108":{"from_node_id":"118","to_node_id":"123","b1":{"x":182.07431936264038,"y":350.4595947265625},"b2":{"x":236.32431936264038,"y":350.4595947265625}}}},"17":{"name":"L-aspartase","bigg_id":"ASPT","reversibility":false,"label_x":850.9999389648438,"label_y":1281.5,"gene_reaction_rule":"b4139","genes":[{"notes":{"original_bigg_ids":["b4139"]},"name":"aspA","bigg_id":"b4139"}],"metabolites":[{"bigg_id":"asp__L_c","coefficient":-1},{"bigg_id":"fum_c","coefficient":1},{"bigg_id":"nh4_c","coefficient":1}],"segments":{"109":{"from_node_id":"124","to_node_id":"125","b1":null,"b2":null},"110":{"from_node_id":"126","to_node_id":"125","b1":null,"b2":null},"111":{"from_node_id":"124","to_node_id":"71","b1":{"x":955.9999389648438,"y":1221.5},"b2":{"x":955.9999389648438,"y":1167.25}},"112":{"from_node_id":"126","to_node_id":"127","b1":{"x":955.9999389648438,"y":1345.5},"b2":{"x":955.9999389648438,"y":1399.75}},"113":{"from_node_id":"126","to_node_id":"128","b1":{"x":955.9999389648438,"y":1349.5},"b2":{"x":937.9999389648438,"y":1354.75}}}}},"nodes":{"34":{"node_type":"metabolite","x":1298.3152254739757,"y":37.38295493391473,"bigg_id":"akg_c","name":"2-Oxoglutarate","label_x":1319.3831698099132,"label_y":43.44996199873469,"node_is_primary":false},"35":{"node_type":"multimarker","x":1272.3460669026258,"y":151.1836702352523},"36":{"node_type":"midmarker","x":1255.7421245867774,"y":162.33306930300387},"37":{"node_type":"multimarker","x":1239.1381822709288,"y":173.48246837075544},"40":{"node_type":"metabolite","x":1123.9738311575672,"y":154.45164514530495,"bigg_id":"glu__L_c","name":"L-Glutamate","label_x":1036.9738311575672,"label_y":190.45164514530495,"node_is_primary":false},"41":{"node_type":"metabolite","x":1440.227680434537,"y":1022.6347614928504,"bigg_id":"h2o_c","name":"H2O","label_x":1453.0276193993807,"label_y":1030.6347614928504,"node_is_primary":false},"42":{"node_type":"multimarker","x":1354.9083463310649,"y":1102.2941063818214},"43":{"node_type":"midmarker","x":1334.908506345872,"y":1102.214102840221},"44":{"node_type":"multimarker","x":1314.9086663606786,"y":1102.1340992986202},"47":{"node_type":"metabolite","x":1230.2293605900095,"y":1021.7947243060455,"bigg_id":"nh4_c","name":"Ammonium","label_x":1151.2293605900095,"label_y":1033.7947243060457,"node_is_primary":false},"55":{"node_type":"metabolite","x":1225.9999389648438,"y":896.4999504089355,"bigg_id":"h2o_c","name":"H2O","label_x":1182.7999389648437,"label_y":936.4999504089355,"node_is_primary":false},"56":{"node_type":"multimarker","x":1302.9999389648438,"y":752.4999504089355},"57":{"node_type":"midmarker","x":1322.9999389648438,"y":752.4999504089355},"58":{"node_type":"multimarker","x":1342.9999389648438,"y":752.4999504089355},"59":{"node_type":"metabolite","x":1205.9999389648438,"y":832.4999504089355,"bigg_id":"atp_c","name":"ATP","label_x":1154.7999389648437,"label_y":868.4999504089355,"node_is_primary":false},"60":{"node_type":"metabolite","x":1423.9999389648438,"y":892.4999504089355,"bigg_id":"h_c","name":"H+","label_x":1396.9999389648438,"label_y":932.4999504089355,"node_is_primary":false},"62":{"node_type":"metabolite","x":1427.9999389648438,"y":672.4999504089355,"bigg_id":"glu__L_c","name":"L-Glutamate","label_x":1428.7998779296875,"label_y":720.4999504089355,"node_is_primary":false},"64":{"node_type":"metabolite","x":1407.9999389648438,"y":592.4999504089355,"bigg_id":"amp_c","name":"AMP","label_x":1319.7999389648437,"label_y":596.4999504089355,"node_is_primary":false},"65":{"node_type":"metabolite","x":1443.9999389648438,"y":832.4999504089355,"bigg_id":"ppi_c","name":"Diphosphate","label_x":1452.7999389648437,"label_y":868.4999504089355,"node_is_primary":false},"66":{"node_type":"metabolite","x":1201.9999389648438,"y":680.4999504089355,"bigg_id":"gln__L_c","name":"L-Glutamine","label_x":1094.9999389648438,"label_y":708.4999504089355,"node_is_primary":false},"67":{"node_type":"metabolite","x":1245.9999389648438,"y":1392.4998779296875,"bigg_id":"atp_c","name":"ATP","label_x":1218.9999389648438,"label_y":1432.4998779296875,"node_is_primary":false},"68":{"node_type":"multimarker","x":1330.9999389648438,"y":1312.4998779296875},"69":{"node_type":"midmarker","x":1350.9999389648438,"y":1312.4998779296875},"70":{"node_type":"multimarker","x":1370.9999389648438,"y":1312.4998779296875},"71":{"node_type":"metabolite","x":955.9999389648438,"y":1108.5,"bigg_id":"asp__L_c","name":"L-Aspartate","label_x":836.9999389648438,"label_y":1076.5,"node_is_primary":true},"72":{"node_type":"metabolite","x":1733.9999389648438,"y":1096.5,"bigg_id":"asn__L_c","name":"L-Asparagine","label_x":1742.9999389648438,"label_y":1136.5,"node_is_primary":true},"73":{"node_type":"metabolite","x":1435.9999389648438,"y":1472.4998779296875,"bigg_id":"ppi_c","name":"Diphosphate","label_x":1419.7999389648437,"label_y":1512.4998779296875,"node_is_primary":false},"74":{"node_type":"metabolite","x":1455.9999389648438,"y":1232.4998779296875,"bigg_id":"amp_c","name":"AMP","label_x":1432.7999389648437,"label_y":1204.4998779296875,"node_is_primary":false},"75":{"node_type":"metabolite","x":1245.9999389648438,"y":1232.4998779296875,"bigg_id":"nh4_c","name":"Ammonium","label_x":1202.7999389648437,"label_y":1208.4998779296875,"node_is_primary":false},"76":{"node_type":"metabolite","x":1455.9999389648438,"y":1392.4998779296875,"bigg_id":"h_c","name":"H+","label_x":1484.9998779296875,"label_y":1400.4998779296875,"node_is_primary":false},"90":{"node_type":"metabolite","x":1393.9999084472656,"y":264.4999694824219,"bigg_id":"h2o_c","name":"H2O","label_x":1366.9999084472656,"label_y":244.49996948242188,"node_is_primary":false},"91":{"node_type":"multimarker","x":1308.9999084472656,"y":344.4999694824219},"92":{"node_type":"midmarker","x":1288.9999084472656,"y":344.4999694824219},"93":{"node_type":"multimarker","x":1268.9999084472656,"y":344.4999694824219},"94":{"node_type":"metabolite","x":949.9999084472656,"y":348.49996948242193,"bigg_id":"pyr_c","name":"Pyruvate","label_x":924.1999084472657,"label_y":400.49996948242193,"node_is_primary":true},"95":{"node_type":"metabolite","x":1183.9999084472656,"y":264.4999694824219,"bigg_id":"fadh2_c","name":"Flavin adenine dinucleotide reduced","label_x":1208.9999084472656,"label_y":272.4999694824219,"node_is_primary":false},"96":{"node_type":"metabolite","x":1543.9999084472656,"y":344.4999694824219,"bigg_id":"ala__D_c","name":"D-Alanine","label_x":1504.9999084472656,"label_y":396.4999694824219,"node_is_primary":true},"97":{"node_type":"metabolite","x":1183.9999084472656,"y":424.4999694824219,"bigg_id":"nh4_c","name":"Ammonium","label_x":1156.9999084472656,"label_y":464.4999694824219,"node_is_primary":false},"98":{"node_type":"metabolite","x":1393.9999084472656,"y":424.4999694824219,"bigg_id":"fad_c","name":"Flavin adenine dinucleotide oxidized","label_x":1350.7999084472656,"label_y":464.4999694824219,"node_is_primary":false},"99":{"node_type":"multimarker","x":1543.9999084472656,"y":149.49996948242188},"100":{"node_type":"midmarker","x":1543.9999084472656,"y":169.49996948242188},"101":{"node_type":"multimarker","x":1543.9999084472656,"y":189.49996948242188},"102":{"node_type":"metabolite","x":1543.9999084472656,"y":-5.500030517578125,"bigg_id":"ala__L_c","name":"L-Alanine","label_x":1580.9999084472656,"label_y":-5.500030517578125,"node_is_primary":true},"110":{"node_type":"metabolite","x":601.9999732971191,"y":1024.5,"bigg_id":"akg_c","name":"2-Oxoglutarate","label_x":606.7999732971191,"label_y":1056.5,"node_is_primary":false},"111":{"node_type":"multimarker","x":516.9999732971191,"y":1104.5},"112":{"node_type":"midmarker","x":496.99997329711914,"y":1104.5},"113":{"node_type":"multimarker","x":476.99997329711914,"y":1104.5},"115":{"node_type":"metabolite","x":391.99997329711914,"y":1024.5,"bigg_id":"glu__L_c","name":"L-Glutamate","label_x":284.99997901916504,"label_y":1052.5,"node_is_primary":false},"116":{"node_type":"metabolite","x":129.99997520446777,"y":1100.5,"bigg_id":"oaa_c","name":"Oxaloacetate","label_x":138.79997520446773,"label_y":1144.5,"node_is_primary":true},"117":{"node_type":"metabolite","x":225.07431936264038,"y":270.4595947265625,"bigg_id":"h2o_p","name":"H2O","label_x":181.87431936264034,"label_y":250.4595947265625,"node_is_primary":false},"118":{"node_type":"multimarker","x":140.07431936264038,"y":350.4595947265625},"119":{"node_type":"midmarker","x":120.07431936264038,"y":350.4595947265625},"120":{"node_type":"multimarker","x":100.07431936264038,"y":350.4595947265625},"121":{"node_type":"metabolite","x":-54.92568063735962,"y":350.4595947265625,"bigg_id":"asp__L_p","name":"L-Aspartate","label_x":-98.12568063735966,"label_y":390.4595947265625,"node_is_primary":true},"122":{"node_type":"metabolite","x":15.07431936264038,"y":270.4595947265625,"bigg_id":"nh4_p","name":"Ammonium","label_x":-11.92568063735962,"label_y":250.4595947265625,"node_is_primary":false},"123":{"node_type":"metabolite","x":295.0743193626404,"y":350.4595947265625,"bigg_id":"asn__L_p","name":"L-Asparagine","label_x":268.0743193626404,"label_y":390.4595947265625,"node_is_primary":true},"124":{"node_type":"multimarker","x":955.9999389648438,"y":1263.5},"125":{"node_type":"midmarker","x":955.9999389648438,"y":1283.5},"126":{"node_type":"multimarker","x":955.9999389648438,"y":1303.5},"127":{"node_type":"metabolite","x":955.9999389648438,"y":1458.5,"bigg_id":"fum_c","name":"Fumarate","label_x":988.9999389648438,"label_y":1466.5,"node_is_primary":true},"128":{"node_type":"metabolite","x":875.9999389648438,"y":1388.5,"bigg_id":"nh4_c","name":"Ammonium","label_x":830.9999389648438,"label_y":1418.5,"node_is_primary":false}},"text_labels":{"0":{"x":651.9999694824219,"y":1172.5,"text":"L-Aspartate"},"1":{"x":1743.9998779296875,"y":1064.5,"text":"L-Asparagine"},"2":{"x":1439.9998779296875,"y":-47.50001907348633,"text":"L-Alanine"},"3":{"x":679.9999389648438,"y":336.4999694824219,"text":"Precursor"},"4":{"x":687.9999389648438,"y":388.4999694824219,"text":"Pyruvate"},"5":{"x":-208,"y":1152.5,"text":"Oxaloacetate"},"6":{"x":-168,"y":1100.5,"text":"Precursor"},"7":{"x":847.9999389648438,"y":1536.4998779296875,"text":"Fumerate"},"8":{"x":1007.9999389648438,"y":660.4999389648438,"text":"L-Glutamine"},"9":{"x":1447.9998779296875,"y":688.4999389648438,"text":"L-Glutamate"},"11":{"x":159.99996948242188,"y":1000.5,"text":"L-Glutamate"},"12":{"x":503.9999694824219,"y":1000.5,"text":"2-Oxoglutarate"},"13":{"x":811.9999389648438,"y":160.49996948242188,"text":"L-Glutamate"},"14":{"x":919.9999389648438,"y":44.49998474121094,"text":"2-Oxoglutarate"},"15":{"x":294.2956848144531,"y":-176.04843139648438,"text":"ALANINE AND ASPARTATE METABOLISM SUBSYSTEM"}},"canvas":{"x":-355.1049499511719,"y":-301.05792236328125,"width":2522.554412841797,"height":1895.6448364257812}}]