[{"map_name":"new_map","map_id":"o9X0afk4LoWz","map_description":"","homepage":"https://escher.github.io","schema":"https://escher.github.io/escher/jsonschema/1-0-0#"},{"reactions":{"0":{"name":"Sink needed to allow p-Cresol to leave system","bigg_id":"DM_4crsol_c","reversibility":false,"label_x":533.0000610351562,"label_y":581,"gene_reaction_rule":"","genes":[],"metabolites":[{"bigg_id":"4crsol_c","coefficient":-1}],"segments":{"0":{"from_node_id":"1","to_node_id":"2","b1":null,"b2":null},"1":{"from_node_id":"3","to_node_id":"2","b1":null,"b2":null},"2":{"from_node_id":"1","to_node_id":"0","b1":{"x":518.0000610351562,"y":509},"b2":{"x":518.0000610351562,"y":454.75}}}},"1":{"name":"Sink needed to allow 5'-deoxyribose to leave system","bigg_id":"DM_5drib_c","reversibility":false,"label_x":539.0000610351562,"label_y":137,"gene_reaction_rule":"","genes":[],"metabolites":[{"bigg_id":"5drib_c","coefficient":-1}],"segments":{"3":{"from_node_id":"5","to_node_id":"6","b1":null,"b2":null},"4":{"from_node_id":"7","to_node_id":"6","b1":null,"b2":null},"5":{"from_node_id":"5","to_node_id":"4","b1":{"x":524.0000610351562,"y":65},"b2":{"x":524.0000610351562,"y":10.75}}}},"2":{"name":"Sink needed to allow aminoacetaldehyde to leave system","bigg_id":"DM_aacald_c","reversibility":false,"label_x":1064,"label_y":137,"gene_reaction_rule":"","genes":[],"metabolites":[{"bigg_id":"aacald_c","coefficient":-1}],"segments":{"6":{"from_node_id":"9","to_node_id":"10","b1":null,"b2":null},"7":{"from_node_id":"11","to_node_id":"10","b1":null,"b2":null},"8":{"from_node_id":"9","to_node_id":"8","b1":{"x":1049,"y":65},"b2":{"x":1049,"y":10.75}}}},"3":{"name":"Sink needed to allow S-Adenosyl-4-methylthio-2-oxobutanoate to leave system","bigg_id":"DM_amob_c","reversibility":false,"label_x":1919,"label_y":137,"gene_reaction_rule":"","genes":[],"metabolites":[{"bigg_id":"amob_c","coefficient":-1}],"segments":{"9":{"from_node_id":"13","to_node_id":"14","b1":null,"b2":null},"10":{"from_node_id":"15","to_node_id":"14","b1":null,"b2":null},"11":{"from_node_id":"13","to_node_id":"12","b1":{"x":1904,"y":65},"b2":{"x":1904,"y":10.75}}}},"4":{"name":"Sink needed to allow (2R,4S)-2-methyl-2,3,3,4-tetrahydroxytetrahydrofuran to leave system","bigg_id":"DM_mththf_c","reversibility":false,"label_x":1931,"label_y":587,"gene_reaction_rule":"","genes":[],"metabolites":[{"bigg_id":"mththf_c","coefficient":-1}],"segments":{"12":{"from_node_id":"17","to_node_id":"18","b1":null,"b2":null},"13":{"from_node_id":"19","to_node_id":"18","b1":null,"b2":null},"14":{"from_node_id":"17","to_node_id":"16","b1":{"x":1916,"y":515},"b2":{"x":1916,"y":460.75}}}},"5":{"name":"Sink needed to allow oxamate to leave system","bigg_id":"DM_oxam_c","reversibility":false,"label_x":1055,"label_y":587,"gene_reaction_rule":"","genes":[],"metabolites":[{"bigg_id":"oxam_c","coefficient":-1}],"segments":{"15":{"from_node_id":"21","to_node_id":"22","b1":null,"b2":null},"16":{"from_node_id":"23","to_node_id":"22","b1":null,"b2":null},"17":{"from_node_id":"21","to_node_id":"20","b1":{"x":1040,"y":515},"b2":{"x":1040,"y":460.75}}}}},"nodes":{"0":{"node_type":"metabolite","x":518.0000610351562,"y":396,"bigg_id":"4crsol_c","name":"P-Cresol","label_x":543.0000610351562,"label_y":396,"node_is_primary":true},"1":{"node_type":"multimarker","x":518.0000610351562,"y":551},"2":{"node_type":"midmarker","x":518.0000610351562,"y":571},"3":{"node_type":"multimarker","x":518.0000610351562,"y":591},"4":{"node_type":"metabolite","x":524.0000610351562,"y":-48,"bigg_id":"5drib_c","name":"5'-deoxyribose","label_x":549.0000610351562,"label_y":-48,"node_is_primary":true},"5":{"node_type":"multimarker","x":524.0000610351562,"y":107},"6":{"node_type":"midmarker","x":524.0000610351562,"y":127},"7":{"node_type":"multimarker","x":524.0000610351562,"y":147},"8":{"node_type":"metabolite","x":1049,"y":-48,"bigg_id":"aacald_c","name":"Aminoacetaldehyde","label_x":1074,"label_y":-48,"node_is_primary":true},"9":{"node_type":"multimarker","x":1049,"y":107},"10":{"node_type":"midmarker","x":1049,"y":127},"11":{"node_type":"multimarker","x":1049,"y":147},"12":{"node_type":"metabolite","x":1904,"y":-48,"bigg_id":"amob_c","name":"S-Adenosyl-4-methylthio-2-oxobutanoate","label_x":1929,"label_y":-48,"node_is_primary":true},"13":{"node_type":"multimarker","x":1904,"y":107},"14":{"node_type":"midmarker","x":1904,"y":127},"15":{"node_type":"multimarker","x":1904,"y":147},"16":{"node_type":"metabolite","x":1916,"y":402,"bigg_id":"mththf_c","name":"(2R,4S)-2-methyl-2,3,3,4-tetrahydroxytetrahydrofuran","label_x":1941,"label_y":402,"node_is_primary":true},"17":{"node_type":"multimarker","x":1916,"y":557},"18":{"node_type":"midmarker","x":1916,"y":577},"19":{"node_type":"multimarker","x":1916,"y":597},"20":{"node_type":"metabolite","x":1040,"y":402,"bigg_id":"oxam_c","name":"Oxamate","label_x":1065,"label_y":402,"node_is_primary":true},"21":{"node_type":"multimarker","x":1040,"y":557},"22":{"node_type":"midmarker","x":1040,"y":577},"23":{"node_type":"multimarker","x":1040,"y":597}},"text_labels":{"0":{"x":419.00006103515625,"y":345,"text":"P-Cresol"},"1":{"x":332.00006103515625,"y":-108,"text":"5'-deoxyribose"},"2":{"x":797.0000610351562,"y":-108,"text":"Aminoacetaldehyde"},"3":{"x":1424,"y":-111,"text":"S-Adenosyl-4-methylthio-2-oxobutanoate"},"4":{"x":1331,"y":348,"text":"(2R,4S)-2-methyl-2,3,3,4-tetrahydroxytetrahydrofuran"},"5":{"x":941,"y":357,"text":"Oxamate"},"6":{"x":944.8522338867188,"y":-246.053955078125,"text":"INTRACELLULAR DEMAND SUBSYSTEM"}},"canvas":{"x":277.66656494140625,"y":-353.6266174316406,"width":2397.0192260742188,"height":1030.4103088378906}}]