[{"map_name":"iJO1366.Central metabolism","map_id":"c50080dc494c0686982966090cefc2de","map_description":"Central metabolism (iJO1366)\nLast Modified Sun Mar 11 2018 14:44:46 GMT-0600 (Mountain Daylight Time)","homepage":"https://escher.github.io","schema":"https://escher.github.io/escher/jsonschema/1-0-0#"},{"reactions":{"2075844":{"name":"D-lactate transport via proton symport (periplasm)","bigg_id":"D_LACt2pp","reversibility":true,"label_x":500.5991109375,"label_y":4354.33888671875,"gene_reaction_rule":"b3603 or b2975","genes":[{"bigg_id":"b2975","name":"glcA"},{"bigg_id":"b3603","name":"lldP"}],"metabolites":[{"coefficient":1,"bigg_id":"h_c"},{"coefficient":-1,"bigg_id":"lac__D_p"},{"coefficient":-1,"bigg_id":"h_p"},{"coefficient":1,"bigg_id":"lac__D_c"}],"segments":{"711":{"from_node_id":"2076062","to_node_id":"2076064","b1":null,"b2":null},"712":{"from_node_id":"2076064","to_node_id":"2076063","b1":null,"b2":null},"713":{"from_node_id":"2075316","to_node_id":"2076062","b1":{"y":4379.73,"x":376.8579},"b2":{"y":4379.73,"x":413.9579}},"714":{"from_node_id":"2075317","to_node_id":"2076062","b1":{"y":4381.17091796875,"x":376.42607413766075},"b2":{"y":4379.73,"x":409.9378096387591}},"715":{"from_node_id":"2076063","to_node_id":"2075318","b1":{"y":4379.73,"x":746.6079},"b2":{"y":4379.73,"x":902.3579}},"716":{"from_node_id":"2076063","to_node_id":"2075319","b1":{"y":4379.73,"x":696.6163307141212},"b2":{"y":4379.73,"x":735.7193357137372}}}},"2075847":{"name":"Acetaldehyde transport via diffusion (extracellular to periplasm)","bigg_id":"ACALDtex","reversibility":true,"label_x":3082.858,"label_y":5841.73,"gene_reaction_rule":"b0241 or b0929 or b1377 or b2215","genes":[{"bigg_id":"b2215","name":"ompC"},{"bigg_id":"b1377","name":"ompN"},{"bigg_id":"b0929","name":"ompF"},{"bigg_id":"b0241","name":"phoE"}],"metabolites":[{"coefficient":-1,"bigg_id":"acald_e"},{"coefficient":1,"bigg_id":"acald_p"}],"segments":{"729":{"from_node_id":"2075328","to_node_id":"2076071","b1":{"y":5945.23,"x":3072.858},"b2":{"y":5906.73,"x":3072.858}},"730":{"from_node_id":"2076071","to_node_id":"2075329","b1":{"y":5836.73,"x":3072.858},"b2":{"y":5801.73,"x":3072.858}}}},"2075877":{"name":"Hydrogen transport diffusion (periplasm)","bigg_id":"H2tpp","reversibility":true,"label_x":1595.8579,"label_y":5489.73,"gene_reaction_rule":"s0001","genes":[{"bigg_id":"s0001","name":"None"}],"metabolites":[{"coefficient":-1,"bigg_id":"h2_p"},{"coefficient":1,"bigg_id":"h2_c"}],"segments":{"880":{"from_node_id":"2075416","to_node_id":"2076137","b1":{"y":5709.73,"x":1572.8579},"b2":{"y":5611.73,"x":1572.8579}},"881":{"from_node_id":"2076137","to_node_id":"2075417","b1":{"y":5446.23,"x":1572.8579},"b2":{"y":5386.73,"x":1572.8579}}}},"2075882":{"name":"Acetyl-CoA synthetase","bigg_id":"ACS","reversibility":false,"label_x":2264.884611328125,"label_y":4784.9653515625,"gene_reaction_rule":"b4069","genes":[{"bigg_id":"b4069","name":"acs"}],"metabolites":[{"coefficient":1,"bigg_id":"ppi_c"},{"coefficient":-1,"bigg_id":"ac_c"},{"coefficient":-1,"bigg_id":"coa_c"},{"coefficient":1,"bigg_id":"amp_c"},{"coefficient":-1,"bigg_id":"atp_c"},{"coefficient":1,"bigg_id":"accoa_c"}],"segments":{"903":{"from_node_id":"2076149","to_node_id":"2076150","b1":null,"b2":null},"904":{"from_node_id":"2076150","to_node_id":"2076148","b1":null,"b2":null},"905":{"from_node_id":"2075428","to_node_id":"2076149","b1":{"y":5047.285655475579,"x":2372.858},"b2":{"y":4960.796696642674,"x":2372.858}},"906":{"from_node_id":"2075429","to_node_id":"2076149","b1":{"y":4991.737352543677,"x":2372.858},"b2":{"y":4944.132205763102,"x":2372.858}},"907":{"from_node_id":"2075430","to_node_id":"2076149","b1":{"y":4973.227474683058,"x":2372.858},"b2":{"y":4938.579242404917,"x":2372.858}},"908":{"from_node_id":"2076148","to_node_id":"2075431","b1":{"y":4638.880757595082,"x":2372.858},"b2":{"y":4604.232525316941,"x":2372.858}},"909":{"from_node_id":"2076148","to_node_id":"2075382","b1":{"y":4612.384383545531,"x":2372.858},"b2":{"y":4515.911278485105,"x":2372.858}},"910":{"from_node_id":"2076148","to_node_id":"2075432","b1":{"y":4633.327794236897,"x":2372.858},"b2":{"y":4585.722647456322,"x":2372.858}}}},"2075891":{"name":"Acetate kinase","bigg_id":"ACKr","reversibility":true,"label_x":2472.858,"label_y":4923.73,"gene_reaction_rule":"b3115 or b2296 or b1849","genes":[{"bigg_id":"b2296","name":"ackA"},{"bigg_id":"b3115","name":"tdcD"},{"bigg_id":"b1849","name":"purT"}],"metabolites":[{"coefficient":-1,"bigg_id":"ac_c"},{"coefficient":-1,"bigg_id":"atp_c"},{"coefficient":1,"bigg_id":"adp_c"},{"coefficient":1,"bigg_id":"actp_c"}],"segments":{"956":{"from_node_id":"2076171","to_node_id":"2076173","b1":null,"b2":null},"957":{"from_node_id":"2076173","to_node_id":"2076172","b1":null,"b2":null},"958":{"from_node_id":"2075428","to_node_id":"2076171","b1":{"y":5087.162607534464,"x":2462.858},"b2":{"y":5028.759782260338,"x":2462.858}},"959":{"from_node_id":"2075460","to_node_id":"2076171","b1":{"y":5042.697935536797,"x":2462.858},"b2":{"y":5015.4203806610385,"x":2462.858}},"960":{"from_node_id":"2076172","to_node_id":"2075461","b1":{"y":4855.284635911601,"x":2462.858},"b2":{"y":4816.912119705336,"x":2462.858}},"961":{"from_node_id":"2076172","to_node_id":"2075462","b1":{"y":4852.53,"x":2462.858},"b2":{"y":4807.73,"x":2462.858}}}},"2075901":{"name":"L-Lactate dehydrogenase (ubiquinone)","bigg_id":"L_LACD2","reversibility":false,"label_x":1131.5860494140625,"label_y":4804.0376171875,"gene_reaction_rule":"b3605 or (b0306 and b0307 and b0308)","genes":[{"bigg_id":"b0307","name":"ykgF"},{"bigg_id":"b0308","name":"ykgG"},{"bigg_id":"b0306","name":"ykgE"},{"bigg_id":"b3605","name":"lldD"}],"metabolites":[{"coefficient":-1,"bigg_id":"lac__L_c"},{"coefficient":-1,"bigg_id":"q8_c"},{"coefficient":1,"bigg_id":"pyr_c"},{"coefficient":1,"bigg_id":"q8h2_c"}],"segments":{"1003":{"from_node_id":"2076195","to_node_id":"2076194","b1":null,"b2":null},"1004":{"from_node_id":"2076194","to_node_id":"2076193","b1":null,"b2":null},"1005":{"from_node_id":"2075487","to_node_id":"2076195","b1":{"y":4736.73,"x":1047.471957041496},"b2":{"y":4758.3442578125,"x":1136.5562528546363}},"1006":{"from_node_id":"2075488","to_node_id":"2076195","b1":{"y":4758.3442578125,"x":1102.581257403865},"b2":{"y":4758.3442578125,"x":1146.6048022406908}},"1007":{"from_node_id":"2076193","to_node_id":"2075489","b1":{"y":4758.3442578125,"x":1278.1157100499195},"b2":{"y":4758.3442578125,"x":1307.6176167679605}},"1008":{"from_node_id":"2076193","to_node_id":"2076584","b1":{"y":4758.3442578125,"x":1343.0272580034898},"b2":{"x":1504.4072899595494,"y":4750.46583984375}}}},"2075905":{"name":"L-lactate reversible transport via proton symport (periplasm)","bigg_id":"L_LACt2rpp","reversibility":true,"label_x":504.5991109375,"label_y":4634.64357421875,"gene_reaction_rule":"b3603 or b2975","genes":[{"bigg_id":"b2975","name":"glcA"},{"bigg_id":"b3603","name":"lldP"}],"metabolites":[{"coefficient":1,"bigg_id":"lac__L_c"},{"coefficient":-1,"bigg_id":"h_p"},{"coefficient":-1,"bigg_id":"lac__L_p"},{"coefficient":1,"bigg_id":"h_c"}],"segments":{"1029":{"from_node_id":"2076205","to_node_id":"2076207","b1":null,"b2":null},"1030":{"from_node_id":"2076207","to_node_id":"2076206","b1":null,"b2":null},"1031":{"from_node_id":"2075499","to_node_id":"2076205","b1":{"y":4667.73,"x":381.61567569819596},"b2":{"y":4667.73,"x":418.1852327094588}},"1032":{"from_node_id":"2075500","to_node_id":"2076205","b1":{"y":4667.73,"x":380.3579},"b2":{"y":4667.73,"x":417.80789999999996}},"1033":{"from_node_id":"2076206","to_node_id":"2075501","b1":{"y":4667.73,"x":704.0383360706105},"b2":{"y":4667.73,"x":751.1260202353685}},"1034":{"from_node_id":"2076206","to_node_id":"2075487","b1":{"y":4667.73,"x":725.8579},"b2":{"y":4667.73,"x":823.8579}}}},"2075915":{"name":"L-lactate transport via diffusion (extracellular to periplasm)","bigg_id":"L_LACtex","reversibility":true,"label_x":150.92344649902344,"label_y":4626.43361328125,"gene_reaction_rule":"b0929 or b1377 or b2215 or b0241","genes":[{"bigg_id":"b2215","name":"ompC"},{"bigg_id":"b1377","name":"ompN"},{"bigg_id":"b0929","name":"ompF"},{"bigg_id":"b0241","name":"phoE"}],"metabolites":[{"coefficient":-1,"bigg_id":"lac__L_e"},{"coefficient":1,"bigg_id":"lac__L_p"}],"segments":{"1092":{"from_node_id":"2075529","to_node_id":"2076233","b1":{"y":4667.73,"x":177.44050582519532},"b2":{"y":4667.73,"x":177.85791}},"1093":{"from_node_id":"2076233","to_node_id":"2075500","b1":{"y":4667.73,"x":242.7079085},"b2":{"y":4667.73,"x":277.35790499999996}}}},"2075916":{"name":"Pyruvate dehydrogenase","bigg_id":"PDH","reversibility":false,"label_x":2025.8589765625002,"label_y":4291.5766796875,"gene_reaction_rule":"b0114 and b0115 and b0116","genes":[{"bigg_id":"b0114","name":"aceE"},{"bigg_id":"b0115","name":"aceF"},{"bigg_id":"b0116","name":"lpd"}],"metabolites":[{"coefficient":1,"bigg_id":"co2_c"},{"coefficient":-1,"bigg_id":"coa_c"},{"coefficient":1,"bigg_id":"nadh_c"},{"coefficient":-1,"bigg_id":"pyr_c"},{"coefficient":1,"bigg_id":"accoa_c"},{"coefficient":-1,"bigg_id":"nad_c"}],"segments":{"1094":{"from_node_id":"2076234","to_node_id":"2076235","b1":null,"b2":null},"1095":{"from_node_id":"2076235","to_node_id":"2076236","b1":null,"b2":null},"1096":{"from_node_id":"2075530","to_node_id":"2076234","b1":{"y":4394.1391796875,"x":1924.3440298902908},"b2":{"y":4379.73,"x":1977.3265661155247}},"1097":{"from_node_id":"2075531","to_node_id":"2076234","b1":{"y":4379.73,"x":1933.1413454205444},"b2":{"y":4379.73,"x":1975.6429336261633}},"1098":{"from_node_id":"2076584","to_node_id":"2076234","b1":{"x":1708.62401328125,"y":4388.42140625},"b2":{"y":4379.73,"x":1937.4578999999999}},"1099":{"from_node_id":"2076236","to_node_id":"2075532","b1":{"y":4379.73,"x":2136.274156292363},"b2":{"y":4379.73,"x":2176.9118543078753}},"1100":{"from_node_id":"2076236","to_node_id":"2075533","b1":{"y":4379.73,"x":2134.1704948979586},"b2":{"y":4379.73,"x":2169.899649659861}},"1101":{"from_node_id":"2076236","to_node_id":"2075382","b1":{"y":4379.73,"x":2161.458},"b2":{"y":4379.73,"x":2260.858}}}},"2075918":{"name":"Acetaldehyde reversible transport (periplasm)","bigg_id":"ACALDtpp","reversibility":true,"label_x":3082.858,"label_y":5453.73,"gene_reaction_rule":"s0001","genes":[{"bigg_id":"s0001","name":"None"}],"metabolites":[{"coefficient":1,"bigg_id":"acald_c"},{"coefficient":-1,"bigg_id":"acald_p"}],"segments":{"1109":{"from_node_id":"2075329","to_node_id":"2076240","b1":{"y":5708.53,"x":3072.858},"b2":{"y":5607.73,"x":3072.858}},"1110":{"from_node_id":"2076240","to_node_id":"2075537","b1":{"y":5420.23,"x":3072.858},"b2":{"y":5318.73,"x":3072.858}}}},"2075923":{"name":"Acetate reversible transport via proton symport (periplasm)","bigg_id":"ACt2rpp","reversibility":true,"label_x":2432.858,"label_y":5453.73,"gene_reaction_rule":"","genes":[],"metabolites":[{"coefficient":1,"bigg_id":"ac_c"},{"coefficient":-1,"bigg_id":"ac_p"},{"coefficient":-1,"bigg_id":"h_p"},{"coefficient":1,"bigg_id":"h_c"}],"segments":{"0":{"from_node_id":"2076252","to_node_id":"2075552","b1":{"y":5333.327794236897,"x":2422.858},"b2":{"y":5285.722647456322,"x":2422.858}},"1":{"from_node_id":"2076252","to_node_id":"2075428","b1":{"y":5325.53,"x":2422.858},"b2":{"y":5259.73,"x":2422.858}},"1135":{"from_node_id":"2076253","to_node_id":"2076251","b1":null,"b2":null},"1136":{"from_node_id":"2076251","to_node_id":"2076252","b1":null,"b2":null},"1137":{"from_node_id":"2075550","to_node_id":"2076253","b1":{"y":5664.946584885466,"x":2422.858},"b2":{"y":5606.69497546564,"x":2422.858}},"1138":{"from_node_id":"2075551","to_node_id":"2076253","b1":{"y":5666.73,"x":2422.858},"b2":{"y":5607.23,"x":2422.858}}}},"2075932":{"name":"Pyruvate formate lyase","bigg_id":"PFL","reversibility":false,"label_x":1839.8579,"label_y":4470.73,"gene_reaction_rule":"(b0902 and b0903) or (b0902 and b3114) or (b3951 and b3952) or ((b0902 and b0903) and b2579)","genes":[{"bigg_id":"b0902","name":"pflA"},{"bigg_id":"b2579","name":"grcA"},{"bigg_id":"b3951","name":"pflD"},{"bigg_id":"b0903","name":"pflB"},{"bigg_id":"b3114","name":"tdcE"},{"bigg_id":"b3952","name":"pflC"}],"metabolites":[{"coefficient":-1,"bigg_id":"coa_c"},{"coefficient":1,"bigg_id":"accoa_c"},{"coefficient":1,"bigg_id":"for_c"},{"coefficient":-1,"bigg_id":"pyr_c"}],"segments":{"47":{"from_node_id":"2076273","to_node_id":"2076275","b1":null,"b2":null},"48":{"from_node_id":"2076275","to_node_id":"2076274","b1":null,"b2":null},"49":{"from_node_id":"2075577","to_node_id":"2076273","b1":{"y":4429.99285320054,"x":1771.6805048345605},"b2":{"y":4430.508855960162,"x":1804.704681450368}},"50":{"from_node_id":"2076584","to_node_id":"2076273","b1":{"x":1719.2179189658168,"y":4428.845965414748},"b2":{"y":4430.244037671299,"x":1787.7563109631826}},"51":{"from_node_id":"2076274","to_node_id":"2075578","b1":{"y":4431.73,"x":1954.1769056053279},"b2":{"y":4431.73,"x":2003.9212520177593}},"52":{"from_node_id":"2076274","to_node_id":"2075382","b1":{"y":4431.73,"x":2003.7880918438136},"b2":{"y":4427.40724609375,"x":2310.5040310158374}}}},"2075938":{"name":"D-lactate dehydrogenase","bigg_id":"LDH_D","reversibility":true,"label_x":1326.9097798828125,"label_y":4344.5454296875,"gene_reaction_rule":"b2133 or b1380","genes":[{"bigg_id":"b1380","name":"ldhA"},{"bigg_id":"b2133","name":"dld"}],"metabolites":[{"coefficient":1,"bigg_id":"nadh_c"},{"coefficient":1,"bigg_id":"h_c"},{"coefficient":-1,"bigg_id":"nad_c"},{"coefficient":-1,"bigg_id":"lac__D_c"},{"coefficient":1,"bigg_id":"pyr_c"}],"segments":{"87":{"from_node_id":"2076290","to_node_id":"2076292","b1":null,"b2":null},"88":{"from_node_id":"2076292","to_node_id":"2076291","b1":null,"b2":null},"89":{"from_node_id":"2075318","to_node_id":"2076290","b1":{"y":4379.73,"x":1183.8579},"b2":{"y":4379.73,"x":1225.1579}},"90":{"from_node_id":"2075595","to_node_id":"2076290","b1":{"y":4379.73,"x":1189.41400418392},"b2":{"y":4379.73,"x":1226.824731255176}},"91":{"from_node_id":"2076291","to_node_id":"2076584","b1":{"y":4379.73,"x":1426.6079},"b2":{"x":1509.389882421875,"y":4379.46583984375}},"92":{"from_node_id":"2076291","to_node_id":"2075596","b1":{"y":4379.73,"x":1408.2173433492883},"b2":{"y":4379.73,"x":1444.056044497628}},"93":{"from_node_id":"2076291","to_node_id":"2075597","b1":{"y":4379.73,"x":1408.8749221951523},"b2":{"y":4379.73,"x":1446.247973983841}}}},"2075961":{"name":"D-lactate transport via diffusion (extracellular to periplasm)","bigg_id":"D_LACtex","reversibility":true,"label_x":134.01394637695313,"label_y":4345.388203125,"gene_reaction_rule":"b0241 or b0929 or b1377 or b2215","genes":[{"bigg_id":"b2215","name":"ompC"},{"bigg_id":"b1377","name":"ompN"},{"bigg_id":"b0929","name":"ompF"},{"bigg_id":"b0241","name":"phoE"}],"metabolites":[{"coefficient":1,"bigg_id":"lac__D_p"},{"coefficient":-1,"bigg_id":"lac__D_e"}],"segments":{"211":{"from_node_id":"2075648","to_node_id":"2076346","b1":{"y":4379.73,"x":172.99957259765625},"b2":{"y":4379.73,"x":174.85791}},"212":{"from_node_id":"2076346","to_node_id":"2075316","b1":{"y":4379.73,"x":239.7079085},"b2":{"y":4379.73,"x":274.35790499999996}}}},"2075963":{"name":"Formate transport via diffusion (extracellular to periplasm)","bigg_id":"FORtex","reversibility":true,"label_x":2041.004140234375,"label_y":5833.24220703125,"gene_reaction_rule":"b0241 or b0929 or b1377 or b2215","genes":[{"bigg_id":"b2215","name":"ompC"},{"bigg_id":"b1377","name":"ompN"},{"bigg_id":"b0929","name":"ompF"},{"bigg_id":"b0241","name":"phoE"}],"metabolites":[{"coefficient":1,"bigg_id":"for_p"},{"coefficient":-1,"bigg_id":"for_e"}],"segments":{"219":{"from_node_id":"2075651","to_node_id":"2076350","b1":{"y":5945.23,"x":2023.0079},"b2":{"y":5906.73,"x":2023.3579}},"220":{"from_node_id":"2076350","to_node_id":"2075652","b1":{"y":5836.73,"x":2024.0079},"b2":{"y":5801.73,"x":2024.3579}}}},"2075970":{"name":"Phosphotransacetylase","bigg_id":"PTAr","reversibility":true,"label_x":2472.858,"label_y":4573.73,"gene_reaction_rule":"b2297 or b2458","genes":[{"bigg_id":"b2297","name":"pta"},{"bigg_id":"b2458","name":"eutD"}],"metabolites":[{"coefficient":1,"bigg_id":"coa_c"},{"coefficient":-1,"bigg_id":"accoa_c"},{"coefficient":-1,"bigg_id":"pi_c"},{"coefficient":1,"bigg_id":"actp_c"}],"segments":{"258":{"from_node_id":"2076368","to_node_id":"2076370","b1":null,"b2":null},"259":{"from_node_id":"2076370","to_node_id":"2076369","b1":null,"b2":null},"260":{"from_node_id":"2075382","to_node_id":"2076368","b1":{"y":4439.231724158432,"x":2462.858},"b2":{"y":4489.98051724753,"x":2462.858}},"261":{"from_node_id":"2075668","to_node_id":"2076368","b1":{"y":4460.251849295065,"x":2462.858},"b2":{"y":4496.286554788519,"x":2462.858}},"262":{"from_node_id":"2076369","to_node_id":"2075462","b1":{"y":4635.2378125,"x":2464.29891796875},"b2":{"y":4681.3520703125,"x":2467.18075390625}},"263":{"from_node_id":"2076369","to_node_id":"2075669","b1":{"y":4641.346545142799,"x":2464.29891796875},"b2":{"y":4681.541660892665,"x":2465.740080078125}}}},"2075974":{"name":"Hydrogen transport via diffusion (extracellular to periplasm)","bigg_id":"H2tex","reversibility":true,"label_x":1590.0626119140625,"label_y":5830.4770703125,"gene_reaction_rule":"b0241 or b0929 or b1377 or b2215","genes":[{"bigg_id":"b2215","name":"ompC"},{"bigg_id":"b1377","name":"ompN"},{"bigg_id":"b0929","name":"ompF"},{"bigg_id":"b0241","name":"phoE"}],"metabolites":[{"coefficient":1,"bigg_id":"h2_p"},{"coefficient":-1,"bigg_id":"h2_e"}],"segments":{"286":{"from_node_id":"2075681","to_node_id":"2076380","b1":{"y":5945.23,"x":1572.8579},"b2":{"y":5906.73,"x":1572.8579}},"287":{"from_node_id":"2076380","to_node_id":"2075416","b1":{"y":5836.73,"x":1572.8579},"b2":{"y":5801.73,"x":1572.8579}}}},"2075978":{"name":"Acetate transport via diffusion (extracellular to periplasm)","bigg_id":"ACtex","reversibility":true,"label_x":2444.4439375,"label_y":5834.0005078125,"gene_reaction_rule":"b0241 or b0929 or b1377 or b2215","genes":[{"bigg_id":"b2215","name":"ompC"},{"bigg_id":"b0241","name":"phoE"},{"bigg_id":"b1377","name":"ompN"},{"bigg_id":"b0929","name":"ompF"}],"metabolites":[{"coefficient":-1,"bigg_id":"ac_e"},{"coefficient":1,"bigg_id":"ac_p"}],"segments":{"306":{"from_node_id":"2075689","to_node_id":"2076389","b1":{"y":5945.23,"x":2425.4080000000004},"b2":{"y":5906.73,"x":2424.358}},"307":{"from_node_id":"2076389","to_node_id":"2075551","b1":{"y":5836.73,"x":2422.858},"b2":{"y":5801.73,"x":2422.858}}}},"2075991":{"name":"Pyruvate reversible transport via proton symport (periplasm)","bigg_id":"PYRt2rpp","reversibility":true,"label_x":1183.2650044921875,"label_y":5453.74123046875,"gene_reaction_rule":"","genes":[],"metabolites":[{"coefficient":1,"bigg_id":"h_c"},{"coefficient":-1,"bigg_id":"pyr_p"},{"coefficient":1,"bigg_id":"pyr_c"},{"coefficient":-1,"bigg_id":"h_p"}],"segments":{"375":{"from_node_id":"2076423","to_node_id":"2076422","b1":null,"b2":null},"376":{"from_node_id":"2076422","to_node_id":"2076421","b1":null,"b2":null},"377":{"from_node_id":"2075721","to_node_id":"2076423","b1":{"x":1175.1078193330693,"y":5624.066121625464},"b2":{"x":1174.517848944452,"y":5572.738697815764}},"378":{"from_node_id":"2075722","to_node_id":"2076423","b1":{"x":1175.3568863890143,"y":5645.734955492687},"b2":{"x":1174.5925690612355,"y":5579.23934797593}},"379":{"from_node_id":"2076421","to_node_id":"2075723","b1":{"x":1174.5011031171075,"y":5324.062085852789},"b2":{"x":1175.0519999085875,"y":5261.810748415549}},"380":{"from_node_id":"2076421","to_node_id":"2076584","b1":{"x":1176.3823713426173,"y":5038.177262698313},"b2":{"x":1695.700376089974,"y":4606.2111100360435}}}},"2076000":{"name":"Aldehyde dehydrogenase (acetaldehyde, NAD)","bigg_id":"ALDD2x","reversibility":false,"label_x":2753.562345703125,"label_y":5072.2680859375,"gene_reaction_rule":"b1300","genes":[{"bigg_id":"b1300","name":"puuC"}],"metabolites":[{"coefficient":2,"bigg_id":"h_c"},{"coefficient":-1,"bigg_id":"acald_c"},{"coefficient":1,"bigg_id":"ac_c"},{"coefficient":1,"bigg_id":"nadh_c"},{"coefficient":-1,"bigg_id":"h2o_c"},{"coefficient":-1,"bigg_id":"nad_c"}],"segments":{"429":{"from_node_id":"2076446","to_node_id":"2076447","b1":null,"b2":null},"430":{"from_node_id":"2076447","to_node_id":"2076448","b1":null,"b2":null},"431":{"from_node_id":"2075742","to_node_id":"2076446","b1":{"y":5110.73,"x":2913.0659728939618},"b2":{"y":5110.73,"x":2870.9203918681887}},"432":{"from_node_id":"2075537","to_node_id":"2076446","b1":{"y":5110.73,"x":2967.279370381586},"b2":{"y":5110.73,"x":2887.184411114476}},"433":{"from_node_id":"2075743","to_node_id":"2076446","b1":{"y":5110.73,"x":2917.858},"b2":{"y":5110.73,"x":2872.358}},"434":{"from_node_id":"2076448","to_node_id":"2075744","b1":{"y":5110.73,"x":2732.455794236897},"b2":{"y":5110.73,"x":2684.850647456323}},"435":{"from_node_id":"2076448","to_node_id":"2075428","b1":{"y":5110.73,"x":2702.67520912504},"b2":{"y":5110.73,"x":2585.582030416799}},"436":{"from_node_id":"2076448","to_node_id":"2075745","b1":{"y":5110.73,"x":2730.0106806824083},"b2":{"y":5110.73,"x":2676.700268941361}}}},"2076005":{"name":"Formate transport via proton symport (uptake only, periplasm)","bigg_id":"FORt2pp","reversibility":false,"label_x":2072.858,"label_y":5451.73,"gene_reaction_rule":"b0904 or b2492","genes":[{"bigg_id":"b2492","name":"focB"},{"bigg_id":"b0904","name":"focA"}],"metabolites":[{"coefficient":1,"bigg_id":"for_c"},{"coefficient":-1,"bigg_id":"for_p"},{"coefficient":-1,"bigg_id":"h_p"},{"coefficient":1,"bigg_id":"h_c"}],"segments":{"458":{"from_node_id":"2076459","to_node_id":"2076460","b1":null,"b2":null},"459":{"from_node_id":"2076460","to_node_id":"2076458","b1":null,"b2":null},"460":{"from_node_id":"2075652","to_node_id":"2076459","b1":{"y":5668.827657258978,"x":2062.858},"b2":{"y":5607.859297177693,"x":2062.858}},"461":{"from_node_id":"2075755","to_node_id":"2076459","b1":{"y":5648.998120235368,"x":2062.858},"b2":{"y":5601.910436070611,"x":2062.858}},"462":{"from_node_id":"2076458","to_node_id":"2075578","b1":{"y":4864.415078906098,"x":2062.858},"b2":{"y":4687.452235676576,"x":2068.621671875}},"463":{"from_node_id":"2076458","to_node_id":"2075756","b1":{"y":4903.420166576399,"x":2062.858},"b2":{"y":4860.697221921331,"x":2062.858}}}},"2076007":{"name":"Pyruvate transport via diffusion (extracellular to periplasm)","bigg_id":"PYRtex","reversibility":true,"label_x":1191.0272115234375,"label_y":5833.04005859375,"gene_reaction_rule":"b0241 or b0929 or b1377 or b2215","genes":[{"bigg_id":"b2215","name":"ompC"},{"bigg_id":"b1377","name":"ompN"},{"bigg_id":"b0929","name":"ompF"},{"bigg_id":"b0241","name":"phoE"}],"metabolites":[{"coefficient":1,"bigg_id":"pyr_p"},{"coefficient":-1,"bigg_id":"pyr_e"}],"segments":{"466":{"from_node_id":"2075758","to_node_id":"2076462","b1":{"x":1172.2650044921875,"y":5941.891230468749},"b2":{"x":1172.2650044921875,"y":5900.24123046875}},"467":{"from_node_id":"2076462","to_node_id":"2075722","b1":{"x":1172.5650044921874,"y":5825.74123046875},"b2":{"x":1173.2650044921875,"y":5790.74123046875}}}},"2076009":{"name":"Formate transport via diffusion (cytoplasm to periplasm)","bigg_id":"FORtppi","reversibility":false,"label_x":1837.32274375,"label_y":5434.43849609375,"gene_reaction_rule":"b0904 or b2492","genes":[{"bigg_id":"b2492","name":"focB"},{"bigg_id":"b0904","name":"focA"}],"metabolites":[{"coefficient":1,"bigg_id":"for_p"},{"coefficient":-1,"bigg_id":"for_c"}],"segments":{"474":{"from_node_id":"2075578","to_node_id":"2076466","b1":{"y":4730.1626171875,"x":1972.129628515625},"b2":{"y":5001.73,"x":1997.8579}},"475":{"from_node_id":"2076466","to_node_id":"2075652","b1":{"y":5639.2378125,"x":1967.6895162109374},"b2":{"y":5664.3676953125,"x":1967.15721640625}}}},"2076018":{"name":"Aldehyde dehydrogenase (acetaldehyde, NADP)","bigg_id":"ALDD2y","reversibility":false,"label_x":2739.331388671875,"label_y":5179.64015625,"gene_reaction_rule":"b3588","genes":[{"bigg_id":"b3588","name":"aldB"}],"metabolites":[{"coefficient":2,"bigg_id":"h_c"},{"coefficient":1,"bigg_id":"nadph_c"},{"coefficient":1,"bigg_id":"ac_c"},{"coefficient":-1,"bigg_id":"acald_c"},{"coefficient":-1,"bigg_id":"nadp_c"},{"coefficient":-1,"bigg_id":"h2o_c"}],"segments":{"515":{"from_node_id":"2076486","to_node_id":"2076484","b1":null,"b2":null},"516":{"from_node_id":"2076484","to_node_id":"2076485","b1":null,"b2":null},"517":{"from_node_id":"2075772","to_node_id":"2076486","b1":{"y":5215.73,"x":2906.7096480713453},"b2":{"y":5215.73,"x":2869.0134944214037}},"518":{"from_node_id":"2075537","to_node_id":"2076486","b1":{"y":5215.73,"x":2964.844606342009},"b2":{"y":5215.73,"x":2886.4539819026027}},"519":{"from_node_id":"2075773","to_node_id":"2076486","b1":{"y":5215.73,"x":2924.96902550928},"b2":{"y":5215.73,"x":2874.491307652784}},"520":{"from_node_id":"2076485","to_node_id":"2075774","b1":{"y":5215.73,"x":2730.5588968790225},"b2":{"y":5215.73,"x":2678.5276562634076}},"521":{"from_node_id":"2076485","to_node_id":"2075775","b1":{"y":5215.73,"x":2732.455794236897},"b2":{"y":5215.73,"x":2684.850647456323}},"522":{"from_node_id":"2076485","to_node_id":"2075428","b1":{"y":5215.73,"x":2702.793042195164},"b2":{"y":5215.73,"x":2585.9748073172136}}}},"2076040":{"name":"Acetaldehyde dehydrogenase (acetylating)","bigg_id":"ACALD","reversibility":true,"label_x":3082.858,"label_y":4871.73,"gene_reaction_rule":"b0351 or b1241","genes":[{"bigg_id":"b0351","name":"mhpF"},{"bigg_id":"b1241","name":"adhE"}],"metabolites":[{"coefficient":1,"bigg_id":"h_c"},{"coefficient":-1,"bigg_id":"acald_c"},{"coefficient":-1,"bigg_id":"coa_c"},{"coefficient":1,"bigg_id":"nadh_c"},{"coefficient":1,"bigg_id":"accoa_c"},{"coefficient":-1,"bigg_id":"nad_c"}],"segments":{"635":{"from_node_id":"2076538","to_node_id":"2076540","b1":null,"b2":null},"636":{"from_node_id":"2076540","to_node_id":"2076539","b1":null,"b2":null},"637":{"from_node_id":"2075537","to_node_id":"2076538","b1":{"y":5059.73,"x":3072.858},"b2":{"y":4979.929999999999,"x":3072.858}},"638":{"from_node_id":"2075822","to_node_id":"2076538","b1":{"y":5002.758501646106,"x":3072.858},"b2":{"y":4962.8385504938315,"x":3072.858}},"639":{"from_node_id":"2075823","to_node_id":"2076538","b1":{"y":5019.059734760191,"x":3072.858},"b2":{"y":4967.728920428057,"x":3072.858}},"640":{"from_node_id":"2076539","to_node_id":"2075382","b1":{"y":4682.956518111154,"x":3072.858},"b2":{"y":4405.818393703847,"x":3072.858}},"641":{"from_node_id":"2076539","to_node_id":"2075824","b1":{"y":4782.520627287701,"x":3072.858},"b2":{"y":4737.698757625671,"x":3072.858}},"642":{"from_node_id":"2076539","to_node_id":"2075825","b1":{"y":4777.128170799715,"x":3072.858},"b2":{"y":4719.723902665716,"x":3072.858}}}},"2076042":{"name":"Formate-hydrogen lyase","bigg_id":"FHL","reversibility":false,"label_x":1607.912831640625,"label_y":4942.6753125,"gene_reaction_rule":"(b4079 and (b2481 and b2482 and b2483 and b2484 and b2485 and b2486 and b2487 and b2488 and b2489 and b2490)) or (b4079 and (b2719 and b2720 and b2721 and b2722 and b2723 and b2724))","genes":[{"bigg_id":"b2489","name":"hyfI"},{"bigg_id":"b2724","name":"hycB"},{"bigg_id":"b2487","name":"hyfG"},{"bigg_id":"b2720","name":"hycF"},{"bigg_id":"b2482","name":"hyfB"},{"bigg_id":"b2719","name":"hycG"},{"bigg_id":"b2484","name":"hyfD"},{"bigg_id":"b2721","name":"hycE"},{"bigg_id":"b2483","name":"hyfC"},{"bigg_id":"b2722","name":"hycD"},{"bigg_id":"b2723","name":"hycC"},{"bigg_id":"b2488","name":"hyfH"},{"bigg_id":"b2481","name":"hyfA"},{"bigg_id":"b2486","name":"hyfF"},{"bigg_id":"b2485","name":"hyfE"},{"bigg_id":"b4079","name":"fdhF"},{"bigg_id":"b2490","name":"hyfJ"}],"metabolites":[{"coefficient":-1,"bigg_id":"h_c"},{"coefficient":1,"bigg_id":"h2_c"},{"coefficient":-1,"bigg_id":"for_c"},{"coefficient":1,"bigg_id":"co2_c"}],"segments":{"649":{"from_node_id":"2076546","to_node_id":"2076544","b1":null,"b2":null},"650":{"from_node_id":"2076544","to_node_id":"2076545","b1":null,"b2":null},"651":{"from_node_id":"2075578","to_node_id":"2076546","b1":{"y":4627.238913547455,"x":1572.8579},"b2":{"y":4833.382674064236,"x":1572.8579}},"652":{"from_node_id":"2075830","to_node_id":"2076546","b1":{"y":4875.632277713535,"x":1572.8579},"b2":{"y":4907.90068331406,"x":1572.8579}},"653":{"from_node_id":"2076545","to_node_id":"2075831","b1":{"y":5118.700562748477,"x":1572.8579},"b2":{"x":1567.8579,"y":5162.298542494924}},"654":{"from_node_id":"2076545","to_node_id":"2075417","b1":{"y":5131.73,"x":1572.8579},"b2":{"y":5201.73,"x":1572.8579}}}},"2076048":{"name":"D-lactate dehydrogenase","bigg_id":"LDH_D2","reversibility":false,"label_x":1292.20365848245,"label_y":4473.180229906182,"gene_reaction_rule":"b2133","genes":[{"bigg_id":"b2133","name":"dld"}],"metabolites":[{"coefficient":-1,"bigg_id":"q8_c"},{"coefficient":1,"bigg_id":"q8h2_c"},{"coefficient":1,"bigg_id":"pyr_c"},{"coefficient":-1,"bigg_id":"lac__D_c"}],"segments":{"1145":{"from_node_id":"2076562","to_node_id":"2076563","b1":null,"b2":null},"1146":{"from_node_id":"2076564","to_node_id":"2076563","b1":null,"b2":null},"1147":{"from_node_id":"2076564","to_node_id":"2076565","b1":{"y":4509.145302502702,"x":1383.7765487654851},"b2":{"y":4508.791238570429,"x":1417.685328407757}},"1148":{"from_node_id":"2076564","to_node_id":"2076584","b1":{"y":4522.936336658757,"x":1486.4393721018535},"b2":{"x":1587.1958345962485,"y":4418.86854337375}},"1149":{"from_node_id":"2076562","to_node_id":"2075318","b1":{"y":4508.367970809854,"x":1275.7793462302377},"b2":{"y":4514.621832824468,"x":1106.1905047539658}},"1150":{"from_node_id":"2076562","to_node_id":"2076567","b1":{"y":4508.339180747159,"x":1271.7794498400413},"b2":{"y":4519.901181254999,"x":1250.6970154848818}}}},"2076051":{"name":"L-Lactate dehydrogenase (menaquinone)","bigg_id":"L_LACD3","reversibility":false,"label_x":1159.471425390625,"label_y":4608.19630859375,"gene_reaction_rule":"b3605 or (b0306 and b0307 and b0308)","genes":[{"bigg_id":"b0307","name":"ykgF"},{"bigg_id":"b0308","name":"ykgG"},{"bigg_id":"b0306","name":"ykgE"},{"bigg_id":"b3605","name":"lldD"}],"metabolites":[{"coefficient":-1,"bigg_id":"mqn8_c"},{"coefficient":1,"bigg_id":"pyr_c"},{"coefficient":1,"bigg_id":"mql8_c"},{"coefficient":-1,"bigg_id":"lac__L_c"}],"segments":{"1163":{"from_node_id":"2076580","to_node_id":"2076581","b1":null,"b2":null},"1164":{"from_node_id":"2076582","to_node_id":"2076581","b1":null,"b2":null},"1165":{"from_node_id":"2076580","to_node_id":"2076583","b1":{"y":4673.493671875,"x":1165.9285787109375},"b2":{"y":4671.22560546875,"x":1110.905019140625}},"1166":{"from_node_id":"2076582","to_node_id":"2076584","b1":{"y":4672.05275390625,"x":1337.3299458984375},"b2":{"x":1526.689198828125,"y":4651.52248046875}},"1167":{"from_node_id":"2076580","to_node_id":"2075487","b1":{"y":4673.493671875,"x":1169.9285787109375},"b2":{"y":4667.73,"x":1016.3579}},"1168":{"from_node_id":"2076582","to_node_id":"2076585","b1":{"y":4672.052265625,"x":1286.57420859375},"b2":{"y":4665.46193359375,"x":1321.4246724609375}}}},"2076053":{"name":"Oxaloacetate decarboxylase","bigg_id":"OAADC","reversibility":false,"label_x":2021.3699849609375,"label_y":3680.3186230468746,"gene_reaction_rule":"b1850","genes":[{"notes":{"original_bigg_ids":["b1850"]},"name":"eda","bigg_id":"b1850"}],"metabolites":[{"bigg_id":"pyr_c","coefficient":1},{"bigg_id":"co2_c","coefficient":1},{"bigg_id":"h_c","coefficient":-1},{"bigg_id":"oaa_c","coefficient":-1}],"segments":{"1175":{"from_node_id":"2076592","to_node_id":"2076593","b1":null,"b2":null},"1176":{"from_node_id":"2076594","to_node_id":"2076593","b1":null,"b2":null},"1177":{"from_node_id":"2076594","to_node_id":"2076584","b1":{"x":1697.097401953125,"y":3704.4065136718746},"b2":{"x":1639.7432759765625,"y":4236.86916015625}},"1178":{"from_node_id":"2076594","to_node_id":"2076595","b1":{"x":2015.3150533203125,"y":3728.2746777343746},"b2":{"x":2000.1199849609375,"y":3738.3186230468746}},"1179":{"from_node_id":"2076592","to_node_id":"2076596","b1":{"x":2137.3699849609375,"y":3720.3186230468746},"b2":{"x":2142.6199849609375,"y":3738.3186230468746}},"1180":{"from_node_id":"2076592","to_node_id":"2076597","b1":{"x":2133.3699849609375,"y":3720.3186230468746},"b2":{"x":2338.7835591796875,"y":3724.2966503906246}}}},"2076054":{"name":"Alcohol dehydrogenase (ethanol)","bigg_id":"ALCD2x","reversibility":true,"label_x":3366.922697265625,"label_y":5133.73,"gene_reaction_rule":"b1478 or b1241 or b0356","genes":[{"notes":{"original_bigg_ids":["b1478"]},"name":"adhP","bigg_id":"b1478"},{"notes":{"original_bigg_ids":["b1241"]},"name":"adhE","bigg_id":"b1241"},{"notes":{"original_bigg_ids":["b0356"]},"name":"frmA","bigg_id":"b0356"}],"metabolites":[{"bigg_id":"acald_c","coefficient":1},{"bigg_id":"nadh_c","coefficient":1},{"bigg_id":"nad_c","coefficient":-1},{"bigg_id":"etoh_c","coefficient":-1},{"bigg_id":"h_c","coefficient":1}],"segments":{"1181":{"from_node_id":"2076598","to_node_id":"2076599","b1":null,"b2":null},"1182":{"from_node_id":"2076600","to_node_id":"2076599","b1":null,"b2":null},"1183":{"from_node_id":"2076600","to_node_id":"2075537","b1":{"x":3354.922697265625,"y":5173.73},"b2":{"x":3131.608,"y":5173.73}},"1184":{"from_node_id":"2076600","to_node_id":"2076601","b1":{"x":3350.922697265625,"y":5173.73},"b2":{"x":3345.672697265625,"y":5155.73}},"1185":{"from_node_id":"2076598","to_node_id":"2076602","b1":{"x":3482.922697265625,"y":5173.73},"b2":{"x":3488.172697265625,"y":5191.73}},"1186":{"from_node_id":"2076598","to_node_id":"2076603","b1":{"x":3478.922697265625,"y":5173.73},"b2":{"x":3638.589689453125,"y":5173.73}},"1187":{"from_node_id":"2076600","to_node_id":"2076604","b1":{"x":3350.922697265625,"y":5173.73},"b2":{"x":3345.672697265625,"y":5191.73}}}},"2076055":{"name":"Ethanol reversible transport via diffusion (periplasm)","bigg_id":"ETOHtrpp","reversibility":true,"label_x":3712.339689453125,"label_y":5358.73,"gene_reaction_rule":"s0001","genes":[{"notes":{"original_bigg_ids":["s0001"]},"name":"None","bigg_id":"s0001"}],"metabolites":[{"bigg_id":"etoh_p","coefficient":-1},{"bigg_id":"etoh_c","coefficient":1}],"segments":{"1188":{"from_node_id":"2076605","to_node_id":"2076606","b1":null,"b2":null},"1189":{"from_node_id":"2076607","to_node_id":"2076606","b1":null,"b2":null},"1190":{"from_node_id":"2076605","to_node_id":"2076608","b1":{"x":3697.339689453125,"y":5410.73},"b2":{"x":3697.339689453125,"y":5464.98}},"1191":{"from_node_id":"2076607","to_node_id":"2076603","b1":{"x":3697.339689453125,"y":5286.73},"b2":{"x":3697.339689453125,"y":5232.48}}}},"2076056":{"name":"Ethanol transport via diffusion (extracellular to periplasm)","bigg_id":"ETOHtex","reversibility":true,"label_x":3712.339689453125,"label_y":5708.73,"gene_reaction_rule":"b0241 or b0929 or b1377 or b2215","genes":[{"notes":{"original_bigg_ids":["b0241"]},"name":"phoE","bigg_id":"b0241"},{"notes":{"original_bigg_ids":["b0929"]},"name":"ompF","bigg_id":"b0929"},{"notes":{"original_bigg_ids":["b1377"]},"name":"ompN","bigg_id":"b1377"},{"notes":{"original_bigg_ids":["b2215"]},"name":"ompC","bigg_id":"b2215"}],"metabolites":[{"bigg_id":"etoh_e","coefficient":-1},{"bigg_id":"etoh_p","coefficient":1}],"segments":{"1192":{"from_node_id":"2076609","to_node_id":"2076610","b1":null,"b2":null},"1193":{"from_node_id":"2076611","to_node_id":"2076610","b1":null,"b2":null},"1194":{"from_node_id":"2076609","to_node_id":"2076612","b1":{"x":3697.339689453125,"y":5760.73},"b2":{"x":3697.339689453125,"y":5814.98}},"1195":{"from_node_id":"2076611","to_node_id":"2076608","b1":{"x":3697.339689453125,"y":5636.73},"b2":{"x":3697.339689453125,"y":5582.48}}}},"2076057":{"name":"Ethanol exchange","bigg_id":"EX_etoh_e","reversibility":false,"label_x":3717.08895703125,"label_y":6004.1128125,"gene_reaction_rule":"","genes":[],"metabolites":[{"bigg_id":"etoh_e","coefficient":-1}],"segments":{"1196":{"from_node_id":"2076613","to_node_id":"2076614","b1":null,"b2":null},"1197":{"from_node_id":"2076615","to_node_id":"2076614","b1":null,"b2":null},"1198":{"from_node_id":"2076613","to_node_id":"2076612","b1":{"x":3697.339689453125,"y":5986.73},"b2":{"x":3697.339689453125,"y":5932.48}}}},"2076058":{"name":"Acetaldehyde exchange","bigg_id":"EX_acald_e","reversibility":false,"label_x":3085.48348828125,"label_y":6103.98634765625,"gene_reaction_rule":"","genes":[],"metabolites":[{"bigg_id":"acald_e","coefficient":-1}],"segments":{"1199":{"from_node_id":"2076616","to_node_id":"2076617","b1":null,"b2":null},"1200":{"from_node_id":"2076618","to_node_id":"2076617","b1":null,"b2":null},"1201":{"from_node_id":"2076616","to_node_id":"2075328","b1":{"x":3072.858,"y":6074.73},"b2":{"x":3072.858,"y":6020.48}}}},"2076059":{"name":"Acetate exchange","bigg_id":"EX_ac_e","reversibility":false,"label_x":2443.232755859375,"label_y":6092.1128125,"gene_reaction_rule":"","genes":[],"metabolites":[{"bigg_id":"ac_e","coefficient":-1}],"segments":{"1202":{"from_node_id":"2076619","to_node_id":"2076620","b1":null,"b2":null},"1203":{"from_node_id":"2076621","to_node_id":"2076620","b1":null,"b2":null},"1204":{"from_node_id":"2076619","to_node_id":"2075689","b1":{"x":2425.858,"y":6074.73},"b2":{"x":2425.858,"y":6020.48}}}},"2076060":{"name":"H2 exchange","bigg_id":"EX_h2_e","reversibility":false,"label_x":1587.8579,"label_y":6092.1128125,"gene_reaction_rule":"","genes":[],"metabolites":[{"bigg_id":"h2_e","coefficient":-1}],"segments":{"1205":{"from_node_id":"2076622","to_node_id":"2076623","b1":null,"b2":null},"1206":{"from_node_id":"2076624","to_node_id":"2076623","b1":null,"b2":null},"1207":{"from_node_id":"2076622","to_node_id":"2075681","b1":{"x":1572.8579,"y":6074.73},"b2":{"x":1572.8579,"y":6020.48}}}},"2076061":{"name":"Formate exchange","bigg_id":"EX_for_e","reversibility":false,"label_x":2037.8579,"label_y":6092.1128125,"gene_reaction_rule":"","genes":[],"metabolites":[{"bigg_id":"for_e","coefficient":-1}],"segments":{"1208":{"from_node_id":"2076625","to_node_id":"2076626","b1":null,"b2":null},"1209":{"from_node_id":"2076627","to_node_id":"2076626","b1":null,"b2":null},"1210":{"from_node_id":"2076625","to_node_id":"2075651","b1":{"x":2022.8579,"y":6074.73},"b2":{"x":2022.8579,"y":6020.48}}}},"2076062":{"name":"Pyruvate exchange","bigg_id":"EX_pyr_e","reversibility":false,"label_x":1189.63963828125,"label_y":6092.4985546875,"gene_reaction_rule":"","genes":[],"metabolites":[{"bigg_id":"pyr_e","coefficient":-1}],"segments":{"1211":{"from_node_id":"2076628","to_node_id":"2076629","b1":null,"b2":null},"1212":{"from_node_id":"2076630","to_node_id":"2076629","b1":null,"b2":null},"1213":{"from_node_id":"2076628","to_node_id":"2075758","b1":{"x":1172.2650044921875,"y":6072.74123046875},"b2":{"x":1172.2650044921875,"y":6018.49123046875}}}},"2076063":{"name":"D-lactate exchange","bigg_id":"EX_lac__D_e","reversibility":false,"label_x":-110.08707825073242,"label_y":4353.6528515625,"gene_reaction_rule":"","genes":[],"metabolites":[{"bigg_id":"lac__D_e","coefficient":-1}],"segments":{"1214":{"from_node_id":"2076631","to_node_id":"2076632","b1":null,"b2":null},"1215":{"from_node_id":"2076633","to_node_id":"2076632","b1":null,"b2":null},"1216":{"from_node_id":"2076631","to_node_id":"2075648","b1":{"x":-59.745990909423824,"y":4377.7407421875},"b2":{"x":66.10791,"y":4379.73}}}},"2076064":{"name":"L-Lactate exchange","bigg_id":"EX_lac__L_e","reversibility":false,"label_x":-115.04306045898437,"label_y":4639.66359375,"gene_reaction_rule":"","genes":[],"metabolites":[{"bigg_id":"lac__L_e","coefficient":-1}],"segments":{"1217":{"from_node_id":"2076634","to_node_id":"2076635","b1":null,"b2":null},"1218":{"from_node_id":"2076636","to_node_id":"2076635","b1":null,"b2":null},"1219":{"from_node_id":"2076634","to_node_id":"2075529","b1":{"x":-62.71298233398437,"y":4665.7407421875},"b2":{"x":69.10791,"y":4667.73}}}},"2076066":{"name":"Pyruvate synthase","bigg_id":"POR5","reversibility":true,"label_x":2026.221913671875,"label_y":3972.1123242187496,"gene_reaction_rule":"(b0684 and b1378) or (b2895 and b1378)","genes":[{"notes":{"original_bigg_ids":["b0684"]},"name":"fldA","bigg_id":"b0684"},{"notes":{"original_bigg_ids":["b1378"]},"name":"pfo","bigg_id":"b1378"},{"notes":{"original_bigg_ids":["b2895"]},"name":"fldB","bigg_id":"b2895"}],"metabolites":[{"bigg_id":"flxso_c","coefficient":-2},{"bigg_id":"pyr_c","coefficient":-1},{"bigg_id":"flxr_c","coefficient":2},{"bigg_id":"coa_c","coefficient":-1},{"bigg_id":"h_c","coefficient":1},{"bigg_id":"accoa_c","coefficient":1},{"bigg_id":"co2_c","coefficient":1}],"segments":{"1229":{"from_node_id":"2076646","to_node_id":"2076647","b1":null,"b2":null},"1230":{"from_node_id":"2076648","to_node_id":"2076647","b1":null,"b2":null},"1231":{"from_node_id":"2076646","to_node_id":"2076649","b1":{"x":2010.221913671875,"y":4012.1123242187496},"b2":{"x":2004.971913671875,"y":3994.1123242187496}},"1232":{"from_node_id":"2076646","to_node_id":"2076584","b1":{"x":1821.2891744140625,"y":3994.2112011718746},"b2":{"x":1820.741933203125,"y":4232.8911328125}},"1233":{"from_node_id":"2076648","to_node_id":"2076650","b1":{"x":2142.221913671875,"y":4012.1123242187496},"b2":{"x":2147.471913671875,"y":3994.1123242187496}},"1234":{"from_node_id":"2076646","to_node_id":"2076651","b1":{"x":2010.221913671875,"y":4012.1123242187496},"b2":{"x":2004.971913671875,"y":4030.1123242187496}},"1235":{"from_node_id":"2076648","to_node_id":"2076652","b1":{"x":2142.221913671875,"y":4012.1123242187496},"b2":{"x":2147.471913671875,"y":4030.1123242187496}},"1236":{"from_node_id":"2076648","to_node_id":"2075382","b1":{"x":2301.3198140625,"y":4012.1123242187496},"b2":{"x":2389.38280234375,"y":4201.06740234375}},"1237":{"from_node_id":"2076648","to_node_id":"2076654","b1":{"x":2126.3100484375,"y":4016.0903515624996},"b2":{"x":2132.471913671875,"y":4048.1123242187496}}}}},"nodes":{"2075316":{"node_type":"metabolite","x":323.8579,"y":4379.73,"bigg_id":"lac__D_p","name":"D-Lactate","label_x":323.8579,"label_y":4349.73,"node_is_primary":true},"2075317":{"node_type":"metabolite","x":323.8579,"y":4459.73,"bigg_id":"h_p","name":"H+","label_x":338.1058858398437,"label_y":4479.73,"node_is_primary":false},"2075318":{"node_type":"metabolite","x":1124.8579,"y":4379.73,"bigg_id":"lac__D_c","name":"D-Lactate","label_x":1017.047108984375,"label_y":4360.493671875,"node_is_primary":true},"2075319":{"node_type":"metabolite","x":758.8579,"y":4458.73,"bigg_id":"h_c","name":"H+","label_x":768.8579,"label_y":4478.73,"node_is_primary":false},"2075328":{"node_type":"metabolite","x":3072.858,"y":5961.73,"bigg_id":"acald_e","name":"Acetaldehyde","label_x":3102.858,"label_y":5966.4790234375,"node_is_primary":true},"2075329":{"node_type":"metabolite","x":3072.858,"y":5751.73,"bigg_id":"acald_p","name":"Acetaldehyde","label_x":3098.108732421875,"label_y":5761.22853515625,"node_is_primary":true},"2075382":{"node_type":"metabolite","x":2402.858,"y":4379.73,"bigg_id":"accoa_c","name":"Acetyl-CoA","label_x":2289.71200390625,"label_y":4349.67921875,"node_is_primary":true},"2075416":{"node_type":"metabolite","x":1572.8579,"y":5751.73,"bigg_id":"h2_p","name":"H2","label_x":1602.8579,"label_y":5756.47951171875,"node_is_primary":true},"2075417":{"node_type":"metabolite","x":1572.8579,"y":5301.73,"bigg_id":"h2_c","name":"H2","label_x":1491.8579,"label_y":5314.73,"node_is_primary":true},"2075428":{"node_type":"metabolite","x":2422.858,"y":5165.73,"bigg_id":"ac_c","name":"Acetate","label_x":2346.8345625,"label_y":5165.17091796875,"node_is_primary":true},"2075429":{"node_type":"metabolite","x":2332.858,"y":5053.73,"bigg_id":"atp_c","name":"ATP","label_x":2259.54305859375,"label_y":5052.28908203125,"node_is_primary":false},"2075430":{"node_type":"metabolite","x":2302.858,"y":4993.73,"bigg_id":"coa_c","name":"Coenzyme A","label_x":2220.897306640625,"label_y":4985.0844921875,"node_is_primary":false},"2075431":{"node_type":"metabolite","x":2302.858,"y":4583.73,"bigg_id":"amp_c","name":"AMP","label_x":2227.06844921875,"label_y":4603.73,"node_is_primary":false},"2075432":{"node_type":"metabolite","x":2332.858,"y":4523.73,"bigg_id":"ppi_c","name":"Diphosphate","label_x":2271.029630859375,"label_y":4497.7466015625,"node_is_primary":false},"2075460":{"node_type":"metabolite","x":2505.858,"y":5068.73,"bigg_id":"atp_c","name":"ATP","label_x":2525.858,"label_y":5068.73,"node_is_primary":false},"2075461":{"node_type":"metabolite","x":2568.858,"y":4843.73,"bigg_id":"adp_c","name":"ADP","label_x":2592.858,"label_y":4843.73,"node_is_primary":false},"2075462":{"node_type":"metabolite","x":2462.858,"y":4743.73,"bigg_id":"actp_c","name":"Acetyl phosphate","label_x":2492.858,"label_y":4743.73,"node_is_primary":true},"2075487":{"node_type":"metabolite","x":963.8579,"y":4667.73,"bigg_id":"lac__L_c","name":"L-Lactate","label_x":905.7242330078125,"label_y":4631.470234375,"node_is_primary":true},"2075488":{"node_type":"metabolite","x":1055.4720357421875,"y":4819.3442578125,"bigg_id":"q8_c","name":"Ubiquinone-8","label_x":1074.117665625,"label_y":4850.75392578125,"node_is_primary":false},"2075489":{"node_type":"metabolite","x":1321.4720357421875,"y":4821.3442578125,"bigg_id":"q8h2_c","name":"Ubiquinol-8","label_x":1307.2358296875,"label_y":4857.19484375,"node_is_primary":false},"2075499":{"node_type":"metabolite","x":367.8579,"y":4748.73,"bigg_id":"h_p","name":"H+","label_x":367.8579,"label_y":4768.73,"node_is_primary":false},"2075500":{"node_type":"metabolite","x":326.8579,"y":4667.73,"bigg_id":"lac__L_p","name":"L-Lactate","label_x":326.8579,"label_y":4637.73,"node_is_primary":true},"2075501":{"node_type":"metabolite","x":783.8579,"y":4757.73,"bigg_id":"h_c","name":"H+","label_x":793.8579,"label_y":4777.73,"node_is_primary":false},"2075529":{"node_type":"metabolite","x":127.85791,"y":4667.73,"bigg_id":"lac__L_e","name":"L-Lactate","label_x":89.86327346435547,"label_y":4714.8540234375,"node_is_primary":true},"2075530":{"node_type":"metabolite","x":1914.448476171875,"y":4305.1391796875,"bigg_id":"nad_c","name":"Nicotinamide adenine dinucleotide","label_x":1920.0626119140625,"label_y":4290.17091796875,"node_is_primary":false},"2075531":{"node_type":"metabolite","x":1878.8579,"y":4340.73,"bigg_id":"coa_c","name":"Coenzyme A","label_x":1797.058827734375,"label_y":4336.4878125,"node_is_primary":false},"2075532":{"node_type":"metabolite","x":2218.858,"y":4320.73,"bigg_id":"nadh_c","name":"Nicotinamide adenine dinucleotide - reduced","label_x":2228.858,"label_y":4300.73,"node_is_primary":false},"2075533":{"node_type":"metabolite","x":2168.858,"y":4290.73,"bigg_id":"co2_c","name":"CO2","label_x":2158.858,"label_y":4270.73,"node_is_primary":false},"2075537":{"node_type":"metabolite","x":3072.858,"y":5173.73,"bigg_id":"acald_c","name":"Acetaldehyde","label_x":3096.847013671875,"label_y":5209.66408203125,"node_is_primary":true},"2075550":{"node_type":"metabolite","x":2562.858,"y":5671.73,"bigg_id":"h_p","name":"H+","label_x":2593.858,"label_y":5671.73,"node_is_primary":false},"2075551":{"node_type":"metabolite","x":2422.858,"y":5751.73,"bigg_id":"ac_p","name":"Acetate","label_x":2453.031828125,"label_y":5751.3032421875,"node_is_primary":true},"2075552":{"node_type":"metabolite","x":2342.858,"y":5243.73,"bigg_id":"h_c","name":"H+","label_x":2282.511564453125,"label_y":5228.8481640625,"node_is_primary":false},"2075577":{"node_type":"metabolite","x":1746.8579,"y":4491.73,"bigg_id":"coa_c","name":"Coenzyme A","label_x":1749.7397359375,"label_y":4521.81642578125,"node_is_primary":false},"2075578":{"node_type":"metabolite","x":2022.8579,"y":4541.73,"bigg_id":"for_c","name":"Formate","label_x":2033.8579,"label_y":4520.73,"node_is_primary":true},"2075595":{"node_type":"metabolite","x":1163.8579,"y":4451.73,"bigg_id":"nad_c","name":"Nicotinamide adenine dinucleotide","label_x":1190.5635884765625,"label_y":4453.540546875,"node_is_primary":false},"2075596":{"node_type":"metabolite","x":1479.8579,"y":4325.73,"bigg_id":"h_c","name":"H+","label_x":1431.566640234375,"label_y":4324.6118359375,"node_is_primary":false},"2075597":{"node_type":"metabolite","x":1481.8579,"y":4438.73,"bigg_id":"nadh_c","name":"Nicotinamide adenine dinucleotide - reduced","label_x":1386.810780859375,"label_y":4436.6430859375,"node_is_primary":false},"2075648":{"node_type":"metabolite","x":124.85791,"y":4379.73,"bigg_id":"lac__D_e","name":"D-Lactate","label_x":86.86328109375,"label_y":4431.60353515625,"node_is_primary":true},"2075651":{"node_type":"metabolite","x":2022.8579,"y":5961.73,"bigg_id":"for_e","name":"Formate","label_x":2050.483244140625,"label_y":5964.10451171875,"node_is_primary":true},"2075652":{"node_type":"metabolite","x":2024.8579,"y":5751.73,"bigg_id":"for_p","name":"Formate","label_x":2054.858,"label_y":5758.8540234375,"node_is_primary":true},"2075668":{"node_type":"metabolite","x":2552.858,"y":4461.73,"bigg_id":"pi_c","name":"Phosphate","label_x":2572.858,"label_y":4461.73,"node_is_primary":false},"2075669":{"node_type":"metabolite","x":2534.27548046875,"y":4671.14748046875,"bigg_id":"coa_c","name":"Coenzyme A","label_x":2554.27548046875,"label_y":4671.14748046875,"node_is_primary":false},"2075681":{"node_type":"metabolite","x":1572.8579,"y":5961.73,"bigg_id":"h2_e","name":"H2","label_x":1602.8579,"label_y":5966.47951171875,"node_is_primary":true},"2075689":{"node_type":"metabolite","x":2425.858,"y":5961.73,"bigg_id":"ac_e","name":"Acetate","label_x":2450.48348828125,"label_y":5966.4790234375,"node_is_primary":true},"2075721":{"node_type":"metabolite","x":1077.2650044921875,"y":5660.74123046875,"bigg_id":"h_p","name":"H+","label_x":1014.800526953125,"label_y":5675.38673828125,"node_is_primary":false},"2075722":{"node_type":"metabolite","x":1174.2650044921875,"y":5740.74123046875,"bigg_id":"pyr_p","name":"Pyruvate","label_x":1209.2650044921875,"label_y":5741.74123046875,"node_is_primary":true},"2075723":{"node_type":"metabolite","x":1080.2650044921875,"y":5199.74123046875,"bigg_id":"h_c","name":"H+","label_x":1031.32811484375,"label_y":5206.9770703125,"node_is_primary":false},"2075742":{"node_type":"metabolite","x":2932.858,"y":5020.73,"bigg_id":"nad_c","name":"Nicotinamide adenine dinucleotide","label_x":2942.858,"label_y":5001.73,"node_is_primary":false},"2075743":{"node_type":"metabolite","x":2972.858,"y":5060.73,"bigg_id":"h2o_c","name":"H2O","label_x":2992.858,"label_y":5060.73,"node_is_primary":false},"2075744":{"node_type":"metabolite","x":2672.858,"y":5000.73,"bigg_id":"nadh_c","name":"Nicotinamide adenine dinucleotide - reduced","label_x":2692.858,"label_y":4973.73,"node_is_primary":false},"2075745":{"node_type":"metabolite","x":2612.858,"y":5050.73,"bigg_id":"h_c","name":"H+","label_x":2604.858,"label_y":5029.73,"node_is_primary":false},"2075755":{"node_type":"metabolite","x":2162.858,"y":5671.73,"bigg_id":"h_p","name":"H+","label_x":2182.858,"label_y":5671.73,"node_is_primary":false},"2075756":{"node_type":"metabolite","x":2132.858,"y":4821.73,"bigg_id":"h_c","name":"H+","label_x":2152.858,"label_y":4821.73,"node_is_primary":false},"2075758":{"node_type":"metabolite","x":1172.2650044921875,"y":5959.74123046875,"bigg_id":"pyr_e","name":"Pyruvate","label_x":1202.2650044921875,"label_y":5964.4907421875,"node_is_primary":true},"2075772":{"node_type":"metabolite","x":2952.858,"y":5255.73,"bigg_id":"nadp_c","name":"Nicotinamide adenine dinucleotide phosphate","label_x":2967.858,"label_y":5256.73,"node_is_primary":false},"2075773":{"node_type":"metabolite","x":2932.858,"y":5335.73,"bigg_id":"h2o_c","name":"H2O","label_x":2952.858,"label_y":5335.73,"node_is_primary":false},"2075774":{"node_type":"metabolite","x":2642.858,"y":5315.73,"bigg_id":"nadph_c","name":"Nicotinamide adenine dinucleotide phosphate - reduced","label_x":2615.566740234375,"label_y":5351.66701171875,"node_is_primary":false},"2075775":{"node_type":"metabolite","x":2622.858,"y":5255.73,"bigg_id":"h_c","name":"H+","label_x":2565.393400390625,"label_y":5261.493671875,"node_is_primary":false},"2075822":{"node_type":"metabolite","x":3169.858,"y":5005.73,"bigg_id":"nad_c","name":"Nicotinamide adenine dinucleotide","label_x":3189.858,"label_y":5005.73,"node_is_primary":false},"2075823":{"node_type":"metabolite","x":3169.858,"y":5055.73,"bigg_id":"coa_c","name":"Coenzyme A","label_x":3192.858,"label_y":5061.73,"node_is_primary":false},"2075824":{"node_type":"metabolite","x":3172.858,"y":4721.73,"bigg_id":"h_c","name":"H+","label_x":3192.858,"label_y":4721.73,"node_is_primary":false},"2075825":{"node_type":"metabolite","x":3172.858,"y":4671.73,"bigg_id":"nadh_c","name":"Nicotinamide adenine dinucleotide - reduced","label_x":3192.858,"label_y":4671.73,"node_is_primary":false},"2075830":{"node_type":"metabolite","x":1642.8579,"y":4861.73,"bigg_id":"h_c","name":"H+","label_x":1662.8579,"label_y":4841.73,"node_is_primary":false},"2075831":{"node_type":"metabolite","x":1468.8579,"y":5203.73,"bigg_id":"co2_c","name":"CO2","label_x":1391.8579,"label_y":5224.73,"node_is_primary":false},"2076062":{"node_type":"multimarker","x":429.8579,"y":4379.73},"2076063":{"node_type":"multimarker","x":679.8579,"y":4379.73},"2076064":{"node_type":"midmarker","x":559.8579,"y":4379.73},"2076071":{"node_type":"midmarker","x":3072.858,"y":5851.73},"2076137":{"node_type":"midmarker","x":1572.8579,"y":5471.73},"2076148":{"node_type":"multimarker","x":2372.858,"y":4653.73},"2076149":{"node_type":"multimarker","x":2372.858,"y":4923.73},"2076150":{"node_type":"midmarker","x":2372.858,"y":4783.73},"2076171":{"node_type":"multimarker","x":2462.858,"y":5003.73},"2076172":{"node_type":"multimarker","x":2462.858,"y":4871.73},"2076173":{"node_type":"midmarker","x":2462.858,"y":4933.73},"2076193":{"node_type":"multimarker","x":1265.4720357421875,"y":4758.3442578125},"2076194":{"node_type":"midmarker","x":1225.4720357421875,"y":4758.3442578125},"2076195":{"node_type":"multimarker","x":1165.4720357421875,"y":4758.3442578125},"2076205":{"node_type":"multimarker","x":433.8579,"y":4667.73},"2076206":{"node_type":"multimarker","x":683.8579,"y":4667.73},"2076207":{"node_type":"midmarker","x":563.8579,"y":4667.73},"2076233":{"node_type":"midmarker","x":227.85791,"y":4667.73},"2076234":{"node_type":"multimarker","x":1993.8579,"y":4379.73},"2076235":{"node_type":"midmarker","x":2058.858,"y":4379.73},"2076236":{"node_type":"multimarker","x":2118.858,"y":4379.73},"2076240":{"node_type":"midmarker","x":3072.858,"y":5463.73},"2076251":{"node_type":"midmarker","x":2422.858,"y":5463.73},"2076252":{"node_type":"multimarker","x":2422.858,"y":5353.73},"2076253":{"node_type":"multimarker","x":2422.858,"y":5581.73},"2076273":{"node_type":"multimarker","x":1818.8579,"y":4430.73},"2076274":{"node_type":"multimarker","x":1932.8579,"y":4431.73},"2076275":{"node_type":"midmarker","x":1882.8579,"y":4431.73},"2076290":{"node_type":"multimarker","x":1242.8579,"y":4379.73},"2076291":{"node_type":"multimarker","x":1392.8579,"y":4379.73},"2076292":{"node_type":"midmarker","x":1318.8579,"y":4379.73},"2076346":{"node_type":"midmarker","x":224.85791,"y":4379.73},"2076350":{"node_type":"midmarker","x":2023.8579,"y":5851.73},"2076368":{"node_type":"multimarker","x":2462.858,"y":4511.73},"2076369":{"node_type":"multimarker","x":2464.29891796875,"y":4624.7378125},"2076370":{"node_type":"midmarker","x":2462.858,"y":4583.73},"2076380":{"node_type":"midmarker","x":1572.8579,"y":5851.73},"2076389":{"node_type":"midmarker","x":2422.858,"y":5851.73},"2076421":{"node_type":"multimarker","x":1174.2650044921875,"y":5350.74123046875},"2076422":{"node_type":"midmarker","x":1173.2650044921875,"y":5463.74123046875},"2076423":{"node_type":"multimarker","x":1174.2650044921875,"y":5550.74123046875},"2076446":{"node_type":"multimarker","x":2852.858,"y":5110.73},"2076447":{"node_type":"midmarker","x":2802.858,"y":5110.73},"2076448":{"node_type":"multimarker","x":2752.858,"y":5110.73},"2076458":{"node_type":"multimarker","x":2062.858,"y":4921.73},"2076459":{"node_type":"multimarker","x":2062.858,"y":5581.73},"2076460":{"node_type":"midmarker","x":2062.858,"y":5461.73},"2076462":{"node_type":"midmarker","x":1172.2650044921875,"y":5840.74123046875},"2076466":{"node_type":"midmarker","x":1972.8579,"y":5461.73},"2076484":{"node_type":"midmarker","x":2802.858,"y":5215.73},"2076485":{"node_type":"multimarker","x":2752.858,"y":5215.73},"2076486":{"node_type":"multimarker","x":2852.858,"y":5215.73},"2076538":{"node_type":"multimarker","x":3072.858,"y":4945.73},"2076539":{"node_type":"multimarker","x":3072.858,"y":4801.73},"2076540":{"node_type":"midmarker","x":3072.858,"y":4881.73},"2076544":{"node_type":"midmarker","x":1572.8579,"y":5021.73},"2076545":{"node_type":"multimarker","x":1572.8579,"y":5101.73},"2076546":{"node_type":"multimarker","x":1572.8579,"y":4921.73},"2076562":{"node_type":"multimarker","x":1307.778517351791,"y":4508.598291311441},"2076563":{"node_type":"midmarker","x":1327.7779993027625,"y":4508.742241624932},"2076564":{"node_type":"multimarker","x":1347.777481253734,"y":4508.886191938423},"2076565":{"node_type":"metabolite","x":1429.0394413439576,"y":4553.453222387026,"bigg_id":"q8h2_c","name":"Ubiquinol-8","label_x":1441.32227825802,"label_y":4545.899511449526,"node_is_primary":false},"2076567":{"node_type":"metabolite","x":1213.5402026394277,"y":4534.231961386165,"bigg_id":"q8_c","name":"Ubiquinone-8","label_x":1243.5402026394277,"label_y":4544.231961386165,"node_is_primary":false},"2076580":{"node_type":"multimarker","x":1201.9285787109375,"y":4673.493671875},"2076581":{"node_type":"midmarker","x":1221.9285787109375,"y":4673.493671875},"2076582":{"node_type":"multimarker","x":1241.9285787109375,"y":4673.493671875},"2076583":{"node_type":"metabolite","x":1081.6688130859375,"y":4634.93458984375,"bigg_id":"mqn8_c","name":"Menaquinone 8","label_x":1031.6688130859375,"label_y":4594.93458984375,"node_is_primary":false},"2076584":{"node_type":"metabolite","x":1626.74022421875,"y":4382.0659375,"bigg_id":"pyr_c","name":"Pyruvate","label_x":1537.4202779296875,"label_y":4355.70265625,"node_is_primary":true},"2076585":{"node_type":"metabolite","x":1372.2750142578125,"y":4626.28908203125,"bigg_id":"mql8_c","name":"Menaquinol 8","label_x":1331.773671484375,"label_y":4600.53712890625,"node_is_primary":false},"2076592":{"node_type":"multimarker","x":2091.3699849609375,"y":3720.3186230468746},"2076593":{"node_type":"midmarker","x":2071.3699849609375,"y":3720.3186230468746},"2076594":{"node_type":"multimarker","x":2051.3699849609375,"y":3720.3186230468746},"2076595":{"node_type":"metabolite","x":1966.3699849609375,"y":3800.3186230468746,"bigg_id":"co2_c","name":"CO2","label_x":1939.3699849609375,"label_y":3840.3186230468746,"node_is_primary":false},"2076596":{"node_type":"metabolite","x":2176.3699849609375,"y":3800.3186230468746,"bigg_id":"h_c","name":"H+","label_x":2160.1699849609377,"label_y":3840.3186230468746,"node_is_primary":false},"2076597":{"node_type":"metabolite","x":2397.5335591796875,"y":3724.2966503906246,"bigg_id":"oaa_c","name":"Oxaloacetate","label_x":2370.5335591796875,"label_y":3764.2966503906246,"node_is_primary":true},"2076598":{"node_type":"multimarker","x":3436.922697265625,"y":5173.73},"2076599":{"node_type":"midmarker","x":3416.922697265625,"y":5173.73},"2076600":{"node_type":"multimarker","x":3396.922697265625,"y":5173.73},"2076601":{"node_type":"metabolite","x":3311.922697265625,"y":5093.73,"bigg_id":"nadh_c","name":"Nicotinamide adenine dinucleotide - reduced","label_x":3279.522697265625,"label_y":5073.73,"node_is_primary":false},"2076602":{"node_type":"metabolite","x":3521.922697265625,"y":5253.73,"bigg_id":"nad_c","name":"Nicotinamide adenine dinucleotide","label_x":3494.922697265625,"label_y":5293.73,"node_is_primary":false},"2076603":{"node_type":"metabolite","x":3697.339689453125,"y":5173.73,"bigg_id":"etoh_c","name":"Ethanol","label_x":3607.25878125,"label_y":5217.70802734375,"node_is_primary":true},"2076604":{"node_type":"metabolite","x":3311.922697265625,"y":5253.73,"bigg_id":"h_c","name":"H+","label_x":3295.7226972656254,"label_y":5293.73,"node_is_primary":false},"2076605":{"node_type":"multimarker","x":3697.339689453125,"y":5368.73},"2076606":{"node_type":"midmarker","x":3697.339689453125,"y":5348.73},"2076607":{"node_type":"multimarker","x":3697.339689453125,"y":5328.73},"2076608":{"node_type":"metabolite","x":3697.339689453125,"y":5523.73,"bigg_id":"etoh_p","name":"Ethanol","label_x":3722.339689453125,"label_y":5530.8540234375,"node_is_primary":true},"2076609":{"node_type":"multimarker","x":3697.339689453125,"y":5718.73},"2076610":{"node_type":"midmarker","x":3697.339689453125,"y":5698.73},"2076611":{"node_type":"multimarker","x":3697.339689453125,"y":5678.73},"2076612":{"node_type":"metabolite","x":3697.339689453125,"y":5873.73,"bigg_id":"etoh_e","name":"Ethanol","label_x":3724.7144453125,"label_y":5880.8540234375,"node_is_primary":true},"2076613":{"node_type":"multimarker","x":3697.339689453125,"y":6028.73},"2076614":{"node_type":"midmarker","x":3697.339689453125,"y":6048.73},"2076615":{"node_type":"multimarker","x":3697.339689453125,"y":6068.73},"2076616":{"node_type":"multimarker","x":3072.858,"y":6116.73},"2076617":{"node_type":"midmarker","x":3072.858,"y":6136.73},"2076618":{"node_type":"multimarker","x":3072.858,"y":6156.73},"2076619":{"node_type":"multimarker","x":2425.858,"y":6116.73},"2076620":{"node_type":"midmarker","x":2425.858,"y":6136.73},"2076621":{"node_type":"multimarker","x":2425.858,"y":6156.73},"2076622":{"node_type":"multimarker","x":1572.8579,"y":6116.73},"2076623":{"node_type":"midmarker","x":1572.8579,"y":6136.73},"2076624":{"node_type":"multimarker","x":1572.8579,"y":6156.73},"2076625":{"node_type":"multimarker","x":2022.8579,"y":6116.73},"2076626":{"node_type":"midmarker","x":2022.8579,"y":6136.73},"2076627":{"node_type":"multimarker","x":2022.8579,"y":6156.73},"2076628":{"node_type":"multimarker","x":1172.2650044921875,"y":6114.74123046875},"2076629":{"node_type":"midmarker","x":1172.2650044921875,"y":6134.74123046875},"2076630":{"node_type":"multimarker","x":1172.2650044921875,"y":6154.74123046875},"2076631":{"node_type":"multimarker","x":-101.74599090942382,"y":4377.7407421875},"2076632":{"node_type":"midmarker","x":-121.74599090942382,"y":4377.7407421875},"2076633":{"node_type":"multimarker","x":-141.74599090942382,"y":4377.7407421875},"2076634":{"node_type":"multimarker","x":-104.71298233398437,"y":4665.7407421875},"2076635":{"node_type":"midmarker","x":-124.71298233398437,"y":4665.7407421875},"2076636":{"node_type":"multimarker","x":-144.71298233398437,"y":4665.7407421875},"2076646":{"node_type":"multimarker","x":2056.221913671875,"y":4012.1123242187496},"2076647":{"node_type":"midmarker","x":2076.221913671875,"y":4012.1123242187496},"2076648":{"node_type":"multimarker","x":2096.221913671875,"y":4012.1123242187496},"2076649":{"node_type":"metabolite","x":1971.221913671875,"y":3932.1123242187496,"bigg_id":"flxso_c","name":"Flavodoxin semi oxidized","label_x":1933.421913671875,"label_y":3912.1123242187496,"node_is_primary":false},"2076650":{"node_type":"metabolite","x":2181.221913671875,"y":3932.1123242187496,"bigg_id":"flxr_c","name":"Flavodoxin reduced","label_x":2148.821913671875,"label_y":3912.1123242187496,"node_is_primary":false},"2076651":{"node_type":"metabolite","x":1971.221913671875,"y":4092.1123242187496,"bigg_id":"coa_c","name":"Coenzyme A","label_x":1944.221913671875,"label_y":4132.11232421875,"node_is_primary":false},"2076652":{"node_type":"metabolite","x":2181.221913671875,"y":4092.1123242187496,"bigg_id":"h_c","name":"H+","label_x":2165.021913671875,"label_y":4132.11232421875,"node_is_primary":false},"2076654":{"node_type":"metabolite","x":2161.221913671875,"y":4172.11232421875,"bigg_id":"co2_c","name":"CO2","label_x":2084.353749609375,"label_y":4178.86720703125,"node_is_primary":false}},"text_labels":{"2076603":{"x":2428.589111328125,"y":4352.5390625,"text":"Biomass (Wild)"},"2076604":{"x":2442.51220703125,"y":4300.8251953125,"text":"Acetyl-CoA"},"2076605":{"x":2426.60009765625,"y":3741.9169921875,"text":"Oxaloacetate"},"2076606":{"x":-463.4128112792969,"y":4366.46240234375,"text":"Extracellular"},"2076608":{"x":2921.8605422973633,"y":6214.24072265625,"text":"Extracellular"},"2076609":{"x":3544.416732788086,"y":6136.669921875,"text":"Extracellular"},"2076611":{"x":-465.40179443359375,"y":4640.94384765625,"text":"Extracellular"},"2076612":{"x":2267.4804649353027,"y":6218.21875,"text":"Extracellular"},"2076613":{"x":1430.1126327514648,"y":6214.24072265625,"text":"Extracellular"},"2076614":{"x":1871.6699523925781,"y":6214.24072265625,"text":"Extracellular"},"2076615":{"x":1028.3351135253906,"y":6216.22998046875,"text":"Extracellular"},"2076616":{"x":-431.5888366699219,"y":4694.64697265625,"text":" L-Lactate"},"2076617":{"x":-427.6108703613281,"y":4418.17626953125,"text":"D-Lactate"},"2076618":{"x":1058.170166015625,"y":6269.93310546875,"text":"Pyruvate"},"2076619":{"x":1537.5184326171875,"y":6271.92138671875,"text":"H2"},"2076620":{"x":1915.427978515625,"y":6269.9326171875,"text":"Formate"},"2076621":{"x":2323.17236328125,"y":6263.9658203125,"text":"Acetate"},"2076622":{"x":2917.882568359375,"y":6269.9326171875,"text":"Acetaldehyde"},"2076623":{"x":3610.0537109375,"y":6196.33984375,"text":"Ethanol"},"2076624":{"x":1149.0576171875,"y":3561.476318359375,"text":"PYRUVATE METABOLISM SUBSYSTEM (PLUS)"}},"canvas":{"x":-525.7776340996094,"y":3444.9859042177736,"width":4437.472967505859,"height":2916.0881277509766}}]